method,sample_id,split,dataset,budget,dense_correct,dense_reliant,eligible_interventions,answer_fidelity,intervention_pass,intervention_answer_fidelity,legacy_flip_safe,reference_safe,combined_gold_safe,safety_pattern_64_128_256_432,minimum_observed_safe_budget,monotonic
fastv,mmstar_000011,prospective,mmstar,64,False,True,blur|irrelevant,False,False,False,False,False,,0001,432,True
fastv,mmstar_000011,prospective,mmstar,128,False,True,blur|irrelevant,False,False,False,False,False,,0001,432,True
fastv,mmstar_000011,prospective,mmstar,256,False,True,blur|irrelevant,True,False,False,False,False,,0001,432,True
fastv,mmstar_000011,prospective,mmstar,432,False,True,blur|irrelevant,True,True,True,True,True,,0001,432,True
fastv,mmstar_000012,prospective,mmstar,64,False,True,gray|blur,True,True,True,True,True,,1111,64,True
fastv,mmstar_000012,prospective,mmstar,128,False,True,gray|blur,True,True,True,True,True,,1111,64,True
fastv,mmstar_000012,prospective,mmstar,256,False,True,gray|blur,True,True,True,True,True,,1111,64,True
fastv,mmstar_000012,prospective,mmstar,432,False,True,gray|blur,True,True,True,True,True,,1111,64,True
fastv,mmstar_000028,prospective,mmstar,64,True,False,,True,True,True,True,True,,1111,64,True
fastv,mmstar_000028,prospective,mmstar,128,True,False,,True,True,True,True,True,,1111,64,True
fastv,mmstar_000028,prospective,mmstar,256,True,False,,True,True,True,True,True,,1111,64,True
fastv,mmstar_000028,prospective,mmstar,432,True,False,,True,True,True,True,True,,1111,64,True
fastv,mmstar_000031,prospective,mmstar,64,True,True,irrelevant,True,True,True,True,True,True,1111,64,True
fastv,mmstar_000031,prospective,mmstar,128,True,True,irrelevant,True,True,True,True,True,True,1111,64,True
fastv,mmstar_000031,prospective,mmstar,256,True,True,irrelevant,True,True,True,True,True,True,1111,64,True
fastv,mmstar_000031,prospective,mmstar,432,True,True,irrelevant,True,True,True,True,True,True,1111,64,True
fastv,mmstar_000037,prospective,mmstar,64,True,False,,False,True,True,False,False,,0011,256,True
fastv,mmstar_000037,prospective,mmstar,128,True,False,,False,True,True,False,False,,0011,256,True
fastv,mmstar_000037,prospective,mmstar,256,True,False,,True,True,True,True,True,,0011,256,True
fastv,mmstar_000037,prospective,mmstar,432,True,False,,True,True,True,True,True,,0011,256,True
fastv,mmstar_000043,prospective,mmstar,64,True,False,,True,True,True,True,True,,1111,64,True
fastv,mmstar_000043,prospective,mmstar,128,True,False,,True,True,True,True,True,,1111,64,True
fastv,mmstar_000043,prospective,mmstar,256,True,False,,True,True,True,True,True,,1111,64,True
fastv,mmstar_000043,prospective,mmstar,432,True,False,,True,True,True,True,True,,1111,64,True
fastv,mmstar_000049,prospective,mmstar,64,True,False,,True,True,True,True,True,,1111,64,True
fastv,mmstar_000049,prospective,mmstar,128,True,False,,True,True,True,True,True,,1111,64,True
fastv,mmstar_000049,prospective,mmstar,256,True,False,,True,True,True,True,True,,1111,64,True
fastv,mmstar_000049,prospective,mmstar,432,True,False,,True,True,True,True,True,,1111,64,True
fastv,mmstar_000054,prospective,mmstar,64,False,True,irrelevant,True,True,True,True,True,,1111,64,True
fastv,mmstar_000054,prospective,mmstar,128,False,True,irrelevant,True,True,True,True,True,,1111,64,True
fastv,mmstar_000054,prospective,mmstar,256,False,True,irrelevant,True,True,True,True,True,,1111,64,True
fastv,mmstar_000054,prospective,mmstar,432,False,True,irrelevant,True,True,True,True,True,,1111,64,True
fastv,mmstar_000068,prospective,mmstar,64,True,True,gray,True,True,True,True,True,True,1111,64,True
fastv,mmstar_000068,prospective,mmstar,128,True,True,gray,True,True,True,True,True,True,1111,64,True
fastv,mmstar_000068,prospective,mmstar,256,True,True,gray,True,True,True,True,True,True,1111,64,True
fastv,mmstar_000068,prospective,mmstar,432,True,True,gray,True,True,True,True,True,True,1111,64,True
fastv,mmstar_000089,prospective,mmstar,64,True,False,,True,True,True,True,True,,1111,64,True
fastv,mmstar_000089,prospective,mmstar,128,True,False,,True,True,True,True,True,,1111,64,True
fastv,mmstar_000089,prospective,mmstar,256,True,False,,True,True,True,True,True,,1111,64,True
fastv,mmstar_000089,prospective,mmstar,432,True,False,,True,True,True,True,True,,1111,64,True
fastv,mmstar_000091,prospective,mmstar,64,True,False,,True,True,True,True,True,,1111,64,True
fastv,mmstar_000091,prospective,mmstar,128,True,False,,True,True,True,True,True,,1111,64,True
fastv,mmstar_000091,prospective,mmstar,256,True,False,,True,True,True,True,True,,1111,64,True
fastv,mmstar_000091,prospective,mmstar,432,True,False,,True,True,True,True,True,,1111,64,True
fastv,mmstar_000092,prospective,mmstar,64,True,False,,True,True,True,True,True,,1111,64,True
fastv,mmstar_000092,prospective,mmstar,128,True,False,,True,True,True,True,True,,1111,64,True
fastv,mmstar_000092,prospective,mmstar,256,True,False,,True,True,True,True,True,,1111,64,True
fastv,mmstar_000092,prospective,mmstar,432,True,False,,True,True,True,True,True,,1111,64,True
fastv,mmstar_000094,prospective,mmstar,64,True,True,gray|blur|irrelevant,True,False,False,False,False,False,0001,432,True
fastv,mmstar_000094,prospective,mmstar,128,True,True,gray|blur|irrelevant,True,False,False,False,False,False,0001,432,True
fastv,mmstar_000094,prospective,mmstar,256,True,True,gray|blur|irrelevant,True,False,False,False,False,False,0001,432,True
fastv,mmstar_000094,prospective,mmstar,432,True,True,gray|blur|irrelevant,True,True,True,True,True,True,0001,432,True
fastv,mmstar_000103,prospective,mmstar,64,True,True,blur,True,True,True,True,True,True,1111,64,True
fastv,mmstar_000103,prospective,mmstar,128,True,True,blur,True,True,True,True,True,True,1111,64,True
fastv,mmstar_000103,prospective,mmstar,256,True,True,blur,True,True,True,True,True,True,1111,64,True
fastv,mmstar_000103,prospective,mmstar,432,True,True,blur,True,True,True,True,True,True,1111,64,True
fastv,mmstar_000105,prospective,mmstar,64,False,True,gray|irrelevant,True,False,False,False,False,,0111,128,True
fastv,mmstar_000105,prospective,mmstar,128,False,True,gray|irrelevant,True,True,True,True,True,,0111,128,True
fastv,mmstar_000105,prospective,mmstar,256,False,True,gray|irrelevant,True,True,True,True,True,,0111,128,True
fastv,mmstar_000105,prospective,mmstar,432,False,True,gray|irrelevant,True,True,True,True,True,,0111,128,True
fastv,mmstar_000113,prospective,mmstar,64,False,False,,False,True,True,False,False,,0001,432,True
fastv,mmstar_000113,prospective,mmstar,128,False,False,,False,True,True,False,False,,0001,432,True
fastv,mmstar_000113,prospective,mmstar,256,False,False,,False,True,True,False,False,,0001,432,True
fastv,mmstar_000113,prospective,mmstar,432,False,False,,True,True,True,True,True,,0001,432,True
fastv,mmstar_000124,prospective,mmstar,64,False,False,,True,True,True,True,True,,1111,64,True
fastv,mmstar_000124,prospective,mmstar,128,False,False,,True,True,True,True,True,,1111,64,True
fastv,mmstar_000124,prospective,mmstar,256,False,False,,True,True,True,True,True,,1111,64,True
fastv,mmstar_000124,prospective,mmstar,432,False,False,,True,True,True,True,True,,1111,64,True
fastv,mmstar_000131,prospective,mmstar,64,True,True,gray|irrelevant,True,True,True,True,True,True,1111,64,True
fastv,mmstar_000131,prospective,mmstar,128,True,True,gray|irrelevant,True,True,True,True,True,True,1111,64,True
fastv,mmstar_000131,prospective,mmstar,256,True,True,gray|irrelevant,True,True,True,True,True,True,1111,64,True
fastv,mmstar_000131,prospective,mmstar,432,True,True,gray|irrelevant,True,True,True,True,True,True,1111,64,True
fastv,mmstar_000139,prospective,mmstar,64,True,True,irrelevant,False,True,False,False,False,False,0000,full,True
fastv,mmstar_000139,prospective,mmstar,128,True,True,irrelevant,False,True,False,False,False,False,0000,full,True
fastv,mmstar_000139,prospective,mmstar,256,True,True,irrelevant,False,True,True,False,False,False,0000,full,True
fastv,mmstar_000139,prospective,mmstar,432,True,True,irrelevant,False,True,True,False,False,False,0000,full,True
fastv,mmstar_000154,prospective,mmstar,64,False,False,,True,True,True,True,True,,1111,64,True
fastv,mmstar_000154,prospective,mmstar,128,False,False,,True,True,True,True,True,,1111,64,True
fastv,mmstar_000154,prospective,mmstar,256,False,False,,True,True,True,True,True,,1111,64,True
fastv,mmstar_000154,prospective,mmstar,432,False,False,,True,True,True,True,True,,1111,64,True
fastv,mmstar_000155,prospective,mmstar,64,True,True,irrelevant,True,True,True,True,True,True,1111,64,True
fastv,mmstar_000155,prospective,mmstar,128,True,True,irrelevant,True,True,True,True,True,True,1111,64,True
fastv,mmstar_000155,prospective,mmstar,256,True,True,irrelevant,True,True,True,True,True,True,1111,64,True
fastv,mmstar_000155,prospective,mmstar,432,True,True,irrelevant,True,True,True,True,True,True,1111,64,True
fastv,mmstar_000157,prospective,mmstar,64,False,False,,True,True,True,True,True,,1111,64,True
fastv,mmstar_000157,prospective,mmstar,128,False,False,,True,True,True,True,True,,1111,64,True
fastv,mmstar_000157,prospective,mmstar,256,False,False,,True,True,True,True,True,,1111,64,True
fastv,mmstar_000157,prospective,mmstar,432,False,False,,True,True,True,True,True,,1111,64,True
fastv,mmstar_000160,prospective,mmstar,64,True,True,irrelevant,True,False,False,False,False,False,0111,128,True
fastv,mmstar_000160,prospective,mmstar,128,True,True,irrelevant,True,True,True,True,True,True,0111,128,True
fastv,mmstar_000160,prospective,mmstar,256,True,True,irrelevant,True,True,True,True,True,True,0111,128,True
fastv,mmstar_000160,prospective,mmstar,432,True,True,irrelevant,True,True,True,True,True,True,0111,128,True
fastv,mmstar_000163,prospective,mmstar,64,True,True,gray|irrelevant,True,True,True,True,True,True,1111,64,True
fastv,mmstar_000163,prospective,mmstar,128,True,True,gray|irrelevant,True,True,True,True,True,True,1111,64,True
fastv,mmstar_000163,prospective,mmstar,256,True,True,gray|irrelevant,True,True,True,True,True,True,1111,64,True
fastv,mmstar_000163,prospective,mmstar,432,True,True,gray|irrelevant,True,True,True,True,True,True,1111,64,True
fastv,mmstar_000166,prospective,mmstar,64,True,False,,True,True,True,True,True,,1111,64,True
fastv,mmstar_000166,prospective,mmstar,128,True,False,,True,True,True,True,True,,1111,64,True
fastv,mmstar_000166,prospective,mmstar,256,True,False,,True,True,True,True,True,,1111,64,True
fastv,mmstar_000166,prospective,mmstar,432,True,False,,True,True,True,True,True,,1111,64,True
fastv,mmstar_000167,prospective,mmstar,64,True,False,,True,True,True,True,True,,1111,64,True
fastv,mmstar_000167,prospective,mmstar,128,True,False,,True,True,True,True,True,,1111,64,True
fastv,mmstar_000167,prospective,mmstar,256,True,False,,True,True,True,True,True,,1111,64,True
fastv,mmstar_000167,prospective,mmstar,432,True,False,,True,True,True,True,True,,1111,64,True
fastv,mmstar_000174,prospective,mmstar,64,True,True,gray|blur|irrelevant,False,False,True,False,False,False,0011,256,True
fastv,mmstar_000174,prospective,mmstar,128,True,True,gray|blur|irrelevant,False,False,True,False,False,False,0011,256,True
fastv,mmstar_000174,prospective,mmstar,256,True,True,gray|blur|irrelevant,True,True,True,True,True,True,0011,256,True
fastv,mmstar_000174,prospective,mmstar,432,True,True,gray|blur|irrelevant,True,True,True,True,True,True,0011,256,True
fastv,mmstar_000183,prospective,mmstar,64,True,True,gray|blur,True,False,False,False,False,False,0101,128,False
fastv,mmstar_000183,prospective,mmstar,128,True,True,gray|blur,True,True,True,True,True,True,0101,128,False
fastv,mmstar_000183,prospective,mmstar,256,True,True,gray|blur,True,False,False,False,False,False,0101,128,False
fastv,mmstar_000183,prospective,mmstar,432,True,True,gray|blur,True,True,True,True,True,True,0101,128,False
fastv,mmstar_000184,prospective,mmstar,64,True,False,,True,True,True,True,True,,1111,64,True
fastv,mmstar_000184,prospective,mmstar,128,True,False,,True,True,True,True,True,,1111,64,True
fastv,mmstar_000184,prospective,mmstar,256,True,False,,True,True,True,True,True,,1111,64,True
fastv,mmstar_000184,prospective,mmstar,432,True,False,,True,True,True,True,True,,1111,64,True
fastv,mmstar_000187,prospective,mmstar,64,True,False,,True,True,True,True,True,,1111,64,True
fastv,mmstar_000187,prospective,mmstar,128,True,False,,True,True,True,True,True,,1111,64,True
fastv,mmstar_000187,prospective,mmstar,256,True,False,,True,True,True,True,True,,1111,64,True
fastv,mmstar_000187,prospective,mmstar,432,True,False,,True,True,True,True,True,,1111,64,True
fastv,mmstar_000192,prospective,mmstar,64,True,False,,True,True,True,True,True,,1111,64,True
fastv,mmstar_000192,prospective,mmstar,128,True,False,,True,True,True,True,True,,1111,64,True
fastv,mmstar_000192,prospective,mmstar,256,True,False,,True,True,True,True,True,,1111,64,True
fastv,mmstar_000192,prospective,mmstar,432,True,False,,True,True,True,True,True,,1111,64,True
fastv,mmstar_000193,prospective,mmstar,64,True,True,gray|irrelevant,True,True,True,True,True,True,1111,64,True
fastv,mmstar_000193,prospective,mmstar,128,True,True,gray|irrelevant,True,True,True,True,True,True,1111,64,True
fastv,mmstar_000193,prospective,mmstar,256,True,True,gray|irrelevant,True,True,True,True,True,True,1111,64,True
fastv,mmstar_000193,prospective,mmstar,432,True,True,gray|irrelevant,True,True,True,True,True,True,1111,64,True
fastv,mmstar_000196,prospective,mmstar,64,True,True,blur|irrelevant,True,True,True,True,True,True,1111,64,True
fastv,mmstar_000196,prospective,mmstar,128,True,True,blur|irrelevant,True,True,True,True,True,True,1111,64,True
fastv,mmstar_000196,prospective,mmstar,256,True,True,blur|irrelevant,True,True,True,True,True,True,1111,64,True
fastv,mmstar_000196,prospective,mmstar,432,True,True,blur|irrelevant,True,True,True,True,True,True,1111,64,True
fastv,mmstar_000197,prospective,mmstar,64,False,False,,True,True,True,True,True,,1111,64,True
fastv,mmstar_000197,prospective,mmstar,128,False,False,,True,True,True,True,True,,1111,64,True
fastv,mmstar_000197,prospective,mmstar,256,False,False,,True,True,True,True,True,,1111,64,True
fastv,mmstar_000197,prospective,mmstar,432,False,False,,True,True,True,True,True,,1111,64,True
fastv,mmstar_000205,prospective,mmstar,64,False,True,irrelevant,True,True,True,True,True,,1111,64,True
fastv,mmstar_000205,prospective,mmstar,128,False,True,irrelevant,True,True,True,True,True,,1111,64,True
fastv,mmstar_000205,prospective,mmstar,256,False,True,irrelevant,True,True,True,True,True,,1111,64,True
fastv,mmstar_000205,prospective,mmstar,432,False,True,irrelevant,True,True,True,True,True,,1111,64,True
fastv,mmstar_000207,prospective,mmstar,64,True,False,,True,True,True,True,True,,1111,64,True
fastv,mmstar_000207,prospective,mmstar,128,True,False,,True,True,True,True,True,,1111,64,True
fastv,mmstar_000207,prospective,mmstar,256,True,False,,True,True,True,True,True,,1111,64,True
fastv,mmstar_000207,prospective,mmstar,432,True,False,,True,True,True,True,True,,1111,64,True
fastv,mmstar_000219,prospective,mmstar,64,True,True,gray,True,False,False,False,False,False,0000,full,True
fastv,mmstar_000219,prospective,mmstar,128,True,True,gray,True,False,False,False,False,False,0000,full,True
fastv,mmstar_000219,prospective,mmstar,256,True,True,gray,True,False,False,False,False,False,0000,full,True
fastv,mmstar_000219,prospective,mmstar,432,True,True,gray,True,False,False,False,False,False,0000,full,True
fastv,mmstar_000243,prospective,mmstar,64,True,False,,True,True,True,True,True,,1111,64,True
fastv,mmstar_000243,prospective,mmstar,128,True,False,,True,True,True,True,True,,1111,64,True
fastv,mmstar_000243,prospective,mmstar,256,True,False,,True,True,True,True,True,,1111,64,True
fastv,mmstar_000243,prospective,mmstar,432,True,False,,True,True,True,True,True,,1111,64,True
fastv,mmstar_000244,prospective,mmstar,64,True,True,gray|irrelevant,True,False,False,False,False,False,0000,full,True
fastv,mmstar_000244,prospective,mmstar,128,True,True,gray|irrelevant,True,False,False,False,False,False,0000,full,True
fastv,mmstar_000244,prospective,mmstar,256,True,True,gray|irrelevant,True,False,False,False,False,False,0000,full,True
fastv,mmstar_000244,prospective,mmstar,432,True,True,gray|irrelevant,True,False,False,False,False,False,0000,full,True
fastv,mmstar_000248,prospective,mmstar,64,True,True,gray|blur|irrelevant,False,False,True,False,False,False,0111,128,True
fastv,mmstar_000248,prospective,mmstar,128,True,True,gray|blur|irrelevant,True,True,True,True,True,True,0111,128,True
fastv,mmstar_000248,prospective,mmstar,256,True,True,gray|blur|irrelevant,True,True,True,True,True,True,0111,128,True
fastv,mmstar_000248,prospective,mmstar,432,True,True,gray|blur|irrelevant,True,True,True,True,True,True,0111,128,True
fastv,mmstar_000254,prospective,mmstar,64,False,True,gray|irrelevant,True,False,False,False,False,,0011,256,True
fastv,mmstar_000254,prospective,mmstar,128,False,True,gray|irrelevant,True,False,False,False,False,,0011,256,True
fastv,mmstar_000254,prospective,mmstar,256,False,True,gray|irrelevant,True,True,True,True,True,,0011,256,True
fastv,mmstar_000254,prospective,mmstar,432,False,True,gray|irrelevant,True,True,True,True,True,,0011,256,True
fastv,mmstar_000257,prospective,mmstar,64,True,False,,True,True,True,True,True,,1111,64,True
fastv,mmstar_000257,prospective,mmstar,128,True,False,,True,True,True,True,True,,1111,64,True
fastv,mmstar_000257,prospective,mmstar,256,True,False,,True,True,True,True,True,,1111,64,True
fastv,mmstar_000257,prospective,mmstar,432,True,False,,True,True,True,True,True,,1111,64,True
fastv,mmstar_000267,prospective,mmstar,64,True,True,gray|irrelevant,True,False,False,False,False,False,0011,256,True
fastv,mmstar_000267,prospective,mmstar,128,True,True,gray|irrelevant,True,False,False,False,False,False,0011,256,True
fastv,mmstar_000267,prospective,mmstar,256,True,True,gray|irrelevant,True,True,True,True,True,True,0011,256,True
fastv,mmstar_000267,prospective,mmstar,432,True,True,gray|irrelevant,True,True,True,True,True,True,0011,256,True
fastv,mmstar_000270,prospective,mmstar,64,True,True,gray,True,False,False,False,False,False,0000,full,True
fastv,mmstar_000270,prospective,mmstar,128,True,True,gray,True,False,False,False,False,False,0000,full,True
fastv,mmstar_000270,prospective,mmstar,256,True,True,gray,True,False,False,False,False,False,0000,full,True
fastv,mmstar_000270,prospective,mmstar,432,True,True,gray,True,False,False,False,False,False,0000,full,True
fastv,mmstar_000274,prospective,mmstar,64,False,True,gray|irrelevant,True,False,False,False,False,,0111,128,True
fastv,mmstar_000274,prospective,mmstar,128,False,True,gray|irrelevant,True,True,True,True,True,,0111,128,True
fastv,mmstar_000274,prospective,mmstar,256,False,True,gray|irrelevant,True,True,True,True,True,,0111,128,True
fastv,mmstar_000274,prospective,mmstar,432,False,True,gray|irrelevant,True,True,True,True,True,,0111,128,True
fastv,mmstar_000275,prospective,mmstar,64,False,True,blur|irrelevant,False,False,True,False,False,,0000,full,True
fastv,mmstar_000275,prospective,mmstar,128,False,True,blur|irrelevant,False,False,True,False,False,,0000,full,True
fastv,mmstar_000275,prospective,mmstar,256,False,True,blur|irrelevant,False,True,True,False,False,,0000,full,True
fastv,mmstar_000275,prospective,mmstar,432,False,True,blur|irrelevant,False,True,True,False,False,,0000,full,True
fastv,mmstar_000283,prospective,mmstar,64,False,True,gray|irrelevant,True,False,False,False,False,,0011,256,True
fastv,mmstar_000283,prospective,mmstar,128,False,True,gray|irrelevant,True,False,False,False,False,,0011,256,True
fastv,mmstar_000283,prospective,mmstar,256,False,True,gray|irrelevant,True,True,True,True,True,,0011,256,True
fastv,mmstar_000283,prospective,mmstar,432,False,True,gray|irrelevant,True,True,True,True,True,,0011,256,True
fastv,mmstar_000284,prospective,mmstar,64,True,False,,True,True,True,True,True,,1111,64,True
fastv,mmstar_000284,prospective,mmstar,128,True,False,,True,True,True,True,True,,1111,64,True
fastv,mmstar_000284,prospective,mmstar,256,True,False,,True,True,True,True,True,,1111,64,True
fastv,mmstar_000284,prospective,mmstar,432,True,False,,True,True,True,True,True,,1111,64,True
fastv,mmstar_000291,prospective,mmstar,64,False,True,blur,False,False,True,False,False,,0001,432,True
fastv,mmstar_000291,prospective,mmstar,128,False,True,blur,False,False,True,False,False,,0001,432,True
fastv,mmstar_000291,prospective,mmstar,256,False,True,blur,False,True,True,False,False,,0001,432,True
fastv,mmstar_000291,prospective,mmstar,432,False,True,blur,True,True,True,True,True,,0001,432,True
fastv,mmstar_000311,prospective,mmstar,64,False,False,,True,True,True,True,True,,1111,64,True
fastv,mmstar_000311,prospective,mmstar,128,False,False,,True,True,True,True,True,,1111,64,True
fastv,mmstar_000311,prospective,mmstar,256,False,False,,True,True,True,True,True,,1111,64,True
fastv,mmstar_000311,prospective,mmstar,432,False,False,,True,True,True,True,True,,1111,64,True
fastv,mmstar_000313,prospective,mmstar,64,False,True,gray|irrelevant,True,False,False,False,False,,0111,128,True
fastv,mmstar_000313,prospective,mmstar,128,False,True,gray|irrelevant,True,True,True,True,True,,0111,128,True
fastv,mmstar_000313,prospective,mmstar,256,False,True,gray|irrelevant,True,True,True,True,True,,0111,128,True
fastv,mmstar_000313,prospective,mmstar,432,False,True,gray|irrelevant,True,True,True,True,True,,0111,128,True
fastv,mmstar_000320,prospective,mmstar,64,False,False,,True,True,True,True,True,,1111,64,True
fastv,mmstar_000320,prospective,mmstar,128,False,False,,True,True,True,True,True,,1111,64,True
fastv,mmstar_000320,prospective,mmstar,256,False,False,,True,True,True,True,True,,1111,64,True
fastv,mmstar_000320,prospective,mmstar,432,False,False,,True,True,True,True,True,,1111,64,True
fastv,mmstar_000324,prospective,mmstar,64,False,False,,True,True,True,True,True,,1111,64,True
fastv,mmstar_000324,prospective,mmstar,128,False,False,,True,True,True,True,True,,1111,64,True
fastv,mmstar_000324,prospective,mmstar,256,False,False,,True,True,True,True,True,,1111,64,True
fastv,mmstar_000324,prospective,mmstar,432,False,False,,True,True,True,True,True,,1111,64,True
fastv,mmstar_000325,prospective,mmstar,64,True,True,gray|irrelevant,True,False,False,False,False,False,0001,432,True
fastv,mmstar_000325,prospective,mmstar,128,True,True,gray|irrelevant,True,False,False,False,False,False,0001,432,True
fastv,mmstar_000325,prospective,mmstar,256,True,True,gray|irrelevant,True,False,False,False,False,False,0001,432,True
fastv,mmstar_000325,prospective,mmstar,432,True,True,gray|irrelevant,True,True,True,True,True,True,0001,432,True
fastv,mmstar_000335,prospective,mmstar,64,False,False,,True,True,True,True,True,,1111,64,True
fastv,mmstar_000335,prospective,mmstar,128,False,False,,True,True,True,True,True,,1111,64,True
fastv,mmstar_000335,prospective,mmstar,256,False,False,,True,True,True,True,True,,1111,64,True
fastv,mmstar_000335,prospective,mmstar,432,False,False,,True,True,True,True,True,,1111,64,True
fastv,mmstar_000344,prospective,mmstar,64,False,True,gray|blur|irrelevant,True,True,True,True,True,,1111,64,True
fastv,mmstar_000344,prospective,mmstar,128,False,True,gray|blur|irrelevant,True,True,True,True,True,,1111,64,True
fastv,mmstar_000344,prospective,mmstar,256,False,True,gray|blur|irrelevant,True,True,True,True,True,,1111,64,True
fastv,mmstar_000344,prospective,mmstar,432,False,True,gray|blur|irrelevant,True,True,True,True,True,,1111,64,True
fastv,mmstar_000354,prospective,mmstar,64,True,False,,True,True,True,True,True,,1111,64,True
fastv,mmstar_000354,prospective,mmstar,128,True,False,,True,True,True,True,True,,1111,64,True
fastv,mmstar_000354,prospective,mmstar,256,True,False,,True,True,True,True,True,,1111,64,True
fastv,mmstar_000354,prospective,mmstar,432,True,False,,True,True,True,True,True,,1111,64,True
fastv,mmstar_000360,prospective,mmstar,64,True,False,,True,True,True,True,True,,1111,64,True
fastv,mmstar_000360,prospective,mmstar,128,True,False,,True,True,True,True,True,,1111,64,True
fastv,mmstar_000360,prospective,mmstar,256,True,False,,True,True,True,True,True,,1111,64,True
fastv,mmstar_000360,prospective,mmstar,432,True,False,,True,True,True,True,True,,1111,64,True
fastv,mmstar_000366,prospective,mmstar,64,False,True,gray|blur|irrelevant,False,False,False,False,False,,0011,256,True
fastv,mmstar_000366,prospective,mmstar,128,False,True,gray|blur|irrelevant,True,True,False,True,False,,0011,256,True
fastv,mmstar_000366,prospective,mmstar,256,False,True,gray|blur|irrelevant,True,True,True,True,True,,0011,256,True
fastv,mmstar_000366,prospective,mmstar,432,False,True,gray|blur|irrelevant,True,True,True,True,True,,0011,256,True
fastv,mmstar_000367,prospective,mmstar,64,False,True,gray|irrelevant,True,False,False,False,False,,0001,432,True
fastv,mmstar_000367,prospective,mmstar,128,False,True,gray|irrelevant,True,False,False,False,False,,0001,432,True
fastv,mmstar_000367,prospective,mmstar,256,False,True,gray|irrelevant,True,False,False,False,False,,0001,432,True
fastv,mmstar_000367,prospective,mmstar,432,False,True,gray|irrelevant,True,True,True,True,True,,0001,432,True
fastv,mmstar_000369,prospective,mmstar,64,False,False,,True,True,True,True,True,,1111,64,True
fastv,mmstar_000369,prospective,mmstar,128,False,False,,True,True,True,True,True,,1111,64,True
fastv,mmstar_000369,prospective,mmstar,256,False,False,,True,True,True,True,True,,1111,64,True
fastv,mmstar_000369,prospective,mmstar,432,False,False,,True,True,True,True,True,,1111,64,True
fastv,mmstar_000370,prospective,mmstar,64,True,True,gray|irrelevant,True,False,False,False,False,False,0110,128,False
fastv,mmstar_000370,prospective,mmstar,128,True,True,gray|irrelevant,True,True,True,True,True,True,0110,128,False
fastv,mmstar_000370,prospective,mmstar,256,True,True,gray|irrelevant,True,True,True,True,True,True,0110,128,False
fastv,mmstar_000370,prospective,mmstar,432,True,True,gray|irrelevant,False,False,True,False,False,False,0110,128,False
fastv,mmstar_000375,prospective,mmstar,64,True,True,gray,True,False,False,False,False,False,0111,128,True
fastv,mmstar_000375,prospective,mmstar,128,True,True,gray,True,True,True,True,True,True,0111,128,True
fastv,mmstar_000375,prospective,mmstar,256,True,True,gray,True,True,True,True,True,True,0111,128,True
fastv,mmstar_000375,prospective,mmstar,432,True,True,gray,True,True,True,True,True,True,0111,128,True
fastv,mmstar_000379,prospective,mmstar,64,False,True,gray|blur|irrelevant,False,True,False,False,False,,0111,128,True
fastv,mmstar_000379,prospective,mmstar,128,False,True,gray|blur|irrelevant,True,True,True,True,True,,0111,128,True
fastv,mmstar_000379,prospective,mmstar,256,False,True,gray|blur|irrelevant,True,True,True,True,True,,0111,128,True
fastv,mmstar_000379,prospective,mmstar,432,False,True,gray|blur|irrelevant,True,True,True,True,True,,0111,128,True
fastv,mmstar_000384,prospective,mmstar,64,False,False,,True,True,True,True,True,,1111,64,True
fastv,mmstar_000384,prospective,mmstar,128,False,False,,True,True,True,True,True,,1111,64,True
fastv,mmstar_000384,prospective,mmstar,256,False,False,,True,True,True,True,True,,1111,64,True
fastv,mmstar_000384,prospective,mmstar,432,False,False,,True,True,True,True,True,,1111,64,True
fastv,mmstar_000386,prospective,mmstar,64,False,True,blur,True,False,False,False,False,,0000,full,True
fastv,mmstar_000386,prospective,mmstar,128,False,True,blur,True,False,False,False,False,,0000,full,True
fastv,mmstar_000386,prospective,mmstar,256,False,True,blur,True,False,False,False,False,,0000,full,True
fastv,mmstar_000386,prospective,mmstar,432,False,True,blur,True,False,False,False,False,,0000,full,True
fastv,mmstar_000397,prospective,mmstar,64,False,False,,False,True,True,False,False,,0000,full,True
fastv,mmstar_000397,prospective,mmstar,128,False,False,,False,True,True,False,False,,0000,full,True
fastv,mmstar_000397,prospective,mmstar,256,False,False,,False,True,True,False,False,,0000,full,True
fastv,mmstar_000397,prospective,mmstar,432,False,False,,False,True,True,False,False,,0000,full,True
fastv,mmstar_000400,prospective,mmstar,64,False,True,gray|irrelevant,True,False,False,False,False,,0100,128,False
fastv,mmstar_000400,prospective,mmstar,128,False,True,gray|irrelevant,True,True,True,True,True,,0100,128,False
fastv,mmstar_000400,prospective,mmstar,256,False,True,gray|irrelevant,False,False,True,False,False,,0100,128,False
fastv,mmstar_000400,prospective,mmstar,432,False,True,gray|irrelevant,False,False,True,False,False,,0100,128,False
fastv,mmstar_000405,prospective,mmstar,64,False,False,,True,True,True,True,True,,1111,64,True
fastv,mmstar_000405,prospective,mmstar,128,False,False,,True,True,True,True,True,,1111,64,True
fastv,mmstar_000405,prospective,mmstar,256,False,False,,True,True,True,True,True,,1111,64,True
fastv,mmstar_000405,prospective,mmstar,432,False,False,,True,True,True,True,True,,1111,64,True
fastv,mmstar_000407,prospective,mmstar,64,False,True,irrelevant,True,False,False,False,False,,0111,128,True
fastv,mmstar_000407,prospective,mmstar,128,False,True,irrelevant,True,True,True,True,True,,0111,128,True
fastv,mmstar_000407,prospective,mmstar,256,False,True,irrelevant,True,True,True,True,True,,0111,128,True
fastv,mmstar_000407,prospective,mmstar,432,False,True,irrelevant,True,True,True,True,True,,0111,128,True
fastv,mmstar_000413,prospective,mmstar,64,False,True,gray|blur|irrelevant,True,True,False,True,False,,0011,256,True
fastv,mmstar_000413,prospective,mmstar,128,False,True,gray|blur|irrelevant,True,True,False,True,False,,0011,256,True
fastv,mmstar_000413,prospective,mmstar,256,False,True,gray|blur|irrelevant,True,True,True,True,True,,0011,256,True
fastv,mmstar_000413,prospective,mmstar,432,False,True,gray|blur|irrelevant,True,True,True,True,True,,0011,256,True
fastv,mmstar_000423,prospective,mmstar,64,True,False,,True,True,True,True,True,,1111,64,True
fastv,mmstar_000423,prospective,mmstar,128,True,False,,True,True,True,True,True,,1111,64,True
fastv,mmstar_000423,prospective,mmstar,256,True,False,,True,True,True,True,True,,1111,64,True
fastv,mmstar_000423,prospective,mmstar,432,True,False,,True,True,True,True,True,,1111,64,True
fastv,mmstar_000427,prospective,mmstar,64,False,False,,True,True,True,True,True,,1111,64,True
fastv,mmstar_000427,prospective,mmstar,128,False,False,,True,True,True,True,True,,1111,64,True
fastv,mmstar_000427,prospective,mmstar,256,False,False,,True,True,True,True,True,,1111,64,True
fastv,mmstar_000427,prospective,mmstar,432,False,False,,True,True,True,True,True,,1111,64,True
fastv,mmstar_000428,prospective,mmstar,64,False,False,,False,True,True,False,False,,0001,432,True
fastv,mmstar_000428,prospective,mmstar,128,False,False,,False,True,True,False,False,,0001,432,True
fastv,mmstar_000428,prospective,mmstar,256,False,False,,False,True,True,False,False,,0001,432,True
fastv,mmstar_000428,prospective,mmstar,432,False,False,,True,True,True,True,True,,0001,432,True
fastv,mmstar_000431,prospective,mmstar,64,False,True,blur|irrelevant,True,False,False,False,False,,0111,128,True
fastv,mmstar_000431,prospective,mmstar,128,False,True,blur|irrelevant,True,True,True,True,True,,0111,128,True
fastv,mmstar_000431,prospective,mmstar,256,False,True,blur|irrelevant,True,True,True,True,True,,0111,128,True
fastv,mmstar_000431,prospective,mmstar,432,False,True,blur|irrelevant,True,True,True,True,True,,0111,128,True
fastv,mmstar_000433,prospective,mmstar,64,False,True,gray|blur|irrelevant,True,True,True,True,True,,1111,64,True
fastv,mmstar_000433,prospective,mmstar,128,False,True,gray|blur|irrelevant,True,True,True,True,True,,1111,64,True
fastv,mmstar_000433,prospective,mmstar,256,False,True,gray|blur|irrelevant,True,True,True,True,True,,1111,64,True
fastv,mmstar_000433,prospective,mmstar,432,False,True,gray|blur|irrelevant,True,True,True,True,True,,1111,64,True
fastv,mmstar_000438,prospective,mmstar,64,False,False,,True,True,True,True,True,,1111,64,True
fastv,mmstar_000438,prospective,mmstar,128,False,False,,True,True,True,True,True,,1111,64,True
fastv,mmstar_000438,prospective,mmstar,256,False,False,,True,True,True,True,True,,1111,64,True
fastv,mmstar_000438,prospective,mmstar,432,False,False,,True,True,True,True,True,,1111,64,True
fastv,mmstar_000440,prospective,mmstar,64,True,True,irrelevant,True,False,False,False,False,False,0010,256,False
fastv,mmstar_000440,prospective,mmstar,128,True,True,irrelevant,False,True,False,False,False,False,0010,256,False
fastv,mmstar_000440,prospective,mmstar,256,True,True,irrelevant,True,True,True,True,True,True,0010,256,False
fastv,mmstar_000440,prospective,mmstar,432,True,True,irrelevant,True,False,False,False,False,False,0010,256,False
fastv,mmstar_000444,prospective,mmstar,64,False,False,,True,True,True,True,True,,1111,64,True
fastv,mmstar_000444,prospective,mmstar,128,False,False,,True,True,True,True,True,,1111,64,True
fastv,mmstar_000444,prospective,mmstar,256,False,False,,True,True,True,True,True,,1111,64,True
fastv,mmstar_000444,prospective,mmstar,432,False,False,,True,True,True,True,True,,1111,64,True
fastv,mmstar_000447,prospective,mmstar,64,True,True,irrelevant,True,True,True,True,True,True,1111,64,True
fastv,mmstar_000447,prospective,mmstar,128,True,True,irrelevant,True,True,True,True,True,True,1111,64,True
fastv,mmstar_000447,prospective,mmstar,256,True,True,irrelevant,True,True,True,True,True,True,1111,64,True
fastv,mmstar_000447,prospective,mmstar,432,True,True,irrelevant,True,True,True,True,True,True,1111,64,True
fastv,mmstar_000453,prospective,mmstar,64,False,True,gray,False,True,False,False,False,,0111,128,True
fastv,mmstar_000453,prospective,mmstar,128,False,True,gray,True,True,True,True,True,,0111,128,True
fastv,mmstar_000453,prospective,mmstar,256,False,True,gray,True,True,True,True,True,,0111,128,True
fastv,mmstar_000453,prospective,mmstar,432,False,True,gray,True,True,True,True,True,,0111,128,True
fastv,mmstar_000464,prospective,mmstar,64,False,True,blur,False,True,False,False,False,,0001,432,True
fastv,mmstar_000464,prospective,mmstar,128,False,True,blur,True,True,False,True,False,,0001,432,True
fastv,mmstar_000464,prospective,mmstar,256,False,True,blur,True,True,False,True,False,,0001,432,True
fastv,mmstar_000464,prospective,mmstar,432,False,True,blur,True,True,True,True,True,,0001,432,True
fastv,mmstar_000466,prospective,mmstar,64,False,True,gray|blur,True,True,True,True,True,,1111,64,True
fastv,mmstar_000466,prospective,mmstar,128,False,True,gray|blur,True,True,True,True,True,,1111,64,True
fastv,mmstar_000466,prospective,mmstar,256,False,True,gray|blur,True,True,True,True,True,,1111,64,True
fastv,mmstar_000466,prospective,mmstar,432,False,True,gray|blur,True,True,True,True,True,,1111,64,True
fastv,mmstar_000470,prospective,mmstar,64,False,True,gray|blur|irrelevant,False,False,True,False,False,,0001,432,True
fastv,mmstar_000470,prospective,mmstar,128,False,True,gray|blur|irrelevant,False,False,True,False,False,,0001,432,True
fastv,mmstar_000470,prospective,mmstar,256,False,True,gray|blur|irrelevant,False,False,True,False,False,,0001,432,True
fastv,mmstar_000470,prospective,mmstar,432,False,True,gray|blur|irrelevant,True,True,True,True,True,,0001,432,True
fastv,mmstar_000473,prospective,mmstar,64,False,True,blur,True,False,False,False,False,,0000,full,True
fastv,mmstar_000473,prospective,mmstar,128,False,True,blur,True,False,False,False,False,,0000,full,True
fastv,mmstar_000473,prospective,mmstar,256,False,True,blur,True,False,False,False,False,,0000,full,True
fastv,mmstar_000473,prospective,mmstar,432,False,True,blur,True,False,False,False,False,,0000,full,True
fastv,mmstar_000479,prospective,mmstar,64,False,False,,True,True,True,True,True,,1111,64,True
fastv,mmstar_000479,prospective,mmstar,128,False,False,,True,True,True,True,True,,1111,64,True
fastv,mmstar_000479,prospective,mmstar,256,False,False,,True,True,True,True,True,,1111,64,True
fastv,mmstar_000479,prospective,mmstar,432,False,False,,True,True,True,True,True,,1111,64,True
fastv,mmstar_000481,prospective,mmstar,64,True,True,gray|blur|irrelevant,True,True,True,True,True,True,1110,64,False
fastv,mmstar_000481,prospective,mmstar,128,True,True,gray|blur|irrelevant,True,True,True,True,True,True,1110,64,False
fastv,mmstar_000481,prospective,mmstar,256,True,True,gray|blur|irrelevant,True,True,True,True,True,True,1110,64,False
fastv,mmstar_000481,prospective,mmstar,432,True,True,gray|blur|irrelevant,False,False,True,False,False,False,1110,64,False
fastv,mmstar_000485,prospective,mmstar,64,False,True,gray|blur|irrelevant,False,False,False,False,False,,0011,256,True
fastv,mmstar_000485,prospective,mmstar,128,False,True,gray|blur|irrelevant,False,False,False,False,False,,0011,256,True
fastv,mmstar_000485,prospective,mmstar,256,False,True,gray|blur|irrelevant,True,True,True,True,True,,0011,256,True
fastv,mmstar_000485,prospective,mmstar,432,False,True,gray|blur|irrelevant,True,True,True,True,True,,0011,256,True
fastv,mmstar_000491,prospective,mmstar,64,True,False,,True,True,True,True,True,,1111,64,True
fastv,mmstar_000491,prospective,mmstar,128,True,False,,True,True,True,True,True,,1111,64,True
fastv,mmstar_000491,prospective,mmstar,256,True,False,,True,True,True,True,True,,1111,64,True
fastv,mmstar_000491,prospective,mmstar,432,True,False,,True,True,True,True,True,,1111,64,True
fastv,mmstar_000494,prospective,mmstar,64,False,True,gray|irrelevant,True,False,False,False,False,,0111,128,True
fastv,mmstar_000494,prospective,mmstar,128,False,True,gray|irrelevant,True,True,True,True,True,,0111,128,True
fastv,mmstar_000494,prospective,mmstar,256,False,True,gray|irrelevant,True,True,True,True,True,,0111,128,True
fastv,mmstar_000494,prospective,mmstar,432,False,True,gray|irrelevant,True,True,True,True,True,,0111,128,True
fastv,mmstar_000495,prospective,mmstar,64,False,False,,True,True,True,True,True,,1001,64,False
fastv,mmstar_000495,prospective,mmstar,128,False,False,,False,True,True,False,False,,1001,64,False
fastv,mmstar_000495,prospective,mmstar,256,False,False,,False,True,True,False,False,,1001,64,False
fastv,mmstar_000495,prospective,mmstar,432,False,False,,True,True,True,True,True,,1001,64,False
fastv,mmstar_000500,prospective,mmstar,64,True,False,,True,True,True,True,True,,1111,64,True
fastv,mmstar_000500,prospective,mmstar,128,True,False,,True,True,True,True,True,,1111,64,True
fastv,mmstar_000500,prospective,mmstar,256,True,False,,True,True,True,True,True,,1111,64,True
fastv,mmstar_000500,prospective,mmstar,432,True,False,,True,True,True,True,True,,1111,64,True
fastv,mmstar_000501,prospective,mmstar,64,False,False,,True,True,True,True,True,,1111,64,True
fastv,mmstar_000501,prospective,mmstar,128,False,False,,True,True,True,True,True,,1111,64,True
fastv,mmstar_000501,prospective,mmstar,256,False,False,,True,True,True,True,True,,1111,64,True
fastv,mmstar_000501,prospective,mmstar,432,False,False,,True,True,True,True,True,,1111,64,True
fastv,mmstar_000508,prospective,mmstar,64,False,False,,True,True,True,True,True,,1111,64,True
fastv,mmstar_000508,prospective,mmstar,128,False,False,,True,True,True,True,True,,1111,64,True
fastv,mmstar_000508,prospective,mmstar,256,False,False,,True,True,True,True,True,,1111,64,True
fastv,mmstar_000508,prospective,mmstar,432,False,False,,True,True,True,True,True,,1111,64,True
fastv,mmstar_000509,prospective,mmstar,64,False,True,gray|blur,True,False,False,False,False,,0001,432,True
fastv,mmstar_000509,prospective,mmstar,128,False,True,gray|blur,True,False,False,False,False,,0001,432,True
fastv,mmstar_000509,prospective,mmstar,256,False,True,gray|blur,True,False,False,False,False,,0001,432,True
fastv,mmstar_000509,prospective,mmstar,432,False,True,gray|blur,True,True,True,True,True,,0001,432,True
fastv,mmstar_000511,prospective,mmstar,64,False,True,gray|blur,True,False,False,False,False,,0111,128,True
fastv,mmstar_000511,prospective,mmstar,128,False,True,gray|blur,True,True,True,True,True,,0111,128,True
fastv,mmstar_000511,prospective,mmstar,256,False,True,gray|blur,True,True,True,True,True,,0111,128,True
fastv,mmstar_000511,prospective,mmstar,432,False,True,gray|blur,True,True,True,True,True,,0111,128,True
fastv,mmstar_000512,prospective,mmstar,64,False,False,,True,True,True,True,True,,1111,64,True
fastv,mmstar_000512,prospective,mmstar,128,False,False,,True,True,True,True,True,,1111,64,True
fastv,mmstar_000512,prospective,mmstar,256,False,False,,True,True,True,True,True,,1111,64,True
fastv,mmstar_000512,prospective,mmstar,432,False,False,,True,True,True,True,True,,1111,64,True
fastv,mmstar_000519,prospective,mmstar,64,False,True,gray|blur|irrelevant,False,False,True,False,False,,0111,128,True
fastv,mmstar_000519,prospective,mmstar,128,False,True,gray|blur|irrelevant,True,True,True,True,True,,0111,128,True
fastv,mmstar_000519,prospective,mmstar,256,False,True,gray|blur|irrelevant,True,True,True,True,True,,0111,128,True
fastv,mmstar_000519,prospective,mmstar,432,False,True,gray|blur|irrelevant,True,True,True,True,True,,0111,128,True
fastv,mmstar_000521,prospective,mmstar,64,False,True,gray|irrelevant,False,False,True,False,False,,0001,432,True
fastv,mmstar_000521,prospective,mmstar,128,False,True,gray|irrelevant,False,False,True,False,False,,0001,432,True
fastv,mmstar_000521,prospective,mmstar,256,False,True,gray|irrelevant,False,False,True,False,False,,0001,432,True
fastv,mmstar_000521,prospective,mmstar,432,False,True,gray|irrelevant,True,True,True,True,True,,0001,432,True
fastv,mmstar_000538,prospective,mmstar,64,True,True,gray|irrelevant,False,False,False,False,False,False,0000,full,True
fastv,mmstar_000538,prospective,mmstar,128,True,True,gray|irrelevant,False,False,False,False,False,False,0000,full,True
fastv,mmstar_000538,prospective,mmstar,256,True,True,gray|irrelevant,False,False,False,False,False,False,0000,full,True
fastv,mmstar_000538,prospective,mmstar,432,True,True,gray|irrelevant,False,False,True,False,False,False,0000,full,True
fastv,mmstar_000542,prospective,mmstar,64,False,False,,True,True,True,True,True,,1111,64,True
fastv,mmstar_000542,prospective,mmstar,128,False,False,,True,True,True,True,True,,1111,64,True
fastv,mmstar_000542,prospective,mmstar,256,False,False,,True,True,True,True,True,,1111,64,True
fastv,mmstar_000542,prospective,mmstar,432,False,False,,True,True,True,True,True,,1111,64,True
fastv,mmstar_000553,prospective,mmstar,64,True,False,,True,True,True,True,True,,1111,64,True
fastv,mmstar_000553,prospective,mmstar,128,True,False,,True,True,True,True,True,,1111,64,True
fastv,mmstar_000553,prospective,mmstar,256,True,False,,True,True,True,True,True,,1111,64,True
fastv,mmstar_000553,prospective,mmstar,432,True,False,,True,True,True,True,True,,1111,64,True
fastv,mmstar_000563,prospective,mmstar,64,False,False,,True,True,True,True,True,,1111,64,True
fastv,mmstar_000563,prospective,mmstar,128,False,False,,True,True,True,True,True,,1111,64,True
fastv,mmstar_000563,prospective,mmstar,256,False,False,,True,True,True,True,True,,1111,64,True
fastv,mmstar_000563,prospective,mmstar,432,False,False,,True,True,True,True,True,,1111,64,True
fastv,mmstar_000564,prospective,mmstar,64,False,False,,True,True,True,True,True,,1111,64,True
fastv,mmstar_000564,prospective,mmstar,128,False,False,,True,True,True,True,True,,1111,64,True
fastv,mmstar_000564,prospective,mmstar,256,False,False,,True,True,True,True,True,,1111,64,True
fastv,mmstar_000564,prospective,mmstar,432,False,False,,True,True,True,True,True,,1111,64,True
fastv,mmstar_000567,prospective,mmstar,64,False,True,gray|blur,False,False,True,False,False,,0001,432,True
fastv,mmstar_000567,prospective,mmstar,128,False,True,gray|blur,False,False,False,False,False,,0001,432,True
fastv,mmstar_000567,prospective,mmstar,256,False,True,gray|blur,False,False,True,False,False,,0001,432,True
fastv,mmstar_000567,prospective,mmstar,432,False,True,gray|blur,True,True,True,True,True,,0001,432,True
fastv,mmstar_000572,prospective,mmstar,64,False,False,,True,True,True,True,True,,1111,64,True
fastv,mmstar_000572,prospective,mmstar,128,False,False,,True,True,True,True,True,,1111,64,True
fastv,mmstar_000572,prospective,mmstar,256,False,False,,True,True,True,True,True,,1111,64,True
fastv,mmstar_000572,prospective,mmstar,432,False,False,,True,True,True,True,True,,1111,64,True
fastv,mmstar_000575,prospective,mmstar,64,True,True,blur|irrelevant,False,False,True,False,False,False,0001,432,True
fastv,mmstar_000575,prospective,mmstar,128,True,True,blur|irrelevant,False,False,False,False,False,False,0001,432,True
fastv,mmstar_000575,prospective,mmstar,256,True,True,blur|irrelevant,False,False,True,False,False,False,0001,432,True
fastv,mmstar_000575,prospective,mmstar,432,True,True,blur|irrelevant,True,True,True,True,True,True,0001,432,True
fastv,mmstar_000577,prospective,mmstar,64,False,True,gray,False,True,False,False,False,,0001,432,True
fastv,mmstar_000577,prospective,mmstar,128,False,True,gray,True,False,False,False,False,,0001,432,True
fastv,mmstar_000577,prospective,mmstar,256,False,True,gray,True,False,False,False,False,,0001,432,True
fastv,mmstar_000577,prospective,mmstar,432,False,True,gray,True,True,True,True,True,,0001,432,True
fastv,mmstar_000578,prospective,mmstar,64,True,False,,False,True,True,False,False,,0111,128,True
fastv,mmstar_000578,prospective,mmstar,128,True,False,,True,True,True,True,True,,0111,128,True
fastv,mmstar_000578,prospective,mmstar,256,True,False,,True,True,True,True,True,,0111,128,True
fastv,mmstar_000578,prospective,mmstar,432,True,False,,True,True,True,True,True,,0111,128,True
fastv,mmstar_000581,prospective,mmstar,64,False,True,gray|blur|irrelevant,True,True,True,True,True,,1111,64,True
fastv,mmstar_000581,prospective,mmstar,128,False,True,gray|blur|irrelevant,True,True,True,True,True,,1111,64,True
fastv,mmstar_000581,prospective,mmstar,256,False,True,gray|blur|irrelevant,True,True,True,True,True,,1111,64,True
fastv,mmstar_000581,prospective,mmstar,432,False,True,gray|blur|irrelevant,True,True,True,True,True,,1111,64,True
fastv,mmstar_000582,prospective,mmstar,64,False,False,,True,True,True,True,True,,1111,64,True
fastv,mmstar_000582,prospective,mmstar,128,False,False,,True,True,True,True,True,,1111,64,True
fastv,mmstar_000582,prospective,mmstar,256,False,False,,True,True,True,True,True,,1111,64,True
fastv,mmstar_000582,prospective,mmstar,432,False,False,,True,True,True,True,True,,1111,64,True
fastv,mmstar_000589,prospective,mmstar,64,False,True,gray|blur|irrelevant,False,False,False,False,False,,0011,256,True
fastv,mmstar_000589,prospective,mmstar,128,False,True,gray|blur|irrelevant,True,True,False,True,False,,0011,256,True
fastv,mmstar_000589,prospective,mmstar,256,False,True,gray|blur|irrelevant,True,True,True,True,True,,0011,256,True
fastv,mmstar_000589,prospective,mmstar,432,False,True,gray|blur|irrelevant,True,True,True,True,True,,0011,256,True
fastv,mmstar_000591,prospective,mmstar,64,False,False,,False,True,True,False,False,,0000,full,True
fastv,mmstar_000591,prospective,mmstar,128,False,False,,False,True,True,False,False,,0000,full,True
fastv,mmstar_000591,prospective,mmstar,256,False,False,,False,True,True,False,False,,0000,full,True
fastv,mmstar_000591,prospective,mmstar,432,False,False,,False,True,True,False,False,,0000,full,True
fastv,mmstar_000592,prospective,mmstar,64,False,False,,True,True,True,True,True,,1111,64,True
fastv,mmstar_000592,prospective,mmstar,128,False,False,,True,True,True,True,True,,1111,64,True
fastv,mmstar_000592,prospective,mmstar,256,False,False,,True,True,True,True,True,,1111,64,True
fastv,mmstar_000592,prospective,mmstar,432,False,False,,True,True,True,True,True,,1111,64,True
fastv,mmstar_000593,prospective,mmstar,64,False,False,,True,True,True,True,True,,1111,64,True
fastv,mmstar_000593,prospective,mmstar,128,False,False,,True,True,True,True,True,,1111,64,True
fastv,mmstar_000593,prospective,mmstar,256,False,False,,True,True,True,True,True,,1111,64,True
fastv,mmstar_000593,prospective,mmstar,432,False,False,,True,True,True,True,True,,1111,64,True
fastv,mmstar_000597,prospective,mmstar,64,True,True,gray|irrelevant,True,True,True,True,True,True,1111,64,True
fastv,mmstar_000597,prospective,mmstar,128,True,True,gray|irrelevant,True,True,True,True,True,True,1111,64,True
fastv,mmstar_000597,prospective,mmstar,256,True,True,gray|irrelevant,True,True,True,True,True,True,1111,64,True
fastv,mmstar_000597,prospective,mmstar,432,True,True,gray|irrelevant,True,True,True,True,True,True,1111,64,True
fastv,mmstar_000600,prospective,mmstar,64,False,True,gray|irrelevant,False,True,False,False,False,,0000,full,True
fastv,mmstar_000600,prospective,mmstar,128,False,True,gray|irrelevant,False,True,False,False,False,,0000,full,True
fastv,mmstar_000600,prospective,mmstar,256,False,True,gray|irrelevant,False,False,False,False,False,,0000,full,True
fastv,mmstar_000600,prospective,mmstar,432,False,True,gray|irrelevant,False,False,True,False,False,,0000,full,True
fastv,mmstar_000602,prospective,mmstar,64,False,False,,True,True,True,True,True,,1111,64,True
fastv,mmstar_000602,prospective,mmstar,128,False,False,,True,True,True,True,True,,1111,64,True
fastv,mmstar_000602,prospective,mmstar,256,False,False,,True,True,True,True,True,,1111,64,True
fastv,mmstar_000602,prospective,mmstar,432,False,False,,True,True,True,True,True,,1111,64,True
fastv,mmstar_000608,prospective,mmstar,64,False,False,,True,True,True,True,True,,1111,64,True
fastv,mmstar_000608,prospective,mmstar,128,False,False,,True,True,True,True,True,,1111,64,True
fastv,mmstar_000608,prospective,mmstar,256,False,False,,True,True,True,True,True,,1111,64,True
fastv,mmstar_000608,prospective,mmstar,432,False,False,,True,True,True,True,True,,1111,64,True
fastv,mmstar_000613,prospective,mmstar,64,False,True,blur,True,False,False,False,False,,0011,256,True
fastv,mmstar_000613,prospective,mmstar,128,False,True,blur,True,False,False,False,False,,0011,256,True
fastv,mmstar_000613,prospective,mmstar,256,False,True,blur,True,True,True,True,True,,0011,256,True
fastv,mmstar_000613,prospective,mmstar,432,False,True,blur,True,True,True,True,True,,0011,256,True
fastv,mmstar_000614,prospective,mmstar,64,False,True,blur,False,True,False,False,False,,0011,256,True
fastv,mmstar_000614,prospective,mmstar,128,False,True,blur,True,False,False,False,False,,0011,256,True
fastv,mmstar_000614,prospective,mmstar,256,False,True,blur,True,True,True,True,True,,0011,256,True
fastv,mmstar_000614,prospective,mmstar,432,False,True,blur,True,True,True,True,True,,0011,256,True
fastv,mmstar_000617,prospective,mmstar,64,True,False,,True,True,True,True,True,,1101,64,False
fastv,mmstar_000617,prospective,mmstar,128,True,False,,True,True,True,True,True,,1101,64,False
fastv,mmstar_000617,prospective,mmstar,256,True,False,,False,True,True,False,False,,1101,64,False
fastv,mmstar_000617,prospective,mmstar,432,True,False,,True,True,True,True,True,,1101,64,False
fastv,mmstar_000622,prospective,mmstar,64,False,False,,True,True,True,True,True,,1111,64,True
fastv,mmstar_000622,prospective,mmstar,128,False,False,,True,True,True,True,True,,1111,64,True
fastv,mmstar_000622,prospective,mmstar,256,False,False,,True,True,True,True,True,,1111,64,True
fastv,mmstar_000622,prospective,mmstar,432,False,False,,True,True,True,True,True,,1111,64,True
fastv,mmstar_000631,prospective,mmstar,64,True,True,gray,True,True,True,True,True,True,1011,64,False
fastv,mmstar_000631,prospective,mmstar,128,True,True,gray,False,True,True,False,False,False,1011,64,False
fastv,mmstar_000631,prospective,mmstar,256,True,True,gray,True,True,True,True,True,True,1011,64,False
fastv,mmstar_000631,prospective,mmstar,432,True,True,gray,True,True,True,True,True,True,1011,64,False
fastv,mmstar_000634,prospective,mmstar,64,False,True,gray|irrelevant,True,False,False,False,False,,0000,full,True
fastv,mmstar_000634,prospective,mmstar,128,False,True,gray|irrelevant,True,False,False,False,False,,0000,full,True
fastv,mmstar_000634,prospective,mmstar,256,False,True,gray|irrelevant,True,False,False,False,False,,0000,full,True
fastv,mmstar_000634,prospective,mmstar,432,False,True,gray|irrelevant,True,False,False,False,False,,0000,full,True
fastv,mmstar_000635,prospective,mmstar,64,False,True,irrelevant,False,False,True,False,False,,0111,128,True
fastv,mmstar_000635,prospective,mmstar,128,False,True,irrelevant,True,True,True,True,True,,0111,128,True
fastv,mmstar_000635,prospective,mmstar,256,False,True,irrelevant,True,True,True,True,True,,0111,128,True
fastv,mmstar_000635,prospective,mmstar,432,False,True,irrelevant,True,True,True,True,True,,0111,128,True
fastv,mmstar_000636,prospective,mmstar,64,False,False,,True,True,True,True,True,,1111,64,True
fastv,mmstar_000636,prospective,mmstar,128,False,False,,True,True,True,True,True,,1111,64,True
fastv,mmstar_000636,prospective,mmstar,256,False,False,,True,True,True,True,True,,1111,64,True
fastv,mmstar_000636,prospective,mmstar,432,False,False,,True,True,True,True,True,,1111,64,True
fastv,mmstar_000657,prospective,mmstar,64,True,False,,True,True,True,True,True,,1111,64,True
fastv,mmstar_000657,prospective,mmstar,128,True,False,,True,True,True,True,True,,1111,64,True
fastv,mmstar_000657,prospective,mmstar,256,True,False,,True,True,True,True,True,,1111,64,True
fastv,mmstar_000657,prospective,mmstar,432,True,False,,True,True,True,True,True,,1111,64,True
fastv,mmstar_000673,prospective,mmstar,64,False,True,gray|irrelevant,True,False,False,False,False,,0000,full,True
fastv,mmstar_000673,prospective,mmstar,128,False,True,gray|irrelevant,True,False,False,False,False,,0000,full,True
fastv,mmstar_000673,prospective,mmstar,256,False,True,gray|irrelevant,True,False,False,False,False,,0000,full,True
fastv,mmstar_000673,prospective,mmstar,432,False,True,gray|irrelevant,True,False,False,False,False,,0000,full,True
fastv,mmstar_000680,prospective,mmstar,64,False,True,gray,True,True,True,True,True,,1111,64,True
fastv,mmstar_000680,prospective,mmstar,128,False,True,gray,True,True,True,True,True,,1111,64,True
fastv,mmstar_000680,prospective,mmstar,256,False,True,gray,True,True,True,True,True,,1111,64,True
fastv,mmstar_000680,prospective,mmstar,432,False,True,gray,True,True,True,True,True,,1111,64,True
fastv,mmstar_000683,prospective,mmstar,64,False,True,gray|blur|irrelevant,True,True,True,True,True,,1111,64,True
fastv,mmstar_000683,prospective,mmstar,128,False,True,gray|blur|irrelevant,True,True,True,True,True,,1111,64,True
fastv,mmstar_000683,prospective,mmstar,256,False,True,gray|blur|irrelevant,True,True,True,True,True,,1111,64,True
fastv,mmstar_000683,prospective,mmstar,432,False,True,gray|blur|irrelevant,True,True,True,True,True,,1111,64,True
fastv,mmstar_000685,prospective,mmstar,64,False,False,,True,True,True,True,True,,1111,64,True
fastv,mmstar_000685,prospective,mmstar,128,False,False,,True,True,True,True,True,,1111,64,True
fastv,mmstar_000685,prospective,mmstar,256,False,False,,True,True,True,True,True,,1111,64,True
fastv,mmstar_000685,prospective,mmstar,432,False,False,,True,True,True,True,True,,1111,64,True
fastv,mmstar_000691,prospective,mmstar,64,True,True,gray,True,True,True,True,True,True,1110,64,False
fastv,mmstar_000691,prospective,mmstar,128,True,True,gray,True,True,True,True,True,True,1110,64,False
fastv,mmstar_000691,prospective,mmstar,256,True,True,gray,True,True,True,True,True,True,1110,64,False
fastv,mmstar_000691,prospective,mmstar,432,True,True,gray,False,True,True,False,False,False,1110,64,False
fastv,mmstar_000693,prospective,mmstar,64,True,True,gray|irrelevant,True,True,True,True,True,True,1111,64,True
fastv,mmstar_000693,prospective,mmstar,128,True,True,gray|irrelevant,True,True,True,True,True,True,1111,64,True
fastv,mmstar_000693,prospective,mmstar,256,True,True,gray|irrelevant,True,True,True,True,True,True,1111,64,True
fastv,mmstar_000693,prospective,mmstar,432,True,True,gray|irrelevant,True,True,True,True,True,True,1111,64,True
fastv,mmstar_000701,prospective,mmstar,64,True,True,gray|blur|irrelevant,False,False,True,False,False,False,0111,128,True
fastv,mmstar_000701,prospective,mmstar,128,True,True,gray|blur|irrelevant,True,True,True,True,True,True,0111,128,True
fastv,mmstar_000701,prospective,mmstar,256,True,True,gray|blur|irrelevant,True,True,True,True,True,True,0111,128,True
fastv,mmstar_000701,prospective,mmstar,432,True,True,gray|blur|irrelevant,True,True,True,True,True,True,0111,128,True
fastv,mmstar_000703,prospective,mmstar,64,True,False,,True,True,True,True,True,,1111,64,True
fastv,mmstar_000703,prospective,mmstar,128,True,False,,True,True,True,True,True,,1111,64,True
fastv,mmstar_000703,prospective,mmstar,256,True,False,,True,True,True,True,True,,1111,64,True
fastv,mmstar_000703,prospective,mmstar,432,True,False,,True,True,True,True,True,,1111,64,True
fastv,mmstar_000705,prospective,mmstar,64,True,True,gray|irrelevant,True,True,True,True,True,True,1111,64,True
fastv,mmstar_000705,prospective,mmstar,128,True,True,gray|irrelevant,True,True,True,True,True,True,1111,64,True
fastv,mmstar_000705,prospective,mmstar,256,True,True,gray|irrelevant,True,True,True,True,True,True,1111,64,True
fastv,mmstar_000705,prospective,mmstar,432,True,True,gray|irrelevant,True,True,True,True,True,True,1111,64,True
fastv,mmstar_000711,prospective,mmstar,64,True,True,gray|irrelevant,False,False,False,False,False,False,0011,256,True
fastv,mmstar_000711,prospective,mmstar,128,True,True,gray|irrelevant,True,True,False,True,False,False,0011,256,True
fastv,mmstar_000711,prospective,mmstar,256,True,True,gray|irrelevant,True,True,True,True,True,True,0011,256,True
fastv,mmstar_000711,prospective,mmstar,432,True,True,gray|irrelevant,True,True,True,True,True,True,0011,256,True
fastv,mmstar_000720,prospective,mmstar,64,True,True,gray|irrelevant,True,True,True,True,True,True,1111,64,True
fastv,mmstar_000720,prospective,mmstar,128,True,True,gray|irrelevant,True,True,True,True,True,True,1111,64,True
fastv,mmstar_000720,prospective,mmstar,256,True,True,gray|irrelevant,True,True,True,True,True,True,1111,64,True
fastv,mmstar_000720,prospective,mmstar,432,True,True,gray|irrelevant,True,True,True,True,True,True,1111,64,True
fastv,mmstar_000723,prospective,mmstar,64,True,True,gray|irrelevant,True,True,True,True,True,True,1111,64,True
fastv,mmstar_000723,prospective,mmstar,128,True,True,gray|irrelevant,True,True,True,True,True,True,1111,64,True
fastv,mmstar_000723,prospective,mmstar,256,True,True,gray|irrelevant,True,True,True,True,True,True,1111,64,True
fastv,mmstar_000723,prospective,mmstar,432,True,True,gray|irrelevant,True,True,True,True,True,True,1111,64,True
fastv,mmstar_000731,prospective,mmstar,64,True,True,gray|irrelevant,True,True,False,True,False,False,0011,256,True
fastv,mmstar_000731,prospective,mmstar,128,True,True,gray|irrelevant,True,True,False,True,False,False,0011,256,True
fastv,mmstar_000731,prospective,mmstar,256,True,True,gray|irrelevant,True,True,True,True,True,True,0011,256,True
fastv,mmstar_000731,prospective,mmstar,432,True,True,gray|irrelevant,True,True,True,True,True,True,0011,256,True
fastv,mmstar_000732,prospective,mmstar,64,True,True,gray,True,True,True,True,True,True,1111,64,True
fastv,mmstar_000732,prospective,mmstar,128,True,True,gray,True,True,True,True,True,True,1111,64,True
fastv,mmstar_000732,prospective,mmstar,256,True,True,gray,True,True,True,True,True,True,1111,64,True
fastv,mmstar_000732,prospective,mmstar,432,True,True,gray,True,True,True,True,True,True,1111,64,True
fastv,mmstar_000736,prospective,mmstar,64,False,True,gray|blur,False,False,True,False,False,,0001,432,True
fastv,mmstar_000736,prospective,mmstar,128,False,True,gray|blur,False,False,True,False,False,,0001,432,True
fastv,mmstar_000736,prospective,mmstar,256,False,True,gray|blur,False,False,True,False,False,,0001,432,True
fastv,mmstar_000736,prospective,mmstar,432,False,True,gray|blur,True,True,True,True,True,,0001,432,True
fastv,mmstar_000741,prospective,mmstar,64,True,False,,False,True,True,False,False,,0011,256,True
fastv,mmstar_000741,prospective,mmstar,128,True,False,,False,True,True,False,False,,0011,256,True
fastv,mmstar_000741,prospective,mmstar,256,True,False,,True,True,True,True,True,,0011,256,True
fastv,mmstar_000741,prospective,mmstar,432,True,False,,True,True,True,True,True,,0011,256,True
fastv,mmstar_000757,prospective,mmstar,64,False,False,,True,True,True,True,True,,1111,64,True
fastv,mmstar_000757,prospective,mmstar,128,False,False,,True,True,True,True,True,,1111,64,True
fastv,mmstar_000757,prospective,mmstar,256,False,False,,True,True,True,True,True,,1111,64,True
fastv,mmstar_000757,prospective,mmstar,432,False,False,,True,True,True,True,True,,1111,64,True
fastv,mmstar_000769,prospective,mmstar,64,False,False,,True,True,True,True,True,,1111,64,True
fastv,mmstar_000769,prospective,mmstar,128,False,False,,True,True,True,True,True,,1111,64,True
fastv,mmstar_000769,prospective,mmstar,256,False,False,,True,True,True,True,True,,1111,64,True
fastv,mmstar_000769,prospective,mmstar,432,False,False,,True,True,True,True,True,,1111,64,True
fastv,mmstar_000777,prospective,mmstar,64,False,True,gray,True,False,False,False,False,,0001,432,True
fastv,mmstar_000777,prospective,mmstar,128,False,True,gray,True,False,False,False,False,,0001,432,True
fastv,mmstar_000777,prospective,mmstar,256,False,True,gray,True,False,False,False,False,,0001,432,True
fastv,mmstar_000777,prospective,mmstar,432,False,True,gray,True,True,True,True,True,,0001,432,True
fastv,mmstar_000778,prospective,mmstar,64,True,False,,True,True,True,True,True,,1111,64,True
fastv,mmstar_000778,prospective,mmstar,128,True,False,,True,True,True,True,True,,1111,64,True
fastv,mmstar_000778,prospective,mmstar,256,True,False,,True,True,True,True,True,,1111,64,True
fastv,mmstar_000778,prospective,mmstar,432,True,False,,True,True,True,True,True,,1111,64,True
fastv,mmstar_000782,prospective,mmstar,64,False,True,gray|blur|irrelevant,False,False,True,False,False,,0001,432,True
fastv,mmstar_000782,prospective,mmstar,128,False,True,gray|blur|irrelevant,False,False,True,False,False,,0001,432,True
fastv,mmstar_000782,prospective,mmstar,256,False,True,gray|blur|irrelevant,False,False,True,False,False,,0001,432,True
fastv,mmstar_000782,prospective,mmstar,432,False,True,gray|blur|irrelevant,True,True,True,True,True,,0001,432,True
fastv,mmstar_000783,prospective,mmstar,64,True,True,gray|blur|irrelevant,True,True,True,True,True,True,1111,64,True
fastv,mmstar_000783,prospective,mmstar,128,True,True,gray|blur|irrelevant,True,True,True,True,True,True,1111,64,True
fastv,mmstar_000783,prospective,mmstar,256,True,True,gray|blur|irrelevant,True,True,True,True,True,True,1111,64,True
fastv,mmstar_000783,prospective,mmstar,432,True,True,gray|blur|irrelevant,True,True,True,True,True,True,1111,64,True
fastv,mmstar_000784,prospective,mmstar,64,False,True,irrelevant,False,True,True,False,False,,0011,256,True
fastv,mmstar_000784,prospective,mmstar,128,False,True,irrelevant,False,True,True,False,False,,0011,256,True
fastv,mmstar_000784,prospective,mmstar,256,False,True,irrelevant,True,True,True,True,True,,0011,256,True
fastv,mmstar_000784,prospective,mmstar,432,False,True,irrelevant,True,True,True,True,True,,0011,256,True
fastv,mmstar_000786,prospective,mmstar,64,True,True,gray|blur|irrelevant,False,True,False,False,False,False,0011,256,True
fastv,mmstar_000786,prospective,mmstar,128,True,True,gray|blur|irrelevant,False,False,True,False,False,False,0011,256,True
fastv,mmstar_000786,prospective,mmstar,256,True,True,gray|blur|irrelevant,True,True,True,True,True,True,0011,256,True
fastv,mmstar_000786,prospective,mmstar,432,True,True,gray|blur|irrelevant,True,True,True,True,True,True,0011,256,True
fastv,mmstar_000788,prospective,mmstar,64,True,False,,True,True,True,True,True,,1111,64,True
fastv,mmstar_000788,prospective,mmstar,128,True,False,,True,True,True,True,True,,1111,64,True
fastv,mmstar_000788,prospective,mmstar,256,True,False,,True,True,True,True,True,,1111,64,True
fastv,mmstar_000788,prospective,mmstar,432,True,False,,True,True,True,True,True,,1111,64,True
fastv,mmstar_000789,prospective,mmstar,64,False,False,,True,True,True,True,True,,1111,64,True
fastv,mmstar_000789,prospective,mmstar,128,False,False,,True,True,True,True,True,,1111,64,True
fastv,mmstar_000789,prospective,mmstar,256,False,False,,True,True,True,True,True,,1111,64,True
fastv,mmstar_000789,prospective,mmstar,432,False,False,,True,True,True,True,True,,1111,64,True
fastv,mmstar_000794,prospective,mmstar,64,True,False,,True,True,True,True,True,,1111,64,True
fastv,mmstar_000794,prospective,mmstar,128,True,False,,True,True,True,True,True,,1111,64,True
fastv,mmstar_000794,prospective,mmstar,256,True,False,,True,True,True,True,True,,1111,64,True
fastv,mmstar_000794,prospective,mmstar,432,True,False,,True,True,True,True,True,,1111,64,True
fastv,mmstar_000796,prospective,mmstar,64,False,False,,True,True,True,True,True,,1111,64,True
fastv,mmstar_000796,prospective,mmstar,128,False,False,,True,True,True,True,True,,1111,64,True
fastv,mmstar_000796,prospective,mmstar,256,False,False,,True,True,True,True,True,,1111,64,True
fastv,mmstar_000796,prospective,mmstar,432,False,False,,True,True,True,True,True,,1111,64,True
fastv,mmstar_000797,prospective,mmstar,64,False,False,,True,True,True,True,True,,1111,64,True
fastv,mmstar_000797,prospective,mmstar,128,False,False,,True,True,True,True,True,,1111,64,True
fastv,mmstar_000797,prospective,mmstar,256,False,False,,True,True,True,True,True,,1111,64,True
fastv,mmstar_000797,prospective,mmstar,432,False,False,,True,True,True,True,True,,1111,64,True
fastv,mmstar_000803,prospective,mmstar,64,True,True,irrelevant,True,True,True,True,True,True,1111,64,True
fastv,mmstar_000803,prospective,mmstar,128,True,True,irrelevant,True,True,True,True,True,True,1111,64,True
fastv,mmstar_000803,prospective,mmstar,256,True,True,irrelevant,True,True,True,True,True,True,1111,64,True
fastv,mmstar_000803,prospective,mmstar,432,True,True,irrelevant,True,True,True,True,True,True,1111,64,True
fastv,mmstar_000811,prospective,mmstar,64,False,False,,True,True,True,True,True,,1111,64,True
fastv,mmstar_000811,prospective,mmstar,128,False,False,,True,True,True,True,True,,1111,64,True
fastv,mmstar_000811,prospective,mmstar,256,False,False,,True,True,True,True,True,,1111,64,True
fastv,mmstar_000811,prospective,mmstar,432,False,False,,True,True,True,True,True,,1111,64,True
fastv,mmstar_000823,prospective,mmstar,64,False,False,,True,True,True,True,True,,1111,64,True
fastv,mmstar_000823,prospective,mmstar,128,False,False,,True,True,True,True,True,,1111,64,True
fastv,mmstar_000823,prospective,mmstar,256,False,False,,True,True,True,True,True,,1111,64,True
fastv,mmstar_000823,prospective,mmstar,432,False,False,,True,True,True,True,True,,1111,64,True
fastv,mmstar_000828,prospective,mmstar,64,False,False,,True,True,True,True,True,,1111,64,True
fastv,mmstar_000828,prospective,mmstar,128,False,False,,True,True,True,True,True,,1111,64,True
fastv,mmstar_000828,prospective,mmstar,256,False,False,,True,True,True,True,True,,1111,64,True
fastv,mmstar_000828,prospective,mmstar,432,False,False,,True,True,True,True,True,,1111,64,True
fastv,mmstar_000840,prospective,mmstar,64,False,True,gray|blur,False,False,True,False,False,,0011,256,True
fastv,mmstar_000840,prospective,mmstar,128,False,True,gray|blur,False,False,True,False,False,,0011,256,True
fastv,mmstar_000840,prospective,mmstar,256,False,True,gray|blur,True,True,True,True,True,,0011,256,True
fastv,mmstar_000840,prospective,mmstar,432,False,True,gray|blur,True,True,True,True,True,,0011,256,True
fastv,mmstar_000842,prospective,mmstar,64,False,False,,True,True,True,True,True,,1111,64,True
fastv,mmstar_000842,prospective,mmstar,128,False,False,,True,True,True,True,True,,1111,64,True
fastv,mmstar_000842,prospective,mmstar,256,False,False,,True,True,True,True,True,,1111,64,True
fastv,mmstar_000842,prospective,mmstar,432,False,False,,True,True,True,True,True,,1111,64,True
fastv,mmstar_000854,prospective,mmstar,64,False,False,,True,True,True,True,True,,1111,64,True
fastv,mmstar_000854,prospective,mmstar,128,False,False,,True,True,True,True,True,,1111,64,True
fastv,mmstar_000854,prospective,mmstar,256,False,False,,True,True,True,True,True,,1111,64,True
fastv,mmstar_000854,prospective,mmstar,432,False,False,,True,True,True,True,True,,1111,64,True
fastv,mmstar_000868,prospective,mmstar,64,True,False,,True,True,True,True,True,,1111,64,True
fastv,mmstar_000868,prospective,mmstar,128,True,False,,True,True,True,True,True,,1111,64,True
fastv,mmstar_000868,prospective,mmstar,256,True,False,,True,True,True,True,True,,1111,64,True
fastv,mmstar_000868,prospective,mmstar,432,True,False,,True,True,True,True,True,,1111,64,True
fastv,mmstar_000872,prospective,mmstar,64,False,True,gray|blur|irrelevant,False,False,False,False,False,,0001,432,True
fastv,mmstar_000872,prospective,mmstar,128,False,True,gray|blur|irrelevant,False,False,False,False,False,,0001,432,True
fastv,mmstar_000872,prospective,mmstar,256,False,True,gray|blur|irrelevant,False,False,True,False,False,,0001,432,True
fastv,mmstar_000872,prospective,mmstar,432,False,True,gray|blur|irrelevant,True,True,True,True,True,,0001,432,True
fastv,mmstar_000873,prospective,mmstar,64,False,True,gray|blur,True,False,False,False,False,,0001,432,True
fastv,mmstar_000873,prospective,mmstar,128,False,True,gray|blur,True,False,False,False,False,,0001,432,True
fastv,mmstar_000873,prospective,mmstar,256,False,True,gray|blur,True,False,False,False,False,,0001,432,True
fastv,mmstar_000873,prospective,mmstar,432,False,True,gray|blur,True,True,True,True,True,,0001,432,True
fastv,mmstar_000880,prospective,mmstar,64,True,False,,True,True,True,True,True,,1111,64,True
fastv,mmstar_000880,prospective,mmstar,128,True,False,,True,True,True,True,True,,1111,64,True
fastv,mmstar_000880,prospective,mmstar,256,True,False,,True,True,True,True,True,,1111,64,True
fastv,mmstar_000880,prospective,mmstar,432,True,False,,True,True,True,True,True,,1111,64,True
fastv,mmstar_000881,prospective,mmstar,64,True,True,gray|irrelevant,False,False,False,False,False,False,0000,full,True
fastv,mmstar_000881,prospective,mmstar,128,True,True,gray|irrelevant,False,False,False,False,False,False,0000,full,True
fastv,mmstar_000881,prospective,mmstar,256,True,True,gray|irrelevant,False,False,True,False,False,False,0000,full,True
fastv,mmstar_000881,prospective,mmstar,432,True,True,gray|irrelevant,False,False,True,False,False,False,0000,full,True
fastv,mmstar_000882,prospective,mmstar,64,False,False,,True,True,True,True,True,,1111,64,True
fastv,mmstar_000882,prospective,mmstar,128,False,False,,True,True,True,True,True,,1111,64,True
fastv,mmstar_000882,prospective,mmstar,256,False,False,,True,True,True,True,True,,1111,64,True
fastv,mmstar_000882,prospective,mmstar,432,False,False,,True,True,True,True,True,,1111,64,True
fastv,mmstar_000887,prospective,mmstar,64,False,True,gray|irrelevant,True,True,True,True,True,,1111,64,True
fastv,mmstar_000887,prospective,mmstar,128,False,True,gray|irrelevant,True,True,True,True,True,,1111,64,True
fastv,mmstar_000887,prospective,mmstar,256,False,True,gray|irrelevant,True,True,True,True,True,,1111,64,True
fastv,mmstar_000887,prospective,mmstar,432,False,True,gray|irrelevant,True,True,True,True,True,,1111,64,True
fastv,mmstar_000902,prospective,mmstar,64,False,False,,True,True,True,True,True,,1111,64,True
fastv,mmstar_000902,prospective,mmstar,128,False,False,,True,True,True,True,True,,1111,64,True
fastv,mmstar_000902,prospective,mmstar,256,False,False,,True,True,True,True,True,,1111,64,True
fastv,mmstar_000902,prospective,mmstar,432,False,False,,True,True,True,True,True,,1111,64,True
fastv,mmstar_000905,prospective,mmstar,64,False,False,,True,True,True,True,True,,1111,64,True
fastv,mmstar_000905,prospective,mmstar,128,False,False,,True,True,True,True,True,,1111,64,True
fastv,mmstar_000905,prospective,mmstar,256,False,False,,True,True,True,True,True,,1111,64,True
fastv,mmstar_000905,prospective,mmstar,432,False,False,,True,True,True,True,True,,1111,64,True
fastv,mmstar_000909,prospective,mmstar,64,False,False,,True,True,True,True,True,,1111,64,True
fastv,mmstar_000909,prospective,mmstar,128,False,False,,True,True,True,True,True,,1111,64,True
fastv,mmstar_000909,prospective,mmstar,256,False,False,,True,True,True,True,True,,1111,64,True
fastv,mmstar_000909,prospective,mmstar,432,False,False,,True,True,True,True,True,,1111,64,True
fastv,mmstar_000911,prospective,mmstar,64,False,False,,True,True,True,True,True,,1111,64,True
fastv,mmstar_000911,prospective,mmstar,128,False,False,,True,True,True,True,True,,1111,64,True
fastv,mmstar_000911,prospective,mmstar,256,False,False,,True,True,True,True,True,,1111,64,True
fastv,mmstar_000911,prospective,mmstar,432,False,False,,True,True,True,True,True,,1111,64,True
fastv,mmstar_000920,prospective,mmstar,64,False,False,,True,True,True,True,True,,1111,64,True
fastv,mmstar_000920,prospective,mmstar,128,False,False,,True,True,True,True,True,,1111,64,True
fastv,mmstar_000920,prospective,mmstar,256,False,False,,True,True,True,True,True,,1111,64,True
fastv,mmstar_000920,prospective,mmstar,432,False,False,,True,True,True,True,True,,1111,64,True
fastv,mmstar_000928,prospective,mmstar,64,False,False,,True,True,True,True,True,,1011,64,False
fastv,mmstar_000928,prospective,mmstar,128,False,False,,False,True,True,False,False,,1011,64,False
fastv,mmstar_000928,prospective,mmstar,256,False,False,,True,True,True,True,True,,1011,64,False
fastv,mmstar_000928,prospective,mmstar,432,False,False,,True,True,True,True,True,,1011,64,False
fastv,mmstar_000934,prospective,mmstar,64,False,False,,False,True,True,False,False,,0111,128,True
fastv,mmstar_000934,prospective,mmstar,128,False,False,,True,True,True,True,True,,0111,128,True
fastv,mmstar_000934,prospective,mmstar,256,False,False,,True,True,True,True,True,,0111,128,True
fastv,mmstar_000934,prospective,mmstar,432,False,False,,True,True,True,True,True,,0111,128,True
fastv,mmstar_000936,prospective,mmstar,64,False,False,,True,True,True,True,True,,1111,64,True
fastv,mmstar_000936,prospective,mmstar,128,False,False,,True,True,True,True,True,,1111,64,True
fastv,mmstar_000936,prospective,mmstar,256,False,False,,True,True,True,True,True,,1111,64,True
fastv,mmstar_000936,prospective,mmstar,432,False,False,,True,True,True,True,True,,1111,64,True
fastv,mmstar_000942,prospective,mmstar,64,False,False,,True,True,True,True,True,,1111,64,True
fastv,mmstar_000942,prospective,mmstar,128,False,False,,True,True,True,True,True,,1111,64,True
fastv,mmstar_000942,prospective,mmstar,256,False,False,,True,True,True,True,True,,1111,64,True
fastv,mmstar_000942,prospective,mmstar,432,False,False,,True,True,True,True,True,,1111,64,True
fastv,mmstar_000945,prospective,mmstar,64,False,False,,True,True,True,True,True,,1001,64,False
fastv,mmstar_000945,prospective,mmstar,128,False,False,,False,True,True,False,False,,1001,64,False
fastv,mmstar_000945,prospective,mmstar,256,False,False,,False,True,True,False,False,,1001,64,False
fastv,mmstar_000945,prospective,mmstar,432,False,False,,True,True,True,True,True,,1001,64,False
fastv,mmstar_000950,prospective,mmstar,64,False,True,blur,False,True,True,False,False,,0001,432,True
fastv,mmstar_000950,prospective,mmstar,128,False,True,blur,False,True,True,False,False,,0001,432,True
fastv,mmstar_000950,prospective,mmstar,256,False,True,blur,False,True,True,False,False,,0001,432,True
fastv,mmstar_000950,prospective,mmstar,432,False,True,blur,True,True,True,True,True,,0001,432,True
fastv,mmstar_000951,prospective,mmstar,64,False,False,,True,True,True,True,True,,1111,64,True
fastv,mmstar_000951,prospective,mmstar,128,False,False,,True,True,True,True,True,,1111,64,True
fastv,mmstar_000951,prospective,mmstar,256,False,False,,True,True,True,True,True,,1111,64,True
fastv,mmstar_000951,prospective,mmstar,432,False,False,,True,True,True,True,True,,1111,64,True
fastv,mmstar_000953,prospective,mmstar,64,False,True,gray|irrelevant,False,False,True,False,False,,0111,128,True
fastv,mmstar_000953,prospective,mmstar,128,False,True,gray|irrelevant,True,True,True,True,True,,0111,128,True
fastv,mmstar_000953,prospective,mmstar,256,False,True,gray|irrelevant,True,True,True,True,True,,0111,128,True
fastv,mmstar_000953,prospective,mmstar,432,False,True,gray|irrelevant,True,True,True,True,True,,0111,128,True
fastv,mmstar_000959,prospective,mmstar,64,False,False,,True,True,True,True,True,,1111,64,True
fastv,mmstar_000959,prospective,mmstar,128,False,False,,True,True,True,True,True,,1111,64,True
fastv,mmstar_000959,prospective,mmstar,256,False,False,,True,True,True,True,True,,1111,64,True
fastv,mmstar_000959,prospective,mmstar,432,False,False,,True,True,True,True,True,,1111,64,True
fastv,mmstar_000962,prospective,mmstar,64,True,False,,True,True,True,True,True,,1111,64,True
fastv,mmstar_000962,prospective,mmstar,128,True,False,,True,True,True,True,True,,1111,64,True
fastv,mmstar_000962,prospective,mmstar,256,True,False,,True,True,True,True,True,,1111,64,True
fastv,mmstar_000962,prospective,mmstar,432,True,False,,True,True,True,True,True,,1111,64,True
fastv,mmstar_000963,prospective,mmstar,64,False,False,,True,True,True,True,True,,1111,64,True
fastv,mmstar_000963,prospective,mmstar,128,False,False,,True,True,True,True,True,,1111,64,True
fastv,mmstar_000963,prospective,mmstar,256,False,False,,True,True,True,True,True,,1111,64,True
fastv,mmstar_000963,prospective,mmstar,432,False,False,,True,True,True,True,True,,1111,64,True
fastv,mmstar_000970,prospective,mmstar,64,False,False,,True,True,True,True,True,,1111,64,True
fastv,mmstar_000970,prospective,mmstar,128,False,False,,True,True,True,True,True,,1111,64,True
fastv,mmstar_000970,prospective,mmstar,256,False,False,,True,True,True,True,True,,1111,64,True
fastv,mmstar_000970,prospective,mmstar,432,False,False,,True,True,True,True,True,,1111,64,True
fastv,mmstar_000971,prospective,mmstar,64,False,False,,True,True,True,True,True,,1111,64,True
fastv,mmstar_000971,prospective,mmstar,128,False,False,,True,True,True,True,True,,1111,64,True
fastv,mmstar_000971,prospective,mmstar,256,False,False,,True,True,True,True,True,,1111,64,True
fastv,mmstar_000971,prospective,mmstar,432,False,False,,True,True,True,True,True,,1111,64,True
fastv,mmstar_000972,prospective,mmstar,64,False,False,,False,True,True,False,False,,0111,128,True
fastv,mmstar_000972,prospective,mmstar,128,False,False,,True,True,True,True,True,,0111,128,True
fastv,mmstar_000972,prospective,mmstar,256,False,False,,True,True,True,True,True,,0111,128,True
fastv,mmstar_000972,prospective,mmstar,432,False,False,,True,True,True,True,True,,0111,128,True
fastv,mmstar_000974,prospective,mmstar,64,False,False,,True,True,True,True,True,,1111,64,True
fastv,mmstar_000974,prospective,mmstar,128,False,False,,True,True,True,True,True,,1111,64,True
fastv,mmstar_000974,prospective,mmstar,256,False,False,,True,True,True,True,True,,1111,64,True
fastv,mmstar_000974,prospective,mmstar,432,False,False,,True,True,True,True,True,,1111,64,True
fastv,mmstar_000978,prospective,mmstar,64,False,False,,True,True,True,True,True,,1111,64,True
fastv,mmstar_000978,prospective,mmstar,128,False,False,,True,True,True,True,True,,1111,64,True
fastv,mmstar_000978,prospective,mmstar,256,False,False,,True,True,True,True,True,,1111,64,True
fastv,mmstar_000978,prospective,mmstar,432,False,False,,True,True,True,True,True,,1111,64,True
fastv,mmstar_000979,prospective,mmstar,64,True,True,blur,True,True,True,True,True,True,1111,64,True
fastv,mmstar_000979,prospective,mmstar,128,True,True,blur,True,True,True,True,True,True,1111,64,True
fastv,mmstar_000979,prospective,mmstar,256,True,True,blur,True,True,True,True,True,True,1111,64,True
fastv,mmstar_000979,prospective,mmstar,432,True,True,blur,True,True,True,True,True,True,1111,64,True
fastv,mmstar_000995,prospective,mmstar,64,True,False,,False,True,True,False,False,,0011,256,True
fastv,mmstar_000995,prospective,mmstar,128,True,False,,False,True,True,False,False,,0011,256,True
fastv,mmstar_000995,prospective,mmstar,256,True,False,,True,True,True,True,True,,0011,256,True
fastv,mmstar_000995,prospective,mmstar,432,True,False,,True,True,True,True,True,,0011,256,True
fastv,mmstar_000998,prospective,mmstar,64,False,False,,True,True,True,True,True,,1111,64,True
fastv,mmstar_000998,prospective,mmstar,128,False,False,,True,True,True,True,True,,1111,64,True
fastv,mmstar_000998,prospective,mmstar,256,False,False,,True,True,True,True,True,,1111,64,True
fastv,mmstar_000998,prospective,mmstar,432,False,False,,True,True,True,True,True,,1111,64,True
fastv,mmstar_001005,prospective,mmstar,64,False,True,gray,False,False,True,False,False,,0011,256,True
fastv,mmstar_001005,prospective,mmstar,128,False,True,gray,False,False,True,False,False,,0011,256,True
fastv,mmstar_001005,prospective,mmstar,256,False,True,gray,True,True,True,True,True,,0011,256,True
fastv,mmstar_001005,prospective,mmstar,432,False,True,gray,True,True,True,True,True,,0011,256,True
fastv,mmstar_001006,prospective,mmstar,64,False,True,gray|blur|irrelevant,False,False,False,False,False,,0011,256,True
fastv,mmstar_001006,prospective,mmstar,128,False,True,gray|blur|irrelevant,True,False,False,False,False,,0011,256,True
fastv,mmstar_001006,prospective,mmstar,256,False,True,gray|blur|irrelevant,True,True,True,True,True,,0011,256,True
fastv,mmstar_001006,prospective,mmstar,432,False,True,gray|blur|irrelevant,True,True,True,True,True,,0011,256,True
fastv,mmstar_001012,prospective,mmstar,64,False,True,gray|blur,True,False,False,False,False,,0010,256,False
fastv,mmstar_001012,prospective,mmstar,128,False,True,gray|blur,True,False,False,False,False,,0010,256,False
fastv,mmstar_001012,prospective,mmstar,256,False,True,gray|blur,True,True,True,True,True,,0010,256,False
fastv,mmstar_001012,prospective,mmstar,432,False,True,gray|blur,True,False,False,False,False,,0010,256,False
fastv,mmstar_001017,prospective,mmstar,64,False,False,,True,True,True,True,True,,1111,64,True
fastv,mmstar_001017,prospective,mmstar,128,False,False,,True,True,True,True,True,,1111,64,True
fastv,mmstar_001017,prospective,mmstar,256,False,False,,True,True,True,True,True,,1111,64,True
fastv,mmstar_001017,prospective,mmstar,432,False,False,,True,True,True,True,True,,1111,64,True
fastv,mmstar_001022,prospective,mmstar,64,False,False,,True,True,True,True,True,,1111,64,True
fastv,mmstar_001022,prospective,mmstar,128,False,False,,True,True,True,True,True,,1111,64,True
fastv,mmstar_001022,prospective,mmstar,256,False,False,,True,True,True,True,True,,1111,64,True
fastv,mmstar_001022,prospective,mmstar,432,False,False,,True,True,True,True,True,,1111,64,True
fastv,mmstar_001025,prospective,mmstar,64,True,True,gray|blur|irrelevant,True,True,True,True,True,True,1111,64,True
fastv,mmstar_001025,prospective,mmstar,128,True,True,gray|blur|irrelevant,True,False,True,False,True,False,1111,64,True
fastv,mmstar_001025,prospective,mmstar,256,True,True,gray|blur|irrelevant,True,True,True,True,True,True,1111,64,True
fastv,mmstar_001025,prospective,mmstar,432,True,True,gray|blur|irrelevant,True,True,True,True,True,True,1111,64,True
fastv,mmstar_001029,prospective,mmstar,64,False,False,,True,True,True,True,True,,1111,64,True
fastv,mmstar_001029,prospective,mmstar,128,False,False,,True,True,True,True,True,,1111,64,True
fastv,mmstar_001029,prospective,mmstar,256,False,False,,True,True,True,True,True,,1111,64,True
fastv,mmstar_001029,prospective,mmstar,432,False,False,,True,True,True,True,True,,1111,64,True
fastv,mmstar_001031,prospective,mmstar,64,False,False,,True,True,True,True,True,,1111,64,True
fastv,mmstar_001031,prospective,mmstar,128,False,False,,True,True,True,True,True,,1111,64,True
fastv,mmstar_001031,prospective,mmstar,256,False,False,,True,True,True,True,True,,1111,64,True
fastv,mmstar_001031,prospective,mmstar,432,False,False,,True,True,True,True,True,,1111,64,True
fastv,mmstar_001032,prospective,mmstar,64,True,False,,True,True,True,True,True,,1111,64,True
fastv,mmstar_001032,prospective,mmstar,128,True,False,,True,True,True,True,True,,1111,64,True
fastv,mmstar_001032,prospective,mmstar,256,True,False,,True,True,True,True,True,,1111,64,True
fastv,mmstar_001032,prospective,mmstar,432,True,False,,True,True,True,True,True,,1111,64,True
fastv,mmstar_001035,prospective,mmstar,64,True,True,gray|blur|irrelevant,True,True,True,True,True,True,1111,64,True
fastv,mmstar_001035,prospective,mmstar,128,True,True,gray|blur|irrelevant,True,True,True,True,True,True,1111,64,True
fastv,mmstar_001035,prospective,mmstar,256,True,True,gray|blur|irrelevant,True,True,True,True,True,True,1111,64,True
fastv,mmstar_001035,prospective,mmstar,432,True,True,gray|blur|irrelevant,True,True,True,True,True,True,1111,64,True
fastv,mmstar_001039,prospective,mmstar,64,False,True,gray|blur|irrelevant,True,True,True,True,True,,1111,64,True
fastv,mmstar_001039,prospective,mmstar,128,False,True,gray|blur|irrelevant,True,True,True,True,True,,1111,64,True
fastv,mmstar_001039,prospective,mmstar,256,False,True,gray|blur|irrelevant,True,False,True,False,True,,1111,64,True
fastv,mmstar_001039,prospective,mmstar,432,False,True,gray|blur|irrelevant,True,True,True,True,True,,1111,64,True
fastv,mmstar_001044,prospective,mmstar,64,False,False,,True,True,True,True,True,,1111,64,True
fastv,mmstar_001044,prospective,mmstar,128,False,False,,True,True,True,True,True,,1111,64,True
fastv,mmstar_001044,prospective,mmstar,256,False,False,,True,True,True,True,True,,1111,64,True
fastv,mmstar_001044,prospective,mmstar,432,False,False,,True,True,True,True,True,,1111,64,True
fastv,mmstar_001048,prospective,mmstar,64,False,False,,True,True,True,True,True,,1111,64,True
fastv,mmstar_001048,prospective,mmstar,128,False,False,,True,True,True,True,True,,1111,64,True
fastv,mmstar_001048,prospective,mmstar,256,False,False,,True,True,True,True,True,,1111,64,True
fastv,mmstar_001048,prospective,mmstar,432,False,False,,True,True,True,True,True,,1111,64,True
fastv,mmstar_001059,prospective,mmstar,64,False,False,,True,True,True,True,True,,1111,64,True
fastv,mmstar_001059,prospective,mmstar,128,False,False,,True,True,True,True,True,,1111,64,True
fastv,mmstar_001059,prospective,mmstar,256,False,False,,True,True,True,True,True,,1111,64,True
fastv,mmstar_001059,prospective,mmstar,432,False,False,,True,True,True,True,True,,1111,64,True
fastv,mmstar_001061,prospective,mmstar,64,False,True,gray|blur|irrelevant,False,False,True,False,False,,0001,432,True
fastv,mmstar_001061,prospective,mmstar,128,False,True,gray|blur|irrelevant,False,False,True,False,False,,0001,432,True
fastv,mmstar_001061,prospective,mmstar,256,False,True,gray|blur|irrelevant,False,False,True,False,False,,0001,432,True
fastv,mmstar_001061,prospective,mmstar,432,False,True,gray|blur|irrelevant,True,True,True,True,True,,0001,432,True
fastv,mmstar_001066,prospective,mmstar,64,False,False,,True,True,True,True,True,,1111,64,True
fastv,mmstar_001066,prospective,mmstar,128,False,False,,True,True,True,True,True,,1111,64,True
fastv,mmstar_001066,prospective,mmstar,256,False,False,,True,True,True,True,True,,1111,64,True
fastv,mmstar_001066,prospective,mmstar,432,False,False,,True,True,True,True,True,,1111,64,True
fastv,mmstar_001068,prospective,mmstar,64,False,False,,True,True,True,True,True,,1111,64,True
fastv,mmstar_001068,prospective,mmstar,128,False,False,,True,True,True,True,True,,1111,64,True
fastv,mmstar_001068,prospective,mmstar,256,False,False,,True,True,True,True,True,,1111,64,True
fastv,mmstar_001068,prospective,mmstar,432,False,False,,True,True,True,True,True,,1111,64,True
fastv,mmstar_001069,prospective,mmstar,64,False,True,gray|blur,True,False,False,False,False,,0001,432,True
fastv,mmstar_001069,prospective,mmstar,128,False,True,gray|blur,True,False,False,False,False,,0001,432,True
fastv,mmstar_001069,prospective,mmstar,256,False,True,gray|blur,True,False,False,False,False,,0001,432,True
fastv,mmstar_001069,prospective,mmstar,432,False,True,gray|blur,True,True,True,True,True,,0001,432,True
fastv,mmstar_001083,prospective,mmstar,64,True,False,,False,True,True,False,False,,0111,128,True
fastv,mmstar_001083,prospective,mmstar,128,True,False,,True,True,True,True,True,,0111,128,True
fastv,mmstar_001083,prospective,mmstar,256,True,False,,True,True,True,True,True,,0111,128,True
fastv,mmstar_001083,prospective,mmstar,432,True,False,,True,True,True,True,True,,0111,128,True
fastv,mmstar_001094,prospective,mmstar,64,False,True,blur,True,True,True,True,True,,1111,64,True
fastv,mmstar_001094,prospective,mmstar,128,False,True,blur,True,True,True,True,True,,1111,64,True
fastv,mmstar_001094,prospective,mmstar,256,False,True,blur,True,True,True,True,True,,1111,64,True
fastv,mmstar_001094,prospective,mmstar,432,False,True,blur,True,True,True,True,True,,1111,64,True
fastv,mmstar_001097,prospective,mmstar,64,False,False,,True,True,True,True,True,,1111,64,True
fastv,mmstar_001097,prospective,mmstar,128,False,False,,True,True,True,True,True,,1111,64,True
fastv,mmstar_001097,prospective,mmstar,256,False,False,,True,True,True,True,True,,1111,64,True
fastv,mmstar_001097,prospective,mmstar,432,False,False,,True,True,True,True,True,,1111,64,True
fastv,mmstar_001103,prospective,mmstar,64,True,True,blur|irrelevant,True,False,False,False,False,False,0111,128,True
fastv,mmstar_001103,prospective,mmstar,128,True,True,blur|irrelevant,True,True,True,True,True,True,0111,128,True
fastv,mmstar_001103,prospective,mmstar,256,True,True,blur|irrelevant,True,True,True,True,True,True,0111,128,True
fastv,mmstar_001103,prospective,mmstar,432,True,True,blur|irrelevant,True,True,True,True,True,True,0111,128,True
fastv,mmstar_001104,prospective,mmstar,64,False,False,,True,True,True,True,True,,1111,64,True
fastv,mmstar_001104,prospective,mmstar,128,False,False,,True,True,True,True,True,,1111,64,True
fastv,mmstar_001104,prospective,mmstar,256,False,False,,True,True,True,True,True,,1111,64,True
fastv,mmstar_001104,prospective,mmstar,432,False,False,,True,True,True,True,True,,1111,64,True
fastv,mmstar_001112,prospective,mmstar,64,False,True,gray,False,True,False,False,False,,0001,432,True
fastv,mmstar_001112,prospective,mmstar,128,False,True,gray,True,False,False,False,False,,0001,432,True
fastv,mmstar_001112,prospective,mmstar,256,False,True,gray,True,False,False,False,False,,0001,432,True
fastv,mmstar_001112,prospective,mmstar,432,False,True,gray,True,True,True,True,True,,0001,432,True
fastv,mmstar_001115,prospective,mmstar,64,False,False,,True,True,True,True,True,,1111,64,True
fastv,mmstar_001115,prospective,mmstar,128,False,False,,True,True,True,True,True,,1111,64,True
fastv,mmstar_001115,prospective,mmstar,256,False,False,,True,True,True,True,True,,1111,64,True
fastv,mmstar_001115,prospective,mmstar,432,False,False,,True,True,True,True,True,,1111,64,True
fastv,mmstar_001121,prospective,mmstar,64,False,True,gray|blur,False,True,False,False,False,,0001,432,True
fastv,mmstar_001121,prospective,mmstar,128,False,True,gray|blur,False,True,False,False,False,,0001,432,True
fastv,mmstar_001121,prospective,mmstar,256,False,True,gray|blur,True,False,False,False,False,,0001,432,True
fastv,mmstar_001121,prospective,mmstar,432,False,True,gray|blur,True,True,True,True,True,,0001,432,True
fastv,mmstar_001122,prospective,mmstar,64,True,False,,True,True,True,True,True,,1111,64,True
fastv,mmstar_001122,prospective,mmstar,128,True,False,,True,True,True,True,True,,1111,64,True
fastv,mmstar_001122,prospective,mmstar,256,True,False,,True,True,True,True,True,,1111,64,True
fastv,mmstar_001122,prospective,mmstar,432,True,False,,True,True,True,True,True,,1111,64,True
fastv,mmstar_001126,prospective,mmstar,64,False,False,,True,True,True,True,True,,1111,64,True
fastv,mmstar_001126,prospective,mmstar,128,False,False,,True,True,True,True,True,,1111,64,True
fastv,mmstar_001126,prospective,mmstar,256,False,False,,True,True,True,True,True,,1111,64,True
fastv,mmstar_001126,prospective,mmstar,432,False,False,,True,True,True,True,True,,1111,64,True
fastv,mmstar_001131,prospective,mmstar,64,False,True,gray|irrelevant,False,False,True,False,False,,0001,432,True
fastv,mmstar_001131,prospective,mmstar,128,False,True,gray|irrelevant,False,False,True,False,False,,0001,432,True
fastv,mmstar_001131,prospective,mmstar,256,False,True,gray|irrelevant,False,False,True,False,False,,0001,432,True
fastv,mmstar_001131,prospective,mmstar,432,False,True,gray|irrelevant,True,True,True,True,True,,0001,432,True
fastv,mmstar_001133,prospective,mmstar,64,True,False,,True,True,True,True,True,,1111,64,True
fastv,mmstar_001133,prospective,mmstar,128,True,False,,True,True,True,True,True,,1111,64,True
fastv,mmstar_001133,prospective,mmstar,256,True,False,,True,True,True,True,True,,1111,64,True
fastv,mmstar_001133,prospective,mmstar,432,True,False,,True,True,True,True,True,,1111,64,True
fastv,mmstar_001137,prospective,mmstar,64,False,False,,True,True,True,True,True,,1111,64,True
fastv,mmstar_001137,prospective,mmstar,128,False,False,,True,True,True,True,True,,1111,64,True
fastv,mmstar_001137,prospective,mmstar,256,False,False,,True,True,True,True,True,,1111,64,True
fastv,mmstar_001137,prospective,mmstar,432,False,False,,True,True,True,True,True,,1111,64,True
fastv,mmstar_001146,prospective,mmstar,64,True,False,,True,True,True,True,True,,1111,64,True
fastv,mmstar_001146,prospective,mmstar,128,True,False,,True,True,True,True,True,,1111,64,True
fastv,mmstar_001146,prospective,mmstar,256,True,False,,True,True,True,True,True,,1111,64,True
fastv,mmstar_001146,prospective,mmstar,432,True,False,,True,True,True,True,True,,1111,64,True
fastv,mmstar_001159,prospective,mmstar,64,False,False,,True,True,True,True,True,,1111,64,True
fastv,mmstar_001159,prospective,mmstar,128,False,False,,True,True,True,True,True,,1111,64,True
fastv,mmstar_001159,prospective,mmstar,256,False,False,,True,True,True,True,True,,1111,64,True
fastv,mmstar_001159,prospective,mmstar,432,False,False,,True,True,True,True,True,,1111,64,True
fastv,mmstar_001160,prospective,mmstar,64,False,False,,True,True,True,True,True,,1111,64,True
fastv,mmstar_001160,prospective,mmstar,128,False,False,,True,True,True,True,True,,1111,64,True
fastv,mmstar_001160,prospective,mmstar,256,False,False,,True,True,True,True,True,,1111,64,True
fastv,mmstar_001160,prospective,mmstar,432,False,False,,True,True,True,True,True,,1111,64,True
fastv,mmstar_001169,prospective,mmstar,64,False,True,gray|blur|irrelevant,False,False,True,False,False,,0111,128,True
fastv,mmstar_001169,prospective,mmstar,128,False,True,gray|blur|irrelevant,True,True,True,True,True,,0111,128,True
fastv,mmstar_001169,prospective,mmstar,256,False,True,gray|blur|irrelevant,True,True,True,True,True,,0111,128,True
fastv,mmstar_001169,prospective,mmstar,432,False,True,gray|blur|irrelevant,True,True,True,True,True,,0111,128,True
fastv,mmstar_001188,prospective,mmstar,64,False,True,blur,True,False,False,False,False,,0001,432,True
fastv,mmstar_001188,prospective,mmstar,128,False,True,blur,True,False,False,False,False,,0001,432,True
fastv,mmstar_001188,prospective,mmstar,256,False,True,blur,True,False,False,False,False,,0001,432,True
fastv,mmstar_001188,prospective,mmstar,432,False,True,blur,True,True,True,True,True,,0001,432,True
fastv,mmstar_001191,prospective,mmstar,64,False,False,,False,True,True,False,False,,0001,432,True
fastv,mmstar_001191,prospective,mmstar,128,False,False,,False,True,True,False,False,,0001,432,True
fastv,mmstar_001191,prospective,mmstar,256,False,False,,False,True,True,False,False,,0001,432,True
fastv,mmstar_001191,prospective,mmstar,432,False,False,,True,True,True,True,True,,0001,432,True
fastv,mmstar_001194,prospective,mmstar,64,False,False,,True,True,True,True,True,,1111,64,True
fastv,mmstar_001194,prospective,mmstar,128,False,False,,True,True,True,True,True,,1111,64,True
fastv,mmstar_001194,prospective,mmstar,256,False,False,,True,True,True,True,True,,1111,64,True
fastv,mmstar_001194,prospective,mmstar,432,False,False,,True,True,True,True,True,,1111,64,True
fastv,mmstar_001195,prospective,mmstar,64,False,False,,True,True,True,True,True,,1111,64,True
fastv,mmstar_001195,prospective,mmstar,128,False,False,,True,True,True,True,True,,1111,64,True
fastv,mmstar_001195,prospective,mmstar,256,False,False,,True,True,True,True,True,,1111,64,True
fastv,mmstar_001195,prospective,mmstar,432,False,False,,True,True,True,True,True,,1111,64,True
fastv,mmstar_001209,prospective,mmstar,64,True,False,,True,True,True,True,True,,1111,64,True
fastv,mmstar_001209,prospective,mmstar,128,True,False,,True,True,True,True,True,,1111,64,True
fastv,mmstar_001209,prospective,mmstar,256,True,False,,True,True,True,True,True,,1111,64,True
fastv,mmstar_001209,prospective,mmstar,432,True,False,,True,True,True,True,True,,1111,64,True
fastv,mmstar_001213,prospective,mmstar,64,False,False,,False,True,True,False,False,,0111,128,True
fastv,mmstar_001213,prospective,mmstar,128,False,False,,True,True,True,True,True,,0111,128,True
fastv,mmstar_001213,prospective,mmstar,256,False,False,,True,True,True,True,True,,0111,128,True
fastv,mmstar_001213,prospective,mmstar,432,False,False,,True,True,True,True,True,,0111,128,True
fastv,mmstar_001221,prospective,mmstar,64,True,False,,True,True,True,True,True,,1111,64,True
fastv,mmstar_001221,prospective,mmstar,128,True,False,,True,True,True,True,True,,1111,64,True
fastv,mmstar_001221,prospective,mmstar,256,True,False,,True,True,True,True,True,,1111,64,True
fastv,mmstar_001221,prospective,mmstar,432,True,False,,True,True,True,True,True,,1111,64,True
fastv,mmstar_001224,prospective,mmstar,64,False,False,,False,True,True,False,False,,0011,256,True
fastv,mmstar_001224,prospective,mmstar,128,False,False,,False,True,True,False,False,,0011,256,True
fastv,mmstar_001224,prospective,mmstar,256,False,False,,True,True,True,True,True,,0011,256,True
fastv,mmstar_001224,prospective,mmstar,432,False,False,,True,True,True,True,True,,0011,256,True
fastv,mmstar_001226,prospective,mmstar,64,False,False,,True,True,True,True,True,,1111,64,True
fastv,mmstar_001226,prospective,mmstar,128,False,False,,True,True,True,True,True,,1111,64,True
fastv,mmstar_001226,prospective,mmstar,256,False,False,,True,True,True,True,True,,1111,64,True
fastv,mmstar_001226,prospective,mmstar,432,False,False,,True,True,True,True,True,,1111,64,True
fastv,mmstar_001227,prospective,mmstar,64,False,False,,True,True,True,True,True,,1111,64,True
fastv,mmstar_001227,prospective,mmstar,128,False,False,,True,True,True,True,True,,1111,64,True
fastv,mmstar_001227,prospective,mmstar,256,False,False,,True,True,True,True,True,,1111,64,True
fastv,mmstar_001227,prospective,mmstar,432,False,False,,True,True,True,True,True,,1111,64,True
fastv,mmstar_001228,prospective,mmstar,64,False,True,gray|blur,True,False,False,False,False,,0001,432,True
fastv,mmstar_001228,prospective,mmstar,128,False,True,gray|blur,True,False,False,False,False,,0001,432,True
fastv,mmstar_001228,prospective,mmstar,256,False,True,gray|blur,True,False,False,False,False,,0001,432,True
fastv,mmstar_001228,prospective,mmstar,432,False,True,gray|blur,True,True,True,True,True,,0001,432,True
fastv,mmstar_001230,prospective,mmstar,64,False,True,gray|blur,False,False,False,False,False,,0000,full,True
fastv,mmstar_001230,prospective,mmstar,128,False,True,gray|blur,False,False,False,False,False,,0000,full,True
fastv,mmstar_001230,prospective,mmstar,256,False,True,gray|blur,False,False,False,False,False,,0000,full,True
fastv,mmstar_001230,prospective,mmstar,432,False,True,gray|blur,False,False,True,False,False,,0000,full,True
fastv,mmstar_001241,prospective,mmstar,64,False,False,,False,True,True,False,False,,0001,432,True
fastv,mmstar_001241,prospective,mmstar,128,False,False,,False,True,True,False,False,,0001,432,True
fastv,mmstar_001241,prospective,mmstar,256,False,False,,False,True,True,False,False,,0001,432,True
fastv,mmstar_001241,prospective,mmstar,432,False,False,,True,True,True,True,True,,0001,432,True
fastv,mmstar_001246,prospective,mmstar,64,True,False,,True,True,True,True,True,,1111,64,True
fastv,mmstar_001246,prospective,mmstar,128,True,False,,True,True,True,True,True,,1111,64,True
fastv,mmstar_001246,prospective,mmstar,256,True,False,,True,True,True,True,True,,1111,64,True
fastv,mmstar_001246,prospective,mmstar,432,True,False,,True,True,True,True,True,,1111,64,True
fastv,mmstar_001247,prospective,mmstar,64,False,True,blur,True,True,True,True,True,,1111,64,True
fastv,mmstar_001247,prospective,mmstar,128,False,True,blur,True,True,True,True,True,,1111,64,True
fastv,mmstar_001247,prospective,mmstar,256,False,True,blur,True,True,True,True,True,,1111,64,True
fastv,mmstar_001247,prospective,mmstar,432,False,True,blur,True,True,True,True,True,,1111,64,True
fastv,mmstar_001249,prospective,mmstar,64,False,True,gray,True,True,True,True,True,,1111,64,True
fastv,mmstar_001249,prospective,mmstar,128,False,True,gray,True,True,True,True,True,,1111,64,True
fastv,mmstar_001249,prospective,mmstar,256,False,True,gray,True,True,True,True,True,,1111,64,True
fastv,mmstar_001249,prospective,mmstar,432,False,True,gray,True,True,True,True,True,,1111,64,True
fastv,mmstar_001251,prospective,mmstar,64,False,False,,True,True,True,True,True,,1111,64,True
fastv,mmstar_001251,prospective,mmstar,128,False,False,,True,True,True,True,True,,1111,64,True
fastv,mmstar_001251,prospective,mmstar,256,False,False,,True,True,True,True,True,,1111,64,True
fastv,mmstar_001251,prospective,mmstar,432,False,False,,True,True,True,True,True,,1111,64,True
fastv,mmstar_001261,prospective,mmstar,64,False,True,gray|blur|irrelevant,True,True,True,True,True,,1111,64,True
fastv,mmstar_001261,prospective,mmstar,128,False,True,gray|blur|irrelevant,True,True,True,True,True,,1111,64,True
fastv,mmstar_001261,prospective,mmstar,256,False,True,gray|blur|irrelevant,True,True,True,True,True,,1111,64,True
fastv,mmstar_001261,prospective,mmstar,432,False,True,gray|blur|irrelevant,True,True,True,True,True,,1111,64,True
fastv,mmstar_001276,prospective,mmstar,64,False,False,,True,True,True,True,True,,1111,64,True
fastv,mmstar_001276,prospective,mmstar,128,False,False,,True,True,True,True,True,,1111,64,True
fastv,mmstar_001276,prospective,mmstar,256,False,False,,True,True,True,True,True,,1111,64,True
fastv,mmstar_001276,prospective,mmstar,432,False,False,,True,True,True,True,True,,1111,64,True
fastv,mmstar_001280,prospective,mmstar,64,True,False,,False,True,True,False,False,,0011,256,True
fastv,mmstar_001280,prospective,mmstar,128,True,False,,False,True,True,False,False,,0011,256,True
fastv,mmstar_001280,prospective,mmstar,256,True,False,,True,True,True,True,True,,0011,256,True
fastv,mmstar_001280,prospective,mmstar,432,True,False,,True,True,True,True,True,,0011,256,True
fastv,mmstar_001285,prospective,mmstar,64,False,False,,True,True,True,True,True,,1111,64,True
fastv,mmstar_001285,prospective,mmstar,128,False,False,,True,True,True,True,True,,1111,64,True
fastv,mmstar_001285,prospective,mmstar,256,False,False,,True,True,True,True,True,,1111,64,True
fastv,mmstar_001285,prospective,mmstar,432,False,False,,True,True,True,True,True,,1111,64,True
fastv,mmstar_001287,prospective,mmstar,64,False,False,,True,True,True,True,True,,1111,64,True
fastv,mmstar_001287,prospective,mmstar,128,False,False,,True,True,True,True,True,,1111,64,True
fastv,mmstar_001287,prospective,mmstar,256,False,False,,True,True,True,True,True,,1111,64,True
fastv,mmstar_001287,prospective,mmstar,432,False,False,,True,True,True,True,True,,1111,64,True
fastv,mmstar_001288,prospective,mmstar,64,False,False,,True,True,True,True,True,,1111,64,True
fastv,mmstar_001288,prospective,mmstar,128,False,False,,True,True,True,True,True,,1111,64,True
fastv,mmstar_001288,prospective,mmstar,256,False,False,,True,True,True,True,True,,1111,64,True
fastv,mmstar_001288,prospective,mmstar,432,False,False,,True,True,True,True,True,,1111,64,True
fastv,mmstar_001289,prospective,mmstar,64,False,True,gray|blur|irrelevant,False,False,True,False,False,,0000,full,True
fastv,mmstar_001289,prospective,mmstar,128,False,True,gray|blur|irrelevant,False,False,True,False,False,,0000,full,True
fastv,mmstar_001289,prospective,mmstar,256,False,True,gray|blur|irrelevant,False,False,True,False,False,,0000,full,True
fastv,mmstar_001289,prospective,mmstar,432,False,True,gray|blur|irrelevant,False,False,True,False,False,,0000,full,True
fastv,mmstar_001290,prospective,mmstar,64,False,False,,True,True,True,True,True,,1111,64,True
fastv,mmstar_001290,prospective,mmstar,128,False,False,,True,True,True,True,True,,1111,64,True
fastv,mmstar_001290,prospective,mmstar,256,False,False,,True,True,True,True,True,,1111,64,True
fastv,mmstar_001290,prospective,mmstar,432,False,False,,True,True,True,True,True,,1111,64,True
fastv,mmstar_001293,prospective,mmstar,64,False,False,,True,True,True,True,True,,1111,64,True
fastv,mmstar_001293,prospective,mmstar,128,False,False,,True,True,True,True,True,,1111,64,True
fastv,mmstar_001293,prospective,mmstar,256,False,False,,True,True,True,True,True,,1111,64,True
fastv,mmstar_001293,prospective,mmstar,432,False,False,,True,True,True,True,True,,1111,64,True
fastv,mmstar_001298,prospective,mmstar,64,True,True,blur|irrelevant,True,False,False,False,False,False,0001,432,True
fastv,mmstar_001298,prospective,mmstar,128,True,True,blur|irrelevant,True,False,False,False,False,False,0001,432,True
fastv,mmstar_001298,prospective,mmstar,256,True,True,blur|irrelevant,True,False,False,False,False,False,0001,432,True
fastv,mmstar_001298,prospective,mmstar,432,True,True,blur|irrelevant,True,True,True,True,True,True,0001,432,True
fastv,mmstar_001304,prospective,mmstar,64,False,False,,True,True,True,True,True,,1111,64,True
fastv,mmstar_001304,prospective,mmstar,128,False,False,,True,True,True,True,True,,1111,64,True
fastv,mmstar_001304,prospective,mmstar,256,False,False,,True,True,True,True,True,,1111,64,True
fastv,mmstar_001304,prospective,mmstar,432,False,False,,True,True,True,True,True,,1111,64,True
fastv,mmstar_001307,prospective,mmstar,64,True,False,,True,True,True,True,True,,1111,64,True
fastv,mmstar_001307,prospective,mmstar,128,True,False,,True,True,True,True,True,,1111,64,True
fastv,mmstar_001307,prospective,mmstar,256,True,False,,True,True,True,True,True,,1111,64,True
fastv,mmstar_001307,prospective,mmstar,432,True,False,,True,True,True,True,True,,1111,64,True
fastv,mmstar_001320,prospective,mmstar,64,True,True,gray|blur|irrelevant,False,False,True,False,False,False,0001,432,True
fastv,mmstar_001320,prospective,mmstar,128,True,True,gray|blur|irrelevant,False,False,True,False,False,False,0001,432,True
fastv,mmstar_001320,prospective,mmstar,256,True,True,gray|blur|irrelevant,False,False,True,False,False,False,0001,432,True
fastv,mmstar_001320,prospective,mmstar,432,True,True,gray|blur|irrelevant,True,True,True,True,True,True,0001,432,True
fastv,mmstar_001326,prospective,mmstar,64,True,True,gray|blur|irrelevant,False,False,True,False,False,False,0011,256,True
fastv,mmstar_001326,prospective,mmstar,128,True,True,gray|blur|irrelevant,True,False,False,False,False,False,0011,256,True
fastv,mmstar_001326,prospective,mmstar,256,True,True,gray|blur|irrelevant,True,True,True,True,True,True,0011,256,True
fastv,mmstar_001326,prospective,mmstar,432,True,True,gray|blur|irrelevant,True,True,True,True,True,True,0011,256,True
fastv,mmstar_001331,prospective,mmstar,64,False,False,,True,True,True,True,True,,1111,64,True
fastv,mmstar_001331,prospective,mmstar,128,False,False,,True,True,True,True,True,,1111,64,True
fastv,mmstar_001331,prospective,mmstar,256,False,False,,True,True,True,True,True,,1111,64,True
fastv,mmstar_001331,prospective,mmstar,432,False,False,,True,True,True,True,True,,1111,64,True
fastv,mmstar_001346,prospective,mmstar,64,False,False,,True,True,True,True,True,,1111,64,True
fastv,mmstar_001346,prospective,mmstar,128,False,False,,True,True,True,True,True,,1111,64,True
fastv,mmstar_001346,prospective,mmstar,256,False,False,,True,True,True,True,True,,1111,64,True
fastv,mmstar_001346,prospective,mmstar,432,False,False,,True,True,True,True,True,,1111,64,True
fastv,mmstar_001347,prospective,mmstar,64,False,False,,True,True,True,True,True,,1111,64,True
fastv,mmstar_001347,prospective,mmstar,128,False,False,,True,True,True,True,True,,1111,64,True
fastv,mmstar_001347,prospective,mmstar,256,False,False,,True,True,True,True,True,,1111,64,True
fastv,mmstar_001347,prospective,mmstar,432,False,False,,True,True,True,True,True,,1111,64,True
fastv,mmstar_001350,prospective,mmstar,64,True,False,,True,True,True,True,True,,1111,64,True
fastv,mmstar_001350,prospective,mmstar,128,True,False,,True,True,True,True,True,,1111,64,True
fastv,mmstar_001350,prospective,mmstar,256,True,False,,True,True,True,True,True,,1111,64,True
fastv,mmstar_001350,prospective,mmstar,432,True,False,,True,True,True,True,True,,1111,64,True
fastv,mmstar_001353,prospective,mmstar,64,False,False,,True,True,True,True,True,,1111,64,True
fastv,mmstar_001353,prospective,mmstar,128,False,False,,True,True,True,True,True,,1111,64,True
fastv,mmstar_001353,prospective,mmstar,256,False,False,,True,True,True,True,True,,1111,64,True
fastv,mmstar_001353,prospective,mmstar,432,False,False,,True,True,True,True,True,,1111,64,True
fastv,mmstar_001366,prospective,mmstar,64,False,False,,True,True,True,True,True,,1111,64,True
fastv,mmstar_001366,prospective,mmstar,128,False,False,,True,True,True,True,True,,1111,64,True
fastv,mmstar_001366,prospective,mmstar,256,False,False,,True,True,True,True,True,,1111,64,True
fastv,mmstar_001366,prospective,mmstar,432,False,False,,True,True,True,True,True,,1111,64,True
fastv,mmstar_001371,prospective,mmstar,64,True,False,,True,True,True,True,True,,1111,64,True
fastv,mmstar_001371,prospective,mmstar,128,True,False,,True,True,True,True,True,,1111,64,True
fastv,mmstar_001371,prospective,mmstar,256,True,False,,True,True,True,True,True,,1111,64,True
fastv,mmstar_001371,prospective,mmstar,432,True,False,,True,True,True,True,True,,1111,64,True
fastv,mmstar_001378,prospective,mmstar,64,False,False,,True,True,True,True,True,,1111,64,True
fastv,mmstar_001378,prospective,mmstar,128,False,False,,True,True,True,True,True,,1111,64,True
fastv,mmstar_001378,prospective,mmstar,256,False,False,,True,True,True,True,True,,1111,64,True
fastv,mmstar_001378,prospective,mmstar,432,False,False,,True,True,True,True,True,,1111,64,True
fastv,mmstar_001379,prospective,mmstar,64,False,True,blur|irrelevant,True,False,False,False,False,,0011,256,True
fastv,mmstar_001379,prospective,mmstar,128,False,True,blur|irrelevant,True,False,False,False,False,,0011,256,True
fastv,mmstar_001379,prospective,mmstar,256,False,True,blur|irrelevant,True,True,True,True,True,,0011,256,True
fastv,mmstar_001379,prospective,mmstar,432,False,True,blur|irrelevant,True,True,True,True,True,,0011,256,True
fastv,mmstar_001382,prospective,mmstar,64,True,False,,True,True,True,True,True,,1111,64,True
fastv,mmstar_001382,prospective,mmstar,128,True,False,,True,True,True,True,True,,1111,64,True
fastv,mmstar_001382,prospective,mmstar,256,True,False,,True,True,True,True,True,,1111,64,True
fastv,mmstar_001382,prospective,mmstar,432,True,False,,True,True,True,True,True,,1111,64,True
fastv,mmstar_001394,prospective,mmstar,64,False,False,,True,True,True,True,True,,1111,64,True
fastv,mmstar_001394,prospective,mmstar,128,False,False,,True,True,True,True,True,,1111,64,True
fastv,mmstar_001394,prospective,mmstar,256,False,False,,True,True,True,True,True,,1111,64,True
fastv,mmstar_001394,prospective,mmstar,432,False,False,,True,True,True,True,True,,1111,64,True
fastv,mmstar_001395,prospective,mmstar,64,False,True,gray|blur,False,False,True,False,False,,0000,full,True
fastv,mmstar_001395,prospective,mmstar,128,False,True,gray|blur,False,False,True,False,False,,0000,full,True
fastv,mmstar_001395,prospective,mmstar,256,False,True,gray|blur,False,False,True,False,False,,0000,full,True
fastv,mmstar_001395,prospective,mmstar,432,False,True,gray|blur,False,False,True,False,False,,0000,full,True
fastv,mmstar_001397,prospective,mmstar,64,False,False,,True,True,True,True,True,,1111,64,True
fastv,mmstar_001397,prospective,mmstar,128,False,False,,True,True,True,True,True,,1111,64,True
fastv,mmstar_001397,prospective,mmstar,256,False,False,,True,True,True,True,True,,1111,64,True
fastv,mmstar_001397,prospective,mmstar,432,False,False,,True,True,True,True,True,,1111,64,True
fastv,mmstar_001401,prospective,mmstar,64,False,True,gray|blur|irrelevant,True,True,True,True,True,,1111,64,True
fastv,mmstar_001401,prospective,mmstar,128,False,True,gray|blur|irrelevant,True,True,True,True,True,,1111,64,True
fastv,mmstar_001401,prospective,mmstar,256,False,True,gray|blur|irrelevant,True,True,True,True,True,,1111,64,True
fastv,mmstar_001401,prospective,mmstar,432,False,True,gray|blur|irrelevant,True,True,True,True,True,,1111,64,True
fastv,mmstar_001402,prospective,mmstar,64,False,False,,True,True,True,True,True,,1111,64,True
fastv,mmstar_001402,prospective,mmstar,128,False,False,,True,True,True,True,True,,1111,64,True
fastv,mmstar_001402,prospective,mmstar,256,False,False,,True,True,True,True,True,,1111,64,True
fastv,mmstar_001402,prospective,mmstar,432,False,False,,True,True,True,True,True,,1111,64,True
fastv,mmstar_001410,prospective,mmstar,64,False,False,,True,True,True,True,True,,1111,64,True
fastv,mmstar_001410,prospective,mmstar,128,False,False,,True,True,True,True,True,,1111,64,True
fastv,mmstar_001410,prospective,mmstar,256,False,False,,True,True,True,True,True,,1111,64,True
fastv,mmstar_001410,prospective,mmstar,432,False,False,,True,True,True,True,True,,1111,64,True
fastv,mmstar_001412,prospective,mmstar,64,False,True,gray|irrelevant,False,False,False,False,False,,0001,432,True
fastv,mmstar_001412,prospective,mmstar,128,False,True,gray|irrelevant,False,False,False,False,False,,0001,432,True
fastv,mmstar_001412,prospective,mmstar,256,False,True,gray|irrelevant,False,False,True,False,False,,0001,432,True
fastv,mmstar_001412,prospective,mmstar,432,False,True,gray|irrelevant,True,True,True,True,True,,0001,432,True
fastv,mmstar_001420,prospective,mmstar,64,False,False,,True,True,True,True,True,,1111,64,True
fastv,mmstar_001420,prospective,mmstar,128,False,False,,True,True,True,True,True,,1111,64,True
fastv,mmstar_001420,prospective,mmstar,256,False,False,,True,True,True,True,True,,1111,64,True
fastv,mmstar_001420,prospective,mmstar,432,False,False,,True,True,True,True,True,,1111,64,True
fastv,mmstar_001421,prospective,mmstar,64,True,False,,True,True,True,True,True,,1111,64,True
fastv,mmstar_001421,prospective,mmstar,128,True,False,,True,True,True,True,True,,1111,64,True
fastv,mmstar_001421,prospective,mmstar,256,True,False,,True,True,True,True,True,,1111,64,True
fastv,mmstar_001421,prospective,mmstar,432,True,False,,True,True,True,True,True,,1111,64,True
fastv,mmstar_001424,prospective,mmstar,64,False,False,,True,True,True,True,True,,1111,64,True
fastv,mmstar_001424,prospective,mmstar,128,False,False,,True,True,True,True,True,,1111,64,True
fastv,mmstar_001424,prospective,mmstar,256,False,False,,True,True,True,True,True,,1111,64,True
fastv,mmstar_001424,prospective,mmstar,432,False,False,,True,True,True,True,True,,1111,64,True
fastv,mmstar_001427,prospective,mmstar,64,False,False,,False,True,True,False,False,,0111,128,True
fastv,mmstar_001427,prospective,mmstar,128,False,False,,True,True,True,True,True,,0111,128,True
fastv,mmstar_001427,prospective,mmstar,256,False,False,,True,True,True,True,True,,0111,128,True
fastv,mmstar_001427,prospective,mmstar,432,False,False,,True,True,True,True,True,,0111,128,True
fastv,mmstar_001432,prospective,mmstar,64,True,False,,True,True,True,True,True,,1111,64,True
fastv,mmstar_001432,prospective,mmstar,128,True,False,,True,True,True,True,True,,1111,64,True
fastv,mmstar_001432,prospective,mmstar,256,True,False,,True,True,True,True,True,,1111,64,True
fastv,mmstar_001432,prospective,mmstar,432,True,False,,True,True,True,True,True,,1111,64,True
fastv,mmstar_001434,prospective,mmstar,64,False,False,,True,True,True,True,True,,1111,64,True
fastv,mmstar_001434,prospective,mmstar,128,False,False,,True,True,True,True,True,,1111,64,True
fastv,mmstar_001434,prospective,mmstar,256,False,False,,True,True,True,True,True,,1111,64,True
fastv,mmstar_001434,prospective,mmstar,432,False,False,,True,True,True,True,True,,1111,64,True
fastv,mmstar_001436,prospective,mmstar,64,True,False,,True,True,True,True,True,,1111,64,True
fastv,mmstar_001436,prospective,mmstar,128,True,False,,True,True,True,True,True,,1111,64,True
fastv,mmstar_001436,prospective,mmstar,256,True,False,,True,True,True,True,True,,1111,64,True
fastv,mmstar_001436,prospective,mmstar,432,True,False,,True,True,True,True,True,,1111,64,True
fastv,mmstar_001440,prospective,mmstar,64,False,True,gray|blur|irrelevant,True,True,True,True,True,,1111,64,True
fastv,mmstar_001440,prospective,mmstar,128,False,True,gray|blur|irrelevant,True,True,True,True,True,,1111,64,True
fastv,mmstar_001440,prospective,mmstar,256,False,True,gray|blur|irrelevant,True,True,True,True,True,,1111,64,True
fastv,mmstar_001440,prospective,mmstar,432,False,True,gray|blur|irrelevant,True,True,True,True,True,,1111,64,True
fastv,mmstar_001444,prospective,mmstar,64,False,False,,True,True,True,True,True,,1111,64,True
fastv,mmstar_001444,prospective,mmstar,128,False,False,,True,True,True,True,True,,1111,64,True
fastv,mmstar_001444,prospective,mmstar,256,False,False,,True,True,True,True,True,,1111,64,True
fastv,mmstar_001444,prospective,mmstar,432,False,False,,True,True,True,True,True,,1111,64,True
fastv,mmstar_001446,prospective,mmstar,64,True,True,irrelevant,True,True,True,True,True,True,1111,64,True
fastv,mmstar_001446,prospective,mmstar,128,True,True,irrelevant,True,True,True,True,True,True,1111,64,True
fastv,mmstar_001446,prospective,mmstar,256,True,True,irrelevant,True,True,True,True,True,True,1111,64,True
fastv,mmstar_001446,prospective,mmstar,432,True,True,irrelevant,True,True,True,True,True,True,1111,64,True
fastv,mmstar_001448,prospective,mmstar,64,False,False,,True,True,True,True,True,,1111,64,True
fastv,mmstar_001448,prospective,mmstar,128,False,False,,True,True,True,True,True,,1111,64,True
fastv,mmstar_001448,prospective,mmstar,256,False,False,,True,True,True,True,True,,1111,64,True
fastv,mmstar_001448,prospective,mmstar,432,False,False,,True,True,True,True,True,,1111,64,True
fastv,mmstar_001451,prospective,mmstar,64,True,False,,True,True,True,True,True,,1111,64,True
fastv,mmstar_001451,prospective,mmstar,128,True,False,,True,True,True,True,True,,1111,64,True
fastv,mmstar_001451,prospective,mmstar,256,True,False,,True,True,True,True,True,,1111,64,True
fastv,mmstar_001451,prospective,mmstar,432,True,False,,True,True,True,True,True,,1111,64,True
fastv,mmstar_001452,prospective,mmstar,64,False,True,irrelevant,True,True,True,True,True,,1111,64,True
fastv,mmstar_001452,prospective,mmstar,128,False,True,irrelevant,True,True,True,True,True,,1111,64,True
fastv,mmstar_001452,prospective,mmstar,256,False,True,irrelevant,True,True,True,True,True,,1111,64,True
fastv,mmstar_001452,prospective,mmstar,432,False,True,irrelevant,True,True,True,True,True,,1111,64,True
fastv,mmstar_001455,prospective,mmstar,64,False,False,,True,True,True,True,True,,1111,64,True
fastv,mmstar_001455,prospective,mmstar,128,False,False,,True,True,True,True,True,,1111,64,True
fastv,mmstar_001455,prospective,mmstar,256,False,False,,True,True,True,True,True,,1111,64,True
fastv,mmstar_001455,prospective,mmstar,432,False,False,,True,True,True,True,True,,1111,64,True
fastv,mmstar_001467,prospective,mmstar,64,False,True,gray|blur|irrelevant,True,True,True,True,True,,1111,64,True
fastv,mmstar_001467,prospective,mmstar,128,False,True,gray|blur|irrelevant,True,True,True,True,True,,1111,64,True
fastv,mmstar_001467,prospective,mmstar,256,False,True,gray|blur|irrelevant,True,True,True,True,True,,1111,64,True
fastv,mmstar_001467,prospective,mmstar,432,False,True,gray|blur|irrelevant,True,True,True,True,True,,1111,64,True
fastv,mmstar_001470,prospective,mmstar,64,True,False,,True,True,True,True,True,,1111,64,True
fastv,mmstar_001470,prospective,mmstar,128,True,False,,True,True,True,True,True,,1111,64,True
fastv,mmstar_001470,prospective,mmstar,256,True,False,,True,True,True,True,True,,1111,64,True
fastv,mmstar_001470,prospective,mmstar,432,True,False,,True,True,True,True,True,,1111,64,True
fastv,mmstar_001477,prospective,mmstar,64,False,False,,True,True,True,True,True,,1111,64,True
fastv,mmstar_001477,prospective,mmstar,128,False,False,,True,True,True,True,True,,1111,64,True
fastv,mmstar_001477,prospective,mmstar,256,False,False,,True,True,True,True,True,,1111,64,True
fastv,mmstar_001477,prospective,mmstar,432,False,False,,True,True,True,True,True,,1111,64,True
fastv,mmstar_001484,prospective,mmstar,64,False,False,,True,True,True,True,True,,1111,64,True
fastv,mmstar_001484,prospective,mmstar,128,False,False,,True,True,True,True,True,,1111,64,True
fastv,mmstar_001484,prospective,mmstar,256,False,False,,True,True,True,True,True,,1111,64,True
fastv,mmstar_001484,prospective,mmstar,432,False,False,,True,True,True,True,True,,1111,64,True
fastv,mmstar_001490,prospective,mmstar,64,True,False,,True,True,True,True,True,,1111,64,True
fastv,mmstar_001490,prospective,mmstar,128,True,False,,True,True,True,True,True,,1111,64,True
fastv,mmstar_001490,prospective,mmstar,256,True,False,,True,True,True,True,True,,1111,64,True
fastv,mmstar_001490,prospective,mmstar,432,True,False,,True,True,True,True,True,,1111,64,True
fastv,mmstar_001491,prospective,mmstar,64,False,False,,True,True,True,True,True,,1111,64,True
fastv,mmstar_001491,prospective,mmstar,128,False,False,,True,True,True,True,True,,1111,64,True
fastv,mmstar_001491,prospective,mmstar,256,False,False,,True,True,True,True,True,,1111,64,True
fastv,mmstar_001491,prospective,mmstar,432,False,False,,True,True,True,True,True,,1111,64,True
fastv,mmstar_001492,prospective,mmstar,64,True,False,,True,True,True,True,True,,1111,64,True
fastv,mmstar_001492,prospective,mmstar,128,True,False,,True,True,True,True,True,,1111,64,True
fastv,mmstar_001492,prospective,mmstar,256,True,False,,True,True,True,True,True,,1111,64,True
fastv,mmstar_001492,prospective,mmstar,432,True,False,,True,True,True,True,True,,1111,64,True
fastv,mmstar_001496,prospective,mmstar,64,False,False,,False,True,True,False,False,,0011,256,True
fastv,mmstar_001496,prospective,mmstar,128,False,False,,False,True,True,False,False,,0011,256,True
fastv,mmstar_001496,prospective,mmstar,256,False,False,,True,True,True,True,True,,0011,256,True
fastv,mmstar_001496,prospective,mmstar,432,False,False,,True,True,True,True,True,,0011,256,True
fastv,pope_adversarial_000324,prospective,pope_adversarial,64,True,True,gray,True,True,True,True,True,True,1111,64,True
fastv,pope_adversarial_000324,prospective,pope_adversarial,128,True,True,gray,True,True,True,True,True,True,1111,64,True
fastv,pope_adversarial_000324,prospective,pope_adversarial,256,True,True,gray,True,True,True,True,True,True,1111,64,True
fastv,pope_adversarial_000324,prospective,pope_adversarial,432,True,True,gray,True,True,True,True,True,True,1111,64,True
fastv,pope_adversarial_000751,prospective,pope_adversarial,64,True,False,,True,True,True,True,True,,1111,64,True
fastv,pope_adversarial_000751,prospective,pope_adversarial,128,True,False,,True,True,True,True,True,,1111,64,True
fastv,pope_adversarial_000751,prospective,pope_adversarial,256,True,False,,True,True,True,True,True,,1111,64,True
fastv,pope_adversarial_000751,prospective,pope_adversarial,432,True,False,,True,True,True,True,True,,1111,64,True
fastv,pope_adversarial_000781,prospective,pope_adversarial,64,True,False,,True,True,True,True,True,,1111,64,True
fastv,pope_adversarial_000781,prospective,pope_adversarial,128,True,False,,True,True,True,True,True,,1111,64,True
fastv,pope_adversarial_000781,prospective,pope_adversarial,256,True,False,,True,True,True,True,True,,1111,64,True
fastv,pope_adversarial_000781,prospective,pope_adversarial,432,True,False,,True,True,True,True,True,,1111,64,True
fastv,pope_adversarial_000787,prospective,pope_adversarial,64,True,False,,True,True,True,True,True,,1111,64,True
fastv,pope_adversarial_000787,prospective,pope_adversarial,128,True,False,,True,True,True,True,True,,1111,64,True
fastv,pope_adversarial_000787,prospective,pope_adversarial,256,True,False,,True,True,True,True,True,,1111,64,True
fastv,pope_adversarial_000787,prospective,pope_adversarial,432,True,False,,True,True,True,True,True,,1111,64,True
fastv,pope_adversarial_000828,prospective,pope_adversarial,64,False,False,,True,True,True,True,True,,1111,64,True
fastv,pope_adversarial_000828,prospective,pope_adversarial,128,False,False,,True,True,True,True,True,,1111,64,True
fastv,pope_adversarial_000828,prospective,pope_adversarial,256,False,False,,True,True,True,True,True,,1111,64,True
fastv,pope_adversarial_000828,prospective,pope_adversarial,432,False,False,,True,True,True,True,True,,1111,64,True
fastv,pope_adversarial_000834,prospective,pope_adversarial,64,True,True,gray|irrelevant,True,True,True,True,True,True,1111,64,True
fastv,pope_adversarial_000834,prospective,pope_adversarial,128,True,True,gray|irrelevant,True,True,True,True,True,True,1111,64,True
fastv,pope_adversarial_000834,prospective,pope_adversarial,256,True,True,gray|irrelevant,True,True,True,True,True,True,1111,64,True
fastv,pope_adversarial_000834,prospective,pope_adversarial,432,True,True,gray|irrelevant,True,True,True,True,True,True,1111,64,True
fastv,pope_adversarial_000840,prospective,pope_adversarial,64,True,True,gray|irrelevant,True,True,True,True,True,True,1111,64,True
fastv,pope_adversarial_000840,prospective,pope_adversarial,128,True,True,gray|irrelevant,True,True,True,True,True,True,1111,64,True
fastv,pope_adversarial_000840,prospective,pope_adversarial,256,True,True,gray|irrelevant,True,True,True,True,True,True,1111,64,True
fastv,pope_adversarial_000840,prospective,pope_adversarial,432,True,True,gray|irrelevant,True,True,True,True,True,True,1111,64,True
fastv,pope_adversarial_000846,prospective,pope_adversarial,64,False,False,,True,True,True,True,True,,1111,64,True
fastv,pope_adversarial_000846,prospective,pope_adversarial,128,False,False,,True,True,True,True,True,,1111,64,True
fastv,pope_adversarial_000846,prospective,pope_adversarial,256,False,False,,True,True,True,True,True,,1111,64,True
fastv,pope_adversarial_000846,prospective,pope_adversarial,432,False,False,,True,True,True,True,True,,1111,64,True
fastv,pope_adversarial_000852,prospective,pope_adversarial,64,True,True,gray|irrelevant,False,False,True,False,False,False,0011,256,True
fastv,pope_adversarial_000852,prospective,pope_adversarial,128,True,True,gray|irrelevant,False,False,True,False,False,False,0011,256,True
fastv,pope_adversarial_000852,prospective,pope_adversarial,256,True,True,gray|irrelevant,True,True,True,True,True,True,0011,256,True
fastv,pope_adversarial_000852,prospective,pope_adversarial,432,True,True,gray|irrelevant,True,True,True,True,True,True,0011,256,True
fastv,pope_adversarial_000900,prospective,pope_adversarial,64,True,True,gray|irrelevant,True,True,True,True,True,True,1111,64,True
fastv,pope_adversarial_000900,prospective,pope_adversarial,128,True,True,gray|irrelevant,True,True,True,True,True,True,1111,64,True
fastv,pope_adversarial_000900,prospective,pope_adversarial,256,True,True,gray|irrelevant,True,True,True,True,True,True,1111,64,True
fastv,pope_adversarial_000900,prospective,pope_adversarial,432,True,True,gray|irrelevant,True,True,True,True,True,True,1111,64,True
fastv,pope_adversarial_000908,prospective,pope_adversarial,64,True,True,gray|blur|irrelevant,False,False,True,False,False,False,0001,432,True
fastv,pope_adversarial_000908,prospective,pope_adversarial,128,True,True,gray|blur|irrelevant,False,False,True,False,False,False,0001,432,True
fastv,pope_adversarial_000908,prospective,pope_adversarial,256,True,True,gray|blur|irrelevant,False,False,True,False,False,False,0001,432,True
fastv,pope_adversarial_000908,prospective,pope_adversarial,432,True,True,gray|blur|irrelevant,True,True,True,True,True,True,0001,432,True
fastv,pope_adversarial_000919,prospective,pope_adversarial,64,True,False,,True,True,True,True,True,,1111,64,True
fastv,pope_adversarial_000919,prospective,pope_adversarial,128,True,False,,True,True,True,True,True,,1111,64,True
fastv,pope_adversarial_000919,prospective,pope_adversarial,256,True,False,,True,True,True,True,True,,1111,64,True
fastv,pope_adversarial_000919,prospective,pope_adversarial,432,True,False,,True,True,True,True,True,,1111,64,True
fastv,pope_adversarial_000930,prospective,pope_adversarial,64,False,False,,True,True,True,True,True,,1111,64,True
fastv,pope_adversarial_000930,prospective,pope_adversarial,128,False,False,,True,True,True,True,True,,1111,64,True
fastv,pope_adversarial_000930,prospective,pope_adversarial,256,False,False,,True,True,True,True,True,,1111,64,True
fastv,pope_adversarial_000930,prospective,pope_adversarial,432,False,False,,True,True,True,True,True,,1111,64,True
fastv,pope_adversarial_000942,prospective,pope_adversarial,64,False,False,,True,True,True,True,True,,1111,64,True
fastv,pope_adversarial_000942,prospective,pope_adversarial,128,False,False,,True,True,True,True,True,,1111,64,True
fastv,pope_adversarial_000942,prospective,pope_adversarial,256,False,False,,True,True,True,True,True,,1111,64,True
fastv,pope_adversarial_000942,prospective,pope_adversarial,432,False,False,,True,True,True,True,True,,1111,64,True
fastv,pope_adversarial_000984,prospective,pope_adversarial,64,True,True,gray|irrelevant,True,True,True,True,True,True,1111,64,True
fastv,pope_adversarial_000984,prospective,pope_adversarial,128,True,True,gray|irrelevant,True,True,True,True,True,True,1111,64,True
fastv,pope_adversarial_000984,prospective,pope_adversarial,256,True,True,gray|irrelevant,True,True,True,True,True,True,1111,64,True
fastv,pope_adversarial_000984,prospective,pope_adversarial,432,True,True,gray|irrelevant,True,True,True,True,True,True,1111,64,True
fastv,pope_adversarial_000990,prospective,pope_adversarial,64,False,False,,True,True,True,True,True,,1111,64,True
fastv,pope_adversarial_000990,prospective,pope_adversarial,128,False,False,,True,True,True,True,True,,1111,64,True
fastv,pope_adversarial_000990,prospective,pope_adversarial,256,False,False,,True,True,True,True,True,,1111,64,True
fastv,pope_adversarial_000990,prospective,pope_adversarial,432,False,False,,True,True,True,True,True,,1111,64,True
fastv,pope_adversarial_000997,prospective,pope_adversarial,64,True,False,,True,True,True,True,True,,1111,64,True
fastv,pope_adversarial_000997,prospective,pope_adversarial,128,True,False,,True,True,True,True,True,,1111,64,True
fastv,pope_adversarial_000997,prospective,pope_adversarial,256,True,False,,True,True,True,True,True,,1111,64,True
fastv,pope_adversarial_000997,prospective,pope_adversarial,432,True,False,,True,True,True,True,True,,1111,64,True
fastv,pope_adversarial_001014,prospective,pope_adversarial,64,True,True,gray|irrelevant,True,True,True,True,True,True,1111,64,True
fastv,pope_adversarial_001014,prospective,pope_adversarial,128,True,True,gray|irrelevant,True,True,True,True,True,True,1111,64,True
fastv,pope_adversarial_001014,prospective,pope_adversarial,256,True,True,gray|irrelevant,True,True,True,True,True,True,1111,64,True
fastv,pope_adversarial_001014,prospective,pope_adversarial,432,True,True,gray|irrelevant,True,True,True,True,True,True,1111,64,True
fastv,pope_adversarial_001020,prospective,pope_adversarial,64,True,True,gray|blur|irrelevant,False,False,True,False,False,False,0001,432,True
fastv,pope_adversarial_001020,prospective,pope_adversarial,128,True,True,gray|blur|irrelevant,False,False,True,False,False,False,0001,432,True
fastv,pope_adversarial_001020,prospective,pope_adversarial,256,True,True,gray|blur|irrelevant,False,False,True,False,False,False,0001,432,True
fastv,pope_adversarial_001020,prospective,pope_adversarial,432,True,True,gray|blur|irrelevant,True,True,True,True,True,True,0001,432,True
fastv,pope_adversarial_001032,prospective,pope_adversarial,64,True,True,gray|irrelevant,True,True,True,True,True,True,1111,64,True
fastv,pope_adversarial_001032,prospective,pope_adversarial,128,True,True,gray|irrelevant,True,True,True,True,True,True,1111,64,True
fastv,pope_adversarial_001032,prospective,pope_adversarial,256,True,True,gray|irrelevant,True,True,True,True,True,True,1111,64,True
fastv,pope_adversarial_001032,prospective,pope_adversarial,432,True,True,gray|irrelevant,True,True,True,True,True,True,1111,64,True
fastv,pope_adversarial_001038,prospective,pope_adversarial,64,False,False,,True,True,True,True,True,,1111,64,True
fastv,pope_adversarial_001038,prospective,pope_adversarial,128,False,False,,True,True,True,True,True,,1111,64,True
fastv,pope_adversarial_001038,prospective,pope_adversarial,256,False,False,,True,True,True,True,True,,1111,64,True
fastv,pope_adversarial_001038,prospective,pope_adversarial,432,False,False,,True,True,True,True,True,,1111,64,True
fastv,pope_adversarial_001045,prospective,pope_adversarial,64,True,False,,True,True,True,True,True,,1111,64,True
fastv,pope_adversarial_001045,prospective,pope_adversarial,128,True,False,,True,True,True,True,True,,1111,64,True
fastv,pope_adversarial_001045,prospective,pope_adversarial,256,True,False,,True,True,True,True,True,,1111,64,True
fastv,pope_adversarial_001045,prospective,pope_adversarial,432,True,False,,True,True,True,True,True,,1111,64,True
fastv,pope_adversarial_001056,prospective,pope_adversarial,64,False,False,,True,True,True,True,True,,1111,64,True
fastv,pope_adversarial_001056,prospective,pope_adversarial,128,False,False,,True,True,True,True,True,,1111,64,True
fastv,pope_adversarial_001056,prospective,pope_adversarial,256,False,False,,True,True,True,True,True,,1111,64,True
fastv,pope_adversarial_001056,prospective,pope_adversarial,432,False,False,,True,True,True,True,True,,1111,64,True
fastv,pope_adversarial_001080,prospective,pope_adversarial,64,True,True,gray|irrelevant,True,True,True,True,True,True,1111,64,True
fastv,pope_adversarial_001080,prospective,pope_adversarial,128,True,True,gray|irrelevant,True,True,True,True,True,True,1111,64,True
fastv,pope_adversarial_001080,prospective,pope_adversarial,256,True,True,gray|irrelevant,True,True,True,True,True,True,1111,64,True
fastv,pope_adversarial_001080,prospective,pope_adversarial,432,True,True,gray|irrelevant,True,True,True,True,True,True,1111,64,True
fastv,pope_adversarial_001134,prospective,pope_adversarial,64,False,False,,True,True,True,True,True,,1111,64,True
fastv,pope_adversarial_001134,prospective,pope_adversarial,128,False,False,,True,True,True,True,True,,1111,64,True
fastv,pope_adversarial_001134,prospective,pope_adversarial,256,False,False,,True,True,True,True,True,,1111,64,True
fastv,pope_adversarial_001134,prospective,pope_adversarial,432,False,False,,True,True,True,True,True,,1111,64,True
fastv,pope_adversarial_001206,prospective,pope_adversarial,64,True,True,gray|irrelevant,True,True,True,True,True,True,1111,64,True
fastv,pope_adversarial_001206,prospective,pope_adversarial,128,True,True,gray|irrelevant,True,True,True,True,True,True,1111,64,True
fastv,pope_adversarial_001206,prospective,pope_adversarial,256,True,True,gray|irrelevant,True,True,True,True,True,True,1111,64,True
fastv,pope_adversarial_001206,prospective,pope_adversarial,432,True,True,gray|irrelevant,True,True,True,True,True,True,1111,64,True
fastv,pope_adversarial_001254,prospective,pope_adversarial,64,False,False,,True,True,True,True,True,,1111,64,True
fastv,pope_adversarial_001254,prospective,pope_adversarial,128,False,False,,True,True,True,True,True,,1111,64,True
fastv,pope_adversarial_001254,prospective,pope_adversarial,256,False,False,,True,True,True,True,True,,1111,64,True
fastv,pope_adversarial_001254,prospective,pope_adversarial,432,False,False,,True,True,True,True,True,,1111,64,True
fastv,pope_adversarial_001302,prospective,pope_adversarial,64,True,True,gray|irrelevant,False,False,True,False,False,False,0111,128,True
fastv,pope_adversarial_001302,prospective,pope_adversarial,128,True,True,gray|irrelevant,True,True,True,True,True,True,0111,128,True
fastv,pope_adversarial_001302,prospective,pope_adversarial,256,True,True,gray|irrelevant,True,True,True,True,True,True,0111,128,True
fastv,pope_adversarial_001302,prospective,pope_adversarial,432,True,True,gray|irrelevant,True,True,True,True,True,True,0111,128,True
fastv,pope_adversarial_001308,prospective,pope_adversarial,64,False,False,,True,True,True,True,True,,1111,64,True
fastv,pope_adversarial_001308,prospective,pope_adversarial,128,False,False,,True,True,True,True,True,,1111,64,True
fastv,pope_adversarial_001308,prospective,pope_adversarial,256,False,False,,True,True,True,True,True,,1111,64,True
fastv,pope_adversarial_001308,prospective,pope_adversarial,432,False,False,,True,True,True,True,True,,1111,64,True
fastv,pope_adversarial_001320,prospective,pope_adversarial,64,True,True,gray|irrelevant,False,False,True,False,False,False,0111,128,True
fastv,pope_adversarial_001320,prospective,pope_adversarial,128,True,True,gray|irrelevant,True,True,True,True,True,True,0111,128,True
fastv,pope_adversarial_001320,prospective,pope_adversarial,256,True,True,gray|irrelevant,True,True,True,True,True,True,0111,128,True
fastv,pope_adversarial_001320,prospective,pope_adversarial,432,True,True,gray|irrelevant,True,True,True,True,True,True,0111,128,True
fastv,pope_adversarial_001338,prospective,pope_adversarial,64,True,True,gray|blur|irrelevant,False,False,True,False,False,False,0111,128,True
fastv,pope_adversarial_001338,prospective,pope_adversarial,128,True,True,gray|blur|irrelevant,True,True,True,True,True,True,0111,128,True
fastv,pope_adversarial_001338,prospective,pope_adversarial,256,True,True,gray|blur|irrelevant,True,True,True,True,True,True,0111,128,True
fastv,pope_adversarial_001338,prospective,pope_adversarial,432,True,True,gray|blur|irrelevant,True,True,True,True,True,True,0111,128,True
fastv,pope_adversarial_001344,prospective,pope_adversarial,64,False,False,,True,True,True,True,True,,1111,64,True
fastv,pope_adversarial_001344,prospective,pope_adversarial,128,False,False,,True,True,True,True,True,,1111,64,True
fastv,pope_adversarial_001344,prospective,pope_adversarial,256,False,False,,True,True,True,True,True,,1111,64,True
fastv,pope_adversarial_001344,prospective,pope_adversarial,432,False,False,,True,True,True,True,True,,1111,64,True
fastv,pope_adversarial_001386,prospective,pope_adversarial,64,False,False,,True,True,True,True,True,,1111,64,True
fastv,pope_adversarial_001386,prospective,pope_adversarial,128,False,False,,True,True,True,True,True,,1111,64,True
fastv,pope_adversarial_001386,prospective,pope_adversarial,256,False,False,,True,True,True,True,True,,1111,64,True
fastv,pope_adversarial_001386,prospective,pope_adversarial,432,False,False,,True,True,True,True,True,,1111,64,True
fastv,pope_adversarial_001392,prospective,pope_adversarial,64,True,True,gray,True,True,True,True,True,True,1111,64,True
fastv,pope_adversarial_001392,prospective,pope_adversarial,128,True,True,gray,True,True,True,True,True,True,1111,64,True
fastv,pope_adversarial_001392,prospective,pope_adversarial,256,True,True,gray,True,True,True,True,True,True,1111,64,True
fastv,pope_adversarial_001392,prospective,pope_adversarial,432,True,True,gray,True,True,True,True,True,True,1111,64,True
fastv,pope_adversarial_001410,prospective,pope_adversarial,64,True,True,gray|blur|irrelevant,True,True,True,True,True,True,1111,64,True
fastv,pope_adversarial_001410,prospective,pope_adversarial,128,True,True,gray|blur|irrelevant,True,True,True,True,True,True,1111,64,True
fastv,pope_adversarial_001410,prospective,pope_adversarial,256,True,True,gray|blur|irrelevant,True,True,True,True,True,True,1111,64,True
fastv,pope_adversarial_001410,prospective,pope_adversarial,432,True,True,gray|blur|irrelevant,True,True,True,True,True,True,1111,64,True
fastv,pope_adversarial_001519,prospective,pope_adversarial,64,True,False,,True,True,True,True,True,,1111,64,True
fastv,pope_adversarial_001519,prospective,pope_adversarial,128,True,False,,True,True,True,True,True,,1111,64,True
fastv,pope_adversarial_001519,prospective,pope_adversarial,256,True,False,,True,True,True,True,True,,1111,64,True
fastv,pope_adversarial_001519,prospective,pope_adversarial,432,True,False,,True,True,True,True,True,,1111,64,True
fastv,pope_adversarial_001530,prospective,pope_adversarial,64,False,False,,True,True,True,True,True,,1111,64,True
fastv,pope_adversarial_001530,prospective,pope_adversarial,128,False,False,,True,True,True,True,True,,1111,64,True
fastv,pope_adversarial_001530,prospective,pope_adversarial,256,False,False,,True,True,True,True,True,,1111,64,True
fastv,pope_adversarial_001530,prospective,pope_adversarial,432,False,False,,True,True,True,True,True,,1111,64,True
fastv,pope_adversarial_001566,prospective,pope_adversarial,64,False,False,,True,True,True,True,True,,1111,64,True
fastv,pope_adversarial_001566,prospective,pope_adversarial,128,False,False,,True,True,True,True,True,,1111,64,True
fastv,pope_adversarial_001566,prospective,pope_adversarial,256,False,False,,True,True,True,True,True,,1111,64,True
fastv,pope_adversarial_001566,prospective,pope_adversarial,432,False,False,,True,True,True,True,True,,1111,64,True
fastv,pope_adversarial_001584,prospective,pope_adversarial,64,False,True,irrelevant,True,False,False,False,False,,0011,256,True
fastv,pope_adversarial_001584,prospective,pope_adversarial,128,False,True,irrelevant,True,False,False,False,False,,0011,256,True
fastv,pope_adversarial_001584,prospective,pope_adversarial,256,False,True,irrelevant,True,True,True,True,True,,0011,256,True
fastv,pope_adversarial_001584,prospective,pope_adversarial,432,False,True,irrelevant,True,True,True,True,True,,0011,256,True
fastv,pope_adversarial_001596,prospective,pope_adversarial,64,True,True,gray|blur|irrelevant,False,False,True,False,False,False,0001,432,True
fastv,pope_adversarial_001596,prospective,pope_adversarial,128,True,True,gray|blur|irrelevant,False,False,True,False,False,False,0001,432,True
fastv,pope_adversarial_001596,prospective,pope_adversarial,256,True,True,gray|blur|irrelevant,False,False,True,False,False,False,0001,432,True
fastv,pope_adversarial_001596,prospective,pope_adversarial,432,True,True,gray|blur|irrelevant,True,True,True,True,True,True,0001,432,True
fastv,pope_adversarial_001716,prospective,pope_adversarial,64,True,True,gray|blur,True,True,True,True,True,True,1111,64,True
fastv,pope_adversarial_001716,prospective,pope_adversarial,128,True,True,gray|blur,True,True,True,True,True,True,1111,64,True
fastv,pope_adversarial_001716,prospective,pope_adversarial,256,True,True,gray|blur,True,True,True,True,True,True,1111,64,True
fastv,pope_adversarial_001716,prospective,pope_adversarial,432,True,True,gray|blur,True,True,True,True,True,True,1111,64,True
fastv,pope_adversarial_001759,prospective,pope_adversarial,64,True,False,,True,True,True,True,True,,1111,64,True
fastv,pope_adversarial_001759,prospective,pope_adversarial,128,True,False,,True,True,True,True,True,,1111,64,True
fastv,pope_adversarial_001759,prospective,pope_adversarial,256,True,False,,True,True,True,True,True,,1111,64,True
fastv,pope_adversarial_001759,prospective,pope_adversarial,432,True,False,,True,True,True,True,True,,1111,64,True
fastv,pope_adversarial_001782,prospective,pope_adversarial,64,True,True,gray|irrelevant,False,False,True,False,False,False,0011,256,True
fastv,pope_adversarial_001782,prospective,pope_adversarial,128,True,True,gray|irrelevant,False,False,True,False,False,False,0011,256,True
fastv,pope_adversarial_001782,prospective,pope_adversarial,256,True,True,gray|irrelevant,True,True,True,True,True,True,0011,256,True
fastv,pope_adversarial_001782,prospective,pope_adversarial,432,True,True,gray|irrelevant,True,True,True,True,True,True,0011,256,True
fastv,pope_adversarial_001830,prospective,pope_adversarial,64,False,False,,True,True,True,True,True,,1111,64,True
fastv,pope_adversarial_001830,prospective,pope_adversarial,128,False,False,,True,True,True,True,True,,1111,64,True
fastv,pope_adversarial_001830,prospective,pope_adversarial,256,False,False,,True,True,True,True,True,,1111,64,True
fastv,pope_adversarial_001830,prospective,pope_adversarial,432,False,False,,True,True,True,True,True,,1111,64,True
fastv,pope_adversarial_001854,prospective,pope_adversarial,64,False,True,blur,True,False,False,False,False,,0001,432,True
fastv,pope_adversarial_001854,prospective,pope_adversarial,128,False,True,blur,True,False,False,False,False,,0001,432,True
fastv,pope_adversarial_001854,prospective,pope_adversarial,256,False,True,blur,True,False,False,False,False,,0001,432,True
fastv,pope_adversarial_001854,prospective,pope_adversarial,432,False,True,blur,True,True,True,True,True,,0001,432,True
fastv,pope_adversarial_001885,prospective,pope_adversarial,64,True,True,irrelevant,True,False,False,False,False,False,0111,128,True
fastv,pope_adversarial_001885,prospective,pope_adversarial,128,True,True,irrelevant,True,True,True,True,True,True,0111,128,True
fastv,pope_adversarial_001885,prospective,pope_adversarial,256,True,True,irrelevant,True,True,True,True,True,True,0111,128,True
fastv,pope_adversarial_001885,prospective,pope_adversarial,432,True,True,irrelevant,True,True,True,True,True,True,0111,128,True
fastv,pope_adversarial_001890,prospective,pope_adversarial,64,False,False,,True,True,True,True,True,,1111,64,True
fastv,pope_adversarial_001890,prospective,pope_adversarial,128,False,False,,True,True,True,True,True,,1111,64,True
fastv,pope_adversarial_001890,prospective,pope_adversarial,256,False,False,,True,True,True,True,True,,1111,64,True
fastv,pope_adversarial_001890,prospective,pope_adversarial,432,False,False,,True,True,True,True,True,,1111,64,True
fastv,pope_adversarial_001897,prospective,pope_adversarial,64,True,False,,True,True,True,True,True,,1111,64,True
fastv,pope_adversarial_001897,prospective,pope_adversarial,128,True,False,,True,True,True,True,True,,1111,64,True
fastv,pope_adversarial_001897,prospective,pope_adversarial,256,True,False,,True,True,True,True,True,,1111,64,True
fastv,pope_adversarial_001897,prospective,pope_adversarial,432,True,False,,True,True,True,True,True,,1111,64,True
fastv,pope_adversarial_001908,prospective,pope_adversarial,64,True,True,gray|blur,True,True,True,True,True,True,1111,64,True
fastv,pope_adversarial_001908,prospective,pope_adversarial,128,True,True,gray|blur,True,True,True,True,True,True,1111,64,True
fastv,pope_adversarial_001908,prospective,pope_adversarial,256,True,True,gray|blur,True,True,True,True,True,True,1111,64,True
fastv,pope_adversarial_001908,prospective,pope_adversarial,432,True,True,gray|blur,True,True,True,True,True,True,1111,64,True
fastv,pope_adversarial_001914,prospective,pope_adversarial,64,True,True,gray|irrelevant,True,True,True,True,True,True,1111,64,True
fastv,pope_adversarial_001914,prospective,pope_adversarial,128,True,True,gray|irrelevant,True,True,True,True,True,True,1111,64,True
fastv,pope_adversarial_001914,prospective,pope_adversarial,256,True,True,gray|irrelevant,True,True,True,True,True,True,1111,64,True
fastv,pope_adversarial_001914,prospective,pope_adversarial,432,True,True,gray|irrelevant,True,True,True,True,True,True,1111,64,True
fastv,pope_adversarial_001932,prospective,pope_adversarial,64,True,True,gray|irrelevant,True,True,True,True,True,True,1111,64,True
fastv,pope_adversarial_001932,prospective,pope_adversarial,128,True,True,gray|irrelevant,True,True,True,True,True,True,1111,64,True
fastv,pope_adversarial_001932,prospective,pope_adversarial,256,True,True,gray|irrelevant,True,True,True,True,True,True,1111,64,True
fastv,pope_adversarial_001932,prospective,pope_adversarial,432,True,True,gray|irrelevant,True,True,True,True,True,True,1111,64,True
fastv,pope_adversarial_001951,prospective,pope_adversarial,64,True,False,,True,True,True,True,True,,1111,64,True
fastv,pope_adversarial_001951,prospective,pope_adversarial,128,True,False,,True,True,True,True,True,,1111,64,True
fastv,pope_adversarial_001951,prospective,pope_adversarial,256,True,False,,True,True,True,True,True,,1111,64,True
fastv,pope_adversarial_001951,prospective,pope_adversarial,432,True,False,,True,True,True,True,True,,1111,64,True
fastv,pope_adversarial_001956,prospective,pope_adversarial,64,True,True,gray|irrelevant,False,False,True,False,False,False,0111,128,True
fastv,pope_adversarial_001956,prospective,pope_adversarial,128,True,True,gray|irrelevant,True,True,True,True,True,True,0111,128,True
fastv,pope_adversarial_001956,prospective,pope_adversarial,256,True,True,gray|irrelevant,True,True,True,True,True,True,0111,128,True
fastv,pope_adversarial_001956,prospective,pope_adversarial,432,True,True,gray|irrelevant,True,True,True,True,True,True,0111,128,True
fastv,pope_adversarial_001969,prospective,pope_adversarial,64,True,False,,True,True,True,True,True,,1111,64,True
fastv,pope_adversarial_001969,prospective,pope_adversarial,128,True,False,,True,True,True,True,True,,1111,64,True
fastv,pope_adversarial_001969,prospective,pope_adversarial,256,True,False,,True,True,True,True,True,,1111,64,True
fastv,pope_adversarial_001969,prospective,pope_adversarial,432,True,False,,True,True,True,True,True,,1111,64,True
fastv,pope_adversarial_001981,prospective,pope_adversarial,64,True,False,,True,True,True,True,True,,1111,64,True
fastv,pope_adversarial_001981,prospective,pope_adversarial,128,True,False,,True,True,True,True,True,,1111,64,True
fastv,pope_adversarial_001981,prospective,pope_adversarial,256,True,False,,True,True,True,True,True,,1111,64,True
fastv,pope_adversarial_001981,prospective,pope_adversarial,432,True,False,,True,True,True,True,True,,1111,64,True
fastv,pope_adversarial_001999,prospective,pope_adversarial,64,True,False,,True,True,True,True,True,,1111,64,True
fastv,pope_adversarial_001999,prospective,pope_adversarial,128,True,False,,True,True,True,True,True,,1111,64,True
fastv,pope_adversarial_001999,prospective,pope_adversarial,256,True,False,,True,True,True,True,True,,1111,64,True
fastv,pope_adversarial_001999,prospective,pope_adversarial,432,True,False,,True,True,True,True,True,,1111,64,True
fastv,pope_adversarial_002016,prospective,pope_adversarial,64,True,True,gray|irrelevant,True,True,True,True,True,True,1111,64,True
fastv,pope_adversarial_002016,prospective,pope_adversarial,128,True,True,gray|irrelevant,True,True,True,True,True,True,1111,64,True
fastv,pope_adversarial_002016,prospective,pope_adversarial,256,True,True,gray|irrelevant,True,True,True,True,True,True,1111,64,True
fastv,pope_adversarial_002016,prospective,pope_adversarial,432,True,True,gray|irrelevant,True,True,True,True,True,True,1111,64,True
fastv,pope_adversarial_002022,prospective,pope_adversarial,64,False,False,,True,True,True,True,True,,1111,64,True
fastv,pope_adversarial_002022,prospective,pope_adversarial,128,False,False,,True,True,True,True,True,,1111,64,True
fastv,pope_adversarial_002022,prospective,pope_adversarial,256,False,False,,True,True,True,True,True,,1111,64,True
fastv,pope_adversarial_002022,prospective,pope_adversarial,432,False,False,,True,True,True,True,True,,1111,64,True
fastv,pope_adversarial_002029,prospective,pope_adversarial,64,True,False,,True,True,True,True,True,,1111,64,True
fastv,pope_adversarial_002029,prospective,pope_adversarial,128,True,False,,True,True,True,True,True,,1111,64,True
fastv,pope_adversarial_002029,prospective,pope_adversarial,256,True,False,,True,True,True,True,True,,1111,64,True
fastv,pope_adversarial_002029,prospective,pope_adversarial,432,True,False,,True,True,True,True,True,,1111,64,True
fastv,pope_adversarial_002052,prospective,pope_adversarial,64,False,False,,True,True,True,True,True,,1111,64,True
fastv,pope_adversarial_002052,prospective,pope_adversarial,128,False,False,,True,True,True,True,True,,1111,64,True
fastv,pope_adversarial_002052,prospective,pope_adversarial,256,False,False,,True,True,True,True,True,,1111,64,True
fastv,pope_adversarial_002052,prospective,pope_adversarial,432,False,False,,True,True,True,True,True,,1111,64,True
fastv,pope_adversarial_002082,prospective,pope_adversarial,64,True,True,gray,False,False,True,False,False,False,0111,128,True
fastv,pope_adversarial_002082,prospective,pope_adversarial,128,True,True,gray,True,True,True,True,True,True,0111,128,True
fastv,pope_adversarial_002082,prospective,pope_adversarial,256,True,True,gray,True,True,True,True,True,True,0111,128,True
fastv,pope_adversarial_002082,prospective,pope_adversarial,432,True,True,gray,True,True,True,True,True,True,0111,128,True
fastv,pope_adversarial_002088,prospective,pope_adversarial,64,False,True,blur,True,False,False,False,False,,0011,256,True
fastv,pope_adversarial_002088,prospective,pope_adversarial,128,False,True,blur,True,False,False,False,False,,0011,256,True
fastv,pope_adversarial_002088,prospective,pope_adversarial,256,False,True,blur,True,True,True,True,True,,0011,256,True
fastv,pope_adversarial_002088,prospective,pope_adversarial,432,False,True,blur,True,True,True,True,True,,0011,256,True
fastv,pope_adversarial_002136,prospective,pope_adversarial,64,True,True,gray|irrelevant,True,True,True,True,True,True,1111,64,True
fastv,pope_adversarial_002136,prospective,pope_adversarial,128,True,True,gray|irrelevant,True,True,True,True,True,True,1111,64,True
fastv,pope_adversarial_002136,prospective,pope_adversarial,256,True,True,gray|irrelevant,True,True,True,True,True,True,1111,64,True
fastv,pope_adversarial_002136,prospective,pope_adversarial,432,True,True,gray|irrelevant,True,True,True,True,True,True,1111,64,True
fastv,pope_adversarial_002142,prospective,pope_adversarial,64,True,True,gray|irrelevant,True,True,True,True,True,True,1111,64,True
fastv,pope_adversarial_002142,prospective,pope_adversarial,128,True,True,gray|irrelevant,True,True,True,True,True,True,1111,64,True
fastv,pope_adversarial_002142,prospective,pope_adversarial,256,True,True,gray|irrelevant,True,True,True,True,True,True,1111,64,True
fastv,pope_adversarial_002142,prospective,pope_adversarial,432,True,True,gray|irrelevant,True,True,True,True,True,True,1111,64,True
fastv,pope_adversarial_002160,prospective,pope_adversarial,64,True,True,gray|irrelevant,True,True,True,True,True,True,1111,64,True
fastv,pope_adversarial_002160,prospective,pope_adversarial,128,True,True,gray|irrelevant,True,True,True,True,True,True,1111,64,True
fastv,pope_adversarial_002160,prospective,pope_adversarial,256,True,True,gray|irrelevant,True,True,True,True,True,True,1111,64,True
fastv,pope_adversarial_002160,prospective,pope_adversarial,432,True,True,gray|irrelevant,True,True,True,True,True,True,1111,64,True
fastv,pope_adversarial_002191,prospective,pope_adversarial,64,True,True,irrelevant,True,True,True,True,True,True,1111,64,True
fastv,pope_adversarial_002191,prospective,pope_adversarial,128,True,True,irrelevant,True,True,True,True,True,True,1111,64,True
fastv,pope_adversarial_002191,prospective,pope_adversarial,256,True,True,irrelevant,True,True,True,True,True,True,1111,64,True
fastv,pope_adversarial_002191,prospective,pope_adversarial,432,True,True,irrelevant,True,True,True,True,True,True,1111,64,True
fastv,pope_adversarial_002221,prospective,pope_adversarial,64,True,False,,True,True,True,True,True,,1111,64,True
fastv,pope_adversarial_002221,prospective,pope_adversarial,128,True,False,,True,True,True,True,True,,1111,64,True
fastv,pope_adversarial_002221,prospective,pope_adversarial,256,True,False,,True,True,True,True,True,,1111,64,True
fastv,pope_adversarial_002221,prospective,pope_adversarial,432,True,False,,True,True,True,True,True,,1111,64,True
fastv,pope_adversarial_002328,prospective,pope_adversarial,64,True,True,gray|irrelevant,True,True,True,True,True,True,1111,64,True
fastv,pope_adversarial_002328,prospective,pope_adversarial,128,True,True,gray|irrelevant,True,True,True,True,True,True,1111,64,True
fastv,pope_adversarial_002328,prospective,pope_adversarial,256,True,True,gray|irrelevant,True,True,True,True,True,True,1111,64,True
fastv,pope_adversarial_002328,prospective,pope_adversarial,432,True,True,gray|irrelevant,True,True,True,True,True,True,1111,64,True
fastv,pope_adversarial_002341,prospective,pope_adversarial,64,True,True,irrelevant,True,True,True,True,True,True,1111,64,True
fastv,pope_adversarial_002341,prospective,pope_adversarial,128,True,True,irrelevant,True,True,True,True,True,True,1111,64,True
fastv,pope_adversarial_002341,prospective,pope_adversarial,256,True,True,irrelevant,True,True,True,True,True,True,1111,64,True
fastv,pope_adversarial_002341,prospective,pope_adversarial,432,True,True,irrelevant,True,True,True,True,True,True,1111,64,True
fastv,pope_adversarial_002347,prospective,pope_adversarial,64,True,False,,True,True,True,True,True,,1111,64,True
fastv,pope_adversarial_002347,prospective,pope_adversarial,128,True,False,,True,True,True,True,True,,1111,64,True
fastv,pope_adversarial_002347,prospective,pope_adversarial,256,True,False,,True,True,True,True,True,,1111,64,True
fastv,pope_adversarial_002347,prospective,pope_adversarial,432,True,False,,True,True,True,True,True,,1111,64,True
fastv,pope_adversarial_002394,prospective,pope_adversarial,64,True,True,gray|irrelevant,True,True,True,True,True,True,1111,64,True
fastv,pope_adversarial_002394,prospective,pope_adversarial,128,True,True,gray|irrelevant,True,True,True,True,True,True,1111,64,True
fastv,pope_adversarial_002394,prospective,pope_adversarial,256,True,True,gray|irrelevant,True,True,True,True,True,True,1111,64,True
fastv,pope_adversarial_002394,prospective,pope_adversarial,432,True,True,gray|irrelevant,True,True,True,True,True,True,1111,64,True
fastv,pope_adversarial_002400,prospective,pope_adversarial,64,True,True,gray|irrelevant,True,True,True,True,True,True,1111,64,True
fastv,pope_adversarial_002400,prospective,pope_adversarial,128,True,True,gray|irrelevant,True,True,True,True,True,True,1111,64,True
fastv,pope_adversarial_002400,prospective,pope_adversarial,256,True,True,gray|irrelevant,True,True,True,True,True,True,1111,64,True
fastv,pope_adversarial_002400,prospective,pope_adversarial,432,True,True,gray|irrelevant,True,True,True,True,True,True,1111,64,True
fastv,pope_adversarial_002466,prospective,pope_adversarial,64,True,True,gray|irrelevant,False,False,True,False,False,False,0111,128,True
fastv,pope_adversarial_002466,prospective,pope_adversarial,128,True,True,gray|irrelevant,True,True,True,True,True,True,0111,128,True
fastv,pope_adversarial_002466,prospective,pope_adversarial,256,True,True,gray|irrelevant,True,True,True,True,True,True,0111,128,True
fastv,pope_adversarial_002466,prospective,pope_adversarial,432,True,True,gray|irrelevant,True,True,True,True,True,True,0111,128,True
fastv,pope_adversarial_002472,prospective,pope_adversarial,64,False,False,,True,True,True,True,True,,1111,64,True
fastv,pope_adversarial_002472,prospective,pope_adversarial,128,False,False,,True,True,True,True,True,,1111,64,True
fastv,pope_adversarial_002472,prospective,pope_adversarial,256,False,False,,True,True,True,True,True,,1111,64,True
fastv,pope_adversarial_002472,prospective,pope_adversarial,432,False,False,,True,True,True,True,True,,1111,64,True
fastv,pope_adversarial_002478,prospective,pope_adversarial,64,True,True,gray|blur|irrelevant,False,False,True,False,False,False,0011,256,True
fastv,pope_adversarial_002478,prospective,pope_adversarial,128,True,True,gray|blur|irrelevant,False,False,True,False,False,False,0011,256,True
fastv,pope_adversarial_002478,prospective,pope_adversarial,256,True,True,gray|blur|irrelevant,True,True,True,True,True,True,0011,256,True
fastv,pope_adversarial_002478,prospective,pope_adversarial,432,True,True,gray|blur|irrelevant,True,True,True,True,True,True,0011,256,True
fastv,pope_adversarial_002502,prospective,pope_adversarial,64,True,True,gray,True,True,True,True,True,True,1111,64,True
fastv,pope_adversarial_002502,prospective,pope_adversarial,128,True,True,gray,True,True,True,True,True,True,1111,64,True
fastv,pope_adversarial_002502,prospective,pope_adversarial,256,True,True,gray,True,True,True,True,True,True,1111,64,True
fastv,pope_adversarial_002502,prospective,pope_adversarial,432,True,True,gray,True,True,True,True,True,True,1111,64,True
fastv,pope_adversarial_002514,prospective,pope_adversarial,64,True,True,gray|blur|irrelevant,False,False,True,False,False,False,0011,256,True
fastv,pope_adversarial_002514,prospective,pope_adversarial,128,True,True,gray|blur|irrelevant,False,False,True,False,False,False,0011,256,True
fastv,pope_adversarial_002514,prospective,pope_adversarial,256,True,True,gray|blur|irrelevant,True,True,True,True,True,True,0011,256,True
fastv,pope_adversarial_002514,prospective,pope_adversarial,432,True,True,gray|blur|irrelevant,True,True,True,True,True,True,0011,256,True
fastv,pope_adversarial_002526,prospective,pope_adversarial,64,True,True,gray|irrelevant,True,True,True,True,True,True,1111,64,True
fastv,pope_adversarial_002526,prospective,pope_adversarial,128,True,True,gray|irrelevant,True,True,True,True,True,True,1111,64,True
fastv,pope_adversarial_002526,prospective,pope_adversarial,256,True,True,gray|irrelevant,True,True,True,True,True,True,1111,64,True
fastv,pope_adversarial_002526,prospective,pope_adversarial,432,True,True,gray|irrelevant,True,True,True,True,True,True,1111,64,True
fastv,pope_adversarial_002532,prospective,pope_adversarial,64,True,True,gray|blur|irrelevant,True,True,True,True,True,True,1111,64,True
fastv,pope_adversarial_002532,prospective,pope_adversarial,128,True,True,gray|blur|irrelevant,True,True,True,True,True,True,1111,64,True
fastv,pope_adversarial_002532,prospective,pope_adversarial,256,True,True,gray|blur|irrelevant,True,True,True,True,True,True,1111,64,True
fastv,pope_adversarial_002532,prospective,pope_adversarial,432,True,True,gray|blur|irrelevant,True,True,True,True,True,True,1111,64,True
fastv,pope_adversarial_002575,prospective,pope_adversarial,64,True,False,,True,True,True,True,True,,1111,64,True
fastv,pope_adversarial_002575,prospective,pope_adversarial,128,True,False,,True,True,True,True,True,,1111,64,True
fastv,pope_adversarial_002575,prospective,pope_adversarial,256,True,False,,True,True,True,True,True,,1111,64,True
fastv,pope_adversarial_002575,prospective,pope_adversarial,432,True,False,,True,True,True,True,True,,1111,64,True
fastv,pope_adversarial_002592,prospective,pope_adversarial,64,True,True,gray,True,True,True,True,True,True,1111,64,True
fastv,pope_adversarial_002592,prospective,pope_adversarial,128,True,True,gray,True,True,True,True,True,True,1111,64,True
fastv,pope_adversarial_002592,prospective,pope_adversarial,256,True,True,gray,True,True,True,True,True,True,1111,64,True
fastv,pope_adversarial_002592,prospective,pope_adversarial,432,True,True,gray,True,True,True,True,True,True,1111,64,True
fastv,pope_adversarial_002610,prospective,pope_adversarial,64,False,False,,True,True,True,True,True,,1111,64,True
fastv,pope_adversarial_002610,prospective,pope_adversarial,128,False,False,,True,True,True,True,True,,1111,64,True
fastv,pope_adversarial_002610,prospective,pope_adversarial,256,False,False,,True,True,True,True,True,,1111,64,True
fastv,pope_adversarial_002610,prospective,pope_adversarial,432,False,False,,True,True,True,True,True,,1111,64,True
fastv,pope_adversarial_002623,prospective,pope_adversarial,64,True,True,irrelevant,True,True,True,True,True,True,1111,64,True
fastv,pope_adversarial_002623,prospective,pope_adversarial,128,True,True,irrelevant,True,True,True,True,True,True,1111,64,True
fastv,pope_adversarial_002623,prospective,pope_adversarial,256,True,True,irrelevant,True,True,True,True,True,True,1111,64,True
fastv,pope_adversarial_002623,prospective,pope_adversarial,432,True,True,irrelevant,True,True,True,True,True,True,1111,64,True
fastv,pope_adversarial_002634,prospective,pope_adversarial,64,True,True,gray|blur|irrelevant,False,False,True,False,False,False,0111,128,True
fastv,pope_adversarial_002634,prospective,pope_adversarial,128,True,True,gray|blur|irrelevant,True,True,True,True,True,True,0111,128,True
fastv,pope_adversarial_002634,prospective,pope_adversarial,256,True,True,gray|blur|irrelevant,True,True,True,True,True,True,0111,128,True
fastv,pope_adversarial_002634,prospective,pope_adversarial,432,True,True,gray|blur|irrelevant,True,True,True,True,True,True,0111,128,True
fastv,pope_adversarial_002664,prospective,pope_adversarial,64,True,True,gray|irrelevant,True,True,True,True,True,True,1111,64,True
fastv,pope_adversarial_002664,prospective,pope_adversarial,128,True,True,gray|irrelevant,True,True,True,True,True,True,1111,64,True
fastv,pope_adversarial_002664,prospective,pope_adversarial,256,True,True,gray|irrelevant,True,True,True,True,True,True,1111,64,True
fastv,pope_adversarial_002664,prospective,pope_adversarial,432,True,True,gray|irrelevant,True,True,True,True,True,True,1111,64,True
fastv,pope_adversarial_002689,prospective,pope_adversarial,64,True,False,,True,True,True,True,True,,1111,64,True
fastv,pope_adversarial_002689,prospective,pope_adversarial,128,True,False,,True,True,True,True,True,,1111,64,True
fastv,pope_adversarial_002689,prospective,pope_adversarial,256,True,False,,True,True,True,True,True,,1111,64,True
fastv,pope_adversarial_002689,prospective,pope_adversarial,432,True,False,,True,True,True,True,True,,1111,64,True
fastv,pope_adversarial_002696,prospective,pope_adversarial,64,False,False,,True,True,True,True,True,,1111,64,True
fastv,pope_adversarial_002696,prospective,pope_adversarial,128,False,False,,True,True,True,True,True,,1111,64,True
fastv,pope_adversarial_002696,prospective,pope_adversarial,256,False,False,,True,True,True,True,True,,1111,64,True
fastv,pope_adversarial_002696,prospective,pope_adversarial,432,False,False,,True,True,True,True,True,,1111,64,True
fastv,pope_adversarial_002724,prospective,pope_adversarial,64,True,True,gray,True,True,True,True,True,True,1111,64,True
fastv,pope_adversarial_002724,prospective,pope_adversarial,128,True,True,gray,True,True,True,True,True,True,1111,64,True
fastv,pope_adversarial_002724,prospective,pope_adversarial,256,True,True,gray,True,True,True,True,True,True,1111,64,True
fastv,pope_adversarial_002724,prospective,pope_adversarial,432,True,True,gray,True,True,True,True,True,True,1111,64,True
fastv,pope_adversarial_002730,prospective,pope_adversarial,64,True,True,gray|irrelevant,True,True,True,True,True,True,1111,64,True
fastv,pope_adversarial_002730,prospective,pope_adversarial,128,True,True,gray|irrelevant,True,True,True,True,True,True,1111,64,True
fastv,pope_adversarial_002730,prospective,pope_adversarial,256,True,True,gray|irrelevant,True,True,True,True,True,True,1111,64,True
fastv,pope_adversarial_002730,prospective,pope_adversarial,432,True,True,gray|irrelevant,True,True,True,True,True,True,1111,64,True
fastv,pope_adversarial_002761,prospective,pope_adversarial,64,True,False,,True,True,True,True,True,,1111,64,True
fastv,pope_adversarial_002761,prospective,pope_adversarial,128,True,False,,True,True,True,True,True,,1111,64,True
fastv,pope_adversarial_002761,prospective,pope_adversarial,256,True,False,,True,True,True,True,True,,1111,64,True
fastv,pope_adversarial_002761,prospective,pope_adversarial,432,True,False,,True,True,True,True,True,,1111,64,True
fastv,pope_adversarial_002772,prospective,pope_adversarial,64,False,False,,True,True,True,True,True,,1111,64,True
fastv,pope_adversarial_002772,prospective,pope_adversarial,128,False,False,,True,True,True,True,True,,1111,64,True
fastv,pope_adversarial_002772,prospective,pope_adversarial,256,False,False,,True,True,True,True,True,,1111,64,True
fastv,pope_adversarial_002772,prospective,pope_adversarial,432,False,False,,True,True,True,True,True,,1111,64,True
fastv,pope_adversarial_002790,prospective,pope_adversarial,64,False,False,,True,True,True,True,True,,1111,64,True
fastv,pope_adversarial_002790,prospective,pope_adversarial,128,False,False,,True,True,True,True,True,,1111,64,True
fastv,pope_adversarial_002790,prospective,pope_adversarial,256,False,False,,True,True,True,True,True,,1111,64,True
fastv,pope_adversarial_002790,prospective,pope_adversarial,432,False,False,,True,True,True,True,True,,1111,64,True
fastv,pope_adversarial_002808,prospective,pope_adversarial,64,True,True,gray|blur|irrelevant,False,False,True,False,False,False,0001,432,True
fastv,pope_adversarial_002808,prospective,pope_adversarial,128,True,True,gray|blur|irrelevant,False,False,True,False,False,False,0001,432,True
fastv,pope_adversarial_002808,prospective,pope_adversarial,256,True,True,gray|blur|irrelevant,False,False,True,False,False,False,0001,432,True
fastv,pope_adversarial_002808,prospective,pope_adversarial,432,True,True,gray|blur|irrelevant,True,True,True,True,True,True,0001,432,True
fastv,pope_adversarial_002840,prospective,pope_adversarial,64,True,True,gray,True,True,True,True,True,True,1111,64,True
fastv,pope_adversarial_002840,prospective,pope_adversarial,128,True,True,gray,True,True,True,True,True,True,1111,64,True
fastv,pope_adversarial_002840,prospective,pope_adversarial,256,True,True,gray,True,True,True,True,True,True,1111,64,True
fastv,pope_adversarial_002840,prospective,pope_adversarial,432,True,True,gray,True,True,True,True,True,True,1111,64,True
fastv,pope_adversarial_002850,prospective,pope_adversarial,64,True,True,gray|blur|irrelevant,False,False,True,False,False,False,0011,256,True
fastv,pope_adversarial_002850,prospective,pope_adversarial,128,True,True,gray|blur|irrelevant,False,False,True,False,False,False,0011,256,True
fastv,pope_adversarial_002850,prospective,pope_adversarial,256,True,True,gray|blur|irrelevant,True,True,True,True,True,True,0011,256,True
fastv,pope_adversarial_002850,prospective,pope_adversarial,432,True,True,gray|blur|irrelevant,True,True,True,True,True,True,0011,256,True
fastv,pope_adversarial_002875,prospective,pope_adversarial,64,True,False,,True,True,True,True,True,,1111,64,True
fastv,pope_adversarial_002875,prospective,pope_adversarial,128,True,False,,True,True,True,True,True,,1111,64,True
fastv,pope_adversarial_002875,prospective,pope_adversarial,256,True,False,,True,True,True,True,True,,1111,64,True
fastv,pope_adversarial_002875,prospective,pope_adversarial,432,True,False,,True,True,True,True,True,,1111,64,True
fastv,pope_adversarial_002894,prospective,pope_adversarial,64,True,True,gray|irrelevant,False,False,True,False,False,False,0111,128,True
fastv,pope_adversarial_002894,prospective,pope_adversarial,128,True,True,gray|irrelevant,True,True,True,True,True,True,0111,128,True
fastv,pope_adversarial_002894,prospective,pope_adversarial,256,True,True,gray|irrelevant,True,True,True,True,True,True,0111,128,True
fastv,pope_adversarial_002894,prospective,pope_adversarial,432,True,True,gray|irrelevant,True,True,True,True,True,True,0111,128,True
fastv,pope_adversarial_002910,prospective,pope_adversarial,64,True,True,gray|blur|irrelevant,False,False,True,False,False,False,0000,full,True
fastv,pope_adversarial_002910,prospective,pope_adversarial,128,True,True,gray|blur|irrelevant,False,False,True,False,False,False,0000,full,True
fastv,pope_adversarial_002910,prospective,pope_adversarial,256,True,True,gray|blur|irrelevant,False,False,True,False,False,False,0000,full,True
fastv,pope_adversarial_002910,prospective,pope_adversarial,432,True,True,gray|blur|irrelevant,False,False,True,False,False,False,0000,full,True
fastv,pope_adversarial_002923,prospective,pope_adversarial,64,True,False,,True,True,True,True,True,,1111,64,True
fastv,pope_adversarial_002923,prospective,pope_adversarial,128,True,False,,True,True,True,True,True,,1111,64,True
fastv,pope_adversarial_002923,prospective,pope_adversarial,256,True,False,,True,True,True,True,True,,1111,64,True
fastv,pope_adversarial_002923,prospective,pope_adversarial,432,True,False,,True,True,True,True,True,,1111,64,True
fastv,pope_adversarial_002952,prospective,pope_adversarial,64,True,True,gray|irrelevant,True,True,True,True,True,True,1111,64,True
fastv,pope_adversarial_002952,prospective,pope_adversarial,128,True,True,gray|irrelevant,True,True,True,True,True,True,1111,64,True
fastv,pope_adversarial_002952,prospective,pope_adversarial,256,True,True,gray|irrelevant,True,True,True,True,True,True,1111,64,True
fastv,pope_adversarial_002952,prospective,pope_adversarial,432,True,True,gray|irrelevant,True,True,True,True,True,True,1111,64,True
fastv,pope_popular_000324,prospective,pope_popular,64,True,True,gray|irrelevant,True,True,True,True,True,True,1111,64,True
fastv,pope_popular_000324,prospective,pope_popular,128,True,True,gray|irrelevant,True,True,True,True,True,True,1111,64,True
fastv,pope_popular_000324,prospective,pope_popular,256,True,True,gray|irrelevant,True,True,True,True,True,True,1111,64,True
fastv,pope_popular_000324,prospective,pope_popular,432,True,True,gray|irrelevant,True,True,True,True,True,True,1111,64,True
fastv,pope_popular_000751,prospective,pope_popular,64,True,False,,True,True,True,True,True,,1111,64,True
fastv,pope_popular_000751,prospective,pope_popular,128,True,False,,True,True,True,True,True,,1111,64,True
fastv,pope_popular_000751,prospective,pope_popular,256,True,False,,True,True,True,True,True,,1111,64,True
fastv,pope_popular_000751,prospective,pope_popular,432,True,False,,True,True,True,True,True,,1111,64,True
fastv,pope_popular_000757,prospective,pope_popular,64,True,True,irrelevant,True,False,False,False,False,False,0011,256,True
fastv,pope_popular_000757,prospective,pope_popular,128,True,True,irrelevant,True,False,False,False,False,False,0011,256,True
fastv,pope_popular_000757,prospective,pope_popular,256,True,True,irrelevant,True,True,True,True,True,True,0011,256,True
fastv,pope_popular_000757,prospective,pope_popular,432,True,True,irrelevant,True,True,True,True,True,True,0011,256,True
fastv,pope_popular_000768,prospective,pope_popular,64,True,True,gray,True,True,True,True,True,True,1111,64,True
fastv,pope_popular_000768,prospective,pope_popular,128,True,True,gray,True,True,True,True,True,True,1111,64,True
fastv,pope_popular_000768,prospective,pope_popular,256,True,True,gray,True,True,True,True,True,True,1111,64,True
fastv,pope_popular_000768,prospective,pope_popular,432,True,True,gray,True,True,True,True,True,True,1111,64,True
fastv,pope_popular_000787,prospective,pope_popular,64,True,False,,True,True,True,True,True,,1111,64,True
fastv,pope_popular_000787,prospective,pope_popular,128,True,False,,True,True,True,True,True,,1111,64,True
fastv,pope_popular_000787,prospective,pope_popular,256,True,False,,True,True,True,True,True,,1111,64,True
fastv,pope_popular_000787,prospective,pope_popular,432,True,False,,True,True,True,True,True,,1111,64,True
fastv,pope_popular_000792,prospective,pope_popular,64,False,False,,True,True,True,True,True,,1111,64,True
fastv,pope_popular_000792,prospective,pope_popular,128,False,False,,True,True,True,True,True,,1111,64,True
fastv,pope_popular_000792,prospective,pope_popular,256,False,False,,True,True,True,True,True,,1111,64,True
fastv,pope_popular_000792,prospective,pope_popular,432,False,False,,True,True,True,True,True,,1111,64,True
fastv,pope_popular_000799,prospective,pope_popular,64,True,True,irrelevant,True,False,False,False,False,False,0111,128,True
fastv,pope_popular_000799,prospective,pope_popular,128,True,True,irrelevant,True,True,True,True,True,True,0111,128,True
fastv,pope_popular_000799,prospective,pope_popular,256,True,True,irrelevant,True,True,True,True,True,True,0111,128,True
fastv,pope_popular_000799,prospective,pope_popular,432,True,True,irrelevant,True,True,True,True,True,True,0111,128,True
fastv,pope_popular_000811,prospective,pope_popular,64,True,True,irrelevant,True,False,False,False,False,False,0111,128,True
fastv,pope_popular_000811,prospective,pope_popular,128,True,True,irrelevant,True,True,True,True,True,True,0111,128,True
fastv,pope_popular_000811,prospective,pope_popular,256,True,True,irrelevant,True,True,True,True,True,True,0111,128,True
fastv,pope_popular_000811,prospective,pope_popular,432,True,True,irrelevant,True,True,True,True,True,True,0111,128,True
fastv,pope_popular_000816,prospective,pope_popular,64,True,True,gray,False,False,True,False,False,False,0111,128,True
fastv,pope_popular_000816,prospective,pope_popular,128,True,True,gray,True,True,True,True,True,True,0111,128,True
fastv,pope_popular_000816,prospective,pope_popular,256,True,True,gray,True,True,True,True,True,True,0111,128,True
fastv,pope_popular_000816,prospective,pope_popular,432,True,True,gray,True,True,True,True,True,True,0111,128,True
fastv,pope_popular_000864,prospective,pope_popular,64,True,True,gray|irrelevant,True,True,True,True,True,True,1111,64,True
fastv,pope_popular_000864,prospective,pope_popular,128,True,True,gray|irrelevant,True,True,True,True,True,True,1111,64,True
fastv,pope_popular_000864,prospective,pope_popular,256,True,True,gray|irrelevant,True,True,True,True,True,True,1111,64,True
fastv,pope_popular_000864,prospective,pope_popular,432,True,True,gray|irrelevant,True,True,True,True,True,True,1111,64,True
fastv,pope_popular_000876,prospective,pope_popular,64,True,True,gray|irrelevant,True,True,True,True,True,True,1111,64,True
fastv,pope_popular_000876,prospective,pope_popular,128,True,True,gray|irrelevant,True,True,True,True,True,True,1111,64,True
fastv,pope_popular_000876,prospective,pope_popular,256,True,True,gray|irrelevant,True,True,True,True,True,True,1111,64,True
fastv,pope_popular_000876,prospective,pope_popular,432,True,True,gray|irrelevant,True,True,True,True,True,True,1111,64,True
fastv,pope_popular_000882,prospective,pope_popular,64,False,False,,True,True,True,True,True,,1111,64,True
fastv,pope_popular_000882,prospective,pope_popular,128,False,False,,True,True,True,True,True,,1111,64,True
fastv,pope_popular_000882,prospective,pope_popular,256,False,False,,True,True,True,True,True,,1111,64,True
fastv,pope_popular_000882,prospective,pope_popular,432,False,False,,True,True,True,True,True,,1111,64,True
fastv,pope_popular_000888,prospective,pope_popular,64,True,True,gray|irrelevant,True,True,True,True,True,True,1111,64,True
fastv,pope_popular_000888,prospective,pope_popular,128,True,True,gray|irrelevant,True,True,True,True,True,True,1111,64,True
fastv,pope_popular_000888,prospective,pope_popular,256,True,True,gray|irrelevant,True,True,True,True,True,True,1111,64,True
fastv,pope_popular_000888,prospective,pope_popular,432,True,True,gray|irrelevant,True,True,True,True,True,True,1111,64,True
fastv,pope_popular_000895,prospective,pope_popular,64,True,False,,True,True,True,True,True,,1111,64,True
fastv,pope_popular_000895,prospective,pope_popular,128,True,False,,True,True,True,True,True,,1111,64,True
fastv,pope_popular_000895,prospective,pope_popular,256,True,False,,True,True,True,True,True,,1111,64,True
fastv,pope_popular_000895,prospective,pope_popular,432,True,False,,True,True,True,True,True,,1111,64,True
fastv,pope_popular_000900,prospective,pope_popular,64,True,True,gray|irrelevant,True,True,True,True,True,True,1111,64,True
fastv,pope_popular_000900,prospective,pope_popular,128,True,True,gray|irrelevant,True,True,True,True,True,True,1111,64,True
fastv,pope_popular_000900,prospective,pope_popular,256,True,True,gray|irrelevant,True,True,True,True,True,True,1111,64,True
fastv,pope_popular_000900,prospective,pope_popular,432,True,True,gray|irrelevant,True,True,True,True,True,True,1111,64,True
fastv,pope_popular_000919,prospective,pope_popular,64,True,True,irrelevant,True,False,False,False,False,False,0001,432,True
fastv,pope_popular_000919,prospective,pope_popular,128,True,True,irrelevant,True,False,False,False,False,False,0001,432,True
fastv,pope_popular_000919,prospective,pope_popular,256,True,True,irrelevant,True,False,False,False,False,False,0001,432,True
fastv,pope_popular_000919,prospective,pope_popular,432,True,True,irrelevant,True,True,True,True,True,True,0001,432,True
fastv,pope_popular_000960,prospective,pope_popular,64,True,True,gray,True,True,True,True,True,True,1111,64,True
fastv,pope_popular_000960,prospective,pope_popular,128,True,True,gray,True,True,True,True,True,True,1111,64,True
fastv,pope_popular_000960,prospective,pope_popular,256,True,True,gray,True,True,True,True,True,True,1111,64,True
fastv,pope_popular_000960,prospective,pope_popular,432,True,True,gray,True,True,True,True,True,True,1111,64,True
fastv,pope_popular_000984,prospective,pope_popular,64,True,True,gray|irrelevant,True,True,True,True,True,True,1111,64,True
fastv,pope_popular_000984,prospective,pope_popular,128,True,True,gray|irrelevant,True,True,True,True,True,True,1111,64,True
fastv,pope_popular_000984,prospective,pope_popular,256,True,True,gray|irrelevant,True,True,True,True,True,True,1111,64,True
fastv,pope_popular_000984,prospective,pope_popular,432,True,True,gray|irrelevant,True,True,True,True,True,True,1111,64,True
fastv,pope_popular_001002,prospective,pope_popular,64,False,False,,True,True,True,True,True,,1111,64,True
fastv,pope_popular_001002,prospective,pope_popular,128,False,False,,True,True,True,True,True,,1111,64,True
fastv,pope_popular_001002,prospective,pope_popular,256,False,False,,True,True,True,True,True,,1111,64,True
fastv,pope_popular_001002,prospective,pope_popular,432,False,False,,True,True,True,True,True,,1111,64,True
fastv,pope_popular_001014,prospective,pope_popular,64,True,True,gray,True,True,True,True,True,True,1111,64,True
fastv,pope_popular_001014,prospective,pope_popular,128,True,True,gray,True,True,True,True,True,True,1111,64,True
fastv,pope_popular_001014,prospective,pope_popular,256,True,True,gray,True,True,True,True,True,True,1111,64,True
fastv,pope_popular_001014,prospective,pope_popular,432,True,True,gray,True,True,True,True,True,True,1111,64,True
fastv,pope_popular_001045,prospective,pope_popular,64,True,False,,True,True,True,True,True,,1111,64,True
fastv,pope_popular_001045,prospective,pope_popular,128,True,False,,True,True,True,True,True,,1111,64,True
fastv,pope_popular_001045,prospective,pope_popular,256,True,False,,True,True,True,True,True,,1111,64,True
fastv,pope_popular_001045,prospective,pope_popular,432,True,False,,True,True,True,True,True,,1111,64,True
fastv,pope_popular_001056,prospective,pope_popular,64,False,False,,True,True,True,True,True,,1111,64,True
fastv,pope_popular_001056,prospective,pope_popular,128,False,False,,True,True,True,True,True,,1111,64,True
fastv,pope_popular_001056,prospective,pope_popular,256,False,False,,True,True,True,True,True,,1111,64,True
fastv,pope_popular_001056,prospective,pope_popular,432,False,False,,True,True,True,True,True,,1111,64,True
fastv,pope_popular_001068,prospective,pope_popular,64,False,False,,True,True,True,True,True,,1111,64,True
fastv,pope_popular_001068,prospective,pope_popular,128,False,False,,True,True,True,True,True,,1111,64,True
fastv,pope_popular_001068,prospective,pope_popular,256,False,False,,True,True,True,True,True,,1111,64,True
fastv,pope_popular_001068,prospective,pope_popular,432,False,False,,True,True,True,True,True,,1111,64,True
fastv,pope_popular_001075,prospective,pope_popular,64,True,False,,True,True,True,True,True,,1111,64,True
fastv,pope_popular_001075,prospective,pope_popular,128,True,False,,True,True,True,True,True,,1111,64,True
fastv,pope_popular_001075,prospective,pope_popular,256,True,False,,True,True,True,True,True,,1111,64,True
fastv,pope_popular_001075,prospective,pope_popular,432,True,False,,True,True,True,True,True,,1111,64,True
fastv,pope_popular_001086,prospective,pope_popular,64,True,True,gray|irrelevant,False,False,True,False,False,False,0111,128,True
fastv,pope_popular_001086,prospective,pope_popular,128,True,True,gray|irrelevant,True,True,True,True,True,True,0111,128,True
fastv,pope_popular_001086,prospective,pope_popular,256,True,True,gray|irrelevant,True,True,True,True,True,True,0111,128,True
fastv,pope_popular_001086,prospective,pope_popular,432,True,True,gray|irrelevant,True,True,True,True,True,True,0111,128,True
fastv,pope_popular_001098,prospective,pope_popular,64,False,True,blur,True,False,False,False,False,,0001,432,True
fastv,pope_popular_001098,prospective,pope_popular,128,False,True,blur,True,False,False,False,False,,0001,432,True
fastv,pope_popular_001098,prospective,pope_popular,256,False,True,blur,True,False,False,False,False,,0001,432,True
fastv,pope_popular_001098,prospective,pope_popular,432,False,True,blur,True,True,True,True,True,,0001,432,True
fastv,pope_popular_001122,prospective,pope_popular,64,True,True,gray|irrelevant,False,False,True,False,False,False,0111,128,True
fastv,pope_popular_001122,prospective,pope_popular,128,True,True,gray|irrelevant,True,True,True,True,True,True,0111,128,True
fastv,pope_popular_001122,prospective,pope_popular,256,True,True,gray|irrelevant,True,True,True,True,True,True,0111,128,True
fastv,pope_popular_001122,prospective,pope_popular,432,True,True,gray|irrelevant,True,True,True,True,True,True,0111,128,True
fastv,pope_popular_001128,prospective,pope_popular,64,True,True,gray|irrelevant,True,True,True,True,True,True,1111,64,True
fastv,pope_popular_001128,prospective,pope_popular,128,True,True,gray|irrelevant,True,True,True,True,True,True,1111,64,True
fastv,pope_popular_001128,prospective,pope_popular,256,True,True,gray|irrelevant,True,True,True,True,True,True,1111,64,True
fastv,pope_popular_001128,prospective,pope_popular,432,True,True,gray|irrelevant,True,True,True,True,True,True,1111,64,True
fastv,pope_popular_001158,prospective,pope_popular,64,True,True,gray|blur|irrelevant,False,False,True,False,False,False,0011,256,True
fastv,pope_popular_001158,prospective,pope_popular,128,True,True,gray|blur|irrelevant,False,False,True,False,False,False,0011,256,True
fastv,pope_popular_001158,prospective,pope_popular,256,True,True,gray|blur|irrelevant,True,True,True,True,True,True,0011,256,True
fastv,pope_popular_001158,prospective,pope_popular,432,True,True,gray|blur|irrelevant,True,True,True,True,True,True,0011,256,True
fastv,pope_popular_001171,prospective,pope_popular,64,True,True,irrelevant,True,True,True,True,True,True,1111,64,True
fastv,pope_popular_001171,prospective,pope_popular,128,True,True,irrelevant,True,True,True,True,True,True,1111,64,True
fastv,pope_popular_001171,prospective,pope_popular,256,True,True,irrelevant,True,True,True,True,True,True,1111,64,True
fastv,pope_popular_001171,prospective,pope_popular,432,True,True,irrelevant,True,True,True,True,True,True,1111,64,True
fastv,pope_popular_001182,prospective,pope_popular,64,True,True,gray|blur|irrelevant,True,True,True,True,True,True,1111,64,True
fastv,pope_popular_001182,prospective,pope_popular,128,True,True,gray|blur|irrelevant,True,True,True,True,True,True,1111,64,True
fastv,pope_popular_001182,prospective,pope_popular,256,True,True,gray|blur|irrelevant,True,True,True,True,True,True,1111,64,True
fastv,pope_popular_001182,prospective,pope_popular,432,True,True,gray|blur|irrelevant,True,True,True,True,True,True,1111,64,True
fastv,pope_popular_001188,prospective,pope_popular,64,True,True,gray|irrelevant,True,True,True,True,True,True,1111,64,True
fastv,pope_popular_001188,prospective,pope_popular,128,True,True,gray|irrelevant,True,True,True,True,True,True,1111,64,True
fastv,pope_popular_001188,prospective,pope_popular,256,True,True,gray|irrelevant,True,True,True,True,True,True,1111,64,True
fastv,pope_popular_001188,prospective,pope_popular,432,True,True,gray|irrelevant,True,True,True,True,True,True,1111,64,True
fastv,pope_popular_001195,prospective,pope_popular,64,True,False,,True,True,True,True,True,,1111,64,True
fastv,pope_popular_001195,prospective,pope_popular,128,True,False,,True,True,True,True,True,,1111,64,True
fastv,pope_popular_001195,prospective,pope_popular,256,True,False,,True,True,True,True,True,,1111,64,True
fastv,pope_popular_001195,prospective,pope_popular,432,True,False,,True,True,True,True,True,,1111,64,True
fastv,pope_popular_001224,prospective,pope_popular,64,False,False,,True,True,True,True,True,,1111,64,True
fastv,pope_popular_001224,prospective,pope_popular,128,False,False,,True,True,True,True,True,,1111,64,True
fastv,pope_popular_001224,prospective,pope_popular,256,False,False,,True,True,True,True,True,,1111,64,True
fastv,pope_popular_001224,prospective,pope_popular,432,False,False,,True,True,True,True,True,,1111,64,True
fastv,pope_popular_001272,prospective,pope_popular,64,False,False,,True,True,True,True,True,,1111,64,True
fastv,pope_popular_001272,prospective,pope_popular,128,False,False,,True,True,True,True,True,,1111,64,True
fastv,pope_popular_001272,prospective,pope_popular,256,False,False,,True,True,True,True,True,,1111,64,True
fastv,pope_popular_001272,prospective,pope_popular,432,False,False,,True,True,True,True,True,,1111,64,True
fastv,pope_popular_001278,prospective,pope_popular,64,True,True,gray|blur|irrelevant,False,False,True,False,False,False,0111,128,True
fastv,pope_popular_001278,prospective,pope_popular,128,True,True,gray|blur|irrelevant,True,True,True,True,True,True,0111,128,True
fastv,pope_popular_001278,prospective,pope_popular,256,True,True,gray|blur|irrelevant,True,True,True,True,True,True,0111,128,True
fastv,pope_popular_001278,prospective,pope_popular,432,True,True,gray|blur|irrelevant,True,True,True,True,True,True,0111,128,True
fastv,pope_popular_001332,prospective,pope_popular,64,False,True,irrelevant,True,False,False,False,False,,0011,256,True
fastv,pope_popular_001332,prospective,pope_popular,128,False,True,irrelevant,True,False,False,False,False,,0011,256,True
fastv,pope_popular_001332,prospective,pope_popular,256,False,True,irrelevant,True,True,True,True,True,,0011,256,True
fastv,pope_popular_001332,prospective,pope_popular,432,False,True,irrelevant,True,True,True,True,True,,0011,256,True
fastv,pope_popular_001356,prospective,pope_popular,64,False,False,,True,True,True,True,True,,1111,64,True
fastv,pope_popular_001356,prospective,pope_popular,128,False,False,,True,True,True,True,True,,1111,64,True
fastv,pope_popular_001356,prospective,pope_popular,256,False,False,,True,True,True,True,True,,1111,64,True
fastv,pope_popular_001356,prospective,pope_popular,432,False,False,,True,True,True,True,True,,1111,64,True
fastv,pope_popular_001369,prospective,pope_popular,64,True,False,,True,True,True,True,True,,1111,64,True
fastv,pope_popular_001369,prospective,pope_popular,128,True,False,,True,True,True,True,True,,1111,64,True
fastv,pope_popular_001369,prospective,pope_popular,256,True,False,,True,True,True,True,True,,1111,64,True
fastv,pope_popular_001369,prospective,pope_popular,432,True,False,,True,True,True,True,True,,1111,64,True
fastv,pope_popular_001392,prospective,pope_popular,64,True,True,gray,True,True,True,True,True,True,1111,64,True
fastv,pope_popular_001392,prospective,pope_popular,128,True,True,gray,True,True,True,True,True,True,1111,64,True
fastv,pope_popular_001392,prospective,pope_popular,256,True,True,gray,True,True,True,True,True,True,1111,64,True
fastv,pope_popular_001392,prospective,pope_popular,432,True,True,gray,True,True,True,True,True,True,1111,64,True
fastv,pope_popular_001458,prospective,pope_popular,64,True,True,gray,True,True,True,True,True,True,1111,64,True
fastv,pope_popular_001458,prospective,pope_popular,128,True,True,gray,True,True,True,True,True,True,1111,64,True
fastv,pope_popular_001458,prospective,pope_popular,256,True,True,gray,True,True,True,True,True,True,1111,64,True
fastv,pope_popular_001458,prospective,pope_popular,432,True,True,gray,True,True,True,True,True,True,1111,64,True
fastv,pope_popular_001500,prospective,pope_popular,64,False,False,,True,True,True,True,True,,1111,64,True
fastv,pope_popular_001500,prospective,pope_popular,128,False,False,,True,True,True,True,True,,1111,64,True
fastv,pope_popular_001500,prospective,pope_popular,256,False,False,,True,True,True,True,True,,1111,64,True
fastv,pope_popular_001500,prospective,pope_popular,432,False,False,,True,True,True,True,True,,1111,64,True
fastv,pope_popular_001507,prospective,pope_popular,64,True,False,,True,True,True,True,True,,1111,64,True
fastv,pope_popular_001507,prospective,pope_popular,128,True,False,,True,True,True,True,True,,1111,64,True
fastv,pope_popular_001507,prospective,pope_popular,256,True,False,,True,True,True,True,True,,1111,64,True
fastv,pope_popular_001507,prospective,pope_popular,432,True,False,,True,True,True,True,True,,1111,64,True
fastv,pope_popular_001548,prospective,pope_popular,64,True,True,gray|blur|irrelevant,False,False,True,False,False,False,0000,full,True
fastv,pope_popular_001548,prospective,pope_popular,128,True,True,gray|blur|irrelevant,False,False,True,False,False,False,0000,full,True
fastv,pope_popular_001548,prospective,pope_popular,256,True,True,gray|blur|irrelevant,False,False,True,False,False,False,0000,full,True
fastv,pope_popular_001548,prospective,pope_popular,432,True,True,gray|blur|irrelevant,False,False,True,False,False,False,0000,full,True
fastv,pope_popular_001566,prospective,pope_popular,64,False,False,,True,True,True,True,True,,1111,64,True
fastv,pope_popular_001566,prospective,pope_popular,128,False,False,,True,True,True,True,True,,1111,64,True
fastv,pope_popular_001566,prospective,pope_popular,256,False,False,,True,True,True,True,True,,1111,64,True
fastv,pope_popular_001566,prospective,pope_popular,432,False,False,,True,True,True,True,True,,1111,64,True
fastv,pope_popular_001626,prospective,pope_popular,64,False,False,,True,True,True,True,True,,1111,64,True
fastv,pope_popular_001626,prospective,pope_popular,128,False,False,,True,True,True,True,True,,1111,64,True
fastv,pope_popular_001626,prospective,pope_popular,256,False,False,,True,True,True,True,True,,1111,64,True
fastv,pope_popular_001626,prospective,pope_popular,432,False,False,,True,True,True,True,True,,1111,64,True
fastv,pope_popular_001644,prospective,pope_popular,64,True,True,gray|irrelevant,False,False,True,False,False,False,0011,256,True
fastv,pope_popular_001644,prospective,pope_popular,128,True,True,gray|irrelevant,False,False,True,False,False,False,0011,256,True
fastv,pope_popular_001644,prospective,pope_popular,256,True,True,gray|irrelevant,True,True,True,True,True,True,0011,256,True
fastv,pope_popular_001644,prospective,pope_popular,432,True,True,gray|irrelevant,True,True,True,True,True,True,0011,256,True
fastv,pope_popular_001651,prospective,pope_popular,64,True,False,,True,True,True,True,True,,1111,64,True
fastv,pope_popular_001651,prospective,pope_popular,128,True,False,,True,True,True,True,True,,1111,64,True
fastv,pope_popular_001651,prospective,pope_popular,256,True,False,,True,True,True,True,True,,1111,64,True
fastv,pope_popular_001651,prospective,pope_popular,432,True,False,,True,True,True,True,True,,1111,64,True
fastv,pope_popular_001681,prospective,pope_popular,64,True,False,,True,True,True,True,True,,1111,64,True
fastv,pope_popular_001681,prospective,pope_popular,128,True,False,,True,True,True,True,True,,1111,64,True
fastv,pope_popular_001681,prospective,pope_popular,256,True,False,,True,True,True,True,True,,1111,64,True
fastv,pope_popular_001681,prospective,pope_popular,432,True,False,,True,True,True,True,True,,1111,64,True
fastv,pope_popular_001704,prospective,pope_popular,64,True,True,gray|irrelevant,False,False,True,False,False,False,0111,128,True
fastv,pope_popular_001704,prospective,pope_popular,128,True,True,gray|irrelevant,True,True,True,True,True,True,0111,128,True
fastv,pope_popular_001704,prospective,pope_popular,256,True,True,gray|irrelevant,True,True,True,True,True,True,0111,128,True
fastv,pope_popular_001704,prospective,pope_popular,432,True,True,gray|irrelevant,True,True,True,True,True,True,0111,128,True
fastv,pope_popular_001716,prospective,pope_popular,64,True,True,gray|blur,True,True,True,True,True,True,1111,64,True
fastv,pope_popular_001716,prospective,pope_popular,128,True,True,gray|blur,True,True,True,True,True,True,1111,64,True
fastv,pope_popular_001716,prospective,pope_popular,256,True,True,gray|blur,True,True,True,True,True,True,1111,64,True
fastv,pope_popular_001716,prospective,pope_popular,432,True,True,gray|blur,True,True,True,True,True,True,1111,64,True
fastv,pope_popular_001722,prospective,pope_popular,64,True,True,gray|irrelevant,False,False,True,False,False,False,0011,256,True
fastv,pope_popular_001722,prospective,pope_popular,128,True,True,gray|irrelevant,False,False,True,False,False,False,0011,256,True
fastv,pope_popular_001722,prospective,pope_popular,256,True,True,gray|irrelevant,True,True,True,True,True,True,0011,256,True
fastv,pope_popular_001722,prospective,pope_popular,432,True,True,gray|irrelevant,True,True,True,True,True,True,0011,256,True
fastv,pope_popular_001747,prospective,pope_popular,64,True,False,,True,True,True,True,True,,1111,64,True
fastv,pope_popular_001747,prospective,pope_popular,128,True,False,,True,True,True,True,True,,1111,64,True
fastv,pope_popular_001747,prospective,pope_popular,256,True,False,,True,True,True,True,True,,1111,64,True
fastv,pope_popular_001747,prospective,pope_popular,432,True,False,,True,True,True,True,True,,1111,64,True
fastv,pope_popular_001759,prospective,pope_popular,64,True,False,,True,True,True,True,True,,1111,64,True
fastv,pope_popular_001759,prospective,pope_popular,128,True,False,,True,True,True,True,True,,1111,64,True
fastv,pope_popular_001759,prospective,pope_popular,256,True,False,,True,True,True,True,True,,1111,64,True
fastv,pope_popular_001759,prospective,pope_popular,432,True,False,,True,True,True,True,True,,1111,64,True
fastv,pope_popular_001794,prospective,pope_popular,64,True,True,gray|irrelevant,True,True,True,True,True,True,1111,64,True
fastv,pope_popular_001794,prospective,pope_popular,128,True,True,gray|irrelevant,True,True,True,True,True,True,1111,64,True
fastv,pope_popular_001794,prospective,pope_popular,256,True,True,gray|irrelevant,True,True,True,True,True,True,1111,64,True
fastv,pope_popular_001794,prospective,pope_popular,432,True,True,gray|irrelevant,True,True,True,True,True,True,1111,64,True
fastv,pope_popular_001824,prospective,pope_popular,64,False,False,,True,True,True,True,True,,1111,64,True
fastv,pope_popular_001824,prospective,pope_popular,128,False,False,,True,True,True,True,True,,1111,64,True
fastv,pope_popular_001824,prospective,pope_popular,256,False,False,,True,True,True,True,True,,1111,64,True
fastv,pope_popular_001824,prospective,pope_popular,432,False,False,,True,True,True,True,True,,1111,64,True
fastv,pope_popular_001831,prospective,pope_popular,64,True,False,,True,True,True,True,True,,1111,64,True
fastv,pope_popular_001831,prospective,pope_popular,128,True,False,,True,True,True,True,True,,1111,64,True
fastv,pope_popular_001831,prospective,pope_popular,256,True,False,,True,True,True,True,True,,1111,64,True
fastv,pope_popular_001831,prospective,pope_popular,432,True,False,,True,True,True,True,True,,1111,64,True
fastv,pope_popular_001842,prospective,pope_popular,64,False,False,,False,True,True,False,False,,0001,432,True
fastv,pope_popular_001842,prospective,pope_popular,128,False,False,,False,True,True,False,False,,0001,432,True
fastv,pope_popular_001842,prospective,pope_popular,256,False,False,,False,True,True,False,False,,0001,432,True
fastv,pope_popular_001842,prospective,pope_popular,432,False,False,,True,True,True,True,True,,0001,432,True
fastv,pope_popular_001861,prospective,pope_popular,64,True,False,,True,True,True,True,True,,1111,64,True
fastv,pope_popular_001861,prospective,pope_popular,128,True,False,,True,True,True,True,True,,1111,64,True
fastv,pope_popular_001861,prospective,pope_popular,256,True,False,,True,True,True,True,True,,1111,64,True
fastv,pope_popular_001861,prospective,pope_popular,432,True,False,,True,True,True,True,True,,1111,64,True
fastv,pope_popular_001866,prospective,pope_popular,64,True,True,gray|blur|irrelevant,False,False,True,False,False,False,0111,128,True
fastv,pope_popular_001866,prospective,pope_popular,128,True,True,gray|blur|irrelevant,True,True,True,True,True,True,0111,128,True
fastv,pope_popular_001866,prospective,pope_popular,256,True,True,gray|blur|irrelevant,True,True,True,True,True,True,0111,128,True
fastv,pope_popular_001866,prospective,pope_popular,432,True,True,gray|blur|irrelevant,True,True,True,True,True,True,0111,128,True
fastv,pope_popular_001878,prospective,pope_popular,64,True,True,gray|blur|irrelevant,True,True,True,True,True,True,1111,64,True
fastv,pope_popular_001878,prospective,pope_popular,128,True,True,gray|blur|irrelevant,True,True,True,True,True,True,1111,64,True
fastv,pope_popular_001878,prospective,pope_popular,256,True,True,gray|blur|irrelevant,True,True,True,True,True,True,1111,64,True
fastv,pope_popular_001878,prospective,pope_popular,432,True,True,gray|blur|irrelevant,True,True,True,True,True,True,1111,64,True
fastv,pope_popular_001908,prospective,pope_popular,64,True,True,gray|blur|irrelevant,True,True,True,True,True,True,1111,64,True
fastv,pope_popular_001908,prospective,pope_popular,128,True,True,gray|blur|irrelevant,True,True,True,True,True,True,1111,64,True
fastv,pope_popular_001908,prospective,pope_popular,256,True,True,gray|blur|irrelevant,True,True,True,True,True,True,1111,64,True
fastv,pope_popular_001908,prospective,pope_popular,432,True,True,gray|blur|irrelevant,True,True,True,True,True,True,1111,64,True
fastv,pope_popular_001932,prospective,pope_popular,64,True,True,gray|irrelevant,True,True,True,True,True,True,1111,64,True
fastv,pope_popular_001932,prospective,pope_popular,128,True,True,gray|irrelevant,True,True,True,True,True,True,1111,64,True
fastv,pope_popular_001932,prospective,pope_popular,256,True,True,gray|irrelevant,True,True,True,True,True,True,1111,64,True
fastv,pope_popular_001932,prospective,pope_popular,432,True,True,gray|irrelevant,True,True,True,True,True,True,1111,64,True
fastv,pope_popular_002047,prospective,pope_popular,64,True,False,,True,True,True,True,True,,1111,64,True
fastv,pope_popular_002047,prospective,pope_popular,128,True,False,,True,True,True,True,True,,1111,64,True
fastv,pope_popular_002047,prospective,pope_popular,256,True,False,,True,True,True,True,True,,1111,64,True
fastv,pope_popular_002047,prospective,pope_popular,432,True,False,,True,True,True,True,True,,1111,64,True
fastv,pope_popular_002070,prospective,pope_popular,64,False,False,,True,True,True,True,True,,1111,64,True
fastv,pope_popular_002070,prospective,pope_popular,128,False,False,,True,True,True,True,True,,1111,64,True
fastv,pope_popular_002070,prospective,pope_popular,256,False,False,,True,True,True,True,True,,1111,64,True
fastv,pope_popular_002070,prospective,pope_popular,432,False,False,,True,True,True,True,True,,1111,64,True
fastv,pope_popular_002082,prospective,pope_popular,64,True,True,gray,False,False,True,False,False,False,0111,128,True
fastv,pope_popular_002082,prospective,pope_popular,128,True,True,gray,True,True,True,True,True,True,0111,128,True
fastv,pope_popular_002082,prospective,pope_popular,256,True,True,gray,True,True,True,True,True,True,0111,128,True
fastv,pope_popular_002082,prospective,pope_popular,432,True,True,gray,True,True,True,True,True,True,0111,128,True
fastv,pope_popular_002124,prospective,pope_popular,64,True,True,gray,True,True,True,True,True,True,1111,64,True
fastv,pope_popular_002124,prospective,pope_popular,128,True,True,gray,True,True,True,True,True,True,1111,64,True
fastv,pope_popular_002124,prospective,pope_popular,256,True,True,gray,True,True,True,True,True,True,1111,64,True
fastv,pope_popular_002124,prospective,pope_popular,432,True,True,gray,True,True,True,True,True,True,1111,64,True
fastv,pope_popular_002130,prospective,pope_popular,64,False,True,irrelevant,True,True,True,True,True,,1111,64,True
fastv,pope_popular_002130,prospective,pope_popular,128,False,True,irrelevant,True,True,True,True,True,,1111,64,True
fastv,pope_popular_002130,prospective,pope_popular,256,False,True,irrelevant,True,True,True,True,True,,1111,64,True
fastv,pope_popular_002130,prospective,pope_popular,432,False,True,irrelevant,True,True,True,True,True,,1111,64,True
fastv,pope_popular_002172,prospective,pope_popular,64,False,False,,True,True,True,True,True,,1111,64,True
fastv,pope_popular_002172,prospective,pope_popular,128,False,False,,True,True,True,True,True,,1111,64,True
fastv,pope_popular_002172,prospective,pope_popular,256,False,False,,True,True,True,True,True,,1111,64,True
fastv,pope_popular_002172,prospective,pope_popular,432,False,False,,True,True,True,True,True,,1111,64,True
fastv,pope_popular_002202,prospective,pope_popular,64,True,True,gray,True,True,True,True,True,True,1111,64,True
fastv,pope_popular_002202,prospective,pope_popular,128,True,True,gray,True,True,True,True,True,True,1111,64,True
fastv,pope_popular_002202,prospective,pope_popular,256,True,True,gray,True,True,True,True,True,True,1111,64,True
fastv,pope_popular_002202,prospective,pope_popular,432,True,True,gray,True,True,True,True,True,True,1111,64,True
fastv,pope_popular_002232,prospective,pope_popular,64,True,True,gray,True,True,True,True,True,True,1111,64,True
fastv,pope_popular_002232,prospective,pope_popular,128,True,True,gray,True,True,True,True,True,True,1111,64,True
fastv,pope_popular_002232,prospective,pope_popular,256,True,True,gray,True,True,True,True,True,True,1111,64,True
fastv,pope_popular_002232,prospective,pope_popular,432,True,True,gray,True,True,True,True,True,True,1111,64,True
fastv,pope_popular_002274,prospective,pope_popular,64,False,False,,True,True,True,True,True,,1111,64,True
fastv,pope_popular_002274,prospective,pope_popular,128,False,False,,True,True,True,True,True,,1111,64,True
fastv,pope_popular_002274,prospective,pope_popular,256,False,False,,True,True,True,True,True,,1111,64,True
fastv,pope_popular_002274,prospective,pope_popular,432,False,False,,True,True,True,True,True,,1111,64,True
fastv,pope_popular_002304,prospective,pope_popular,64,True,True,gray|blur,False,False,True,False,False,False,0001,432,True
fastv,pope_popular_002304,prospective,pope_popular,128,True,True,gray|blur,False,False,True,False,False,False,0001,432,True
fastv,pope_popular_002304,prospective,pope_popular,256,True,True,gray|blur,False,False,True,False,False,False,0001,432,True
fastv,pope_popular_002304,prospective,pope_popular,432,True,True,gray|blur,True,True,True,True,True,True,0001,432,True
fastv,pope_popular_002310,prospective,pope_popular,64,True,True,gray|irrelevant,False,False,True,False,False,False,0111,128,True
fastv,pope_popular_002310,prospective,pope_popular,128,True,True,gray|irrelevant,True,True,True,True,True,True,0111,128,True
fastv,pope_popular_002310,prospective,pope_popular,256,True,True,gray|irrelevant,True,True,True,True,True,True,0111,128,True
fastv,pope_popular_002310,prospective,pope_popular,432,True,True,gray|irrelevant,True,True,True,True,True,True,0111,128,True
fastv,pope_popular_002328,prospective,pope_popular,64,True,True,gray|irrelevant,True,True,True,True,True,True,1111,64,True
fastv,pope_popular_002328,prospective,pope_popular,128,True,True,gray|irrelevant,True,True,True,True,True,True,1111,64,True
fastv,pope_popular_002328,prospective,pope_popular,256,True,True,gray|irrelevant,True,True,True,True,True,True,1111,64,True
fastv,pope_popular_002328,prospective,pope_popular,432,True,True,gray|irrelevant,True,True,True,True,True,True,1111,64,True
fastv,pope_popular_002365,prospective,pope_popular,64,True,True,irrelevant,True,True,True,True,True,True,1111,64,True
fastv,pope_popular_002365,prospective,pope_popular,128,True,True,irrelevant,True,True,True,True,True,True,1111,64,True
fastv,pope_popular_002365,prospective,pope_popular,256,True,True,irrelevant,True,True,True,True,True,True,1111,64,True
fastv,pope_popular_002365,prospective,pope_popular,432,True,True,irrelevant,True,True,True,True,True,True,1111,64,True
fastv,pope_popular_002370,prospective,pope_popular,64,False,False,,True,True,True,True,True,,1111,64,True
fastv,pope_popular_002370,prospective,pope_popular,128,False,False,,True,True,True,True,True,,1111,64,True
fastv,pope_popular_002370,prospective,pope_popular,256,False,False,,True,True,True,True,True,,1111,64,True
fastv,pope_popular_002370,prospective,pope_popular,432,False,False,,True,True,True,True,True,,1111,64,True
fastv,pope_popular_002425,prospective,pope_popular,64,True,True,irrelevant,True,True,True,True,True,True,1111,64,True
fastv,pope_popular_002425,prospective,pope_popular,128,True,True,irrelevant,True,True,True,True,True,True,1111,64,True
fastv,pope_popular_002425,prospective,pope_popular,256,True,True,irrelevant,True,True,True,True,True,True,1111,64,True
fastv,pope_popular_002425,prospective,pope_popular,432,True,True,irrelevant,True,True,True,True,True,True,1111,64,True
fastv,pope_popular_002430,prospective,pope_popular,64,True,True,gray|irrelevant,True,True,True,True,True,True,1111,64,True
fastv,pope_popular_002430,prospective,pope_popular,128,True,True,gray|irrelevant,True,True,True,True,True,True,1111,64,True
fastv,pope_popular_002430,prospective,pope_popular,256,True,True,gray|irrelevant,True,True,True,True,True,True,1111,64,True
fastv,pope_popular_002430,prospective,pope_popular,432,True,True,gray|irrelevant,True,True,True,True,True,True,1111,64,True
fastv,pope_popular_002436,prospective,pope_popular,64,True,True,gray|irrelevant,True,True,True,True,True,True,1111,64,True
fastv,pope_popular_002436,prospective,pope_popular,128,True,True,gray|irrelevant,True,True,True,True,True,True,1111,64,True
fastv,pope_popular_002436,prospective,pope_popular,256,True,True,gray|irrelevant,True,True,True,True,True,True,1111,64,True
fastv,pope_popular_002436,prospective,pope_popular,432,True,True,gray|irrelevant,True,True,True,True,True,True,1111,64,True
fastv,pope_popular_002449,prospective,pope_popular,64,True,True,irrelevant,True,True,True,True,True,True,1111,64,True
fastv,pope_popular_002449,prospective,pope_popular,128,True,True,irrelevant,True,True,True,True,True,True,1111,64,True
fastv,pope_popular_002449,prospective,pope_popular,256,True,True,irrelevant,True,True,True,True,True,True,1111,64,True
fastv,pope_popular_002449,prospective,pope_popular,432,True,True,irrelevant,True,True,True,True,True,True,1111,64,True
fastv,pope_popular_002460,prospective,pope_popular,64,True,True,gray,False,False,True,False,False,False,0111,128,True
fastv,pope_popular_002460,prospective,pope_popular,128,True,True,gray,True,True,True,True,True,True,0111,128,True
fastv,pope_popular_002460,prospective,pope_popular,256,True,True,gray,True,True,True,True,True,True,0111,128,True
fastv,pope_popular_002460,prospective,pope_popular,432,True,True,gray,True,True,True,True,True,True,0111,128,True
fastv,pope_popular_002478,prospective,pope_popular,64,True,True,gray|blur|irrelevant,False,False,True,False,False,False,0011,256,True
fastv,pope_popular_002478,prospective,pope_popular,128,True,True,gray|blur|irrelevant,False,False,True,False,False,False,0011,256,True
fastv,pope_popular_002478,prospective,pope_popular,256,True,True,gray|blur|irrelevant,True,True,True,True,True,True,0011,256,True
fastv,pope_popular_002478,prospective,pope_popular,432,True,True,gray|blur|irrelevant,True,True,True,True,True,True,0011,256,True
fastv,pope_popular_002490,prospective,pope_popular,64,True,True,gray,True,True,True,True,True,True,1111,64,True
fastv,pope_popular_002490,prospective,pope_popular,128,True,True,gray,True,True,True,True,True,True,1111,64,True
fastv,pope_popular_002490,prospective,pope_popular,256,True,True,gray,True,True,True,True,True,True,1111,64,True
fastv,pope_popular_002490,prospective,pope_popular,432,True,True,gray,True,True,True,True,True,True,1111,64,True
fastv,pope_popular_002496,prospective,pope_popular,64,False,False,,True,True,True,True,True,,1111,64,True
fastv,pope_popular_002496,prospective,pope_popular,128,False,False,,True,True,True,True,True,,1111,64,True
fastv,pope_popular_002496,prospective,pope_popular,256,False,False,,True,True,True,True,True,,1111,64,True
fastv,pope_popular_002496,prospective,pope_popular,432,False,False,,True,True,True,True,True,,1111,64,True
fastv,pope_popular_002539,prospective,pope_popular,64,True,False,,True,True,True,True,True,,1111,64,True
fastv,pope_popular_002539,prospective,pope_popular,128,True,False,,True,True,True,True,True,,1111,64,True
fastv,pope_popular_002539,prospective,pope_popular,256,True,False,,True,True,True,True,True,,1111,64,True
fastv,pope_popular_002539,prospective,pope_popular,432,True,False,,True,True,True,True,True,,1111,64,True
fastv,pope_popular_002575,prospective,pope_popular,64,True,False,,True,True,True,True,True,,1111,64,True
fastv,pope_popular_002575,prospective,pope_popular,128,True,False,,True,True,True,True,True,,1111,64,True
fastv,pope_popular_002575,prospective,pope_popular,256,True,False,,True,True,True,True,True,,1111,64,True
fastv,pope_popular_002575,prospective,pope_popular,432,True,False,,True,True,True,True,True,,1111,64,True
fastv,pope_popular_002640,prospective,pope_popular,64,False,False,,True,True,True,True,True,,1111,64,True
fastv,pope_popular_002640,prospective,pope_popular,128,False,False,,True,True,True,True,True,,1111,64,True
fastv,pope_popular_002640,prospective,pope_popular,256,False,False,,True,True,True,True,True,,1111,64,True
fastv,pope_popular_002640,prospective,pope_popular,432,False,False,,True,True,True,True,True,,1111,64,True
fastv,pope_popular_002658,prospective,pope_popular,64,True,True,gray|blur|irrelevant,False,False,True,False,False,False,0000,full,True
fastv,pope_popular_002658,prospective,pope_popular,128,True,True,gray|blur|irrelevant,False,False,True,False,False,False,0000,full,True
fastv,pope_popular_002658,prospective,pope_popular,256,True,True,gray|blur|irrelevant,False,False,True,False,False,False,0000,full,True
fastv,pope_popular_002658,prospective,pope_popular,432,True,True,gray|blur|irrelevant,False,False,True,False,False,False,0000,full,True
fastv,pope_popular_002670,prospective,pope_popular,64,True,True,gray|irrelevant,True,True,True,True,True,True,1111,64,True
fastv,pope_popular_002670,prospective,pope_popular,128,True,True,gray|irrelevant,True,True,True,True,True,True,1111,64,True
fastv,pope_popular_002670,prospective,pope_popular,256,True,True,gray|irrelevant,True,True,True,True,True,True,1111,64,True
fastv,pope_popular_002670,prospective,pope_popular,432,True,True,gray|irrelevant,True,True,True,True,True,True,1111,64,True
fastv,pope_popular_002683,prospective,pope_popular,64,True,True,irrelevant,True,False,False,False,False,False,0011,256,True
fastv,pope_popular_002683,prospective,pope_popular,128,True,True,irrelevant,True,False,False,False,False,False,0011,256,True
fastv,pope_popular_002683,prospective,pope_popular,256,True,True,irrelevant,True,True,True,True,True,True,0011,256,True
fastv,pope_popular_002683,prospective,pope_popular,432,True,True,irrelevant,True,True,True,True,True,True,0011,256,True
fastv,pope_popular_002689,prospective,pope_popular,64,True,False,,True,True,True,True,True,,1111,64,True
fastv,pope_popular_002689,prospective,pope_popular,128,True,False,,True,True,True,True,True,,1111,64,True
fastv,pope_popular_002689,prospective,pope_popular,256,True,False,,True,True,True,True,True,,1111,64,True
fastv,pope_popular_002689,prospective,pope_popular,432,True,False,,True,True,True,True,True,,1111,64,True
fastv,pope_popular_002724,prospective,pope_popular,64,True,True,gray|irrelevant,True,True,True,True,True,True,1111,64,True
fastv,pope_popular_002724,prospective,pope_popular,128,True,True,gray|irrelevant,True,True,True,True,True,True,1111,64,True
fastv,pope_popular_002724,prospective,pope_popular,256,True,True,gray|irrelevant,True,True,True,True,True,True,1111,64,True
fastv,pope_popular_002724,prospective,pope_popular,432,True,True,gray|irrelevant,True,True,True,True,True,True,1111,64,True
fastv,pope_popular_002737,prospective,pope_popular,64,True,False,,True,True,True,True,True,,1111,64,True
fastv,pope_popular_002737,prospective,pope_popular,128,True,False,,True,True,True,True,True,,1111,64,True
fastv,pope_popular_002737,prospective,pope_popular,256,True,False,,True,True,True,True,True,,1111,64,True
fastv,pope_popular_002737,prospective,pope_popular,432,True,False,,True,True,True,True,True,,1111,64,True
fastv,pope_popular_002784,prospective,pope_popular,64,False,False,,True,True,True,True,True,,1111,64,True
fastv,pope_popular_002784,prospective,pope_popular,128,False,False,,True,True,True,True,True,,1111,64,True
fastv,pope_popular_002784,prospective,pope_popular,256,False,False,,True,True,True,True,True,,1111,64,True
fastv,pope_popular_002784,prospective,pope_popular,432,False,False,,True,True,True,True,True,,1111,64,True
fastv,pope_popular_002808,prospective,pope_popular,64,True,True,gray|blur|irrelevant,False,False,True,False,False,False,0001,432,True
fastv,pope_popular_002808,prospective,pope_popular,128,True,True,gray|blur|irrelevant,False,False,True,False,False,False,0001,432,True
fastv,pope_popular_002808,prospective,pope_popular,256,True,True,gray|blur|irrelevant,False,False,True,False,False,False,0001,432,True
fastv,pope_popular_002808,prospective,pope_popular,432,True,True,gray|blur|irrelevant,True,True,True,True,True,True,0001,432,True
fastv,pope_popular_002898,prospective,pope_popular,64,False,False,,True,True,True,True,True,,1111,64,True
fastv,pope_popular_002898,prospective,pope_popular,128,False,False,,True,True,True,True,True,,1111,64,True
fastv,pope_popular_002898,prospective,pope_popular,256,False,False,,True,True,True,True,True,,1111,64,True
fastv,pope_popular_002898,prospective,pope_popular,432,False,False,,True,True,True,True,True,,1111,64,True
fastv,pope_popular_002923,prospective,pope_popular,64,True,False,,True,True,True,True,True,,1111,64,True
fastv,pope_popular_002923,prospective,pope_popular,128,True,False,,True,True,True,True,True,,1111,64,True
fastv,pope_popular_002923,prospective,pope_popular,256,True,False,,True,True,True,True,True,,1111,64,True
fastv,pope_popular_002923,prospective,pope_popular,432,True,False,,True,True,True,True,True,,1111,64,True
fastv,pope_popular_002941,prospective,pope_popular,64,True,False,,True,True,True,True,True,,1111,64,True
fastv,pope_popular_002941,prospective,pope_popular,128,True,False,,True,True,True,True,True,,1111,64,True
fastv,pope_popular_002941,prospective,pope_popular,256,True,False,,True,True,True,True,True,,1111,64,True
fastv,pope_popular_002941,prospective,pope_popular,432,True,False,,True,True,True,True,True,,1111,64,True
fastv,pope_popular_002965,prospective,pope_popular,64,True,False,,True,True,True,True,True,,1111,64,True
fastv,pope_popular_002965,prospective,pope_popular,128,True,False,,True,True,True,True,True,,1111,64,True
fastv,pope_popular_002965,prospective,pope_popular,256,True,False,,True,True,True,True,True,,1111,64,True
fastv,pope_popular_002965,prospective,pope_popular,432,True,False,,True,True,True,True,True,,1111,64,True
fastv,pope_random_000751,prospective,pope_random,64,True,False,,True,True,True,True,True,,1111,64,True
fastv,pope_random_000751,prospective,pope_random,128,True,False,,True,True,True,True,True,,1111,64,True
fastv,pope_random_000751,prospective,pope_random,256,True,False,,True,True,True,True,True,,1111,64,True
fastv,pope_random_000751,prospective,pope_random,432,True,False,,True,True,True,True,True,,1111,64,True
fastv,pope_random_000774,prospective,pope_random,64,False,False,,True,True,True,True,True,,1111,64,True
fastv,pope_random_000774,prospective,pope_random,128,False,False,,True,True,True,True,True,,1111,64,True
fastv,pope_random_000774,prospective,pope_random,256,False,False,,True,True,True,True,True,,1111,64,True
fastv,pope_random_000774,prospective,pope_random,432,False,False,,True,True,True,True,True,,1111,64,True
fastv,pope_random_000792,prospective,pope_random,64,False,False,,True,True,True,True,True,,1111,64,True
fastv,pope_random_000792,prospective,pope_random,128,False,False,,True,True,True,True,True,,1111,64,True
fastv,pope_random_000792,prospective,pope_random,256,False,False,,True,True,True,True,True,,1111,64,True
fastv,pope_random_000792,prospective,pope_random,432,False,False,,True,True,True,True,True,,1111,64,True
fastv,pope_random_000800,prospective,pope_random,64,True,True,gray|blur|irrelevant,False,False,True,False,False,False,0001,432,True
fastv,pope_random_000800,prospective,pope_random,128,True,True,gray|blur|irrelevant,False,False,True,False,False,False,0001,432,True
fastv,pope_random_000800,prospective,pope_random,256,True,True,gray|blur|irrelevant,False,False,True,False,False,False,0001,432,True
fastv,pope_random_000800,prospective,pope_random,432,True,True,gray|blur|irrelevant,True,True,True,True,True,True,0001,432,True
fastv,pope_random_000816,prospective,pope_random,64,True,True,gray,False,False,True,False,False,False,0111,128,True
fastv,pope_random_000816,prospective,pope_random,128,True,True,gray,True,True,True,True,True,True,0111,128,True
fastv,pope_random_000816,prospective,pope_random,256,True,True,gray,True,True,True,True,True,True,0111,128,True
fastv,pope_random_000816,prospective,pope_random,432,True,True,gray,True,True,True,True,True,True,0111,128,True
fastv,pope_random_000822,prospective,pope_random,64,False,False,,True,True,True,True,True,,1111,64,True
fastv,pope_random_000822,prospective,pope_random,128,False,False,,True,True,True,True,True,,1111,64,True
fastv,pope_random_000822,prospective,pope_random,256,False,False,,True,True,True,True,True,,1111,64,True
fastv,pope_random_000822,prospective,pope_random,432,False,False,,True,True,True,True,True,,1111,64,True
fastv,pope_random_000828,prospective,pope_random,64,False,False,,True,True,True,True,True,,1111,64,True
fastv,pope_random_000828,prospective,pope_random,128,False,False,,True,True,True,True,True,,1111,64,True
fastv,pope_random_000828,prospective,pope_random,256,False,False,,True,True,True,True,True,,1111,64,True
fastv,pope_random_000828,prospective,pope_random,432,False,False,,True,True,True,True,True,,1111,64,True
fastv,pope_random_000846,prospective,pope_random,64,False,False,,True,True,True,True,True,,1111,64,True
fastv,pope_random_000846,prospective,pope_random,128,False,False,,True,True,True,True,True,,1111,64,True
fastv,pope_random_000846,prospective,pope_random,256,False,False,,True,True,True,True,True,,1111,64,True
fastv,pope_random_000846,prospective,pope_random,432,False,False,,True,True,True,True,True,,1111,64,True
fastv,pope_random_000852,prospective,pope_random,64,True,True,gray,False,False,True,False,False,False,0011,256,True
fastv,pope_random_000852,prospective,pope_random,128,True,True,gray,False,False,True,False,False,False,0011,256,True
fastv,pope_random_000852,prospective,pope_random,256,True,True,gray,True,True,True,True,True,True,0011,256,True
fastv,pope_random_000852,prospective,pope_random,432,True,True,gray,True,True,True,True,True,True,0011,256,True
fastv,pope_random_000870,prospective,pope_random,64,True,True,gray|irrelevant,True,True,True,True,True,True,1111,64,True
fastv,pope_random_000870,prospective,pope_random,128,True,True,gray|irrelevant,True,True,True,True,True,True,1111,64,True
fastv,pope_random_000870,prospective,pope_random,256,True,True,gray|irrelevant,True,True,True,True,True,True,1111,64,True
fastv,pope_random_000870,prospective,pope_random,432,True,True,gray|irrelevant,True,True,True,True,True,True,1111,64,True
fastv,pope_random_000876,prospective,pope_random,64,True,True,gray|irrelevant,True,True,True,True,True,True,1111,64,True
fastv,pope_random_000876,prospective,pope_random,128,True,True,gray|irrelevant,True,True,True,True,True,True,1111,64,True
fastv,pope_random_000876,prospective,pope_random,256,True,True,gray|irrelevant,True,True,True,True,True,True,1111,64,True
fastv,pope_random_000876,prospective,pope_random,432,True,True,gray|irrelevant,True,True,True,True,True,True,1111,64,True
fastv,pope_random_000882,prospective,pope_random,64,False,False,,True,True,True,True,True,,1111,64,True
fastv,pope_random_000882,prospective,pope_random,128,False,False,,True,True,True,True,True,,1111,64,True
fastv,pope_random_000882,prospective,pope_random,256,False,False,,True,True,True,True,True,,1111,64,True
fastv,pope_random_000882,prospective,pope_random,432,False,False,,True,True,True,True,True,,1111,64,True
fastv,pope_random_000888,prospective,pope_random,64,True,True,gray|irrelevant,True,True,True,True,True,True,1111,64,True
fastv,pope_random_000888,prospective,pope_random,128,True,True,gray|irrelevant,True,True,True,True,True,True,1111,64,True
fastv,pope_random_000888,prospective,pope_random,256,True,True,gray|irrelevant,True,True,True,True,True,True,1111,64,True
fastv,pope_random_000888,prospective,pope_random,432,True,True,gray|irrelevant,True,True,True,True,True,True,1111,64,True
fastv,pope_random_000900,prospective,pope_random,64,True,True,gray|irrelevant,True,True,True,True,True,True,1111,64,True
fastv,pope_random_000900,prospective,pope_random,128,True,True,gray|irrelevant,True,True,True,True,True,True,1111,64,True
fastv,pope_random_000900,prospective,pope_random,256,True,True,gray|irrelevant,True,True,True,True,True,True,1111,64,True
fastv,pope_random_000900,prospective,pope_random,432,True,True,gray|irrelevant,True,True,True,True,True,True,1111,64,True
fastv,pope_random_000907,prospective,pope_random,64,True,False,,True,True,True,True,True,,1111,64,True
fastv,pope_random_000907,prospective,pope_random,128,True,False,,True,True,True,True,True,,1111,64,True
fastv,pope_random_000907,prospective,pope_random,256,True,False,,True,True,True,True,True,,1111,64,True
fastv,pope_random_000907,prospective,pope_random,432,True,False,,True,True,True,True,True,,1111,64,True
fastv,pope_random_000912,prospective,pope_random,64,True,True,gray|blur|irrelevant,False,False,True,False,False,False,0011,256,True
fastv,pope_random_000912,prospective,pope_random,128,True,True,gray|blur|irrelevant,False,False,True,False,False,False,0011,256,True
fastv,pope_random_000912,prospective,pope_random,256,True,True,gray|blur|irrelevant,True,True,True,True,True,True,0011,256,True
fastv,pope_random_000912,prospective,pope_random,432,True,True,gray|blur|irrelevant,True,True,True,True,True,True,0011,256,True
fastv,pope_random_001020,prospective,pope_random,64,True,True,gray|blur|irrelevant,False,False,True,False,False,False,0001,432,True
fastv,pope_random_001020,prospective,pope_random,128,True,True,gray|blur|irrelevant,False,False,True,False,False,False,0001,432,True
fastv,pope_random_001020,prospective,pope_random,256,True,True,gray|blur|irrelevant,False,False,True,False,False,False,0001,432,True
fastv,pope_random_001020,prospective,pope_random,432,True,True,gray|blur|irrelevant,True,True,True,True,True,True,0001,432,True
fastv,pope_random_001050,prospective,pope_random,64,False,False,,True,True,True,True,True,,1111,64,True
fastv,pope_random_001050,prospective,pope_random,128,False,False,,True,True,True,True,True,,1111,64,True
fastv,pope_random_001050,prospective,pope_random,256,False,False,,True,True,True,True,True,,1111,64,True
fastv,pope_random_001050,prospective,pope_random,432,False,False,,True,True,True,True,True,,1111,64,True
fastv,pope_random_001086,prospective,pope_random,64,True,True,gray,False,False,True,False,False,False,0111,128,True
fastv,pope_random_001086,prospective,pope_random,128,True,True,gray,True,True,True,True,True,True,0111,128,True
fastv,pope_random_001086,prospective,pope_random,256,True,True,gray,True,True,True,True,True,True,0111,128,True
fastv,pope_random_001086,prospective,pope_random,432,True,True,gray,True,True,True,True,True,True,0111,128,True
fastv,pope_random_001104,prospective,pope_random,64,True,True,gray|irrelevant,True,True,True,True,True,True,1111,64,True
fastv,pope_random_001104,prospective,pope_random,128,True,True,gray|irrelevant,True,True,True,True,True,True,1111,64,True
fastv,pope_random_001104,prospective,pope_random,256,True,True,gray|irrelevant,True,True,True,True,True,True,1111,64,True
fastv,pope_random_001104,prospective,pope_random,432,True,True,gray|irrelevant,True,True,True,True,True,True,1111,64,True
fastv,pope_random_001110,prospective,pope_random,64,False,False,,True,True,True,True,True,,1111,64,True
fastv,pope_random_001110,prospective,pope_random,128,False,False,,True,True,True,True,True,,1111,64,True
fastv,pope_random_001110,prospective,pope_random,256,False,False,,True,True,True,True,True,,1111,64,True
fastv,pope_random_001110,prospective,pope_random,432,False,False,,True,True,True,True,True,,1111,64,True
fastv,pope_random_001122,prospective,pope_random,64,True,True,gray|irrelevant,False,False,True,False,False,False,0111,128,True
fastv,pope_random_001122,prospective,pope_random,128,True,True,gray|irrelevant,True,True,True,True,True,True,0111,128,True
fastv,pope_random_001122,prospective,pope_random,256,True,True,gray|irrelevant,True,True,True,True,True,True,0111,128,True
fastv,pope_random_001122,prospective,pope_random,432,True,True,gray|irrelevant,True,True,True,True,True,True,0111,128,True
fastv,pope_random_001128,prospective,pope_random,64,True,True,gray,True,True,True,True,True,True,1111,64,True
fastv,pope_random_001128,prospective,pope_random,128,True,True,gray,True,True,True,True,True,True,1111,64,True
fastv,pope_random_001128,prospective,pope_random,256,True,True,gray,True,True,True,True,True,True,1111,64,True
fastv,pope_random_001128,prospective,pope_random,432,True,True,gray,True,True,True,True,True,True,1111,64,True
fastv,pope_random_001134,prospective,pope_random,64,False,False,,True,True,True,True,True,,1111,64,True
fastv,pope_random_001134,prospective,pope_random,128,False,False,,True,True,True,True,True,,1111,64,True
fastv,pope_random_001134,prospective,pope_random,256,False,False,,True,True,True,True,True,,1111,64,True
fastv,pope_random_001134,prospective,pope_random,432,False,False,,True,True,True,True,True,,1111,64,True
fastv,pope_random_001141,prospective,pope_random,64,True,False,,True,True,True,True,True,,1111,64,True
fastv,pope_random_001141,prospective,pope_random,128,True,False,,True,True,True,True,True,,1111,64,True
fastv,pope_random_001141,prospective,pope_random,256,True,False,,True,True,True,True,True,,1111,64,True
fastv,pope_random_001141,prospective,pope_random,432,True,False,,True,True,True,True,True,,1111,64,True
fastv,pope_random_001146,prospective,pope_random,64,True,True,gray|irrelevant,True,True,True,True,True,True,1111,64,True
fastv,pope_random_001146,prospective,pope_random,128,True,True,gray|irrelevant,True,True,True,True,True,True,1111,64,True
fastv,pope_random_001146,prospective,pope_random,256,True,True,gray|irrelevant,True,True,True,True,True,True,1111,64,True
fastv,pope_random_001146,prospective,pope_random,432,True,True,gray|irrelevant,True,True,True,True,True,True,1111,64,True
fastv,pope_random_001200,prospective,pope_random,64,False,False,,True,True,True,True,True,,1111,64,True
fastv,pope_random_001200,prospective,pope_random,128,False,False,,True,True,True,True,True,,1111,64,True
fastv,pope_random_001200,prospective,pope_random,256,False,False,,True,True,True,True,True,,1111,64,True
fastv,pope_random_001200,prospective,pope_random,432,False,False,,True,True,True,True,True,,1111,64,True
fastv,pope_random_001218,prospective,pope_random,64,True,True,gray|blur|irrelevant,False,False,True,False,False,False,0111,128,True
fastv,pope_random_001218,prospective,pope_random,128,True,True,gray|blur|irrelevant,True,True,True,True,True,True,0111,128,True
fastv,pope_random_001218,prospective,pope_random,256,True,True,gray|blur|irrelevant,True,True,True,True,True,True,0111,128,True
fastv,pope_random_001218,prospective,pope_random,432,True,True,gray|blur|irrelevant,True,True,True,True,True,True,0111,128,True
fastv,pope_random_001248,prospective,pope_random,64,False,False,,True,True,True,True,True,,1111,64,True
fastv,pope_random_001248,prospective,pope_random,128,False,False,,True,True,True,True,True,,1111,64,True
fastv,pope_random_001248,prospective,pope_random,256,False,False,,True,True,True,True,True,,1111,64,True
fastv,pope_random_001248,prospective,pope_random,432,False,False,,True,True,True,True,True,,1111,64,True
fastv,pope_random_001278,prospective,pope_random,64,True,True,gray|blur|irrelevant,False,False,True,False,False,False,0111,128,True
fastv,pope_random_001278,prospective,pope_random,128,True,True,gray|blur|irrelevant,True,True,True,True,True,True,0111,128,True
fastv,pope_random_001278,prospective,pope_random,256,True,True,gray|blur|irrelevant,True,True,True,True,True,True,0111,128,True
fastv,pope_random_001278,prospective,pope_random,432,True,True,gray|blur|irrelevant,True,True,True,True,True,True,0111,128,True
fastv,pope_random_001302,prospective,pope_random,64,True,True,gray|irrelevant,False,False,True,False,False,False,0111,128,True
fastv,pope_random_001302,prospective,pope_random,128,True,True,gray|irrelevant,True,True,True,True,True,True,0111,128,True
fastv,pope_random_001302,prospective,pope_random,256,True,True,gray|irrelevant,True,True,True,True,True,True,0111,128,True
fastv,pope_random_001302,prospective,pope_random,432,True,True,gray|irrelevant,True,True,True,True,True,True,0111,128,True
fastv,pope_random_001338,prospective,pope_random,64,True,True,gray|blur|irrelevant,False,False,True,False,False,False,0111,128,True
fastv,pope_random_001338,prospective,pope_random,128,True,True,gray|blur|irrelevant,True,True,True,True,True,True,0111,128,True
fastv,pope_random_001338,prospective,pope_random,256,True,True,gray|blur|irrelevant,True,True,True,True,True,True,0111,128,True
fastv,pope_random_001338,prospective,pope_random,432,True,True,gray|blur|irrelevant,True,True,True,True,True,True,0111,128,True
fastv,pope_random_001362,prospective,pope_random,64,True,True,gray|irrelevant,False,False,True,False,False,False,0111,128,True
fastv,pope_random_001362,prospective,pope_random,128,True,True,gray|irrelevant,True,True,True,True,True,True,0111,128,True
fastv,pope_random_001362,prospective,pope_random,256,True,True,gray|irrelevant,True,True,True,True,True,True,0111,128,True
fastv,pope_random_001362,prospective,pope_random,432,True,True,gray|irrelevant,True,True,True,True,True,True,0111,128,True
fastv,pope_random_001386,prospective,pope_random,64,False,False,,True,True,True,True,True,,1111,64,True
fastv,pope_random_001386,prospective,pope_random,128,False,False,,True,True,True,True,True,,1111,64,True
fastv,pope_random_001386,prospective,pope_random,256,False,False,,True,True,True,True,True,,1111,64,True
fastv,pope_random_001386,prospective,pope_random,432,False,False,,True,True,True,True,True,,1111,64,True
fastv,pope_random_001423,prospective,pope_random,64,True,False,,True,True,True,True,True,,1111,64,True
fastv,pope_random_001423,prospective,pope_random,128,True,False,,True,True,True,True,True,,1111,64,True
fastv,pope_random_001423,prospective,pope_random,256,True,False,,True,True,True,True,True,,1111,64,True
fastv,pope_random_001423,prospective,pope_random,432,True,False,,True,True,True,True,True,,1111,64,True
fastv,pope_random_001480,prospective,pope_random,64,True,True,gray,False,False,True,False,False,False,0111,128,True
fastv,pope_random_001480,prospective,pope_random,128,True,True,gray,True,True,True,True,True,True,0111,128,True
fastv,pope_random_001480,prospective,pope_random,256,True,True,gray,True,True,True,True,True,True,0111,128,True
fastv,pope_random_001480,prospective,pope_random,432,True,True,gray,True,True,True,True,True,True,0111,128,True
fastv,pope_random_001520,prospective,pope_random,64,True,True,gray|blur|irrelevant,True,True,True,True,True,True,1111,64,True
fastv,pope_random_001520,prospective,pope_random,128,True,True,gray|blur|irrelevant,True,True,True,True,True,True,1111,64,True
fastv,pope_random_001520,prospective,pope_random,256,True,True,gray|blur|irrelevant,True,True,True,True,True,True,1111,64,True
fastv,pope_random_001520,prospective,pope_random,432,True,True,gray|blur|irrelevant,True,True,True,True,True,True,1111,64,True
fastv,pope_random_001554,prospective,pope_random,64,True,True,gray|blur|irrelevant,False,False,True,False,False,False,0011,256,True
fastv,pope_random_001554,prospective,pope_random,128,True,True,gray|blur|irrelevant,False,False,True,False,False,False,0011,256,True
fastv,pope_random_001554,prospective,pope_random,256,True,True,gray|blur|irrelevant,True,True,True,True,True,True,0011,256,True
fastv,pope_random_001554,prospective,pope_random,432,True,True,gray|blur|irrelevant,True,True,True,True,True,True,0011,256,True
fastv,pope_random_001574,prospective,pope_random,64,True,True,gray|blur|irrelevant,True,True,True,True,True,True,1111,64,True
fastv,pope_random_001574,prospective,pope_random,128,True,True,gray|blur|irrelevant,True,True,True,True,True,True,1111,64,True
fastv,pope_random_001574,prospective,pope_random,256,True,True,gray|blur|irrelevant,True,True,True,True,True,True,1111,64,True
fastv,pope_random_001574,prospective,pope_random,432,True,True,gray|blur|irrelevant,True,True,True,True,True,True,1111,64,True
fastv,pope_random_001620,prospective,pope_random,64,True,True,gray|irrelevant,True,True,True,True,True,True,1111,64,True
fastv,pope_random_001620,prospective,pope_random,128,True,True,gray|irrelevant,True,True,True,True,True,True,1111,64,True
fastv,pope_random_001620,prospective,pope_random,256,True,True,gray|irrelevant,True,True,True,True,True,True,1111,64,True
fastv,pope_random_001620,prospective,pope_random,432,True,True,gray|irrelevant,True,True,True,True,True,True,1111,64,True
fastv,pope_random_001674,prospective,pope_random,64,True,True,gray|blur,False,False,True,False,False,False,0111,128,True
fastv,pope_random_001674,prospective,pope_random,128,True,True,gray|blur,True,True,True,True,True,True,0111,128,True
fastv,pope_random_001674,prospective,pope_random,256,True,True,gray|blur,True,True,True,True,True,True,0111,128,True
fastv,pope_random_001674,prospective,pope_random,432,True,True,gray|blur,True,True,True,True,True,True,0111,128,True
fastv,pope_random_001682,prospective,pope_random,64,False,False,,True,True,True,True,True,,1111,64,True
fastv,pope_random_001682,prospective,pope_random,128,False,False,,True,True,True,True,True,,1111,64,True
fastv,pope_random_001682,prospective,pope_random,256,False,False,,True,True,True,True,True,,1111,64,True
fastv,pope_random_001682,prospective,pope_random,432,False,False,,True,True,True,True,True,,1111,64,True
fastv,pope_random_001740,prospective,pope_random,64,False,False,,True,True,True,True,True,,1111,64,True
fastv,pope_random_001740,prospective,pope_random,128,False,False,,True,True,True,True,True,,1111,64,True
fastv,pope_random_001740,prospective,pope_random,256,False,False,,True,True,True,True,True,,1111,64,True
fastv,pope_random_001740,prospective,pope_random,432,False,False,,True,True,True,True,True,,1111,64,True
fastv,pope_random_001754,prospective,pope_random,64,True,True,gray|irrelevant,True,True,True,True,True,True,1111,64,True
fastv,pope_random_001754,prospective,pope_random,128,True,True,gray|irrelevant,True,True,True,True,True,True,1111,64,True
fastv,pope_random_001754,prospective,pope_random,256,True,True,gray|irrelevant,True,True,True,True,True,True,1111,64,True
fastv,pope_random_001754,prospective,pope_random,432,True,True,gray|irrelevant,True,True,True,True,True,True,1111,64,True
fastv,pope_random_001764,prospective,pope_random,64,True,True,gray|irrelevant,True,True,True,True,True,True,1111,64,True
fastv,pope_random_001764,prospective,pope_random,128,True,True,gray|irrelevant,True,True,True,True,True,True,1111,64,True
fastv,pope_random_001764,prospective,pope_random,256,True,True,gray|irrelevant,True,True,True,True,True,True,1111,64,True
fastv,pope_random_001764,prospective,pope_random,432,True,True,gray|irrelevant,True,True,True,True,True,True,1111,64,True
fastv,pope_random_001801,prospective,pope_random,64,True,False,,True,True,True,True,True,,1111,64,True
fastv,pope_random_001801,prospective,pope_random,128,True,False,,True,True,True,True,True,,1111,64,True
fastv,pope_random_001801,prospective,pope_random,256,True,False,,True,True,True,True,True,,1111,64,True
fastv,pope_random_001801,prospective,pope_random,432,True,False,,True,True,True,True,True,,1111,64,True
fastv,pope_random_001814,prospective,pope_random,64,True,True,gray|irrelevant,False,False,True,False,False,False,0111,128,True
fastv,pope_random_001814,prospective,pope_random,128,True,True,gray|irrelevant,True,True,True,True,True,True,0111,128,True
fastv,pope_random_001814,prospective,pope_random,256,True,True,gray|irrelevant,True,True,True,True,True,True,0111,128,True
fastv,pope_random_001814,prospective,pope_random,432,True,True,gray|irrelevant,True,True,True,True,True,True,0111,128,True
fastv,pope_random_001832,prospective,pope_random,64,True,True,gray|blur|irrelevant,True,True,True,True,True,True,1011,64,False
fastv,pope_random_001832,prospective,pope_random,128,True,True,gray|blur|irrelevant,False,False,True,False,False,False,1011,64,False
fastv,pope_random_001832,prospective,pope_random,256,True,True,gray|blur|irrelevant,True,True,True,True,True,True,1011,64,False
fastv,pope_random_001832,prospective,pope_random,432,True,True,gray|blur|irrelevant,True,True,True,True,True,True,1011,64,False
fastv,pope_random_001842,prospective,pope_random,64,False,False,,False,True,True,False,False,,0001,432,True
fastv,pope_random_001842,prospective,pope_random,128,False,False,,False,True,True,False,False,,0001,432,True
fastv,pope_random_001842,prospective,pope_random,256,False,False,,False,True,True,False,False,,0001,432,True
fastv,pope_random_001842,prospective,pope_random,432,False,False,,True,True,True,True,True,,0001,432,True
fastv,pope_random_001854,prospective,pope_random,64,False,True,blur,True,False,False,False,False,,0001,432,True
fastv,pope_random_001854,prospective,pope_random,128,False,True,blur,True,False,False,False,False,,0001,432,True
fastv,pope_random_001854,prospective,pope_random,256,False,True,blur,True,False,False,False,False,,0001,432,True
fastv,pope_random_001854,prospective,pope_random,432,False,True,blur,True,True,True,True,True,,0001,432,True
fastv,pope_random_001872,prospective,pope_random,64,False,False,,True,True,True,True,True,,1111,64,True
fastv,pope_random_001872,prospective,pope_random,128,False,False,,True,True,True,True,True,,1111,64,True
fastv,pope_random_001872,prospective,pope_random,256,False,False,,True,True,True,True,True,,1111,64,True
fastv,pope_random_001872,prospective,pope_random,432,False,False,,True,True,True,True,True,,1111,64,True
fastv,pope_random_001878,prospective,pope_random,64,True,True,gray|blur|irrelevant,True,True,True,True,True,True,1111,64,True
fastv,pope_random_001878,prospective,pope_random,128,True,True,gray|blur|irrelevant,True,True,True,True,True,True,1111,64,True
fastv,pope_random_001878,prospective,pope_random,256,True,True,gray|blur|irrelevant,True,True,True,True,True,True,1111,64,True
fastv,pope_random_001878,prospective,pope_random,432,True,True,gray|blur|irrelevant,True,True,True,True,True,True,1111,64,True
fastv,pope_random_001921,prospective,pope_random,64,True,False,,True,True,True,True,True,,1111,64,True
fastv,pope_random_001921,prospective,pope_random,128,True,False,,True,True,True,True,True,,1111,64,True
fastv,pope_random_001921,prospective,pope_random,256,True,False,,True,True,True,True,True,,1111,64,True
fastv,pope_random_001921,prospective,pope_random,432,True,False,,True,True,True,True,True,,1111,64,True
fastv,pope_random_001938,prospective,pope_random,64,True,True,gray,True,True,True,True,True,True,1111,64,True
fastv,pope_random_001938,prospective,pope_random,128,True,True,gray,True,True,True,True,True,True,1111,64,True
fastv,pope_random_001938,prospective,pope_random,256,True,True,gray,True,True,True,True,True,True,1111,64,True
fastv,pope_random_001938,prospective,pope_random,432,True,True,gray,True,True,True,True,True,True,1111,64,True
fastv,pope_random_001963,prospective,pope_random,64,True,False,,True,True,True,True,True,,1111,64,True
fastv,pope_random_001963,prospective,pope_random,128,True,False,,True,True,True,True,True,,1111,64,True
fastv,pope_random_001963,prospective,pope_random,256,True,False,,True,True,True,True,True,,1111,64,True
fastv,pope_random_001963,prospective,pope_random,432,True,False,,True,True,True,True,True,,1111,64,True
fastv,pope_random_001982,prospective,pope_random,64,True,True,gray|irrelevant,False,False,True,False,False,False,0000,full,True
fastv,pope_random_001982,prospective,pope_random,128,True,True,gray|irrelevant,False,False,True,False,False,False,0000,full,True
fastv,pope_random_001982,prospective,pope_random,256,True,True,gray|irrelevant,False,False,True,False,False,False,0000,full,True
fastv,pope_random_001982,prospective,pope_random,432,True,True,gray|irrelevant,False,False,True,False,False,False,0000,full,True
fastv,pope_random_001992,prospective,pope_random,64,True,True,gray|irrelevant,True,True,True,True,True,True,1111,64,True
fastv,pope_random_001992,prospective,pope_random,128,True,True,gray|irrelevant,True,True,True,True,True,True,1111,64,True
fastv,pope_random_001992,prospective,pope_random,256,True,True,gray|irrelevant,True,True,True,True,True,True,1111,64,True
fastv,pope_random_001992,prospective,pope_random,432,True,True,gray|irrelevant,True,True,True,True,True,True,1111,64,True
fastv,pope_random_002036,prospective,pope_random,64,True,True,gray,True,True,True,True,True,True,1111,64,True
fastv,pope_random_002036,prospective,pope_random,128,True,True,gray,True,True,True,True,True,True,1111,64,True
fastv,pope_random_002036,prospective,pope_random,256,True,True,gray,True,True,True,True,True,True,1111,64,True
fastv,pope_random_002036,prospective,pope_random,432,True,True,gray,True,True,True,True,True,True,1111,64,True
fastv,pope_random_002082,prospective,pope_random,64,True,True,gray,False,False,True,False,False,False,0111,128,True
fastv,pope_random_002082,prospective,pope_random,128,True,True,gray,True,True,True,True,True,True,0111,128,True
fastv,pope_random_002082,prospective,pope_random,256,True,True,gray,True,True,True,True,True,True,0111,128,True
fastv,pope_random_002082,prospective,pope_random,432,True,True,gray,True,True,True,True,True,True,0111,128,True
fastv,pope_random_002088,prospective,pope_random,64,False,True,blur,True,False,False,False,False,,0011,256,True
fastv,pope_random_002088,prospective,pope_random,128,False,True,blur,True,False,False,False,False,,0011,256,True
fastv,pope_random_002088,prospective,pope_random,256,False,True,blur,True,True,True,True,True,,0011,256,True
fastv,pope_random_002088,prospective,pope_random,432,False,True,blur,True,True,True,True,True,,0011,256,True
fastv,pope_random_002094,prospective,pope_random,64,False,True,irrelevant,True,True,True,True,True,,1111,64,True
fastv,pope_random_002094,prospective,pope_random,128,False,True,irrelevant,True,True,True,True,True,,1111,64,True
fastv,pope_random_002094,prospective,pope_random,256,False,True,irrelevant,True,True,True,True,True,,1111,64,True
fastv,pope_random_002094,prospective,pope_random,432,False,True,irrelevant,True,True,True,True,True,,1111,64,True
fastv,pope_random_002100,prospective,pope_random,64,False,False,,True,True,True,True,True,,1111,64,True
fastv,pope_random_002100,prospective,pope_random,128,False,False,,True,True,True,True,True,,1111,64,True
fastv,pope_random_002100,prospective,pope_random,256,False,False,,True,True,True,True,True,,1111,64,True
fastv,pope_random_002100,prospective,pope_random,432,False,False,,True,True,True,True,True,,1111,64,True
fastv,pope_random_002114,prospective,pope_random,64,False,False,,True,True,True,True,True,,1111,64,True
fastv,pope_random_002114,prospective,pope_random,128,False,False,,True,True,True,True,True,,1111,64,True
fastv,pope_random_002114,prospective,pope_random,256,False,False,,True,True,True,True,True,,1111,64,True
fastv,pope_random_002114,prospective,pope_random,432,False,False,,True,True,True,True,True,,1111,64,True
fastv,pope_random_002124,prospective,pope_random,64,True,True,gray|irrelevant,True,True,True,True,True,True,1111,64,True
fastv,pope_random_002124,prospective,pope_random,128,True,True,gray|irrelevant,True,True,True,True,True,True,1111,64,True
fastv,pope_random_002124,prospective,pope_random,256,True,True,gray|irrelevant,True,True,True,True,True,True,1111,64,True
fastv,pope_random_002124,prospective,pope_random,432,True,True,gray|irrelevant,True,True,True,True,True,True,1111,64,True
fastv,pope_random_002136,prospective,pope_random,64,True,True,gray,True,True,True,True,True,True,1111,64,True
fastv,pope_random_002136,prospective,pope_random,128,True,True,gray,True,True,True,True,True,True,1111,64,True
fastv,pope_random_002136,prospective,pope_random,256,True,True,gray,True,True,True,True,True,True,1111,64,True
fastv,pope_random_002136,prospective,pope_random,432,True,True,gray,True,True,True,True,True,True,1111,64,True
fastv,pope_random_002166,prospective,pope_random,64,False,False,,True,True,True,True,True,,1111,64,True
fastv,pope_random_002166,prospective,pope_random,128,False,False,,True,True,True,True,True,,1111,64,True
fastv,pope_random_002166,prospective,pope_random,256,False,False,,True,True,True,True,True,,1111,64,True
fastv,pope_random_002166,prospective,pope_random,432,False,False,,True,True,True,True,True,,1111,64,True
fastv,pope_random_002214,prospective,pope_random,64,True,True,gray|blur|irrelevant,False,False,True,False,False,False,0011,256,True
fastv,pope_random_002214,prospective,pope_random,128,True,True,gray|blur|irrelevant,False,False,True,False,False,False,0011,256,True
fastv,pope_random_002214,prospective,pope_random,256,True,True,gray|blur|irrelevant,True,True,True,True,True,True,0011,256,True
fastv,pope_random_002214,prospective,pope_random,432,True,True,gray|blur|irrelevant,True,True,True,True,True,True,0011,256,True
fastv,pope_random_002238,prospective,pope_random,64,True,True,gray|irrelevant,True,True,True,True,True,True,1111,64,True
fastv,pope_random_002238,prospective,pope_random,128,True,True,gray|irrelevant,True,True,True,True,True,True,1111,64,True
fastv,pope_random_002238,prospective,pope_random,256,True,True,gray|irrelevant,True,True,True,True,True,True,1111,64,True
fastv,pope_random_002238,prospective,pope_random,432,True,True,gray|irrelevant,True,True,True,True,True,True,1111,64,True
fastv,pope_random_002250,prospective,pope_random,64,False,False,,True,True,True,True,True,,1111,64,True
fastv,pope_random_002250,prospective,pope_random,128,False,False,,True,True,True,True,True,,1111,64,True
fastv,pope_random_002250,prospective,pope_random,256,False,False,,True,True,True,True,True,,1111,64,True
fastv,pope_random_002250,prospective,pope_random,432,False,False,,True,True,True,True,True,,1111,64,True
fastv,pope_random_002347,prospective,pope_random,64,True,False,,True,True,True,True,True,,1111,64,True
fastv,pope_random_002347,prospective,pope_random,128,True,False,,True,True,True,True,True,,1111,64,True
fastv,pope_random_002347,prospective,pope_random,256,True,False,,True,True,True,True,True,,1111,64,True
fastv,pope_random_002347,prospective,pope_random,432,True,False,,True,True,True,True,True,,1111,64,True
fastv,pope_random_002358,prospective,pope_random,64,True,True,gray|blur|irrelevant,False,False,True,False,False,False,0111,128,True
fastv,pope_random_002358,prospective,pope_random,128,True,True,gray|blur|irrelevant,True,True,True,True,True,True,0111,128,True
fastv,pope_random_002358,prospective,pope_random,256,True,True,gray|blur|irrelevant,True,True,True,True,True,True,0111,128,True
fastv,pope_random_002358,prospective,pope_random,432,True,True,gray|blur|irrelevant,True,True,True,True,True,True,0111,128,True
fastv,pope_random_002370,prospective,pope_random,64,False,False,,True,True,True,True,True,,1111,64,True
fastv,pope_random_002370,prospective,pope_random,128,False,False,,True,True,True,True,True,,1111,64,True
fastv,pope_random_002370,prospective,pope_random,256,False,False,,True,True,True,True,True,,1111,64,True
fastv,pope_random_002370,prospective,pope_random,432,False,False,,True,True,True,True,True,,1111,64,True
fastv,pope_random_002400,prospective,pope_random,64,True,True,gray,True,True,True,True,True,True,1111,64,True
fastv,pope_random_002400,prospective,pope_random,128,True,True,gray,True,True,True,True,True,True,1111,64,True
fastv,pope_random_002400,prospective,pope_random,256,True,True,gray,True,True,True,True,True,True,1111,64,True
fastv,pope_random_002400,prospective,pope_random,432,True,True,gray,True,True,True,True,True,True,1111,64,True
fastv,pope_random_002420,prospective,pope_random,64,True,True,gray|irrelevant,False,False,True,False,False,False,0001,432,True
fastv,pope_random_002420,prospective,pope_random,128,True,True,gray|irrelevant,False,False,True,False,False,False,0001,432,True
fastv,pope_random_002420,prospective,pope_random,256,True,True,gray|irrelevant,False,False,True,False,False,False,0001,432,True
fastv,pope_random_002420,prospective,pope_random,432,True,True,gray|irrelevant,True,True,True,True,True,True,0001,432,True
fastv,pope_random_002430,prospective,pope_random,64,True,True,gray,True,True,True,True,True,True,1111,64,True
fastv,pope_random_002430,prospective,pope_random,128,True,True,gray,True,True,True,True,True,True,1111,64,True
fastv,pope_random_002430,prospective,pope_random,256,True,True,gray,True,True,True,True,True,True,1111,64,True
fastv,pope_random_002430,prospective,pope_random,432,True,True,gray,True,True,True,True,True,True,1111,64,True
fastv,pope_random_002449,prospective,pope_random,64,True,False,,True,True,True,True,True,,1111,64,True
fastv,pope_random_002449,prospective,pope_random,128,True,False,,True,True,True,True,True,,1111,64,True
fastv,pope_random_002449,prospective,pope_random,256,True,False,,True,True,True,True,True,,1111,64,True
fastv,pope_random_002449,prospective,pope_random,432,True,False,,True,True,True,True,True,,1111,64,True
fastv,pope_random_002466,prospective,pope_random,64,True,True,gray|irrelevant,False,False,True,False,False,False,0111,128,True
fastv,pope_random_002466,prospective,pope_random,128,True,True,gray|irrelevant,True,True,True,True,True,True,0111,128,True
fastv,pope_random_002466,prospective,pope_random,256,True,True,gray|irrelevant,True,True,True,True,True,True,0111,128,True
fastv,pope_random_002466,prospective,pope_random,432,True,True,gray|irrelevant,True,True,True,True,True,True,0111,128,True
fastv,pope_random_002520,prospective,pope_random,64,True,True,gray|irrelevant,False,False,True,False,False,False,0011,256,True
fastv,pope_random_002520,prospective,pope_random,128,True,True,gray|irrelevant,False,False,True,False,False,False,0011,256,True
fastv,pope_random_002520,prospective,pope_random,256,True,True,gray|irrelevant,True,True,True,True,True,True,0011,256,True
fastv,pope_random_002520,prospective,pope_random,432,True,True,gray|irrelevant,True,True,True,True,True,True,0011,256,True
fastv,pope_random_002540,prospective,pope_random,64,True,True,gray|blur,False,False,True,False,False,False,0000,full,True
fastv,pope_random_002540,prospective,pope_random,128,True,True,gray|blur,False,False,True,False,False,False,0000,full,True
fastv,pope_random_002540,prospective,pope_random,256,True,True,gray|blur,False,False,True,False,False,False,0000,full,True
fastv,pope_random_002540,prospective,pope_random,432,True,True,gray|blur,False,False,True,False,False,False,0000,full,True
fastv,pope_random_002551,prospective,pope_random,64,True,False,,True,True,True,True,True,,1111,64,True
fastv,pope_random_002551,prospective,pope_random,128,True,False,,True,True,True,True,True,,1111,64,True
fastv,pope_random_002551,prospective,pope_random,256,True,False,,True,True,True,True,True,,1111,64,True
fastv,pope_random_002551,prospective,pope_random,432,True,False,,True,True,True,True,True,,1111,64,True
fastv,pope_random_002562,prospective,pope_random,64,True,True,gray|irrelevant,True,True,True,True,True,True,1111,64,True
fastv,pope_random_002562,prospective,pope_random,128,True,True,gray|irrelevant,True,True,True,True,True,True,1111,64,True
fastv,pope_random_002562,prospective,pope_random,256,True,True,gray|irrelevant,True,True,True,True,True,True,1111,64,True
fastv,pope_random_002562,prospective,pope_random,432,True,True,gray|irrelevant,True,True,True,True,True,True,1111,64,True
fastv,pope_random_002568,prospective,pope_random,64,True,True,gray|irrelevant,True,True,True,True,True,True,1111,64,True
fastv,pope_random_002568,prospective,pope_random,128,True,True,gray|irrelevant,True,True,True,True,True,True,1111,64,True
fastv,pope_random_002568,prospective,pope_random,256,True,True,gray|irrelevant,True,True,True,True,True,True,1111,64,True
fastv,pope_random_002568,prospective,pope_random,432,True,True,gray|irrelevant,True,True,True,True,True,True,1111,64,True
fastv,pope_random_002592,prospective,pope_random,64,True,True,gray,True,True,True,True,True,True,1111,64,True
fastv,pope_random_002592,prospective,pope_random,128,True,True,gray,True,True,True,True,True,True,1111,64,True
fastv,pope_random_002592,prospective,pope_random,256,True,True,gray,True,True,True,True,True,True,1111,64,True
fastv,pope_random_002592,prospective,pope_random,432,True,True,gray,True,True,True,True,True,True,1111,64,True
fastv,pope_random_002652,prospective,pope_random,64,False,False,,True,True,True,True,True,,1101,64,False
fastv,pope_random_002652,prospective,pope_random,128,False,False,,True,True,True,True,True,,1101,64,False
fastv,pope_random_002652,prospective,pope_random,256,False,False,,False,True,True,False,False,,1101,64,False
fastv,pope_random_002652,prospective,pope_random,432,False,False,,True,True,True,True,True,,1101,64,False
fastv,pope_random_002730,prospective,pope_random,64,True,True,gray|irrelevant,True,True,True,True,True,True,1111,64,True
fastv,pope_random_002730,prospective,pope_random,128,True,True,gray|irrelevant,True,True,True,True,True,True,1111,64,True
fastv,pope_random_002730,prospective,pope_random,256,True,True,gray|irrelevant,True,True,True,True,True,True,1111,64,True
fastv,pope_random_002730,prospective,pope_random,432,True,True,gray|irrelevant,True,True,True,True,True,True,1111,64,True
fastv,pope_random_002742,prospective,pope_random,64,True,True,gray|irrelevant,False,False,True,False,False,False,0111,128,True
fastv,pope_random_002742,prospective,pope_random,128,True,True,gray|irrelevant,True,True,True,True,True,True,0111,128,True
fastv,pope_random_002742,prospective,pope_random,256,True,True,gray|irrelevant,True,True,True,True,True,True,0111,128,True
fastv,pope_random_002742,prospective,pope_random,432,True,True,gray|irrelevant,True,True,True,True,True,True,0111,128,True
fastv,pope_random_002756,prospective,pope_random,64,False,True,blur,True,False,False,False,False,,0001,432,True
fastv,pope_random_002756,prospective,pope_random,128,False,True,blur,False,False,True,False,False,,0001,432,True
fastv,pope_random_002756,prospective,pope_random,256,False,True,blur,False,False,True,False,False,,0001,432,True
fastv,pope_random_002756,prospective,pope_random,432,False,True,blur,True,True,True,True,True,,0001,432,True
fastv,pope_random_002766,prospective,pope_random,64,True,True,gray|blur|irrelevant,True,True,True,True,True,True,1111,64,True
fastv,pope_random_002766,prospective,pope_random,128,True,True,gray|blur|irrelevant,True,True,True,True,True,True,1111,64,True
fastv,pope_random_002766,prospective,pope_random,256,True,True,gray|blur|irrelevant,True,True,True,True,True,True,1111,64,True
fastv,pope_random_002766,prospective,pope_random,432,True,True,gray|blur|irrelevant,True,True,True,True,True,True,1111,64,True
fastv,pope_random_002790,prospective,pope_random,64,False,False,,True,True,True,True,True,,1111,64,True
fastv,pope_random_002790,prospective,pope_random,128,False,False,,True,True,True,True,True,,1111,64,True
fastv,pope_random_002790,prospective,pope_random,256,False,False,,True,True,True,True,True,,1111,64,True
fastv,pope_random_002790,prospective,pope_random,432,False,False,,True,True,True,True,True,,1111,64,True
fastv,pope_random_002826,prospective,pope_random,64,True,True,gray|blur|irrelevant,True,True,True,True,True,True,1111,64,True
fastv,pope_random_002826,prospective,pope_random,128,True,True,gray|blur|irrelevant,True,True,True,True,True,True,1111,64,True
fastv,pope_random_002826,prospective,pope_random,256,True,True,gray|blur|irrelevant,True,True,True,True,True,True,1111,64,True
fastv,pope_random_002826,prospective,pope_random,432,True,True,gray|blur|irrelevant,True,True,True,True,True,True,1111,64,True
fastv,pope_random_002832,prospective,pope_random,64,False,False,,True,True,True,True,True,,1111,64,True
fastv,pope_random_002832,prospective,pope_random,128,False,False,,True,True,True,True,True,,1111,64,True
fastv,pope_random_002832,prospective,pope_random,256,False,False,,True,True,True,True,True,,1111,64,True
fastv,pope_random_002832,prospective,pope_random,432,False,False,,True,True,True,True,True,,1111,64,True
fastv,pope_random_002850,prospective,pope_random,64,True,True,gray|blur|irrelevant,False,False,True,False,False,False,0011,256,True
fastv,pope_random_002850,prospective,pope_random,128,True,True,gray|blur|irrelevant,False,False,True,False,False,False,0011,256,True
fastv,pope_random_002850,prospective,pope_random,256,True,True,gray|blur|irrelevant,True,True,True,True,True,True,0011,256,True
fastv,pope_random_002850,prospective,pope_random,432,True,True,gray|blur|irrelevant,True,True,True,True,True,True,0011,256,True
fastv,pope_random_002856,prospective,pope_random,64,True,True,gray,True,True,True,True,True,True,1111,64,True
fastv,pope_random_002856,prospective,pope_random,128,True,True,gray,True,True,True,True,True,True,1111,64,True
fastv,pope_random_002856,prospective,pope_random,256,True,True,gray,True,True,True,True,True,True,1111,64,True
fastv,pope_random_002856,prospective,pope_random,432,True,True,gray,True,True,True,True,True,True,1111,64,True
fastv,pope_random_002862,prospective,pope_random,64,True,True,gray|irrelevant,True,True,True,True,True,True,1111,64,True
fastv,pope_random_002862,prospective,pope_random,128,True,True,gray|irrelevant,True,True,True,True,True,True,1111,64,True
fastv,pope_random_002862,prospective,pope_random,256,True,True,gray|irrelevant,True,True,True,True,True,True,1111,64,True
fastv,pope_random_002862,prospective,pope_random,432,True,True,gray|irrelevant,True,True,True,True,True,True,1111,64,True
fastv,pope_random_002894,prospective,pope_random,64,True,True,gray|irrelevant,False,False,True,False,False,False,0111,128,True
fastv,pope_random_002894,prospective,pope_random,128,True,True,gray|irrelevant,True,True,True,True,True,True,0111,128,True
fastv,pope_random_002894,prospective,pope_random,256,True,True,gray|irrelevant,True,True,True,True,True,True,0111,128,True
fastv,pope_random_002894,prospective,pope_random,432,True,True,gray|irrelevant,True,True,True,True,True,True,0111,128,True
fastv,pope_random_002928,prospective,pope_random,64,True,True,gray|blur|irrelevant,False,False,True,False,False,False,0011,256,True
fastv,pope_random_002928,prospective,pope_random,128,True,True,gray|blur|irrelevant,False,False,True,False,False,False,0011,256,True
fastv,pope_random_002928,prospective,pope_random,256,True,True,gray|blur|irrelevant,True,True,True,True,True,True,0011,256,True
fastv,pope_random_002928,prospective,pope_random,432,True,True,gray|blur|irrelevant,True,True,True,True,True,True,0011,256,True
fastv,pope_random_002966,prospective,pope_random,64,True,True,gray|irrelevant,False,False,True,False,False,False,0111,128,True
fastv,pope_random_002966,prospective,pope_random,128,True,True,gray|irrelevant,True,True,True,True,True,True,0111,128,True
fastv,pope_random_002966,prospective,pope_random,256,True,True,gray|irrelevant,True,True,True,True,True,True,0111,128,True
fastv,pope_random_002966,prospective,pope_random,432,True,True,gray|irrelevant,True,True,True,True,True,True,0111,128,True
fastv,pope_random_002970,prospective,pope_random,64,True,True,gray|irrelevant,True,True,True,True,True,True,1111,64,True
fastv,pope_random_002970,prospective,pope_random,128,True,True,gray|irrelevant,True,True,True,True,True,True,1111,64,True
fastv,pope_random_002970,prospective,pope_random,256,True,True,gray|irrelevant,True,True,True,True,True,True,1111,64,True
fastv,pope_random_002970,prospective,pope_random,432,True,True,gray|irrelevant,True,True,True,True,True,True,1111,64,True
fastv,pope_random_002982,prospective,pope_random,64,True,True,gray|irrelevant,False,False,True,False,False,False,0111,128,True
fastv,pope_random_002982,prospective,pope_random,128,True,True,gray|irrelevant,True,True,True,True,True,True,0111,128,True
fastv,pope_random_002982,prospective,pope_random,256,True,True,gray|irrelevant,True,True,True,True,True,True,0111,128,True
fastv,pope_random_002982,prospective,pope_random,432,True,True,gray|irrelevant,True,True,True,True,True,True,0111,128,True
fastv,pope_random_002994,prospective,pope_random,64,True,True,gray|blur|irrelevant,True,True,True,True,True,True,1111,64,True
fastv,pope_random_002994,prospective,pope_random,128,True,True,gray|blur|irrelevant,True,True,True,True,True,True,1111,64,True
fastv,pope_random_002994,prospective,pope_random,256,True,True,gray|blur|irrelevant,True,True,True,True,True,True,1111,64,True
fastv,pope_random_002994,prospective,pope_random,432,True,True,gray|blur|irrelevant,True,True,True,True,True,True,1111,64,True
fastv,visual_counterfact_color_000002,prospective,visual_counterfact_color,64,True,True,gray|counterfactual,True,True,True,True,True,True,1111,64,True
fastv,visual_counterfact_color_000002,prospective,visual_counterfact_color,128,True,True,gray|counterfactual,True,True,True,True,True,True,1111,64,True
fastv,visual_counterfact_color_000002,prospective,visual_counterfact_color,256,True,True,gray|counterfactual,True,True,True,True,True,True,1111,64,True
fastv,visual_counterfact_color_000002,prospective,visual_counterfact_color,432,True,True,gray|counterfactual,True,True,True,True,True,True,1111,64,True
fastv,visual_counterfact_color_000005,prospective,visual_counterfact_color,64,True,True,counterfactual,True,True,True,True,True,True,1111,64,True
fastv,visual_counterfact_color_000005,prospective,visual_counterfact_color,128,True,True,counterfactual,True,True,True,True,True,True,1111,64,True
fastv,visual_counterfact_color_000005,prospective,visual_counterfact_color,256,True,True,counterfactual,True,True,True,True,True,True,1111,64,True
fastv,visual_counterfact_color_000005,prospective,visual_counterfact_color,432,True,True,counterfactual,True,True,True,True,True,True,1111,64,True
fastv,visual_counterfact_color_000014,prospective,visual_counterfact_color,64,True,True,gray|irrelevant|counterfactual,False,False,False,False,False,False,0011,256,True
fastv,visual_counterfact_color_000014,prospective,visual_counterfact_color,128,True,True,gray|irrelevant|counterfactual,True,False,False,False,False,False,0011,256,True
fastv,visual_counterfact_color_000014,prospective,visual_counterfact_color,256,True,True,gray|irrelevant|counterfactual,True,True,True,True,True,True,0011,256,True
fastv,visual_counterfact_color_000014,prospective,visual_counterfact_color,432,True,True,gray|irrelevant|counterfactual,True,True,True,True,True,True,0011,256,True
fastv,visual_counterfact_color_000016,prospective,visual_counterfact_color,64,True,True,counterfactual,True,True,True,True,True,True,1111,64,True
fastv,visual_counterfact_color_000016,prospective,visual_counterfact_color,128,True,True,counterfactual,True,True,True,True,True,True,1111,64,True
fastv,visual_counterfact_color_000016,prospective,visual_counterfact_color,256,True,True,counterfactual,True,True,True,True,True,True,1111,64,True
fastv,visual_counterfact_color_000016,prospective,visual_counterfact_color,432,True,True,counterfactual,True,True,True,True,True,True,1111,64,True
fastv,visual_counterfact_color_000023,prospective,visual_counterfact_color,64,True,True,counterfactual,True,True,True,True,True,True,1111,64,True
fastv,visual_counterfact_color_000023,prospective,visual_counterfact_color,128,True,True,counterfactual,True,True,True,True,True,True,1111,64,True
fastv,visual_counterfact_color_000023,prospective,visual_counterfact_color,256,True,True,counterfactual,True,True,True,True,True,True,1111,64,True
fastv,visual_counterfact_color_000023,prospective,visual_counterfact_color,432,True,True,counterfactual,True,True,True,True,True,True,1111,64,True
fastv,visual_counterfact_color_000024,prospective,visual_counterfact_color,64,True,True,counterfactual,True,True,True,True,True,True,1111,64,True
fastv,visual_counterfact_color_000024,prospective,visual_counterfact_color,128,True,True,counterfactual,True,True,True,True,True,True,1111,64,True
fastv,visual_counterfact_color_000024,prospective,visual_counterfact_color,256,True,True,counterfactual,True,True,True,True,True,True,1111,64,True
fastv,visual_counterfact_color_000024,prospective,visual_counterfact_color,432,True,True,counterfactual,True,True,True,True,True,True,1111,64,True
fastv,visual_counterfact_color_000026,prospective,visual_counterfact_color,64,True,True,counterfactual,True,True,True,True,True,True,1111,64,True
fastv,visual_counterfact_color_000026,prospective,visual_counterfact_color,128,True,True,counterfactual,True,True,True,True,True,True,1111,64,True
fastv,visual_counterfact_color_000026,prospective,visual_counterfact_color,256,True,True,counterfactual,True,True,True,True,True,True,1111,64,True
fastv,visual_counterfact_color_000026,prospective,visual_counterfact_color,432,True,True,counterfactual,True,True,True,True,True,True,1111,64,True
fastv,visual_counterfact_color_000027,prospective,visual_counterfact_color,64,True,True,irrelevant|counterfactual,True,True,True,True,True,True,1111,64,True
fastv,visual_counterfact_color_000027,prospective,visual_counterfact_color,128,True,True,irrelevant|counterfactual,True,True,True,True,True,True,1111,64,True
fastv,visual_counterfact_color_000027,prospective,visual_counterfact_color,256,True,True,irrelevant|counterfactual,True,True,True,True,True,True,1111,64,True
fastv,visual_counterfact_color_000027,prospective,visual_counterfact_color,432,True,True,irrelevant|counterfactual,True,True,True,True,True,True,1111,64,True
fastv,visual_counterfact_color_000034,prospective,visual_counterfact_color,64,True,True,counterfactual,True,True,True,True,True,True,1111,64,True
fastv,visual_counterfact_color_000034,prospective,visual_counterfact_color,128,True,True,counterfactual,True,True,True,True,True,True,1111,64,True
fastv,visual_counterfact_color_000034,prospective,visual_counterfact_color,256,True,True,counterfactual,True,True,True,True,True,True,1111,64,True
fastv,visual_counterfact_color_000034,prospective,visual_counterfact_color,432,True,True,counterfactual,True,True,True,True,True,True,1111,64,True
fastv,visual_counterfact_color_000035,prospective,visual_counterfact_color,64,True,True,gray|irrelevant|counterfactual,True,True,True,True,True,True,1111,64,True
fastv,visual_counterfact_color_000035,prospective,visual_counterfact_color,128,True,True,gray|irrelevant|counterfactual,True,True,True,True,True,True,1111,64,True
fastv,visual_counterfact_color_000035,prospective,visual_counterfact_color,256,True,True,gray|irrelevant|counterfactual,True,True,True,True,True,True,1111,64,True
fastv,visual_counterfact_color_000035,prospective,visual_counterfact_color,432,True,True,gray|irrelevant|counterfactual,True,True,True,True,True,True,1111,64,True
fastv,visual_counterfact_color_000038,prospective,visual_counterfact_color,64,True,True,gray|irrelevant|counterfactual,True,True,True,True,True,True,1111,64,True
fastv,visual_counterfact_color_000038,prospective,visual_counterfact_color,128,True,True,gray|irrelevant|counterfactual,True,True,True,True,True,True,1111,64,True
fastv,visual_counterfact_color_000038,prospective,visual_counterfact_color,256,True,True,gray|irrelevant|counterfactual,True,True,True,True,True,True,1111,64,True
fastv,visual_counterfact_color_000038,prospective,visual_counterfact_color,432,True,True,gray|irrelevant|counterfactual,True,True,True,True,True,True,1111,64,True
fastv,visual_counterfact_color_000049,prospective,visual_counterfact_color,64,True,True,counterfactual,True,True,True,True,True,True,1111,64,True
fastv,visual_counterfact_color_000049,prospective,visual_counterfact_color,128,True,True,counterfactual,True,True,True,True,True,True,1111,64,True
fastv,visual_counterfact_color_000049,prospective,visual_counterfact_color,256,True,True,counterfactual,True,True,True,True,True,True,1111,64,True
fastv,visual_counterfact_color_000049,prospective,visual_counterfact_color,432,True,True,counterfactual,True,True,True,True,True,True,1111,64,True
fastv,visual_counterfact_color_000053,prospective,visual_counterfact_color,64,True,True,gray|counterfactual,True,True,True,True,True,True,1111,64,True
fastv,visual_counterfact_color_000053,prospective,visual_counterfact_color,128,True,True,gray|counterfactual,True,True,True,True,True,True,1111,64,True
fastv,visual_counterfact_color_000053,prospective,visual_counterfact_color,256,True,True,gray|counterfactual,True,True,True,True,True,True,1111,64,True
fastv,visual_counterfact_color_000053,prospective,visual_counterfact_color,432,True,True,gray|counterfactual,True,True,True,True,True,True,1111,64,True
fastv,visual_counterfact_color_000055,prospective,visual_counterfact_color,64,True,True,counterfactual,True,True,True,True,True,True,1111,64,True
fastv,visual_counterfact_color_000055,prospective,visual_counterfact_color,128,True,True,counterfactual,True,True,True,True,True,True,1111,64,True
fastv,visual_counterfact_color_000055,prospective,visual_counterfact_color,256,True,True,counterfactual,True,True,True,True,True,True,1111,64,True
fastv,visual_counterfact_color_000055,prospective,visual_counterfact_color,432,True,True,counterfactual,True,True,True,True,True,True,1111,64,True
fastv,visual_counterfact_color_000056,prospective,visual_counterfact_color,64,True,True,counterfactual,True,True,True,True,True,True,1111,64,True
fastv,visual_counterfact_color_000056,prospective,visual_counterfact_color,128,True,True,counterfactual,True,True,True,True,True,True,1111,64,True
fastv,visual_counterfact_color_000056,prospective,visual_counterfact_color,256,True,True,counterfactual,True,True,True,True,True,True,1111,64,True
fastv,visual_counterfact_color_000056,prospective,visual_counterfact_color,432,True,True,counterfactual,True,True,True,True,True,True,1111,64,True
fastv,visual_counterfact_color_000058,prospective,visual_counterfact_color,64,True,True,irrelevant|counterfactual,True,True,False,True,False,False,0011,256,True
fastv,visual_counterfact_color_000058,prospective,visual_counterfact_color,128,True,True,irrelevant|counterfactual,True,True,False,True,False,False,0011,256,True
fastv,visual_counterfact_color_000058,prospective,visual_counterfact_color,256,True,True,irrelevant|counterfactual,True,True,True,True,True,True,0011,256,True
fastv,visual_counterfact_color_000058,prospective,visual_counterfact_color,432,True,True,irrelevant|counterfactual,True,True,True,True,True,True,0011,256,True
fastv,visual_counterfact_color_000063,prospective,visual_counterfact_color,64,True,True,gray|irrelevant|counterfactual,True,False,False,False,False,False,0001,432,True
fastv,visual_counterfact_color_000063,prospective,visual_counterfact_color,128,True,True,gray|irrelevant|counterfactual,True,False,False,False,False,False,0001,432,True
fastv,visual_counterfact_color_000063,prospective,visual_counterfact_color,256,True,True,gray|irrelevant|counterfactual,True,False,False,False,False,False,0001,432,True
fastv,visual_counterfact_color_000063,prospective,visual_counterfact_color,432,True,True,gray|irrelevant|counterfactual,True,True,True,True,True,True,0001,432,True
fastv,visual_counterfact_color_000064,prospective,visual_counterfact_color,64,True,True,counterfactual,True,True,True,True,True,True,1111,64,True
fastv,visual_counterfact_color_000064,prospective,visual_counterfact_color,128,True,True,counterfactual,True,True,True,True,True,True,1111,64,True
fastv,visual_counterfact_color_000064,prospective,visual_counterfact_color,256,True,True,counterfactual,True,True,True,True,True,True,1111,64,True
fastv,visual_counterfact_color_000064,prospective,visual_counterfact_color,432,True,True,counterfactual,True,True,True,True,True,True,1111,64,True
fastv,visual_counterfact_color_000065,prospective,visual_counterfact_color,64,True,True,gray|irrelevant|counterfactual,True,True,True,True,True,True,1111,64,True
fastv,visual_counterfact_color_000065,prospective,visual_counterfact_color,128,True,True,gray|irrelevant|counterfactual,True,True,True,True,True,True,1111,64,True
fastv,visual_counterfact_color_000065,prospective,visual_counterfact_color,256,True,True,gray|irrelevant|counterfactual,True,True,True,True,True,True,1111,64,True
fastv,visual_counterfact_color_000065,prospective,visual_counterfact_color,432,True,True,gray|irrelevant|counterfactual,True,True,True,True,True,True,1111,64,True
fastv,visual_counterfact_color_000069,prospective,visual_counterfact_color,64,True,True,counterfactual,True,True,True,True,True,True,1111,64,True
fastv,visual_counterfact_color_000069,prospective,visual_counterfact_color,128,True,True,counterfactual,True,True,True,True,True,True,1111,64,True
fastv,visual_counterfact_color_000069,prospective,visual_counterfact_color,256,True,True,counterfactual,True,True,True,True,True,True,1111,64,True
fastv,visual_counterfact_color_000069,prospective,visual_counterfact_color,432,True,True,counterfactual,True,True,True,True,True,True,1111,64,True
fastv,visual_counterfact_color_000071,prospective,visual_counterfact_color,64,True,True,counterfactual,True,True,True,True,True,True,1111,64,True
fastv,visual_counterfact_color_000071,prospective,visual_counterfact_color,128,True,True,counterfactual,True,True,True,True,True,True,1111,64,True
fastv,visual_counterfact_color_000071,prospective,visual_counterfact_color,256,True,True,counterfactual,True,True,True,True,True,True,1111,64,True
fastv,visual_counterfact_color_000071,prospective,visual_counterfact_color,432,True,True,counterfactual,True,True,True,True,True,True,1111,64,True
fastv,visual_counterfact_color_000072,prospective,visual_counterfact_color,64,True,True,counterfactual,True,True,True,True,True,True,1111,64,True
fastv,visual_counterfact_color_000072,prospective,visual_counterfact_color,128,True,True,counterfactual,True,True,True,True,True,True,1111,64,True
fastv,visual_counterfact_color_000072,prospective,visual_counterfact_color,256,True,True,counterfactual,True,True,True,True,True,True,1111,64,True
fastv,visual_counterfact_color_000072,prospective,visual_counterfact_color,432,True,True,counterfactual,True,True,True,True,True,True,1111,64,True
fastv,visual_counterfact_color_000077,prospective,visual_counterfact_color,64,True,True,gray|counterfactual,True,True,True,True,True,True,1111,64,True
fastv,visual_counterfact_color_000077,prospective,visual_counterfact_color,128,True,True,gray|counterfactual,True,True,True,True,True,True,1111,64,True
fastv,visual_counterfact_color_000077,prospective,visual_counterfact_color,256,True,True,gray|counterfactual,True,True,True,True,True,True,1111,64,True
fastv,visual_counterfact_color_000077,prospective,visual_counterfact_color,432,True,True,gray|counterfactual,True,True,True,True,True,True,1111,64,True
fastv,visual_counterfact_color_000081,prospective,visual_counterfact_color,64,True,True,irrelevant|counterfactual,True,True,True,True,True,True,1111,64,True
fastv,visual_counterfact_color_000081,prospective,visual_counterfact_color,128,True,True,irrelevant|counterfactual,True,True,True,True,True,True,1111,64,True
fastv,visual_counterfact_color_000081,prospective,visual_counterfact_color,256,True,True,irrelevant|counterfactual,True,True,True,True,True,True,1111,64,True
fastv,visual_counterfact_color_000081,prospective,visual_counterfact_color,432,True,True,irrelevant|counterfactual,True,True,True,True,True,True,1111,64,True
fastv,visual_counterfact_color_000087,prospective,visual_counterfact_color,64,True,True,counterfactual,True,True,True,True,True,True,1111,64,True
fastv,visual_counterfact_color_000087,prospective,visual_counterfact_color,128,True,True,counterfactual,True,True,True,True,True,True,1111,64,True
fastv,visual_counterfact_color_000087,prospective,visual_counterfact_color,256,True,True,counterfactual,True,True,True,True,True,True,1111,64,True
fastv,visual_counterfact_color_000087,prospective,visual_counterfact_color,432,True,True,counterfactual,True,True,True,True,True,True,1111,64,True
fastv,visual_counterfact_color_000089,prospective,visual_counterfact_color,64,True,True,irrelevant|counterfactual,True,True,True,True,True,True,1111,64,True
fastv,visual_counterfact_color_000089,prospective,visual_counterfact_color,128,True,True,irrelevant|counterfactual,True,True,True,True,True,True,1111,64,True
fastv,visual_counterfact_color_000089,prospective,visual_counterfact_color,256,True,True,irrelevant|counterfactual,True,True,True,True,True,True,1111,64,True
fastv,visual_counterfact_color_000089,prospective,visual_counterfact_color,432,True,True,irrelevant|counterfactual,True,True,True,True,True,True,1111,64,True
fastv,visual_counterfact_color_000090,prospective,visual_counterfact_color,64,True,True,counterfactual,True,True,True,True,True,True,1111,64,True
fastv,visual_counterfact_color_000090,prospective,visual_counterfact_color,128,True,True,counterfactual,True,True,True,True,True,True,1111,64,True
fastv,visual_counterfact_color_000090,prospective,visual_counterfact_color,256,True,True,counterfactual,True,True,True,True,True,True,1111,64,True
fastv,visual_counterfact_color_000090,prospective,visual_counterfact_color,432,True,True,counterfactual,True,True,True,True,True,True,1111,64,True
fastv,visual_counterfact_color_000097,prospective,visual_counterfact_color,64,True,True,irrelevant|counterfactual,True,False,False,False,False,False,0011,256,True
fastv,visual_counterfact_color_000097,prospective,visual_counterfact_color,128,True,True,irrelevant|counterfactual,True,False,False,False,False,False,0011,256,True
fastv,visual_counterfact_color_000097,prospective,visual_counterfact_color,256,True,True,irrelevant|counterfactual,True,True,True,True,True,True,0011,256,True
fastv,visual_counterfact_color_000097,prospective,visual_counterfact_color,432,True,True,irrelevant|counterfactual,True,True,True,True,True,True,0011,256,True
fastv,visual_counterfact_color_000098,prospective,visual_counterfact_color,64,True,True,irrelevant|counterfactual,True,True,True,True,True,True,1001,64,False
fastv,visual_counterfact_color_000098,prospective,visual_counterfact_color,128,True,True,irrelevant|counterfactual,True,False,False,False,False,False,1001,64,False
fastv,visual_counterfact_color_000098,prospective,visual_counterfact_color,256,True,True,irrelevant|counterfactual,True,False,False,False,False,False,1001,64,False
fastv,visual_counterfact_color_000098,prospective,visual_counterfact_color,432,True,True,irrelevant|counterfactual,True,True,True,True,True,True,1001,64,False
fastv,visual_counterfact_color_000099,prospective,visual_counterfact_color,64,True,True,counterfactual,True,True,True,True,True,True,1111,64,True
fastv,visual_counterfact_color_000099,prospective,visual_counterfact_color,128,True,True,counterfactual,True,True,True,True,True,True,1111,64,True
fastv,visual_counterfact_color_000099,prospective,visual_counterfact_color,256,True,True,counterfactual,True,True,True,True,True,True,1111,64,True
fastv,visual_counterfact_color_000099,prospective,visual_counterfact_color,432,True,True,counterfactual,True,True,True,True,True,True,1111,64,True
fastv,visual_counterfact_color_000101,prospective,visual_counterfact_color,64,True,True,counterfactual,True,True,True,True,True,True,1111,64,True
fastv,visual_counterfact_color_000101,prospective,visual_counterfact_color,128,True,True,counterfactual,True,True,True,True,True,True,1111,64,True
fastv,visual_counterfact_color_000101,prospective,visual_counterfact_color,256,True,True,counterfactual,True,True,True,True,True,True,1111,64,True
fastv,visual_counterfact_color_000101,prospective,visual_counterfact_color,432,True,True,counterfactual,True,True,True,True,True,True,1111,64,True
fastv,visual_counterfact_color_000102,prospective,visual_counterfact_color,64,True,True,counterfactual,True,True,True,True,True,True,1111,64,True
fastv,visual_counterfact_color_000102,prospective,visual_counterfact_color,128,True,True,counterfactual,True,True,True,True,True,True,1111,64,True
fastv,visual_counterfact_color_000102,prospective,visual_counterfact_color,256,True,True,counterfactual,True,True,True,True,True,True,1111,64,True
fastv,visual_counterfact_color_000102,prospective,visual_counterfact_color,432,True,True,counterfactual,True,True,True,True,True,True,1111,64,True
fastv,visual_counterfact_color_000104,prospective,visual_counterfact_color,64,True,True,irrelevant|counterfactual,True,True,True,True,True,True,1111,64,True
fastv,visual_counterfact_color_000104,prospective,visual_counterfact_color,128,True,True,irrelevant|counterfactual,True,True,True,True,True,True,1111,64,True
fastv,visual_counterfact_color_000104,prospective,visual_counterfact_color,256,True,True,irrelevant|counterfactual,True,True,True,True,True,True,1111,64,True
fastv,visual_counterfact_color_000104,prospective,visual_counterfact_color,432,True,True,irrelevant|counterfactual,True,True,True,True,True,True,1111,64,True
fastv,visual_counterfact_color_000107,prospective,visual_counterfact_color,64,True,True,counterfactual,True,True,True,True,True,True,1111,64,True
fastv,visual_counterfact_color_000107,prospective,visual_counterfact_color,128,True,True,counterfactual,True,True,True,True,True,True,1111,64,True
fastv,visual_counterfact_color_000107,prospective,visual_counterfact_color,256,True,True,counterfactual,True,True,True,True,True,True,1111,64,True
fastv,visual_counterfact_color_000107,prospective,visual_counterfact_color,432,True,True,counterfactual,True,True,True,True,True,True,1111,64,True
fastv,visual_counterfact_color_000113,prospective,visual_counterfact_color,64,True,True,counterfactual,True,True,True,True,True,True,1111,64,True
fastv,visual_counterfact_color_000113,prospective,visual_counterfact_color,128,True,True,counterfactual,True,True,True,True,True,True,1111,64,True
fastv,visual_counterfact_color_000113,prospective,visual_counterfact_color,256,True,True,counterfactual,True,True,True,True,True,True,1111,64,True
fastv,visual_counterfact_color_000113,prospective,visual_counterfact_color,432,True,True,counterfactual,True,True,True,True,True,True,1111,64,True
fastv,visual_counterfact_color_000114,prospective,visual_counterfact_color,64,True,True,counterfactual,True,True,True,True,True,True,1111,64,True
fastv,visual_counterfact_color_000114,prospective,visual_counterfact_color,128,True,True,counterfactual,True,True,True,True,True,True,1111,64,True
fastv,visual_counterfact_color_000114,prospective,visual_counterfact_color,256,True,True,counterfactual,True,True,True,True,True,True,1111,64,True
fastv,visual_counterfact_color_000114,prospective,visual_counterfact_color,432,True,True,counterfactual,True,True,True,True,True,True,1111,64,True
fastv,visual_counterfact_color_000115,prospective,visual_counterfact_color,64,True,True,gray|counterfactual,True,True,True,True,True,True,1111,64,True
fastv,visual_counterfact_color_000115,prospective,visual_counterfact_color,128,True,True,gray|counterfactual,True,True,True,True,True,True,1111,64,True
fastv,visual_counterfact_color_000115,prospective,visual_counterfact_color,256,True,True,gray|counterfactual,True,True,True,True,True,True,1111,64,True
fastv,visual_counterfact_color_000115,prospective,visual_counterfact_color,432,True,True,gray|counterfactual,True,True,True,True,True,True,1111,64,True
fastv,visual_counterfact_color_000116,prospective,visual_counterfact_color,64,True,True,irrelevant|counterfactual,True,False,False,False,False,False,0000,full,True
fastv,visual_counterfact_color_000116,prospective,visual_counterfact_color,128,True,True,irrelevant|counterfactual,True,False,False,False,False,False,0000,full,True
fastv,visual_counterfact_color_000116,prospective,visual_counterfact_color,256,True,True,irrelevant|counterfactual,True,False,False,False,False,False,0000,full,True
fastv,visual_counterfact_color_000116,prospective,visual_counterfact_color,432,True,True,irrelevant|counterfactual,True,False,False,False,False,False,0000,full,True
fastv,visual_counterfact_color_000124,prospective,visual_counterfact_color,64,True,True,irrelevant|counterfactual,True,False,False,False,False,False,0111,128,True
fastv,visual_counterfact_color_000124,prospective,visual_counterfact_color,128,True,True,irrelevant|counterfactual,True,True,True,True,True,True,0111,128,True
fastv,visual_counterfact_color_000124,prospective,visual_counterfact_color,256,True,True,irrelevant|counterfactual,True,True,True,True,True,True,0111,128,True
fastv,visual_counterfact_color_000124,prospective,visual_counterfact_color,432,True,True,irrelevant|counterfactual,True,True,True,True,True,True,0111,128,True
fastv,visual_counterfact_color_000131,prospective,visual_counterfact_color,64,True,True,counterfactual,True,True,True,True,True,True,1111,64,True
fastv,visual_counterfact_color_000131,prospective,visual_counterfact_color,128,True,True,counterfactual,True,True,True,True,True,True,1111,64,True
fastv,visual_counterfact_color_000131,prospective,visual_counterfact_color,256,True,True,counterfactual,True,True,True,True,True,True,1111,64,True
fastv,visual_counterfact_color_000131,prospective,visual_counterfact_color,432,True,True,counterfactual,True,True,True,True,True,True,1111,64,True
fastv,visual_counterfact_color_000134,prospective,visual_counterfact_color,64,True,True,irrelevant|counterfactual,True,False,False,False,False,False,0011,256,True
fastv,visual_counterfact_color_000134,prospective,visual_counterfact_color,128,True,True,irrelevant|counterfactual,True,False,False,False,False,False,0011,256,True
fastv,visual_counterfact_color_000134,prospective,visual_counterfact_color,256,True,True,irrelevant|counterfactual,True,True,True,True,True,True,0011,256,True
fastv,visual_counterfact_color_000134,prospective,visual_counterfact_color,432,True,True,irrelevant|counterfactual,True,True,True,True,True,True,0011,256,True
fastv,visual_counterfact_color_000137,prospective,visual_counterfact_color,64,True,True,counterfactual,True,True,True,True,True,True,1111,64,True
fastv,visual_counterfact_color_000137,prospective,visual_counterfact_color,128,True,True,counterfactual,True,True,True,True,True,True,1111,64,True
fastv,visual_counterfact_color_000137,prospective,visual_counterfact_color,256,True,True,counterfactual,True,True,True,True,True,True,1111,64,True
fastv,visual_counterfact_color_000137,prospective,visual_counterfact_color,432,True,True,counterfactual,True,True,True,True,True,True,1111,64,True
fastv,visual_counterfact_color_000140,prospective,visual_counterfact_color,64,True,True,irrelevant|counterfactual,True,True,True,True,True,True,1011,64,False
fastv,visual_counterfact_color_000140,prospective,visual_counterfact_color,128,True,True,irrelevant|counterfactual,True,False,False,False,False,False,1011,64,False
fastv,visual_counterfact_color_000140,prospective,visual_counterfact_color,256,True,True,irrelevant|counterfactual,True,True,True,True,True,True,1011,64,False
fastv,visual_counterfact_color_000140,prospective,visual_counterfact_color,432,True,True,irrelevant|counterfactual,True,True,True,True,True,True,1011,64,False
fastv,visual_counterfact_color_000147,prospective,visual_counterfact_color,64,False,False,,True,True,True,True,True,,1111,64,True
fastv,visual_counterfact_color_000147,prospective,visual_counterfact_color,128,False,False,,True,True,True,True,True,,1111,64,True
fastv,visual_counterfact_color_000147,prospective,visual_counterfact_color,256,False,False,,True,True,True,True,True,,1111,64,True
fastv,visual_counterfact_color_000147,prospective,visual_counterfact_color,432,False,False,,True,True,True,True,True,,1111,64,True
fastv,visual_counterfact_color_000149,prospective,visual_counterfact_color,64,True,True,counterfactual,True,True,True,True,True,True,1111,64,True
fastv,visual_counterfact_color_000149,prospective,visual_counterfact_color,128,True,True,counterfactual,True,True,True,True,True,True,1111,64,True
fastv,visual_counterfact_color_000149,prospective,visual_counterfact_color,256,True,True,counterfactual,True,True,True,True,True,True,1111,64,True
fastv,visual_counterfact_color_000149,prospective,visual_counterfact_color,432,True,True,counterfactual,True,True,True,True,True,True,1111,64,True
fastv,visual_counterfact_color_000152,prospective,visual_counterfact_color,64,True,True,irrelevant|counterfactual,True,True,True,True,True,True,1111,64,True
fastv,visual_counterfact_color_000152,prospective,visual_counterfact_color,128,True,True,irrelevant|counterfactual,True,True,True,True,True,True,1111,64,True
fastv,visual_counterfact_color_000152,prospective,visual_counterfact_color,256,True,True,irrelevant|counterfactual,True,True,True,True,True,True,1111,64,True
fastv,visual_counterfact_color_000152,prospective,visual_counterfact_color,432,True,True,irrelevant|counterfactual,True,True,True,True,True,True,1111,64,True
fastv,visual_counterfact_color_000153,prospective,visual_counterfact_color,64,True,True,irrelevant|counterfactual,True,False,False,False,False,False,0111,128,True
fastv,visual_counterfact_color_000153,prospective,visual_counterfact_color,128,True,True,irrelevant|counterfactual,True,True,True,True,True,True,0111,128,True
fastv,visual_counterfact_color_000153,prospective,visual_counterfact_color,256,True,True,irrelevant|counterfactual,True,True,True,True,True,True,0111,128,True
fastv,visual_counterfact_color_000153,prospective,visual_counterfact_color,432,True,True,irrelevant|counterfactual,True,True,True,True,True,True,0111,128,True
fastv,visual_counterfact_color_000156,prospective,visual_counterfact_color,64,True,True,counterfactual,True,True,True,True,True,True,1111,64,True
fastv,visual_counterfact_color_000156,prospective,visual_counterfact_color,128,True,True,counterfactual,True,True,True,True,True,True,1111,64,True
fastv,visual_counterfact_color_000156,prospective,visual_counterfact_color,256,True,True,counterfactual,True,True,True,True,True,True,1111,64,True
fastv,visual_counterfact_color_000156,prospective,visual_counterfact_color,432,True,True,counterfactual,True,True,True,True,True,True,1111,64,True
fastv,visual_counterfact_color_000159,prospective,visual_counterfact_color,64,True,True,counterfactual,True,True,True,True,True,True,1111,64,True
fastv,visual_counterfact_color_000159,prospective,visual_counterfact_color,128,True,True,counterfactual,True,True,True,True,True,True,1111,64,True
fastv,visual_counterfact_color_000159,prospective,visual_counterfact_color,256,True,True,counterfactual,True,True,True,True,True,True,1111,64,True
fastv,visual_counterfact_color_000159,prospective,visual_counterfact_color,432,True,True,counterfactual,True,True,True,True,True,True,1111,64,True
fastv,visual_counterfact_color_000168,prospective,visual_counterfact_color,64,True,True,irrelevant|counterfactual,True,False,False,False,False,False,0011,256,True
fastv,visual_counterfact_color_000168,prospective,visual_counterfact_color,128,True,True,irrelevant|counterfactual,True,False,False,False,False,False,0011,256,True
fastv,visual_counterfact_color_000168,prospective,visual_counterfact_color,256,True,True,irrelevant|counterfactual,True,True,True,True,True,True,0011,256,True
fastv,visual_counterfact_color_000168,prospective,visual_counterfact_color,432,True,True,irrelevant|counterfactual,True,True,True,True,True,True,0011,256,True
fastv,visual_counterfact_color_000171,prospective,visual_counterfact_color,64,True,True,counterfactual,True,True,True,True,True,True,1111,64,True
fastv,visual_counterfact_color_000171,prospective,visual_counterfact_color,128,True,True,counterfactual,True,True,True,True,True,True,1111,64,True
fastv,visual_counterfact_color_000171,prospective,visual_counterfact_color,256,True,True,counterfactual,True,True,True,True,True,True,1111,64,True
fastv,visual_counterfact_color_000171,prospective,visual_counterfact_color,432,True,True,counterfactual,True,True,True,True,True,True,1111,64,True
fastv,visual_counterfact_color_000173,prospective,visual_counterfact_color,64,True,True,irrelevant|counterfactual,True,False,False,False,False,False,0011,256,True
fastv,visual_counterfact_color_000173,prospective,visual_counterfact_color,128,True,True,irrelevant|counterfactual,True,False,False,False,False,False,0011,256,True
fastv,visual_counterfact_color_000173,prospective,visual_counterfact_color,256,True,True,irrelevant|counterfactual,True,True,True,True,True,True,0011,256,True
fastv,visual_counterfact_color_000173,prospective,visual_counterfact_color,432,True,True,irrelevant|counterfactual,True,True,True,True,True,True,0011,256,True
fastv,visual_counterfact_color_000176,prospective,visual_counterfact_color,64,True,True,counterfactual,True,True,True,True,True,True,1111,64,True
fastv,visual_counterfact_color_000176,prospective,visual_counterfact_color,128,True,True,counterfactual,True,True,True,True,True,True,1111,64,True
fastv,visual_counterfact_color_000176,prospective,visual_counterfact_color,256,True,True,counterfactual,True,True,True,True,True,True,1111,64,True
fastv,visual_counterfact_color_000176,prospective,visual_counterfact_color,432,True,True,counterfactual,True,True,True,True,True,True,1111,64,True
fastv,visual_counterfact_color_000180,prospective,visual_counterfact_color,64,True,True,irrelevant|counterfactual,True,False,False,False,False,False,0111,128,True
fastv,visual_counterfact_color_000180,prospective,visual_counterfact_color,128,True,True,irrelevant|counterfactual,True,True,True,True,True,True,0111,128,True
fastv,visual_counterfact_color_000180,prospective,visual_counterfact_color,256,True,True,irrelevant|counterfactual,True,True,True,True,True,True,0111,128,True
fastv,visual_counterfact_color_000180,prospective,visual_counterfact_color,432,True,True,irrelevant|counterfactual,True,True,True,True,True,True,0111,128,True
fastv,visual_counterfact_color_000182,prospective,visual_counterfact_color,64,True,True,irrelevant|counterfactual,True,True,True,True,True,True,1111,64,True
fastv,visual_counterfact_color_000182,prospective,visual_counterfact_color,128,True,True,irrelevant|counterfactual,True,True,True,True,True,True,1111,64,True
fastv,visual_counterfact_color_000182,prospective,visual_counterfact_color,256,True,True,irrelevant|counterfactual,True,True,True,True,True,True,1111,64,True
fastv,visual_counterfact_color_000182,prospective,visual_counterfact_color,432,True,True,irrelevant|counterfactual,True,True,True,True,True,True,1111,64,True
fastv,visual_counterfact_color_000186,prospective,visual_counterfact_color,64,True,True,counterfactual,True,True,True,True,True,True,1111,64,True
fastv,visual_counterfact_color_000186,prospective,visual_counterfact_color,128,True,True,counterfactual,True,True,True,True,True,True,1111,64,True
fastv,visual_counterfact_color_000186,prospective,visual_counterfact_color,256,True,True,counterfactual,True,True,True,True,True,True,1111,64,True
fastv,visual_counterfact_color_000186,prospective,visual_counterfact_color,432,True,True,counterfactual,True,True,True,True,True,True,1111,64,True
fastv,visual_counterfact_color_000189,prospective,visual_counterfact_color,64,True,True,irrelevant|counterfactual,False,False,True,False,False,False,0011,256,True
fastv,visual_counterfact_color_000189,prospective,visual_counterfact_color,128,True,True,irrelevant|counterfactual,False,False,True,False,False,False,0011,256,True
fastv,visual_counterfact_color_000189,prospective,visual_counterfact_color,256,True,True,irrelevant|counterfactual,True,True,True,True,True,True,0011,256,True
fastv,visual_counterfact_color_000189,prospective,visual_counterfact_color,432,True,True,irrelevant|counterfactual,True,True,True,True,True,True,0011,256,True
fastv,visual_counterfact_color_000190,prospective,visual_counterfact_color,64,True,True,counterfactual,True,True,True,True,True,True,1111,64,True
fastv,visual_counterfact_color_000190,prospective,visual_counterfact_color,128,True,True,counterfactual,True,True,True,True,True,True,1111,64,True
fastv,visual_counterfact_color_000190,prospective,visual_counterfact_color,256,True,True,counterfactual,True,True,True,True,True,True,1111,64,True
fastv,visual_counterfact_color_000190,prospective,visual_counterfact_color,432,True,True,counterfactual,True,True,True,True,True,True,1111,64,True
fastv,visual_counterfact_color_000191,prospective,visual_counterfact_color,64,True,True,counterfactual,True,True,True,True,True,True,1111,64,True
fastv,visual_counterfact_color_000191,prospective,visual_counterfact_color,128,True,True,counterfactual,True,True,True,True,True,True,1111,64,True
fastv,visual_counterfact_color_000191,prospective,visual_counterfact_color,256,True,True,counterfactual,True,True,True,True,True,True,1111,64,True
fastv,visual_counterfact_color_000191,prospective,visual_counterfact_color,432,True,True,counterfactual,True,True,True,True,True,True,1111,64,True
fastv,visual_counterfact_color_000198,prospective,visual_counterfact_color,64,True,True,counterfactual,True,True,True,True,True,True,1111,64,True
fastv,visual_counterfact_color_000198,prospective,visual_counterfact_color,128,True,True,counterfactual,True,True,True,True,True,True,1111,64,True
fastv,visual_counterfact_color_000198,prospective,visual_counterfact_color,256,True,True,counterfactual,True,True,True,True,True,True,1111,64,True
fastv,visual_counterfact_color_000198,prospective,visual_counterfact_color,432,True,True,counterfactual,True,True,True,True,True,True,1111,64,True
fastv,visual_counterfact_color_000200,prospective,visual_counterfact_color,64,True,True,counterfactual,True,True,True,True,True,True,1111,64,True
fastv,visual_counterfact_color_000200,prospective,visual_counterfact_color,128,True,True,counterfactual,True,True,True,True,True,True,1111,64,True
fastv,visual_counterfact_color_000200,prospective,visual_counterfact_color,256,True,True,counterfactual,True,True,True,True,True,True,1111,64,True
fastv,visual_counterfact_color_000200,prospective,visual_counterfact_color,432,True,True,counterfactual,True,True,True,True,True,True,1111,64,True
fastv,visual_counterfact_color_000201,prospective,visual_counterfact_color,64,True,True,gray|irrelevant|counterfactual,True,True,True,True,True,True,1111,64,True
fastv,visual_counterfact_color_000201,prospective,visual_counterfact_color,128,True,True,gray|irrelevant|counterfactual,True,True,True,True,True,True,1111,64,True
fastv,visual_counterfact_color_000201,prospective,visual_counterfact_color,256,True,True,gray|irrelevant|counterfactual,True,True,True,True,True,True,1111,64,True
fastv,visual_counterfact_color_000201,prospective,visual_counterfact_color,432,True,True,gray|irrelevant|counterfactual,True,True,True,True,True,True,1111,64,True
fastv,visual_counterfact_color_000206,prospective,visual_counterfact_color,64,True,True,irrelevant|counterfactual,True,True,True,True,True,True,1111,64,True
fastv,visual_counterfact_color_000206,prospective,visual_counterfact_color,128,True,True,irrelevant|counterfactual,True,True,True,True,True,True,1111,64,True
fastv,visual_counterfact_color_000206,prospective,visual_counterfact_color,256,True,True,irrelevant|counterfactual,True,True,True,True,True,True,1111,64,True
fastv,visual_counterfact_color_000206,prospective,visual_counterfact_color,432,True,True,irrelevant|counterfactual,True,True,True,True,True,True,1111,64,True
fastv,visual_counterfact_color_000207,prospective,visual_counterfact_color,64,True,True,counterfactual,True,True,True,True,True,True,1111,64,True
fastv,visual_counterfact_color_000207,prospective,visual_counterfact_color,128,True,True,counterfactual,True,True,True,True,True,True,1111,64,True
fastv,visual_counterfact_color_000207,prospective,visual_counterfact_color,256,True,True,counterfactual,True,True,True,True,True,True,1111,64,True
fastv,visual_counterfact_color_000207,prospective,visual_counterfact_color,432,True,True,counterfactual,True,True,True,True,True,True,1111,64,True
fastv,visual_counterfact_color_000217,prospective,visual_counterfact_color,64,True,True,counterfactual,True,True,True,True,True,True,1111,64,True
fastv,visual_counterfact_color_000217,prospective,visual_counterfact_color,128,True,True,counterfactual,True,True,True,True,True,True,1111,64,True
fastv,visual_counterfact_color_000217,prospective,visual_counterfact_color,256,True,True,counterfactual,True,True,True,True,True,True,1111,64,True
fastv,visual_counterfact_color_000217,prospective,visual_counterfact_color,432,True,True,counterfactual,True,True,True,True,True,True,1111,64,True
fastv,visual_counterfact_color_000220,prospective,visual_counterfact_color,64,True,True,irrelevant|counterfactual,True,True,True,True,True,True,1111,64,True
fastv,visual_counterfact_color_000220,prospective,visual_counterfact_color,128,True,True,irrelevant|counterfactual,True,True,True,True,True,True,1111,64,True
fastv,visual_counterfact_color_000220,prospective,visual_counterfact_color,256,True,True,irrelevant|counterfactual,True,True,True,True,True,True,1111,64,True
fastv,visual_counterfact_color_000220,prospective,visual_counterfact_color,432,True,True,irrelevant|counterfactual,True,True,True,True,True,True,1111,64,True
fastv,visual_counterfact_color_000221,prospective,visual_counterfact_color,64,True,True,counterfactual,True,True,True,True,True,True,1111,64,True
fastv,visual_counterfact_color_000221,prospective,visual_counterfact_color,128,True,True,counterfactual,True,True,True,True,True,True,1111,64,True
fastv,visual_counterfact_color_000221,prospective,visual_counterfact_color,256,True,True,counterfactual,True,True,True,True,True,True,1111,64,True
fastv,visual_counterfact_color_000221,prospective,visual_counterfact_color,432,True,True,counterfactual,True,True,True,True,True,True,1111,64,True
fastv,visual_counterfact_color_000223,prospective,visual_counterfact_color,64,True,True,counterfactual,True,True,True,True,True,True,1111,64,True
fastv,visual_counterfact_color_000223,prospective,visual_counterfact_color,128,True,True,counterfactual,True,True,True,True,True,True,1111,64,True
fastv,visual_counterfact_color_000223,prospective,visual_counterfact_color,256,True,True,counterfactual,True,True,True,True,True,True,1111,64,True
fastv,visual_counterfact_color_000223,prospective,visual_counterfact_color,432,True,True,counterfactual,True,True,True,True,True,True,1111,64,True
fastv,visual_counterfact_color_000227,prospective,visual_counterfact_color,64,True,True,counterfactual,True,True,True,True,True,True,1111,64,True
fastv,visual_counterfact_color_000227,prospective,visual_counterfact_color,128,True,True,counterfactual,True,True,True,True,True,True,1111,64,True
fastv,visual_counterfact_color_000227,prospective,visual_counterfact_color,256,True,True,counterfactual,True,True,True,True,True,True,1111,64,True
fastv,visual_counterfact_color_000227,prospective,visual_counterfact_color,432,True,True,counterfactual,True,True,True,True,True,True,1111,64,True
fastv,visual_counterfact_color_000228,prospective,visual_counterfact_color,64,True,True,counterfactual,True,True,True,True,True,True,1111,64,True
fastv,visual_counterfact_color_000228,prospective,visual_counterfact_color,128,True,True,counterfactual,True,True,True,True,True,True,1111,64,True
fastv,visual_counterfact_color_000228,prospective,visual_counterfact_color,256,True,True,counterfactual,True,True,True,True,True,True,1111,64,True
fastv,visual_counterfact_color_000228,prospective,visual_counterfact_color,432,True,True,counterfactual,True,True,True,True,True,True,1111,64,True
fastv,visual_counterfact_color_000233,prospective,visual_counterfact_color,64,True,True,gray|counterfactual,True,True,True,True,True,True,1111,64,True
fastv,visual_counterfact_color_000233,prospective,visual_counterfact_color,128,True,True,gray|counterfactual,True,True,True,True,True,True,1111,64,True
fastv,visual_counterfact_color_000233,prospective,visual_counterfact_color,256,True,True,gray|counterfactual,True,True,True,True,True,True,1111,64,True
fastv,visual_counterfact_color_000233,prospective,visual_counterfact_color,432,True,True,gray|counterfactual,True,True,True,True,True,True,1111,64,True
fastv,visual_counterfact_color_000236,prospective,visual_counterfact_color,64,True,True,irrelevant|counterfactual,True,False,False,False,False,False,0001,432,True
fastv,visual_counterfact_color_000236,prospective,visual_counterfact_color,128,True,True,irrelevant|counterfactual,True,False,False,False,False,False,0001,432,True
fastv,visual_counterfact_color_000236,prospective,visual_counterfact_color,256,True,True,irrelevant|counterfactual,True,False,False,False,False,False,0001,432,True
fastv,visual_counterfact_color_000236,prospective,visual_counterfact_color,432,True,True,irrelevant|counterfactual,True,True,True,True,True,True,0001,432,True
fastv,visual_counterfact_color_000239,prospective,visual_counterfact_color,64,True,True,counterfactual,True,True,True,True,True,True,1111,64,True
fastv,visual_counterfact_color_000239,prospective,visual_counterfact_color,128,True,True,counterfactual,True,True,True,True,True,True,1111,64,True
fastv,visual_counterfact_color_000239,prospective,visual_counterfact_color,256,True,True,counterfactual,True,True,True,True,True,True,1111,64,True
fastv,visual_counterfact_color_000239,prospective,visual_counterfact_color,432,True,True,counterfactual,True,True,True,True,True,True,1111,64,True
fastv,visual_counterfact_color_000246,prospective,visual_counterfact_color,64,True,True,counterfactual,True,True,True,True,True,True,1111,64,True
fastv,visual_counterfact_color_000246,prospective,visual_counterfact_color,128,True,True,counterfactual,True,True,True,True,True,True,1111,64,True
fastv,visual_counterfact_color_000246,prospective,visual_counterfact_color,256,True,True,counterfactual,True,True,True,True,True,True,1111,64,True
fastv,visual_counterfact_color_000246,prospective,visual_counterfact_color,432,True,True,counterfactual,True,True,True,True,True,True,1111,64,True
fastv,visual_counterfact_color_000252,prospective,visual_counterfact_color,64,True,True,counterfactual,True,True,True,True,True,True,1111,64,True
fastv,visual_counterfact_color_000252,prospective,visual_counterfact_color,128,True,True,counterfactual,True,True,True,True,True,True,1111,64,True
fastv,visual_counterfact_color_000252,prospective,visual_counterfact_color,256,True,True,counterfactual,True,True,True,True,True,True,1111,64,True
fastv,visual_counterfact_color_000252,prospective,visual_counterfact_color,432,True,True,counterfactual,True,True,True,True,True,True,1111,64,True
fastv,visual_counterfact_color_000260,prospective,visual_counterfact_color,64,True,True,counterfactual,True,True,True,True,True,True,1111,64,True
fastv,visual_counterfact_color_000260,prospective,visual_counterfact_color,128,True,True,counterfactual,True,True,True,True,True,True,1111,64,True
fastv,visual_counterfact_color_000260,prospective,visual_counterfact_color,256,True,True,counterfactual,True,True,True,True,True,True,1111,64,True
fastv,visual_counterfact_color_000260,prospective,visual_counterfact_color,432,True,True,counterfactual,True,True,True,True,True,True,1111,64,True
fastv,visual_counterfact_color_000263,prospective,visual_counterfact_color,64,True,True,irrelevant|counterfactual,True,False,False,False,False,False,0000,full,True
fastv,visual_counterfact_color_000263,prospective,visual_counterfact_color,128,True,True,irrelevant|counterfactual,True,False,False,False,False,False,0000,full,True
fastv,visual_counterfact_color_000263,prospective,visual_counterfact_color,256,True,True,irrelevant|counterfactual,True,False,False,False,False,False,0000,full,True
fastv,visual_counterfact_color_000263,prospective,visual_counterfact_color,432,True,True,irrelevant|counterfactual,True,False,False,False,False,False,0000,full,True
fastv,visual_counterfact_color_000265,prospective,visual_counterfact_color,64,True,True,irrelevant|counterfactual,True,False,False,False,False,False,0111,128,True
fastv,visual_counterfact_color_000265,prospective,visual_counterfact_color,128,True,True,irrelevant|counterfactual,True,True,True,True,True,True,0111,128,True
fastv,visual_counterfact_color_000265,prospective,visual_counterfact_color,256,True,True,irrelevant|counterfactual,True,True,True,True,True,True,0111,128,True
fastv,visual_counterfact_color_000265,prospective,visual_counterfact_color,432,True,True,irrelevant|counterfactual,True,True,True,True,True,True,0111,128,True
fastv,visual_counterfact_color_000266,prospective,visual_counterfact_color,64,True,True,irrelevant|counterfactual,True,True,True,True,True,True,1111,64,True
fastv,visual_counterfact_color_000266,prospective,visual_counterfact_color,128,True,True,irrelevant|counterfactual,True,True,True,True,True,True,1111,64,True
fastv,visual_counterfact_color_000266,prospective,visual_counterfact_color,256,True,True,irrelevant|counterfactual,True,True,True,True,True,True,1111,64,True
fastv,visual_counterfact_color_000266,prospective,visual_counterfact_color,432,True,True,irrelevant|counterfactual,True,True,True,True,True,True,1111,64,True
fastv,visual_counterfact_color_000270,prospective,visual_counterfact_color,64,True,True,counterfactual,True,True,True,True,True,True,1111,64,True
fastv,visual_counterfact_color_000270,prospective,visual_counterfact_color,128,True,True,counterfactual,True,True,True,True,True,True,1111,64,True
fastv,visual_counterfact_color_000270,prospective,visual_counterfact_color,256,True,True,counterfactual,True,True,True,True,True,True,1111,64,True
fastv,visual_counterfact_color_000270,prospective,visual_counterfact_color,432,True,True,counterfactual,True,True,True,True,True,True,1111,64,True
fastv,visual_counterfact_color_000271,prospective,visual_counterfact_color,64,True,True,irrelevant|counterfactual,True,True,True,True,True,True,1111,64,True
fastv,visual_counterfact_color_000271,prospective,visual_counterfact_color,128,True,True,irrelevant|counterfactual,True,True,True,True,True,True,1111,64,True
fastv,visual_counterfact_color_000271,prospective,visual_counterfact_color,256,True,True,irrelevant|counterfactual,True,True,True,True,True,True,1111,64,True
fastv,visual_counterfact_color_000271,prospective,visual_counterfact_color,432,True,True,irrelevant|counterfactual,True,True,True,True,True,True,1111,64,True
fastv,visual_counterfact_color_000272,prospective,visual_counterfact_color,64,True,True,irrelevant|counterfactual,True,False,False,False,False,False,0011,256,True
fastv,visual_counterfact_color_000272,prospective,visual_counterfact_color,128,True,True,irrelevant|counterfactual,True,False,False,False,False,False,0011,256,True
fastv,visual_counterfact_color_000272,prospective,visual_counterfact_color,256,True,True,irrelevant|counterfactual,True,True,True,True,True,True,0011,256,True
fastv,visual_counterfact_color_000272,prospective,visual_counterfact_color,432,True,True,irrelevant|counterfactual,True,True,True,True,True,True,0011,256,True
fastv,visual_counterfact_color_000278,prospective,visual_counterfact_color,64,True,True,irrelevant|counterfactual,True,False,False,False,False,False,0011,256,True
fastv,visual_counterfact_color_000278,prospective,visual_counterfact_color,128,True,True,irrelevant|counterfactual,True,False,False,False,False,False,0011,256,True
fastv,visual_counterfact_color_000278,prospective,visual_counterfact_color,256,True,True,irrelevant|counterfactual,True,True,True,True,True,True,0011,256,True
fastv,visual_counterfact_color_000278,prospective,visual_counterfact_color,432,True,True,irrelevant|counterfactual,True,True,True,True,True,True,0011,256,True
fastv,visual_counterfact_color_000281,prospective,visual_counterfact_color,64,True,True,counterfactual,True,True,True,True,True,True,1111,64,True
fastv,visual_counterfact_color_000281,prospective,visual_counterfact_color,128,True,True,counterfactual,True,True,True,True,True,True,1111,64,True
fastv,visual_counterfact_color_000281,prospective,visual_counterfact_color,256,True,True,counterfactual,True,True,True,True,True,True,1111,64,True
fastv,visual_counterfact_color_000281,prospective,visual_counterfact_color,432,True,True,counterfactual,True,True,True,True,True,True,1111,64,True
fastv,visual_counterfact_color_000282,prospective,visual_counterfact_color,64,True,True,counterfactual,True,True,True,True,True,True,1111,64,True
fastv,visual_counterfact_color_000282,prospective,visual_counterfact_color,128,True,True,counterfactual,True,True,True,True,True,True,1111,64,True
fastv,visual_counterfact_color_000282,prospective,visual_counterfact_color,256,True,True,counterfactual,True,True,True,True,True,True,1111,64,True
fastv,visual_counterfact_color_000282,prospective,visual_counterfact_color,432,True,True,counterfactual,True,True,True,True,True,True,1111,64,True
fastv,visual_counterfact_color_000285,prospective,visual_counterfact_color,64,True,True,counterfactual,True,True,True,True,True,True,1111,64,True
fastv,visual_counterfact_color_000285,prospective,visual_counterfact_color,128,True,True,counterfactual,True,True,True,True,True,True,1111,64,True
fastv,visual_counterfact_color_000285,prospective,visual_counterfact_color,256,True,True,counterfactual,True,True,True,True,True,True,1111,64,True
fastv,visual_counterfact_color_000285,prospective,visual_counterfact_color,432,True,True,counterfactual,True,True,True,True,True,True,1111,64,True
fastv,visual_counterfact_color_000286,prospective,visual_counterfact_color,64,True,True,counterfactual,True,True,True,True,True,True,1111,64,True
fastv,visual_counterfact_color_000286,prospective,visual_counterfact_color,128,True,True,counterfactual,True,True,True,True,True,True,1111,64,True
fastv,visual_counterfact_color_000286,prospective,visual_counterfact_color,256,True,True,counterfactual,True,True,True,True,True,True,1111,64,True
fastv,visual_counterfact_color_000286,prospective,visual_counterfact_color,432,True,True,counterfactual,True,True,True,True,True,True,1111,64,True
fastv,visual_counterfact_color_000289,prospective,visual_counterfact_color,64,True,True,counterfactual,True,True,True,True,True,True,1111,64,True
fastv,visual_counterfact_color_000289,prospective,visual_counterfact_color,128,True,True,counterfactual,True,True,True,True,True,True,1111,64,True
fastv,visual_counterfact_color_000289,prospective,visual_counterfact_color,256,True,True,counterfactual,True,True,True,True,True,True,1111,64,True
fastv,visual_counterfact_color_000289,prospective,visual_counterfact_color,432,True,True,counterfactual,True,True,True,True,True,True,1111,64,True
fastv,visual_counterfact_color_000294,prospective,visual_counterfact_color,64,True,True,counterfactual,True,True,True,True,True,True,1111,64,True
fastv,visual_counterfact_color_000294,prospective,visual_counterfact_color,128,True,True,counterfactual,True,True,True,True,True,True,1111,64,True
fastv,visual_counterfact_color_000294,prospective,visual_counterfact_color,256,True,True,counterfactual,True,True,True,True,True,True,1111,64,True
fastv,visual_counterfact_color_000294,prospective,visual_counterfact_color,432,True,True,counterfactual,True,True,True,True,True,True,1111,64,True
fastv,visual_counterfact_color_000299,prospective,visual_counterfact_color,64,True,True,irrelevant|counterfactual,True,True,True,True,True,True,1111,64,True
fastv,visual_counterfact_color_000299,prospective,visual_counterfact_color,128,True,True,irrelevant|counterfactual,True,True,True,True,True,True,1111,64,True
fastv,visual_counterfact_color_000299,prospective,visual_counterfact_color,256,True,True,irrelevant|counterfactual,True,True,True,True,True,True,1111,64,True
fastv,visual_counterfact_color_000299,prospective,visual_counterfact_color,432,True,True,irrelevant|counterfactual,True,True,True,True,True,True,1111,64,True
fastv,visual_counterfact_color_000309,prospective,visual_counterfact_color,64,True,True,counterfactual,True,True,True,True,True,True,1111,64,True
fastv,visual_counterfact_color_000309,prospective,visual_counterfact_color,128,True,True,counterfactual,True,True,True,True,True,True,1111,64,True
fastv,visual_counterfact_color_000309,prospective,visual_counterfact_color,256,True,True,counterfactual,True,True,True,True,True,True,1111,64,True
fastv,visual_counterfact_color_000309,prospective,visual_counterfact_color,432,True,True,counterfactual,True,True,True,True,True,True,1111,64,True
fastv,visual_counterfact_color_000312,prospective,visual_counterfact_color,64,True,True,counterfactual,True,True,True,True,True,True,1111,64,True
fastv,visual_counterfact_color_000312,prospective,visual_counterfact_color,128,True,True,counterfactual,True,True,True,True,True,True,1111,64,True
fastv,visual_counterfact_color_000312,prospective,visual_counterfact_color,256,True,True,counterfactual,True,True,True,True,True,True,1111,64,True
fastv,visual_counterfact_color_000312,prospective,visual_counterfact_color,432,True,True,counterfactual,True,True,True,True,True,True,1111,64,True
fastv,visual_counterfact_color_000314,prospective,visual_counterfact_color,64,True,True,counterfactual,True,True,True,True,True,True,1111,64,True
fastv,visual_counterfact_color_000314,prospective,visual_counterfact_color,128,True,True,counterfactual,True,True,True,True,True,True,1111,64,True
fastv,visual_counterfact_color_000314,prospective,visual_counterfact_color,256,True,True,counterfactual,True,True,True,True,True,True,1111,64,True
fastv,visual_counterfact_color_000314,prospective,visual_counterfact_color,432,True,True,counterfactual,True,True,True,True,True,True,1111,64,True
fastv,visual_counterfact_color_000316,prospective,visual_counterfact_color,64,True,True,gray|counterfactual,False,False,True,False,False,False,0111,128,True
fastv,visual_counterfact_color_000316,prospective,visual_counterfact_color,128,True,True,gray|counterfactual,True,True,True,True,True,True,0111,128,True
fastv,visual_counterfact_color_000316,prospective,visual_counterfact_color,256,True,True,gray|counterfactual,True,True,True,True,True,True,0111,128,True
fastv,visual_counterfact_color_000316,prospective,visual_counterfact_color,432,True,True,gray|counterfactual,True,True,True,True,True,True,0111,128,True
fastv,visual_counterfact_color_000319,prospective,visual_counterfact_color,64,True,True,gray|counterfactual,True,True,True,True,True,True,1111,64,True
fastv,visual_counterfact_color_000319,prospective,visual_counterfact_color,128,True,True,gray|counterfactual,True,True,True,True,True,True,1111,64,True
fastv,visual_counterfact_color_000319,prospective,visual_counterfact_color,256,True,True,gray|counterfactual,True,True,True,True,True,True,1111,64,True
fastv,visual_counterfact_color_000319,prospective,visual_counterfact_color,432,True,True,gray|counterfactual,True,True,True,True,True,True,1111,64,True
fastv,visual_counterfact_color_000321,prospective,visual_counterfact_color,64,True,True,counterfactual,True,True,True,True,True,True,1111,64,True
fastv,visual_counterfact_color_000321,prospective,visual_counterfact_color,128,True,True,counterfactual,True,True,True,True,True,True,1111,64,True
fastv,visual_counterfact_color_000321,prospective,visual_counterfact_color,256,True,True,counterfactual,True,True,True,True,True,True,1111,64,True
fastv,visual_counterfact_color_000321,prospective,visual_counterfact_color,432,True,True,counterfactual,True,True,True,True,True,True,1111,64,True
fastv,visual_counterfact_color_000326,prospective,visual_counterfact_color,64,True,True,irrelevant|counterfactual,True,True,True,True,True,True,1111,64,True
fastv,visual_counterfact_color_000326,prospective,visual_counterfact_color,128,True,True,irrelevant|counterfactual,True,True,True,True,True,True,1111,64,True
fastv,visual_counterfact_color_000326,prospective,visual_counterfact_color,256,True,True,irrelevant|counterfactual,True,True,True,True,True,True,1111,64,True
fastv,visual_counterfact_color_000326,prospective,visual_counterfact_color,432,True,True,irrelevant|counterfactual,True,True,True,True,True,True,1111,64,True
fastv,visual_counterfact_color_000327,prospective,visual_counterfact_color,64,True,True,counterfactual,True,True,True,True,True,True,1111,64,True
fastv,visual_counterfact_color_000327,prospective,visual_counterfact_color,128,True,True,counterfactual,True,True,True,True,True,True,1111,64,True
fastv,visual_counterfact_color_000327,prospective,visual_counterfact_color,256,True,True,counterfactual,True,True,True,True,True,True,1111,64,True
fastv,visual_counterfact_color_000327,prospective,visual_counterfact_color,432,True,True,counterfactual,True,True,True,True,True,True,1111,64,True
fastv,visual_counterfact_color_000329,prospective,visual_counterfact_color,64,True,True,blur|counterfactual,True,True,True,True,True,True,1111,64,True
fastv,visual_counterfact_color_000329,prospective,visual_counterfact_color,128,True,True,blur|counterfactual,True,True,True,True,True,True,1111,64,True
fastv,visual_counterfact_color_000329,prospective,visual_counterfact_color,256,True,True,blur|counterfactual,True,True,True,True,True,True,1111,64,True
fastv,visual_counterfact_color_000329,prospective,visual_counterfact_color,432,True,True,blur|counterfactual,True,True,True,True,True,True,1111,64,True
fastv,visual_counterfact_color_000330,prospective,visual_counterfact_color,64,True,True,irrelevant|counterfactual,True,True,True,True,True,True,1111,64,True
fastv,visual_counterfact_color_000330,prospective,visual_counterfact_color,128,True,True,irrelevant|counterfactual,True,True,True,True,True,True,1111,64,True
fastv,visual_counterfact_color_000330,prospective,visual_counterfact_color,256,True,True,irrelevant|counterfactual,True,True,True,True,True,True,1111,64,True
fastv,visual_counterfact_color_000330,prospective,visual_counterfact_color,432,True,True,irrelevant|counterfactual,True,True,True,True,True,True,1111,64,True
fastv,visual_counterfact_color_000333,prospective,visual_counterfact_color,64,True,True,gray|irrelevant|counterfactual,True,True,True,True,True,True,1111,64,True
fastv,visual_counterfact_color_000333,prospective,visual_counterfact_color,128,True,True,gray|irrelevant|counterfactual,True,True,True,True,True,True,1111,64,True
fastv,visual_counterfact_color_000333,prospective,visual_counterfact_color,256,True,True,gray|irrelevant|counterfactual,True,True,True,True,True,True,1111,64,True
fastv,visual_counterfact_color_000333,prospective,visual_counterfact_color,432,True,True,gray|irrelevant|counterfactual,True,True,True,True,True,True,1111,64,True
fastv,visual_counterfact_color_000341,prospective,visual_counterfact_color,64,True,True,counterfactual,True,True,True,True,True,True,1111,64,True
fastv,visual_counterfact_color_000341,prospective,visual_counterfact_color,128,True,True,counterfactual,True,True,True,True,True,True,1111,64,True
fastv,visual_counterfact_color_000341,prospective,visual_counterfact_color,256,True,True,counterfactual,True,True,True,True,True,True,1111,64,True
fastv,visual_counterfact_color_000341,prospective,visual_counterfact_color,432,True,True,counterfactual,True,True,True,True,True,True,1111,64,True
fastv,visual_counterfact_color_000354,prospective,visual_counterfact_color,64,True,True,irrelevant|counterfactual,True,True,True,True,True,True,1111,64,True
fastv,visual_counterfact_color_000354,prospective,visual_counterfact_color,128,True,True,irrelevant|counterfactual,True,True,True,True,True,True,1111,64,True
fastv,visual_counterfact_color_000354,prospective,visual_counterfact_color,256,True,True,irrelevant|counterfactual,True,True,True,True,True,True,1111,64,True
fastv,visual_counterfact_color_000354,prospective,visual_counterfact_color,432,True,True,irrelevant|counterfactual,True,True,True,True,True,True,1111,64,True
fastv,visual_counterfact_color_000358,prospective,visual_counterfact_color,64,True,True,irrelevant|counterfactual,True,False,False,False,False,False,0011,256,True
fastv,visual_counterfact_color_000358,prospective,visual_counterfact_color,128,True,True,irrelevant|counterfactual,True,False,False,False,False,False,0011,256,True
fastv,visual_counterfact_color_000358,prospective,visual_counterfact_color,256,True,True,irrelevant|counterfactual,True,True,True,True,True,True,0011,256,True
fastv,visual_counterfact_color_000358,prospective,visual_counterfact_color,432,True,True,irrelevant|counterfactual,True,True,True,True,True,True,0011,256,True
fastv,visual_counterfact_color_000359,prospective,visual_counterfact_color,64,True,True,counterfactual,True,True,True,True,True,True,1111,64,True
fastv,visual_counterfact_color_000359,prospective,visual_counterfact_color,128,True,True,counterfactual,True,True,True,True,True,True,1111,64,True
fastv,visual_counterfact_color_000359,prospective,visual_counterfact_color,256,True,True,counterfactual,True,True,True,True,True,True,1111,64,True
fastv,visual_counterfact_color_000359,prospective,visual_counterfact_color,432,True,True,counterfactual,True,True,True,True,True,True,1111,64,True
fastv,visual_counterfact_color_000361,prospective,visual_counterfact_color,64,True,True,irrelevant|counterfactual,True,True,True,True,True,True,1111,64,True
fastv,visual_counterfact_color_000361,prospective,visual_counterfact_color,128,True,True,irrelevant|counterfactual,True,True,True,True,True,True,1111,64,True
fastv,visual_counterfact_color_000361,prospective,visual_counterfact_color,256,True,True,irrelevant|counterfactual,True,True,True,True,True,True,1111,64,True
fastv,visual_counterfact_color_000361,prospective,visual_counterfact_color,432,True,True,irrelevant|counterfactual,True,True,True,True,True,True,1111,64,True
fastv,visual_counterfact_color_000363,prospective,visual_counterfact_color,64,True,True,counterfactual,True,True,True,True,True,True,1111,64,True
fastv,visual_counterfact_color_000363,prospective,visual_counterfact_color,128,True,True,counterfactual,True,True,True,True,True,True,1111,64,True
fastv,visual_counterfact_color_000363,prospective,visual_counterfact_color,256,True,True,counterfactual,True,True,True,True,True,True,1111,64,True
fastv,visual_counterfact_color_000363,prospective,visual_counterfact_color,432,True,True,counterfactual,True,True,True,True,True,True,1111,64,True
fastv,visual_counterfact_color_000364,prospective,visual_counterfact_color,64,True,True,counterfactual,True,True,True,True,True,True,1111,64,True
fastv,visual_counterfact_color_000364,prospective,visual_counterfact_color,128,True,True,counterfactual,True,True,True,True,True,True,1111,64,True
fastv,visual_counterfact_color_000364,prospective,visual_counterfact_color,256,True,True,counterfactual,True,True,True,True,True,True,1111,64,True
fastv,visual_counterfact_color_000364,prospective,visual_counterfact_color,432,True,True,counterfactual,True,True,True,True,True,True,1111,64,True
fastv,visual_counterfact_color_000368,prospective,visual_counterfact_color,64,True,True,counterfactual,True,True,True,True,True,True,1111,64,True
fastv,visual_counterfact_color_000368,prospective,visual_counterfact_color,128,True,True,counterfactual,True,True,True,True,True,True,1111,64,True
fastv,visual_counterfact_color_000368,prospective,visual_counterfact_color,256,True,True,counterfactual,True,True,True,True,True,True,1111,64,True
fastv,visual_counterfact_color_000368,prospective,visual_counterfact_color,432,True,True,counterfactual,True,True,True,True,True,True,1111,64,True
fastv,visual_counterfact_color_000374,prospective,visual_counterfact_color,64,True,True,gray|irrelevant|counterfactual,True,True,True,True,True,True,1111,64,True
fastv,visual_counterfact_color_000374,prospective,visual_counterfact_color,128,True,True,gray|irrelevant|counterfactual,True,True,True,True,True,True,1111,64,True
fastv,visual_counterfact_color_000374,prospective,visual_counterfact_color,256,True,True,gray|irrelevant|counterfactual,True,True,True,True,True,True,1111,64,True
fastv,visual_counterfact_color_000374,prospective,visual_counterfact_color,432,True,True,gray|irrelevant|counterfactual,True,True,True,True,True,True,1111,64,True
fastv,visual_counterfact_color_000375,prospective,visual_counterfact_color,64,True,True,counterfactual,True,True,True,True,True,True,1111,64,True
fastv,visual_counterfact_color_000375,prospective,visual_counterfact_color,128,True,True,counterfactual,True,True,True,True,True,True,1111,64,True
fastv,visual_counterfact_color_000375,prospective,visual_counterfact_color,256,True,True,counterfactual,True,True,True,True,True,True,1111,64,True
fastv,visual_counterfact_color_000375,prospective,visual_counterfact_color,432,True,True,counterfactual,True,True,True,True,True,True,1111,64,True
fastv,visual_counterfact_color_000376,prospective,visual_counterfact_color,64,True,True,gray|counterfactual,False,False,True,False,False,False,0111,128,True
fastv,visual_counterfact_color_000376,prospective,visual_counterfact_color,128,True,True,gray|counterfactual,True,True,True,True,True,True,0111,128,True
fastv,visual_counterfact_color_000376,prospective,visual_counterfact_color,256,True,True,gray|counterfactual,True,True,True,True,True,True,0111,128,True
fastv,visual_counterfact_color_000376,prospective,visual_counterfact_color,432,True,True,gray|counterfactual,True,True,True,True,True,True,0111,128,True
fastv,visual_counterfact_color_000382,prospective,visual_counterfact_color,64,True,True,counterfactual,True,True,True,True,True,True,1111,64,True
fastv,visual_counterfact_color_000382,prospective,visual_counterfact_color,128,True,True,counterfactual,True,True,True,True,True,True,1111,64,True
fastv,visual_counterfact_color_000382,prospective,visual_counterfact_color,256,True,True,counterfactual,True,True,True,True,True,True,1111,64,True
fastv,visual_counterfact_color_000382,prospective,visual_counterfact_color,432,True,True,counterfactual,True,True,True,True,True,True,1111,64,True
fastv,visual_counterfact_color_000384,prospective,visual_counterfact_color,64,True,True,irrelevant|counterfactual,True,True,True,True,True,True,1111,64,True
fastv,visual_counterfact_color_000384,prospective,visual_counterfact_color,128,True,True,irrelevant|counterfactual,True,True,True,True,True,True,1111,64,True
fastv,visual_counterfact_color_000384,prospective,visual_counterfact_color,256,True,True,irrelevant|counterfactual,True,True,True,True,True,True,1111,64,True
fastv,visual_counterfact_color_000384,prospective,visual_counterfact_color,432,True,True,irrelevant|counterfactual,True,True,True,True,True,True,1111,64,True
fastv,visual_counterfact_color_000385,prospective,visual_counterfact_color,64,True,True,counterfactual,True,True,True,True,True,True,1111,64,True
fastv,visual_counterfact_color_000385,prospective,visual_counterfact_color,128,True,True,counterfactual,True,True,True,True,True,True,1111,64,True
fastv,visual_counterfact_color_000385,prospective,visual_counterfact_color,256,True,True,counterfactual,True,True,True,True,True,True,1111,64,True
fastv,visual_counterfact_color_000385,prospective,visual_counterfact_color,432,True,True,counterfactual,True,True,True,True,True,True,1111,64,True
fastv,visual_counterfact_color_000386,prospective,visual_counterfact_color,64,True,True,counterfactual,True,True,True,True,True,True,1111,64,True
fastv,visual_counterfact_color_000386,prospective,visual_counterfact_color,128,True,True,counterfactual,True,True,True,True,True,True,1111,64,True
fastv,visual_counterfact_color_000386,prospective,visual_counterfact_color,256,True,True,counterfactual,True,True,True,True,True,True,1111,64,True
fastv,visual_counterfact_color_000386,prospective,visual_counterfact_color,432,True,True,counterfactual,True,True,True,True,True,True,1111,64,True
fastv,visual_counterfact_color_000390,prospective,visual_counterfact_color,64,True,True,counterfactual,True,True,True,True,True,True,1111,64,True
fastv,visual_counterfact_color_000390,prospective,visual_counterfact_color,128,True,True,counterfactual,True,True,True,True,True,True,1111,64,True
fastv,visual_counterfact_color_000390,prospective,visual_counterfact_color,256,True,True,counterfactual,True,True,True,True,True,True,1111,64,True
fastv,visual_counterfact_color_000390,prospective,visual_counterfact_color,432,True,True,counterfactual,True,True,True,True,True,True,1111,64,True
fastv,visual_counterfact_color_000391,prospective,visual_counterfact_color,64,True,True,irrelevant|counterfactual,True,False,False,False,False,False,0000,full,True
fastv,visual_counterfact_color_000391,prospective,visual_counterfact_color,128,True,True,irrelevant|counterfactual,True,False,False,False,False,False,0000,full,True
fastv,visual_counterfact_color_000391,prospective,visual_counterfact_color,256,True,True,irrelevant|counterfactual,True,False,False,False,False,False,0000,full,True
fastv,visual_counterfact_color_000391,prospective,visual_counterfact_color,432,True,True,irrelevant|counterfactual,True,False,False,False,False,False,0000,full,True
fastv,visual_counterfact_color_000392,prospective,visual_counterfact_color,64,True,True,irrelevant|counterfactual,True,True,True,True,True,True,1111,64,True
fastv,visual_counterfact_color_000392,prospective,visual_counterfact_color,128,True,True,irrelevant|counterfactual,True,True,True,True,True,True,1111,64,True
fastv,visual_counterfact_color_000392,prospective,visual_counterfact_color,256,True,True,irrelevant|counterfactual,True,True,True,True,True,True,1111,64,True
fastv,visual_counterfact_color_000392,prospective,visual_counterfact_color,432,True,True,irrelevant|counterfactual,True,True,True,True,True,True,1111,64,True
fastv,visual_counterfact_color_000393,prospective,visual_counterfact_color,64,True,True,counterfactual,True,True,True,True,True,True,1111,64,True
fastv,visual_counterfact_color_000393,prospective,visual_counterfact_color,128,True,True,counterfactual,True,True,True,True,True,True,1111,64,True
fastv,visual_counterfact_color_000393,prospective,visual_counterfact_color,256,True,True,counterfactual,True,True,True,True,True,True,1111,64,True
fastv,visual_counterfact_color_000393,prospective,visual_counterfact_color,432,True,True,counterfactual,True,True,True,True,True,True,1111,64,True
fastv,visual_counterfact_color_000394,prospective,visual_counterfact_color,64,True,True,counterfactual,True,True,True,True,True,True,1111,64,True
fastv,visual_counterfact_color_000394,prospective,visual_counterfact_color,128,True,True,counterfactual,True,True,True,True,True,True,1111,64,True
fastv,visual_counterfact_color_000394,prospective,visual_counterfact_color,256,True,True,counterfactual,True,True,True,True,True,True,1111,64,True
fastv,visual_counterfact_color_000394,prospective,visual_counterfact_color,432,True,True,counterfactual,True,True,True,True,True,True,1111,64,True
fastv,visual_counterfact_color_000395,prospective,visual_counterfact_color,64,True,True,counterfactual,True,True,True,True,True,True,1111,64,True
fastv,visual_counterfact_color_000395,prospective,visual_counterfact_color,128,True,True,counterfactual,True,True,True,True,True,True,1111,64,True
fastv,visual_counterfact_color_000395,prospective,visual_counterfact_color,256,True,True,counterfactual,True,True,True,True,True,True,1111,64,True
fastv,visual_counterfact_color_000395,prospective,visual_counterfact_color,432,True,True,counterfactual,True,True,True,True,True,True,1111,64,True
fastv,visual_counterfact_color_000398,prospective,visual_counterfact_color,64,True,True,counterfactual,True,True,True,True,True,True,1111,64,True
fastv,visual_counterfact_color_000398,prospective,visual_counterfact_color,128,True,True,counterfactual,True,True,True,True,True,True,1111,64,True
fastv,visual_counterfact_color_000398,prospective,visual_counterfact_color,256,True,True,counterfactual,True,True,True,True,True,True,1111,64,True
fastv,visual_counterfact_color_000398,prospective,visual_counterfact_color,432,True,True,counterfactual,True,True,True,True,True,True,1111,64,True
fastv,visual_counterfact_color_000400,prospective,visual_counterfact_color,64,True,True,counterfactual,True,True,True,True,True,True,1111,64,True
fastv,visual_counterfact_color_000400,prospective,visual_counterfact_color,128,True,True,counterfactual,True,True,True,True,True,True,1111,64,True
fastv,visual_counterfact_color_000400,prospective,visual_counterfact_color,256,True,True,counterfactual,True,True,True,True,True,True,1111,64,True
fastv,visual_counterfact_color_000400,prospective,visual_counterfact_color,432,True,True,counterfactual,True,True,True,True,True,True,1111,64,True
fastv,visual_counterfact_color_000403,prospective,visual_counterfact_color,64,True,True,counterfactual,True,True,True,True,True,True,1111,64,True
fastv,visual_counterfact_color_000403,prospective,visual_counterfact_color,128,True,True,counterfactual,True,True,True,True,True,True,1111,64,True
fastv,visual_counterfact_color_000403,prospective,visual_counterfact_color,256,True,True,counterfactual,True,True,True,True,True,True,1111,64,True
fastv,visual_counterfact_color_000403,prospective,visual_counterfact_color,432,True,True,counterfactual,True,True,True,True,True,True,1111,64,True
fastv,visual_counterfact_color_000410,prospective,visual_counterfact_color,64,True,True,irrelevant|counterfactual,True,False,False,False,False,False,0011,256,True
fastv,visual_counterfact_color_000410,prospective,visual_counterfact_color,128,True,True,irrelevant|counterfactual,True,False,False,False,False,False,0011,256,True
fastv,visual_counterfact_color_000410,prospective,visual_counterfact_color,256,True,True,irrelevant|counterfactual,True,True,True,True,True,True,0011,256,True
fastv,visual_counterfact_color_000410,prospective,visual_counterfact_color,432,True,True,irrelevant|counterfactual,True,True,True,True,True,True,0011,256,True
fastv,visual_counterfact_color_000412,prospective,visual_counterfact_color,64,True,True,irrelevant|counterfactual,True,True,True,True,True,True,1111,64,True
fastv,visual_counterfact_color_000412,prospective,visual_counterfact_color,128,True,True,irrelevant|counterfactual,True,True,True,True,True,True,1111,64,True
fastv,visual_counterfact_color_000412,prospective,visual_counterfact_color,256,True,True,irrelevant|counterfactual,True,True,True,True,True,True,1111,64,True
fastv,visual_counterfact_color_000412,prospective,visual_counterfact_color,432,True,True,irrelevant|counterfactual,True,True,True,True,True,True,1111,64,True
fastv,visual_counterfact_color_000420,prospective,visual_counterfact_color,64,True,True,irrelevant|counterfactual,True,False,False,False,False,False,0111,128,True
fastv,visual_counterfact_color_000420,prospective,visual_counterfact_color,128,True,True,irrelevant|counterfactual,True,True,True,True,True,True,0111,128,True
fastv,visual_counterfact_color_000420,prospective,visual_counterfact_color,256,True,True,irrelevant|counterfactual,True,True,True,True,True,True,0111,128,True
fastv,visual_counterfact_color_000420,prospective,visual_counterfact_color,432,True,True,irrelevant|counterfactual,True,True,True,True,True,True,0111,128,True
fastv,visual_counterfact_color_000422,prospective,visual_counterfact_color,64,True,True,irrelevant|counterfactual,True,False,False,False,False,False,0111,128,True
fastv,visual_counterfact_color_000422,prospective,visual_counterfact_color,128,True,True,irrelevant|counterfactual,True,True,True,True,True,True,0111,128,True
fastv,visual_counterfact_color_000422,prospective,visual_counterfact_color,256,True,True,irrelevant|counterfactual,True,True,True,True,True,True,0111,128,True
fastv,visual_counterfact_color_000422,prospective,visual_counterfact_color,432,True,True,irrelevant|counterfactual,True,True,True,True,True,True,0111,128,True
fastv,visual_counterfact_color_000431,prospective,visual_counterfact_color,64,True,True,gray|irrelevant|counterfactual,True,True,True,True,True,True,1111,64,True
fastv,visual_counterfact_color_000431,prospective,visual_counterfact_color,128,True,True,gray|irrelevant|counterfactual,True,True,True,True,True,True,1111,64,True
fastv,visual_counterfact_color_000431,prospective,visual_counterfact_color,256,True,True,gray|irrelevant|counterfactual,True,True,True,True,True,True,1111,64,True
fastv,visual_counterfact_color_000431,prospective,visual_counterfact_color,432,True,True,gray|irrelevant|counterfactual,True,True,True,True,True,True,1111,64,True
fastv,visual_counterfact_color_000432,prospective,visual_counterfact_color,64,True,True,counterfactual,True,True,True,True,True,True,1111,64,True
fastv,visual_counterfact_color_000432,prospective,visual_counterfact_color,128,True,True,counterfactual,True,True,True,True,True,True,1111,64,True
fastv,visual_counterfact_color_000432,prospective,visual_counterfact_color,256,True,True,counterfactual,True,True,True,True,True,True,1111,64,True
fastv,visual_counterfact_color_000432,prospective,visual_counterfact_color,432,True,True,counterfactual,True,True,True,True,True,True,1111,64,True
fastv,visual_counterfact_color_000433,prospective,visual_counterfact_color,64,True,True,gray|counterfactual,True,True,True,True,True,True,1111,64,True
fastv,visual_counterfact_color_000433,prospective,visual_counterfact_color,128,True,True,gray|counterfactual,True,True,True,True,True,True,1111,64,True
fastv,visual_counterfact_color_000433,prospective,visual_counterfact_color,256,True,True,gray|counterfactual,True,True,True,True,True,True,1111,64,True
fastv,visual_counterfact_color_000433,prospective,visual_counterfact_color,432,True,True,gray|counterfactual,True,True,True,True,True,True,1111,64,True
fastv,visual_counterfact_color_000434,prospective,visual_counterfact_color,64,True,True,counterfactual,True,True,True,True,True,True,1111,64,True
fastv,visual_counterfact_color_000434,prospective,visual_counterfact_color,128,True,True,counterfactual,True,True,True,True,True,True,1111,64,True
fastv,visual_counterfact_color_000434,prospective,visual_counterfact_color,256,True,True,counterfactual,True,True,True,True,True,True,1111,64,True
fastv,visual_counterfact_color_000434,prospective,visual_counterfact_color,432,True,True,counterfactual,True,True,True,True,True,True,1111,64,True
fastv,visual_counterfact_color_000440,prospective,visual_counterfact_color,64,False,True,gray|blur|irrelevant|counterfactual,False,False,True,False,False,,0000,full,True
fastv,visual_counterfact_color_000440,prospective,visual_counterfact_color,128,False,True,gray|blur|irrelevant|counterfactual,False,False,True,False,False,,0000,full,True
fastv,visual_counterfact_color_000440,prospective,visual_counterfact_color,256,False,True,gray|blur|irrelevant|counterfactual,False,False,True,False,False,,0000,full,True
fastv,visual_counterfact_color_000440,prospective,visual_counterfact_color,432,False,True,gray|blur|irrelevant|counterfactual,False,False,True,False,False,,0000,full,True
fastv,visual_counterfact_color_000442,prospective,visual_counterfact_color,64,True,True,gray|counterfactual,True,True,True,True,True,True,1111,64,True
fastv,visual_counterfact_color_000442,prospective,visual_counterfact_color,128,True,True,gray|counterfactual,True,True,True,True,True,True,1111,64,True
fastv,visual_counterfact_color_000442,prospective,visual_counterfact_color,256,True,True,gray|counterfactual,True,True,True,True,True,True,1111,64,True
fastv,visual_counterfact_color_000442,prospective,visual_counterfact_color,432,True,True,gray|counterfactual,True,True,True,True,True,True,1111,64,True
fastv,visual_counterfact_color_000447,prospective,visual_counterfact_color,64,True,True,counterfactual,True,True,True,True,True,True,1111,64,True
fastv,visual_counterfact_color_000447,prospective,visual_counterfact_color,128,True,True,counterfactual,True,True,True,True,True,True,1111,64,True
fastv,visual_counterfact_color_000447,prospective,visual_counterfact_color,256,True,True,counterfactual,True,True,True,True,True,True,1111,64,True
fastv,visual_counterfact_color_000447,prospective,visual_counterfact_color,432,True,True,counterfactual,True,True,True,True,True,True,1111,64,True
fastv,visual_counterfact_color_000448,prospective,visual_counterfact_color,64,True,True,counterfactual,True,True,True,True,True,True,1111,64,True
fastv,visual_counterfact_color_000448,prospective,visual_counterfact_color,128,True,True,counterfactual,True,True,True,True,True,True,1111,64,True
fastv,visual_counterfact_color_000448,prospective,visual_counterfact_color,256,True,True,counterfactual,True,True,True,True,True,True,1111,64,True
fastv,visual_counterfact_color_000448,prospective,visual_counterfact_color,432,True,True,counterfactual,True,True,True,True,True,True,1111,64,True
fastv,visual_counterfact_color_000449,prospective,visual_counterfact_color,64,True,True,irrelevant|counterfactual,True,True,True,True,True,True,1111,64,True
fastv,visual_counterfact_color_000449,prospective,visual_counterfact_color,128,True,True,irrelevant|counterfactual,True,True,True,True,True,True,1111,64,True
fastv,visual_counterfact_color_000449,prospective,visual_counterfact_color,256,True,True,irrelevant|counterfactual,True,True,True,True,True,True,1111,64,True
fastv,visual_counterfact_color_000449,prospective,visual_counterfact_color,432,True,True,irrelevant|counterfactual,True,True,True,True,True,True,1111,64,True
fastv,visual_counterfact_color_000454,prospective,visual_counterfact_color,64,True,True,irrelevant|counterfactual,True,False,False,False,False,False,0111,128,True
fastv,visual_counterfact_color_000454,prospective,visual_counterfact_color,128,True,True,irrelevant|counterfactual,True,True,True,True,True,True,0111,128,True
fastv,visual_counterfact_color_000454,prospective,visual_counterfact_color,256,True,True,irrelevant|counterfactual,True,True,True,True,True,True,0111,128,True
fastv,visual_counterfact_color_000454,prospective,visual_counterfact_color,432,True,True,irrelevant|counterfactual,True,True,True,True,True,True,0111,128,True
fastv,visual_counterfact_color_000465,prospective,visual_counterfact_color,64,True,True,counterfactual,True,True,True,True,True,True,1111,64,True
fastv,visual_counterfact_color_000465,prospective,visual_counterfact_color,128,True,True,counterfactual,True,True,True,True,True,True,1111,64,True
fastv,visual_counterfact_color_000465,prospective,visual_counterfact_color,256,True,True,counterfactual,True,True,True,True,True,True,1111,64,True
fastv,visual_counterfact_color_000465,prospective,visual_counterfact_color,432,True,True,counterfactual,True,True,True,True,True,True,1111,64,True
fastv,visual_counterfact_color_000467,prospective,visual_counterfact_color,64,True,True,gray|irrelevant|counterfactual,True,True,True,True,True,True,1111,64,True
fastv,visual_counterfact_color_000467,prospective,visual_counterfact_color,128,True,True,gray|irrelevant|counterfactual,True,True,True,True,True,True,1111,64,True
fastv,visual_counterfact_color_000467,prospective,visual_counterfact_color,256,True,True,gray|irrelevant|counterfactual,True,True,True,True,True,True,1111,64,True
fastv,visual_counterfact_color_000467,prospective,visual_counterfact_color,432,True,True,gray|irrelevant|counterfactual,True,True,True,True,True,True,1111,64,True
fastv,visual_counterfact_color_000468,prospective,visual_counterfact_color,64,True,True,counterfactual,True,True,True,True,True,True,1111,64,True
fastv,visual_counterfact_color_000468,prospective,visual_counterfact_color,128,True,True,counterfactual,True,True,True,True,True,True,1111,64,True
fastv,visual_counterfact_color_000468,prospective,visual_counterfact_color,256,True,True,counterfactual,True,True,True,True,True,True,1111,64,True
fastv,visual_counterfact_color_000468,prospective,visual_counterfact_color,432,True,True,counterfactual,True,True,True,True,True,True,1111,64,True
fastv,visual_counterfact_color_000476,prospective,visual_counterfact_color,64,True,True,counterfactual,True,True,True,True,True,True,1111,64,True
fastv,visual_counterfact_color_000476,prospective,visual_counterfact_color,128,True,True,counterfactual,True,True,True,True,True,True,1111,64,True
fastv,visual_counterfact_color_000476,prospective,visual_counterfact_color,256,True,True,counterfactual,True,True,True,True,True,True,1111,64,True
fastv,visual_counterfact_color_000476,prospective,visual_counterfact_color,432,True,True,counterfactual,True,True,True,True,True,True,1111,64,True
fastv,visual_counterfact_color_000477,prospective,visual_counterfact_color,64,True,True,irrelevant|counterfactual,True,True,True,True,True,True,1111,64,True
fastv,visual_counterfact_color_000477,prospective,visual_counterfact_color,128,True,True,irrelevant|counterfactual,True,True,True,True,True,True,1111,64,True
fastv,visual_counterfact_color_000477,prospective,visual_counterfact_color,256,True,True,irrelevant|counterfactual,True,True,True,True,True,True,1111,64,True
fastv,visual_counterfact_color_000477,prospective,visual_counterfact_color,432,True,True,irrelevant|counterfactual,True,True,True,True,True,True,1111,64,True
fastv,visual_counterfact_color_000480,prospective,visual_counterfact_color,64,True,True,counterfactual,True,True,True,True,True,True,1111,64,True
fastv,visual_counterfact_color_000480,prospective,visual_counterfact_color,128,True,True,counterfactual,True,True,True,True,True,True,1111,64,True
fastv,visual_counterfact_color_000480,prospective,visual_counterfact_color,256,True,True,counterfactual,True,True,True,True,True,True,1111,64,True
fastv,visual_counterfact_color_000480,prospective,visual_counterfact_color,432,True,True,counterfactual,True,True,True,True,True,True,1111,64,True
fastv,visual_counterfact_color_000481,prospective,visual_counterfact_color,64,True,False,,True,True,True,True,True,,1111,64,True
fastv,visual_counterfact_color_000481,prospective,visual_counterfact_color,128,True,False,,True,True,True,True,True,,1111,64,True
fastv,visual_counterfact_color_000481,prospective,visual_counterfact_color,256,True,False,,True,True,True,True,True,,1111,64,True
fastv,visual_counterfact_color_000481,prospective,visual_counterfact_color,432,True,False,,True,True,True,True,True,,1111,64,True
fastv,visual_counterfact_color_000482,prospective,visual_counterfact_color,64,True,True,counterfactual,True,True,True,True,True,True,1111,64,True
fastv,visual_counterfact_color_000482,prospective,visual_counterfact_color,128,True,True,counterfactual,True,True,True,True,True,True,1111,64,True
fastv,visual_counterfact_color_000482,prospective,visual_counterfact_color,256,True,True,counterfactual,True,True,True,True,True,True,1111,64,True
fastv,visual_counterfact_color_000482,prospective,visual_counterfact_color,432,True,True,counterfactual,True,True,True,True,True,True,1111,64,True
fastv,visual_counterfact_color_000484,prospective,visual_counterfact_color,64,True,True,counterfactual,True,True,True,True,True,True,1111,64,True
fastv,visual_counterfact_color_000484,prospective,visual_counterfact_color,128,True,True,counterfactual,True,True,True,True,True,True,1111,64,True
fastv,visual_counterfact_color_000484,prospective,visual_counterfact_color,256,True,True,counterfactual,True,True,True,True,True,True,1111,64,True
fastv,visual_counterfact_color_000484,prospective,visual_counterfact_color,432,True,True,counterfactual,True,True,True,True,True,True,1111,64,True
fastv,visual_counterfact_color_000487,prospective,visual_counterfact_color,64,True,True,counterfactual,True,True,True,True,True,True,1111,64,True
fastv,visual_counterfact_color_000487,prospective,visual_counterfact_color,128,True,True,counterfactual,True,True,True,True,True,True,1111,64,True
fastv,visual_counterfact_color_000487,prospective,visual_counterfact_color,256,True,True,counterfactual,True,True,True,True,True,True,1111,64,True
fastv,visual_counterfact_color_000487,prospective,visual_counterfact_color,432,True,True,counterfactual,True,True,True,True,True,True,1111,64,True
fastv,visual_counterfact_color_000491,prospective,visual_counterfact_color,64,True,True,irrelevant|counterfactual,True,False,False,False,False,False,0011,256,True
fastv,visual_counterfact_color_000491,prospective,visual_counterfact_color,128,True,True,irrelevant|counterfactual,True,False,False,False,False,False,0011,256,True
fastv,visual_counterfact_color_000491,prospective,visual_counterfact_color,256,True,True,irrelevant|counterfactual,True,True,True,True,True,True,0011,256,True
fastv,visual_counterfact_color_000491,prospective,visual_counterfact_color,432,True,True,irrelevant|counterfactual,True,True,True,True,True,True,0011,256,True
fastv,visual_counterfact_size_000000,prospective,visual_counterfact_size,64,False,True,gray|blur|irrelevant,True,False,False,False,False,,0101,128,False
fastv,visual_counterfact_size_000000,prospective,visual_counterfact_size,128,False,True,gray|blur|irrelevant,True,True,True,True,True,,0101,128,False
fastv,visual_counterfact_size_000000,prospective,visual_counterfact_size,256,False,True,gray|blur|irrelevant,True,False,False,False,False,,0101,128,False
fastv,visual_counterfact_size_000000,prospective,visual_counterfact_size,432,False,True,gray|blur|irrelevant,True,True,True,True,True,,0101,128,False
fastv,visual_counterfact_size_000001,prospective,visual_counterfact_size,64,True,True,irrelevant,False,True,False,False,False,False,0111,128,True
fastv,visual_counterfact_size_000001,prospective,visual_counterfact_size,128,True,True,irrelevant,True,True,True,True,True,True,0111,128,True
fastv,visual_counterfact_size_000001,prospective,visual_counterfact_size,256,True,True,irrelevant,True,True,True,True,True,True,0111,128,True
fastv,visual_counterfact_size_000001,prospective,visual_counterfact_size,432,True,True,irrelevant,True,True,True,True,True,True,0111,128,True
fastv,visual_counterfact_size_000002,prospective,visual_counterfact_size,64,True,True,irrelevant|counterfactual,True,False,False,False,False,False,0011,256,True
fastv,visual_counterfact_size_000002,prospective,visual_counterfact_size,128,True,True,irrelevant|counterfactual,True,False,False,False,False,False,0011,256,True
fastv,visual_counterfact_size_000002,prospective,visual_counterfact_size,256,True,True,irrelevant|counterfactual,True,True,True,True,True,True,0011,256,True
fastv,visual_counterfact_size_000002,prospective,visual_counterfact_size,432,True,True,irrelevant|counterfactual,True,True,True,True,True,True,0011,256,True
fastv,visual_counterfact_size_000014,prospective,visual_counterfact_size,64,False,True,gray|blur,True,False,False,False,False,,0000,full,True
fastv,visual_counterfact_size_000014,prospective,visual_counterfact_size,128,False,True,gray|blur,True,False,False,False,False,,0000,full,True
fastv,visual_counterfact_size_000014,prospective,visual_counterfact_size,256,False,True,gray|blur,True,False,False,False,False,,0000,full,True
fastv,visual_counterfact_size_000014,prospective,visual_counterfact_size,432,False,True,gray|blur,True,False,False,False,False,,0000,full,True
fastv,visual_counterfact_size_000015,prospective,visual_counterfact_size,64,True,True,counterfactual,False,True,False,False,False,False,0111,128,True
fastv,visual_counterfact_size_000015,prospective,visual_counterfact_size,128,True,True,counterfactual,True,True,True,True,True,True,0111,128,True
fastv,visual_counterfact_size_000015,prospective,visual_counterfact_size,256,True,True,counterfactual,True,True,True,True,True,True,0111,128,True
fastv,visual_counterfact_size_000015,prospective,visual_counterfact_size,432,True,True,counterfactual,True,True,True,True,True,True,0111,128,True
fastv,visual_counterfact_size_000020,prospective,visual_counterfact_size,64,False,True,blur|irrelevant,False,True,False,False,False,,0001,432,True
fastv,visual_counterfact_size_000020,prospective,visual_counterfact_size,128,False,True,blur|irrelevant,True,True,False,True,False,,0001,432,True
fastv,visual_counterfact_size_000020,prospective,visual_counterfact_size,256,False,True,blur|irrelevant,True,True,False,True,False,,0001,432,True
fastv,visual_counterfact_size_000020,prospective,visual_counterfact_size,432,False,True,blur|irrelevant,True,True,True,True,True,,0001,432,True
fastv,visual_counterfact_size_000031,prospective,visual_counterfact_size,64,True,True,irrelevant|counterfactual,True,False,False,False,False,False,0011,256,True
fastv,visual_counterfact_size_000031,prospective,visual_counterfact_size,128,True,True,irrelevant|counterfactual,True,True,False,True,False,False,0011,256,True
fastv,visual_counterfact_size_000031,prospective,visual_counterfact_size,256,True,True,irrelevant|counterfactual,True,True,True,True,True,True,0011,256,True
fastv,visual_counterfact_size_000031,prospective,visual_counterfact_size,432,True,True,irrelevant|counterfactual,True,True,True,True,True,True,0011,256,True
fastv,visual_counterfact_size_000033,prospective,visual_counterfact_size,64,True,True,gray|irrelevant|counterfactual,True,True,True,True,True,True,1111,64,True
fastv,visual_counterfact_size_000033,prospective,visual_counterfact_size,128,True,True,gray|irrelevant|counterfactual,True,True,True,True,True,True,1111,64,True
fastv,visual_counterfact_size_000033,prospective,visual_counterfact_size,256,True,True,gray|irrelevant|counterfactual,True,True,True,True,True,True,1111,64,True
fastv,visual_counterfact_size_000033,prospective,visual_counterfact_size,432,True,True,gray|irrelevant|counterfactual,True,True,True,True,True,True,1111,64,True
fastv,visual_counterfact_size_000041,prospective,visual_counterfact_size,64,False,True,blur|irrelevant,True,True,True,True,True,,1111,64,True
fastv,visual_counterfact_size_000041,prospective,visual_counterfact_size,128,False,True,blur|irrelevant,True,True,True,True,True,,1111,64,True
fastv,visual_counterfact_size_000041,prospective,visual_counterfact_size,256,False,True,blur|irrelevant,True,True,True,True,True,,1111,64,True
fastv,visual_counterfact_size_000041,prospective,visual_counterfact_size,432,False,True,blur|irrelevant,True,True,True,True,True,,1111,64,True
fastv,visual_counterfact_size_000044,prospective,visual_counterfact_size,64,False,True,blur|irrelevant,False,False,False,False,False,,0011,256,True
fastv,visual_counterfact_size_000044,prospective,visual_counterfact_size,128,False,True,blur|irrelevant,True,False,False,False,False,,0011,256,True
fastv,visual_counterfact_size_000044,prospective,visual_counterfact_size,256,False,True,blur|irrelevant,True,True,True,True,True,,0011,256,True
fastv,visual_counterfact_size_000044,prospective,visual_counterfact_size,432,False,True,blur|irrelevant,True,True,True,True,True,,0011,256,True
fastv,visual_counterfact_size_000049,prospective,visual_counterfact_size,64,True,True,blur|irrelevant|counterfactual,False,False,False,False,False,False,0011,256,True
fastv,visual_counterfact_size_000049,prospective,visual_counterfact_size,128,True,True,blur|irrelevant|counterfactual,False,False,False,False,False,False,0011,256,True
fastv,visual_counterfact_size_000049,prospective,visual_counterfact_size,256,True,True,blur|irrelevant|counterfactual,True,True,True,True,True,True,0011,256,True
fastv,visual_counterfact_size_000049,prospective,visual_counterfact_size,432,True,True,blur|irrelevant|counterfactual,True,True,True,True,True,True,0011,256,True
fastv,visual_counterfact_size_000050,prospective,visual_counterfact_size,64,False,True,irrelevant,True,False,False,False,False,,0011,256,True
fastv,visual_counterfact_size_000050,prospective,visual_counterfact_size,128,False,True,irrelevant,True,False,False,False,False,,0011,256,True
fastv,visual_counterfact_size_000050,prospective,visual_counterfact_size,256,False,True,irrelevant,True,True,True,True,True,,0011,256,True
fastv,visual_counterfact_size_000050,prospective,visual_counterfact_size,432,False,True,irrelevant,True,True,True,True,True,,0011,256,True
fastv,visual_counterfact_size_000061,prospective,visual_counterfact_size,64,True,True,gray|counterfactual,True,False,False,False,False,False,0111,128,True
fastv,visual_counterfact_size_000061,prospective,visual_counterfact_size,128,True,True,gray|counterfactual,True,True,True,True,True,True,0111,128,True
fastv,visual_counterfact_size_000061,prospective,visual_counterfact_size,256,True,True,gray|counterfactual,True,True,True,True,True,True,0111,128,True
fastv,visual_counterfact_size_000061,prospective,visual_counterfact_size,432,True,True,gray|counterfactual,True,True,True,True,True,True,0111,128,True
fastv,visual_counterfact_size_000064,prospective,visual_counterfact_size,64,False,True,gray|blur|irrelevant,True,False,False,False,False,,0001,432,True
fastv,visual_counterfact_size_000064,prospective,visual_counterfact_size,128,False,True,gray|blur|irrelevant,True,True,False,True,False,,0001,432,True
fastv,visual_counterfact_size_000064,prospective,visual_counterfact_size,256,False,True,gray|blur|irrelevant,True,True,False,True,False,,0001,432,True
fastv,visual_counterfact_size_000064,prospective,visual_counterfact_size,432,False,True,gray|blur|irrelevant,True,True,True,True,True,,0001,432,True
fastv,visual_counterfact_size_000065,prospective,visual_counterfact_size,64,True,True,counterfactual,False,False,True,False,False,False,0001,432,True
fastv,visual_counterfact_size_000065,prospective,visual_counterfact_size,128,True,True,counterfactual,False,True,False,False,False,False,0001,432,True
fastv,visual_counterfact_size_000065,prospective,visual_counterfact_size,256,True,True,counterfactual,True,False,False,False,False,False,0001,432,True
fastv,visual_counterfact_size_000065,prospective,visual_counterfact_size,432,True,True,counterfactual,True,True,True,True,True,True,0001,432,True
fastv,visual_counterfact_size_000070,prospective,visual_counterfact_size,64,False,True,blur|irrelevant,True,True,False,True,False,,0001,432,True
fastv,visual_counterfact_size_000070,prospective,visual_counterfact_size,128,False,True,blur|irrelevant,True,True,False,True,False,,0001,432,True
fastv,visual_counterfact_size_000070,prospective,visual_counterfact_size,256,False,True,blur|irrelevant,True,False,False,False,False,,0001,432,True
fastv,visual_counterfact_size_000070,prospective,visual_counterfact_size,432,False,True,blur|irrelevant,True,True,True,True,True,,0001,432,True
fastv,visual_counterfact_size_000075,prospective,visual_counterfact_size,64,True,False,,False,True,True,False,False,,0111,128,True
fastv,visual_counterfact_size_000075,prospective,visual_counterfact_size,128,True,False,,True,True,True,True,True,,0111,128,True
fastv,visual_counterfact_size_000075,prospective,visual_counterfact_size,256,True,False,,True,True,True,True,True,,0111,128,True
fastv,visual_counterfact_size_000075,prospective,visual_counterfact_size,432,True,False,,True,True,True,True,True,,0111,128,True
fastv,visual_counterfact_size_000081,prospective,visual_counterfact_size,64,True,True,irrelevant|counterfactual,False,True,False,False,False,False,0011,256,True
fastv,visual_counterfact_size_000081,prospective,visual_counterfact_size,128,True,True,irrelevant|counterfactual,False,True,False,False,False,False,0011,256,True
fastv,visual_counterfact_size_000081,prospective,visual_counterfact_size,256,True,True,irrelevant|counterfactual,True,True,True,True,True,True,0011,256,True
fastv,visual_counterfact_size_000081,prospective,visual_counterfact_size,432,True,True,irrelevant|counterfactual,True,True,True,True,True,True,0011,256,True
fastv,visual_counterfact_size_000089,prospective,visual_counterfact_size,64,True,True,irrelevant|counterfactual,True,False,False,False,False,False,0111,128,True
fastv,visual_counterfact_size_000089,prospective,visual_counterfact_size,128,True,True,irrelevant|counterfactual,True,True,True,True,True,True,0111,128,True
fastv,visual_counterfact_size_000089,prospective,visual_counterfact_size,256,True,True,irrelevant|counterfactual,True,True,True,True,True,True,0111,128,True
fastv,visual_counterfact_size_000089,prospective,visual_counterfact_size,432,True,True,irrelevant|counterfactual,True,True,True,True,True,True,0111,128,True
fastv,visual_counterfact_size_000112,prospective,visual_counterfact_size,64,True,True,irrelevant|counterfactual,False,False,True,False,False,False,0111,128,True
fastv,visual_counterfact_size_000112,prospective,visual_counterfact_size,128,True,True,irrelevant|counterfactual,True,True,True,True,True,True,0111,128,True
fastv,visual_counterfact_size_000112,prospective,visual_counterfact_size,256,True,True,irrelevant|counterfactual,True,True,True,True,True,True,0111,128,True
fastv,visual_counterfact_size_000112,prospective,visual_counterfact_size,432,True,True,irrelevant|counterfactual,True,True,True,True,True,True,0111,128,True
fastv,visual_counterfact_size_000120,prospective,visual_counterfact_size,64,True,True,irrelevant|counterfactual,True,False,False,False,False,False,0011,256,True
fastv,visual_counterfact_size_000120,prospective,visual_counterfact_size,128,True,True,irrelevant|counterfactual,True,False,False,False,False,False,0011,256,True
fastv,visual_counterfact_size_000120,prospective,visual_counterfact_size,256,True,True,irrelevant|counterfactual,True,True,True,True,True,True,0011,256,True
fastv,visual_counterfact_size_000120,prospective,visual_counterfact_size,432,True,True,irrelevant|counterfactual,True,True,True,True,True,True,0011,256,True
fastv,visual_counterfact_size_000122,prospective,visual_counterfact_size,64,False,True,gray|irrelevant,True,True,True,True,True,,1111,64,True
fastv,visual_counterfact_size_000122,prospective,visual_counterfact_size,128,False,True,gray|irrelevant,True,True,True,True,True,,1111,64,True
fastv,visual_counterfact_size_000122,prospective,visual_counterfact_size,256,False,True,gray|irrelevant,True,True,True,True,True,,1111,64,True
fastv,visual_counterfact_size_000122,prospective,visual_counterfact_size,432,False,True,gray|irrelevant,True,True,True,True,True,,1111,64,True
fastv,visual_counterfact_size_000131,prospective,visual_counterfact_size,64,False,True,gray|blur|irrelevant,True,True,False,True,False,,0000,full,True
fastv,visual_counterfact_size_000131,prospective,visual_counterfact_size,128,False,True,gray|blur|irrelevant,True,False,False,False,False,,0000,full,True
fastv,visual_counterfact_size_000131,prospective,visual_counterfact_size,256,False,True,gray|blur|irrelevant,True,False,False,False,False,,0000,full,True
fastv,visual_counterfact_size_000131,prospective,visual_counterfact_size,432,False,True,gray|blur|irrelevant,True,False,False,False,False,,0000,full,True
fastv,visual_counterfact_size_000136,prospective,visual_counterfact_size,64,False,True,irrelevant,True,False,False,False,False,,0011,256,True
fastv,visual_counterfact_size_000136,prospective,visual_counterfact_size,128,False,True,irrelevant,True,False,False,False,False,,0011,256,True
fastv,visual_counterfact_size_000136,prospective,visual_counterfact_size,256,False,True,irrelevant,True,True,True,True,True,,0011,256,True
fastv,visual_counterfact_size_000136,prospective,visual_counterfact_size,432,False,True,irrelevant,True,True,True,True,True,,0011,256,True
fastv,visual_counterfact_size_000137,prospective,visual_counterfact_size,64,True,True,irrelevant|counterfactual,True,False,False,False,False,False,0001,432,True
fastv,visual_counterfact_size_000137,prospective,visual_counterfact_size,128,True,True,irrelevant|counterfactual,True,False,False,False,False,False,0001,432,True
fastv,visual_counterfact_size_000137,prospective,visual_counterfact_size,256,True,True,irrelevant|counterfactual,True,False,False,False,False,False,0001,432,True
fastv,visual_counterfact_size_000137,prospective,visual_counterfact_size,432,True,True,irrelevant|counterfactual,True,True,True,True,True,True,0001,432,True
fastv,visual_counterfact_size_000140,prospective,visual_counterfact_size,64,True,True,irrelevant|counterfactual,False,False,True,False,False,False,0111,128,True
fastv,visual_counterfact_size_000140,prospective,visual_counterfact_size,128,True,True,irrelevant|counterfactual,True,True,True,True,True,True,0111,128,True
fastv,visual_counterfact_size_000140,prospective,visual_counterfact_size,256,True,True,irrelevant|counterfactual,True,True,True,True,True,True,0111,128,True
fastv,visual_counterfact_size_000140,prospective,visual_counterfact_size,432,True,True,irrelevant|counterfactual,True,True,True,True,True,True,0111,128,True
fastv,visual_counterfact_size_000146,prospective,visual_counterfact_size,64,True,True,gray|irrelevant|counterfactual,True,True,False,True,False,False,0001,432,True
fastv,visual_counterfact_size_000146,prospective,visual_counterfact_size,128,True,True,gray|irrelevant|counterfactual,False,False,False,False,False,False,0001,432,True
fastv,visual_counterfact_size_000146,prospective,visual_counterfact_size,256,True,True,gray|irrelevant|counterfactual,True,True,False,True,False,False,0001,432,True
fastv,visual_counterfact_size_000146,prospective,visual_counterfact_size,432,True,True,gray|irrelevant|counterfactual,True,True,True,True,True,True,0001,432,True
fastv,visual_counterfact_size_000147,prospective,visual_counterfact_size,64,True,True,irrelevant|counterfactual,False,False,False,False,False,False,0001,432,True
fastv,visual_counterfact_size_000147,prospective,visual_counterfact_size,128,True,True,irrelevant|counterfactual,False,False,True,False,False,False,0001,432,True
fastv,visual_counterfact_size_000147,prospective,visual_counterfact_size,256,True,True,irrelevant|counterfactual,False,False,True,False,False,False,0001,432,True
fastv,visual_counterfact_size_000147,prospective,visual_counterfact_size,432,True,True,irrelevant|counterfactual,True,True,True,True,True,True,0001,432,True
fastv,visual_counterfact_size_000155,prospective,visual_counterfact_size,64,True,True,irrelevant|counterfactual,True,True,True,True,True,True,1001,64,False
fastv,visual_counterfact_size_000155,prospective,visual_counterfact_size,128,True,True,irrelevant|counterfactual,True,True,False,True,False,False,1001,64,False
fastv,visual_counterfact_size_000155,prospective,visual_counterfact_size,256,True,True,irrelevant|counterfactual,True,True,False,True,False,False,1001,64,False
fastv,visual_counterfact_size_000155,prospective,visual_counterfact_size,432,True,True,irrelevant|counterfactual,True,True,True,True,True,True,1001,64,False
fastv,visual_counterfact_size_000156,prospective,visual_counterfact_size,64,True,True,gray|irrelevant|counterfactual,False,False,False,False,False,False,0011,256,True
fastv,visual_counterfact_size_000156,prospective,visual_counterfact_size,128,True,True,gray|irrelevant|counterfactual,False,False,True,False,False,False,0011,256,True
fastv,visual_counterfact_size_000156,prospective,visual_counterfact_size,256,True,True,gray|irrelevant|counterfactual,True,True,True,True,True,True,0011,256,True
fastv,visual_counterfact_size_000156,prospective,visual_counterfact_size,432,True,True,gray|irrelevant|counterfactual,True,True,True,True,True,True,0011,256,True
fastv,visual_counterfact_size_000157,prospective,visual_counterfact_size,64,True,True,gray|irrelevant|counterfactual,True,False,False,False,False,False,0011,256,True
fastv,visual_counterfact_size_000157,prospective,visual_counterfact_size,128,True,True,gray|irrelevant|counterfactual,True,False,False,False,False,False,0011,256,True
fastv,visual_counterfact_size_000157,prospective,visual_counterfact_size,256,True,True,gray|irrelevant|counterfactual,True,True,True,True,True,True,0011,256,True
fastv,visual_counterfact_size_000157,prospective,visual_counterfact_size,432,True,True,gray|irrelevant|counterfactual,True,True,True,True,True,True,0011,256,True
fastv,visual_counterfact_size_000160,prospective,visual_counterfact_size,64,True,True,gray|irrelevant|counterfactual,False,False,False,False,False,False,0001,432,True
fastv,visual_counterfact_size_000160,prospective,visual_counterfact_size,128,True,True,gray|irrelevant|counterfactual,False,False,False,False,False,False,0001,432,True
fastv,visual_counterfact_size_000160,prospective,visual_counterfact_size,256,True,True,gray|irrelevant|counterfactual,False,False,False,False,False,False,0001,432,True
fastv,visual_counterfact_size_000160,prospective,visual_counterfact_size,432,True,True,gray|irrelevant|counterfactual,True,True,True,True,True,True,0001,432,True
fastv,visual_counterfact_size_000165,prospective,visual_counterfact_size,64,False,True,gray|blur|irrelevant,True,True,True,True,True,,1111,64,True
fastv,visual_counterfact_size_000165,prospective,visual_counterfact_size,128,False,True,gray|blur|irrelevant,True,True,True,True,True,,1111,64,True
fastv,visual_counterfact_size_000165,prospective,visual_counterfact_size,256,False,True,gray|blur|irrelevant,True,True,True,True,True,,1111,64,True
fastv,visual_counterfact_size_000165,prospective,visual_counterfact_size,432,False,True,gray|blur|irrelevant,True,True,True,True,True,,1111,64,True
fastv,visual_counterfact_size_000166,prospective,visual_counterfact_size,64,True,True,irrelevant|counterfactual,False,False,False,False,False,False,0001,432,True
fastv,visual_counterfact_size_000166,prospective,visual_counterfact_size,128,True,True,irrelevant|counterfactual,False,False,True,False,False,False,0001,432,True
fastv,visual_counterfact_size_000166,prospective,visual_counterfact_size,256,True,True,irrelevant|counterfactual,False,False,True,False,False,False,0001,432,True
fastv,visual_counterfact_size_000166,prospective,visual_counterfact_size,432,True,True,irrelevant|counterfactual,True,True,True,True,True,True,0001,432,True
fastv,visual_counterfact_size_000171,prospective,visual_counterfact_size,64,True,True,irrelevant|counterfactual,False,True,False,False,False,False,0111,128,True
fastv,visual_counterfact_size_000171,prospective,visual_counterfact_size,128,True,True,irrelevant|counterfactual,True,True,True,True,True,True,0111,128,True
fastv,visual_counterfact_size_000171,prospective,visual_counterfact_size,256,True,True,irrelevant|counterfactual,True,True,True,True,True,True,0111,128,True
fastv,visual_counterfact_size_000171,prospective,visual_counterfact_size,432,True,True,irrelevant|counterfactual,True,True,True,True,True,True,0111,128,True
fastv,visual_counterfact_size_000173,prospective,visual_counterfact_size,64,False,True,gray|blur|irrelevant,True,True,True,True,True,,1111,64,True
fastv,visual_counterfact_size_000173,prospective,visual_counterfact_size,128,False,True,gray|blur|irrelevant,True,True,True,True,True,,1111,64,True
fastv,visual_counterfact_size_000173,prospective,visual_counterfact_size,256,False,True,gray|blur|irrelevant,True,True,True,True,True,,1111,64,True
fastv,visual_counterfact_size_000173,prospective,visual_counterfact_size,432,False,True,gray|blur|irrelevant,True,True,True,True,True,,1111,64,True
fastv,visual_counterfact_size_000174,prospective,visual_counterfact_size,64,True,True,counterfactual,True,True,True,True,True,True,1111,64,True
fastv,visual_counterfact_size_000174,prospective,visual_counterfact_size,128,True,True,counterfactual,True,True,True,True,True,True,1111,64,True
fastv,visual_counterfact_size_000174,prospective,visual_counterfact_size,256,True,True,counterfactual,True,True,True,True,True,True,1111,64,True
fastv,visual_counterfact_size_000174,prospective,visual_counterfact_size,432,True,True,counterfactual,True,True,True,True,True,True,1111,64,True
fastv,visual_counterfact_size_000181,prospective,visual_counterfact_size,64,True,True,gray|irrelevant|counterfactual,True,False,False,False,False,False,0011,256,True
fastv,visual_counterfact_size_000181,prospective,visual_counterfact_size,128,True,True,gray|irrelevant|counterfactual,True,False,False,False,False,False,0011,256,True
fastv,visual_counterfact_size_000181,prospective,visual_counterfact_size,256,True,True,gray|irrelevant|counterfactual,True,True,True,True,True,True,0011,256,True
fastv,visual_counterfact_size_000181,prospective,visual_counterfact_size,432,True,True,gray|irrelevant|counterfactual,True,True,True,True,True,True,0011,256,True
fastv,visual_counterfact_size_000186,prospective,visual_counterfact_size,64,False,True,irrelevant,True,False,False,False,False,,0111,128,True
fastv,visual_counterfact_size_000186,prospective,visual_counterfact_size,128,False,True,irrelevant,True,True,True,True,True,,0111,128,True
fastv,visual_counterfact_size_000186,prospective,visual_counterfact_size,256,False,True,irrelevant,True,True,True,True,True,,0111,128,True
fastv,visual_counterfact_size_000186,prospective,visual_counterfact_size,432,False,True,irrelevant,True,True,True,True,True,,0111,128,True
fastv,visual_counterfact_size_000187,prospective,visual_counterfact_size,64,False,True,blur|irrelevant,True,False,False,False,False,,0011,256,True
fastv,visual_counterfact_size_000187,prospective,visual_counterfact_size,128,False,True,blur|irrelevant,True,False,False,False,False,,0011,256,True
fastv,visual_counterfact_size_000187,prospective,visual_counterfact_size,256,False,True,blur|irrelevant,True,True,True,True,True,,0011,256,True
fastv,visual_counterfact_size_000187,prospective,visual_counterfact_size,432,False,True,blur|irrelevant,True,True,True,True,True,,0011,256,True
fastv,visual_counterfact_size_000190,prospective,visual_counterfact_size,64,False,True,gray|blur|irrelevant|counterfactual,False,False,False,False,False,,0000,full,True
fastv,visual_counterfact_size_000190,prospective,visual_counterfact_size,128,False,True,gray|blur|irrelevant|counterfactual,False,False,False,False,False,,0000,full,True
fastv,visual_counterfact_size_000190,prospective,visual_counterfact_size,256,False,True,gray|blur|irrelevant|counterfactual,False,False,False,False,False,,0000,full,True
fastv,visual_counterfact_size_000190,prospective,visual_counterfact_size,432,False,True,gray|blur|irrelevant|counterfactual,False,False,True,False,False,,0000,full,True
fastv,visual_counterfact_size_000193,prospective,visual_counterfact_size,64,False,True,gray|blur|irrelevant,True,True,False,True,False,,0011,256,True
fastv,visual_counterfact_size_000193,prospective,visual_counterfact_size,128,False,True,gray|blur|irrelevant,True,True,False,True,False,,0011,256,True
fastv,visual_counterfact_size_000193,prospective,visual_counterfact_size,256,False,True,gray|blur|irrelevant,True,True,True,True,True,,0011,256,True
fastv,visual_counterfact_size_000193,prospective,visual_counterfact_size,432,False,True,gray|blur|irrelevant,True,True,True,True,True,,0011,256,True
fastv,visual_counterfact_size_000197,prospective,visual_counterfact_size,64,True,True,gray|irrelevant|counterfactual,True,False,False,False,False,False,0111,128,True
fastv,visual_counterfact_size_000197,prospective,visual_counterfact_size,128,True,True,gray|irrelevant|counterfactual,True,True,True,True,True,True,0111,128,True
fastv,visual_counterfact_size_000197,prospective,visual_counterfact_size,256,True,True,gray|irrelevant|counterfactual,True,True,True,True,True,True,0111,128,True
fastv,visual_counterfact_size_000197,prospective,visual_counterfact_size,432,True,True,gray|irrelevant|counterfactual,True,True,True,True,True,True,0111,128,True
fastv,visual_counterfact_size_000198,prospective,visual_counterfact_size,64,True,True,blur|irrelevant|counterfactual,False,False,True,False,False,False,0001,432,True
fastv,visual_counterfact_size_000198,prospective,visual_counterfact_size,128,True,True,blur|irrelevant|counterfactual,False,False,True,False,False,False,0001,432,True
fastv,visual_counterfact_size_000198,prospective,visual_counterfact_size,256,True,True,blur|irrelevant|counterfactual,False,False,True,False,False,False,0001,432,True
fastv,visual_counterfact_size_000198,prospective,visual_counterfact_size,432,True,True,blur|irrelevant|counterfactual,True,True,True,True,True,True,0001,432,True
fastv,visual_counterfact_size_000203,prospective,visual_counterfact_size,64,False,True,gray|blur|irrelevant,True,False,False,False,False,,0111,128,True
fastv,visual_counterfact_size_000203,prospective,visual_counterfact_size,128,False,True,gray|blur|irrelevant,True,True,True,True,True,,0111,128,True
fastv,visual_counterfact_size_000203,prospective,visual_counterfact_size,256,False,True,gray|blur|irrelevant,True,True,True,True,True,,0111,128,True
fastv,visual_counterfact_size_000203,prospective,visual_counterfact_size,432,False,True,gray|blur|irrelevant,True,True,True,True,True,,0111,128,True
fastv,visual_counterfact_size_000212,prospective,visual_counterfact_size,64,True,True,counterfactual,True,True,True,True,True,True,1111,64,True
fastv,visual_counterfact_size_000212,prospective,visual_counterfact_size,128,True,True,counterfactual,True,True,True,True,True,True,1111,64,True
fastv,visual_counterfact_size_000212,prospective,visual_counterfact_size,256,True,True,counterfactual,True,True,True,True,True,True,1111,64,True
fastv,visual_counterfact_size_000212,prospective,visual_counterfact_size,432,True,True,counterfactual,True,True,True,True,True,True,1111,64,True
fastv,visual_counterfact_size_000226,prospective,visual_counterfact_size,64,True,True,irrelevant|counterfactual,True,True,True,True,True,True,1111,64,True
fastv,visual_counterfact_size_000226,prospective,visual_counterfact_size,128,True,True,irrelevant|counterfactual,True,True,True,True,True,True,1111,64,True
fastv,visual_counterfact_size_000226,prospective,visual_counterfact_size,256,True,True,irrelevant|counterfactual,True,True,True,True,True,True,1111,64,True
fastv,visual_counterfact_size_000226,prospective,visual_counterfact_size,432,True,True,irrelevant|counterfactual,True,True,True,True,True,True,1111,64,True
fastv,visual_counterfact_size_000235,prospective,visual_counterfact_size,64,True,True,irrelevant|counterfactual,False,False,True,False,False,False,0001,432,True
fastv,visual_counterfact_size_000235,prospective,visual_counterfact_size,128,True,True,irrelevant|counterfactual,False,False,True,False,False,False,0001,432,True
fastv,visual_counterfact_size_000235,prospective,visual_counterfact_size,256,True,True,irrelevant|counterfactual,False,False,True,False,False,False,0001,432,True
fastv,visual_counterfact_size_000235,prospective,visual_counterfact_size,432,True,True,irrelevant|counterfactual,True,True,True,True,True,True,0001,432,True
fastv,visual_counterfact_size_000247,prospective,visual_counterfact_size,64,True,True,irrelevant|counterfactual,False,False,True,False,False,False,0001,432,True
fastv,visual_counterfact_size_000247,prospective,visual_counterfact_size,128,True,True,irrelevant|counterfactual,False,False,True,False,False,False,0001,432,True
fastv,visual_counterfact_size_000247,prospective,visual_counterfact_size,256,True,True,irrelevant|counterfactual,False,False,True,False,False,False,0001,432,True
fastv,visual_counterfact_size_000247,prospective,visual_counterfact_size,432,True,True,irrelevant|counterfactual,True,True,True,True,True,True,0001,432,True
fastv,visual_counterfact_size_000258,prospective,visual_counterfact_size,64,False,True,gray|blur|irrelevant,True,True,True,True,True,,1111,64,True
fastv,visual_counterfact_size_000258,prospective,visual_counterfact_size,128,False,True,gray|blur|irrelevant,True,True,True,True,True,,1111,64,True
fastv,visual_counterfact_size_000258,prospective,visual_counterfact_size,256,False,True,gray|blur|irrelevant,True,True,True,True,True,,1111,64,True
fastv,visual_counterfact_size_000258,prospective,visual_counterfact_size,432,False,True,gray|blur|irrelevant,True,True,True,True,True,,1111,64,True
fastv,visual_counterfact_size_000260,prospective,visual_counterfact_size,64,True,True,irrelevant|counterfactual,False,False,True,False,False,False,0111,128,True
fastv,visual_counterfact_size_000260,prospective,visual_counterfact_size,128,True,True,irrelevant|counterfactual,True,True,True,True,True,True,0111,128,True
fastv,visual_counterfact_size_000260,prospective,visual_counterfact_size,256,True,True,irrelevant|counterfactual,True,True,True,True,True,True,0111,128,True
fastv,visual_counterfact_size_000260,prospective,visual_counterfact_size,432,True,True,irrelevant|counterfactual,True,True,True,True,True,True,0111,128,True
fastv,visual_counterfact_size_000264,prospective,visual_counterfact_size,64,False,True,gray|blur|irrelevant,True,True,False,True,False,,0111,128,True
fastv,visual_counterfact_size_000264,prospective,visual_counterfact_size,128,False,True,gray|blur|irrelevant,True,True,True,True,True,,0111,128,True
fastv,visual_counterfact_size_000264,prospective,visual_counterfact_size,256,False,True,gray|blur|irrelevant,True,True,True,True,True,,0111,128,True
fastv,visual_counterfact_size_000264,prospective,visual_counterfact_size,432,False,True,gray|blur|irrelevant,True,True,True,True,True,,0111,128,True
fastv,visual_counterfact_size_000272,prospective,visual_counterfact_size,64,False,True,gray|blur|irrelevant,True,False,False,False,False,,0111,128,True
fastv,visual_counterfact_size_000272,prospective,visual_counterfact_size,128,False,True,gray|blur|irrelevant,True,True,True,True,True,,0111,128,True
fastv,visual_counterfact_size_000272,prospective,visual_counterfact_size,256,False,True,gray|blur|irrelevant,True,True,True,True,True,,0111,128,True
fastv,visual_counterfact_size_000272,prospective,visual_counterfact_size,432,False,True,gray|blur|irrelevant,True,True,True,True,True,,0111,128,True
fastv,visual_counterfact_size_000284,prospective,visual_counterfact_size,64,False,True,blur|irrelevant,True,False,False,False,False,,0111,128,True
fastv,visual_counterfact_size_000284,prospective,visual_counterfact_size,128,False,True,blur|irrelevant,True,True,True,True,True,,0111,128,True
fastv,visual_counterfact_size_000284,prospective,visual_counterfact_size,256,False,True,blur|irrelevant,True,True,True,True,True,,0111,128,True
fastv,visual_counterfact_size_000284,prospective,visual_counterfact_size,432,False,True,blur|irrelevant,True,True,True,True,True,,0111,128,True
fastv,visual_counterfact_size_000289,prospective,visual_counterfact_size,64,True,True,irrelevant|counterfactual,True,False,False,False,False,False,0111,128,True
fastv,visual_counterfact_size_000289,prospective,visual_counterfact_size,128,True,True,irrelevant|counterfactual,True,True,True,True,True,True,0111,128,True
fastv,visual_counterfact_size_000289,prospective,visual_counterfact_size,256,True,True,irrelevant|counterfactual,True,True,True,True,True,True,0111,128,True
fastv,visual_counterfact_size_000289,prospective,visual_counterfact_size,432,True,True,irrelevant|counterfactual,True,True,True,True,True,True,0111,128,True
fastv,visual_counterfact_size_000290,prospective,visual_counterfact_size,64,True,True,irrelevant,True,True,True,True,True,True,1111,64,True
fastv,visual_counterfact_size_000290,prospective,visual_counterfact_size,128,True,True,irrelevant,True,True,True,True,True,True,1111,64,True
fastv,visual_counterfact_size_000290,prospective,visual_counterfact_size,256,True,True,irrelevant,True,True,True,True,True,True,1111,64,True
fastv,visual_counterfact_size_000290,prospective,visual_counterfact_size,432,True,True,irrelevant,True,True,True,True,True,True,1111,64,True
fastv,visual_counterfact_size_000295,prospective,visual_counterfact_size,64,True,True,blur|irrelevant|counterfactual,False,False,False,False,False,False,0000,full,True
fastv,visual_counterfact_size_000295,prospective,visual_counterfact_size,128,True,True,blur|irrelevant|counterfactual,False,False,False,False,False,False,0000,full,True
fastv,visual_counterfact_size_000295,prospective,visual_counterfact_size,256,True,True,blur|irrelevant|counterfactual,False,False,False,False,False,False,0000,full,True
fastv,visual_counterfact_size_000295,prospective,visual_counterfact_size,432,True,True,blur|irrelevant|counterfactual,False,False,True,False,False,False,0000,full,True
fastv,visual_counterfact_size_000296,prospective,visual_counterfact_size,64,True,True,irrelevant|counterfactual,True,True,False,True,False,False,0111,128,True
fastv,visual_counterfact_size_000296,prospective,visual_counterfact_size,128,True,True,irrelevant|counterfactual,True,True,True,True,True,True,0111,128,True
fastv,visual_counterfact_size_000296,prospective,visual_counterfact_size,256,True,True,irrelevant|counterfactual,True,True,True,True,True,True,0111,128,True
fastv,visual_counterfact_size_000296,prospective,visual_counterfact_size,432,True,True,irrelevant|counterfactual,True,True,True,True,True,True,0111,128,True
fastv,visual_counterfact_size_000310,prospective,visual_counterfact_size,64,False,True,blur|irrelevant,True,False,False,False,False,,0011,256,True
fastv,visual_counterfact_size_000310,prospective,visual_counterfact_size,128,False,True,blur|irrelevant,True,False,False,False,False,,0011,256,True
fastv,visual_counterfact_size_000310,prospective,visual_counterfact_size,256,False,True,blur|irrelevant,True,True,True,True,True,,0011,256,True
fastv,visual_counterfact_size_000310,prospective,visual_counterfact_size,432,False,True,blur|irrelevant,True,True,True,True,True,,0011,256,True
fastv,visual_counterfact_size_000311,prospective,visual_counterfact_size,64,True,True,blur|irrelevant|counterfactual,False,False,False,False,False,False,0111,128,True
fastv,visual_counterfact_size_000311,prospective,visual_counterfact_size,128,True,True,blur|irrelevant|counterfactual,True,True,True,True,True,True,0111,128,True
fastv,visual_counterfact_size_000311,prospective,visual_counterfact_size,256,True,True,blur|irrelevant|counterfactual,True,True,True,True,True,True,0111,128,True
fastv,visual_counterfact_size_000311,prospective,visual_counterfact_size,432,True,True,blur|irrelevant|counterfactual,True,True,True,True,True,True,0111,128,True
fastv,visual_counterfact_size_000317,prospective,visual_counterfact_size,64,True,True,irrelevant|counterfactual,True,False,False,False,False,False,0011,256,True
fastv,visual_counterfact_size_000317,prospective,visual_counterfact_size,128,True,True,irrelevant|counterfactual,True,True,False,True,False,False,0011,256,True
fastv,visual_counterfact_size_000317,prospective,visual_counterfact_size,256,True,True,irrelevant|counterfactual,True,True,True,True,True,True,0011,256,True
fastv,visual_counterfact_size_000317,prospective,visual_counterfact_size,432,True,True,irrelevant|counterfactual,True,True,True,True,True,True,0011,256,True
fastv,visual_counterfact_size_000322,prospective,visual_counterfact_size,64,False,True,gray|blur|irrelevant,True,False,False,False,False,,0011,256,True
fastv,visual_counterfact_size_000322,prospective,visual_counterfact_size,128,False,True,gray|blur|irrelevant,True,False,False,False,False,,0011,256,True
fastv,visual_counterfact_size_000322,prospective,visual_counterfact_size,256,False,True,gray|blur|irrelevant,True,True,True,True,True,,0011,256,True
fastv,visual_counterfact_size_000322,prospective,visual_counterfact_size,432,False,True,gray|blur|irrelevant,True,True,True,True,True,,0011,256,True
fastv,visual_counterfact_size_000325,prospective,visual_counterfact_size,64,True,True,blur|irrelevant|counterfactual,False,False,False,False,False,False,0011,256,True
fastv,visual_counterfact_size_000325,prospective,visual_counterfact_size,128,True,True,blur|irrelevant|counterfactual,False,False,False,False,False,False,0011,256,True
fastv,visual_counterfact_size_000325,prospective,visual_counterfact_size,256,True,True,blur|irrelevant|counterfactual,True,True,True,True,True,True,0011,256,True
fastv,visual_counterfact_size_000325,prospective,visual_counterfact_size,432,True,True,blur|irrelevant|counterfactual,True,True,True,True,True,True,0011,256,True
fastv,visual_counterfact_size_000329,prospective,visual_counterfact_size,64,True,True,irrelevant|counterfactual,False,False,False,False,False,False,0001,432,True
fastv,visual_counterfact_size_000329,prospective,visual_counterfact_size,128,True,True,irrelevant|counterfactual,True,False,False,False,False,False,0001,432,True
fastv,visual_counterfact_size_000329,prospective,visual_counterfact_size,256,True,True,irrelevant|counterfactual,True,False,False,False,False,False,0001,432,True
fastv,visual_counterfact_size_000329,prospective,visual_counterfact_size,432,True,True,irrelevant|counterfactual,True,True,True,True,True,True,0001,432,True
fastv,visual_counterfact_size_000330,prospective,visual_counterfact_size,64,True,True,gray|irrelevant|counterfactual,False,False,False,False,False,False,0111,128,True
fastv,visual_counterfact_size_000330,prospective,visual_counterfact_size,128,True,True,gray|irrelevant|counterfactual,True,True,True,True,True,True,0111,128,True
fastv,visual_counterfact_size_000330,prospective,visual_counterfact_size,256,True,True,gray|irrelevant|counterfactual,True,True,True,True,True,True,0111,128,True
fastv,visual_counterfact_size_000330,prospective,visual_counterfact_size,432,True,True,gray|irrelevant|counterfactual,True,True,True,True,True,True,0111,128,True
fastv,visual_counterfact_size_000335,prospective,visual_counterfact_size,64,True,True,counterfactual,True,False,False,False,False,False,0001,432,True
fastv,visual_counterfact_size_000335,prospective,visual_counterfact_size,128,True,True,counterfactual,True,False,False,False,False,False,0001,432,True
fastv,visual_counterfact_size_000335,prospective,visual_counterfact_size,256,True,True,counterfactual,True,False,False,False,False,False,0001,432,True
fastv,visual_counterfact_size_000335,prospective,visual_counterfact_size,432,True,True,counterfactual,True,True,True,True,True,True,0001,432,True
fastv,visual_counterfact_size_000342,prospective,visual_counterfact_size,64,False,True,gray|blur|irrelevant,True,True,True,True,True,,1111,64,True
fastv,visual_counterfact_size_000342,prospective,visual_counterfact_size,128,False,True,gray|blur|irrelevant,True,True,True,True,True,,1111,64,True
fastv,visual_counterfact_size_000342,prospective,visual_counterfact_size,256,False,True,gray|blur|irrelevant,True,True,True,True,True,,1111,64,True
fastv,visual_counterfact_size_000342,prospective,visual_counterfact_size,432,False,True,gray|blur|irrelevant,True,True,True,True,True,,1111,64,True
fastv,visual_counterfact_size_000348,prospective,visual_counterfact_size,64,True,True,gray|irrelevant|counterfactual,False,False,False,False,False,False,0011,256,True
fastv,visual_counterfact_size_000348,prospective,visual_counterfact_size,128,True,True,gray|irrelevant|counterfactual,False,False,True,False,False,False,0011,256,True
fastv,visual_counterfact_size_000348,prospective,visual_counterfact_size,256,True,True,gray|irrelevant|counterfactual,True,True,True,True,True,True,0011,256,True
fastv,visual_counterfact_size_000348,prospective,visual_counterfact_size,432,True,True,gray|irrelevant|counterfactual,True,True,True,True,True,True,0011,256,True
fastv,visual_counterfact_size_000362,prospective,visual_counterfact_size,64,True,True,gray|blur|irrelevant|counterfactual,True,False,False,False,False,False,0111,128,True
fastv,visual_counterfact_size_000362,prospective,visual_counterfact_size,128,True,True,gray|blur|irrelevant|counterfactual,True,True,True,True,True,True,0111,128,True
fastv,visual_counterfact_size_000362,prospective,visual_counterfact_size,256,True,True,gray|blur|irrelevant|counterfactual,True,True,True,True,True,True,0111,128,True
fastv,visual_counterfact_size_000362,prospective,visual_counterfact_size,432,True,True,gray|blur|irrelevant|counterfactual,True,True,True,True,True,True,0111,128,True
fastv,visual_counterfact_size_000363,prospective,visual_counterfact_size,64,False,True,gray|blur|irrelevant,True,True,False,True,False,,0011,256,True
fastv,visual_counterfact_size_000363,prospective,visual_counterfact_size,128,False,True,gray|blur|irrelevant,True,True,False,True,False,,0011,256,True
fastv,visual_counterfact_size_000363,prospective,visual_counterfact_size,256,False,True,gray|blur|irrelevant,True,True,True,True,True,,0011,256,True
fastv,visual_counterfact_size_000363,prospective,visual_counterfact_size,432,False,True,gray|blur|irrelevant,True,True,True,True,True,,0011,256,True
fastv,visual_counterfact_size_000368,prospective,visual_counterfact_size,64,True,True,irrelevant|counterfactual,False,False,False,False,False,False,0001,432,True
fastv,visual_counterfact_size_000368,prospective,visual_counterfact_size,128,True,True,irrelevant|counterfactual,False,False,True,False,False,False,0001,432,True
fastv,visual_counterfact_size_000368,prospective,visual_counterfact_size,256,True,True,irrelevant|counterfactual,False,False,True,False,False,False,0001,432,True
fastv,visual_counterfact_size_000368,prospective,visual_counterfact_size,432,True,True,irrelevant|counterfactual,True,True,True,True,True,True,0001,432,True
fastv,visual_counterfact_size_000374,prospective,visual_counterfact_size,64,True,True,irrelevant,True,True,False,True,False,False,0000,full,True
fastv,visual_counterfact_size_000374,prospective,visual_counterfact_size,128,True,True,irrelevant,True,True,False,True,False,False,0000,full,True
fastv,visual_counterfact_size_000374,prospective,visual_counterfact_size,256,True,True,irrelevant,True,True,False,True,False,False,0000,full,True
fastv,visual_counterfact_size_000374,prospective,visual_counterfact_size,432,True,True,irrelevant,True,False,False,False,False,False,0000,full,True
fastv,visual_counterfact_size_000375,prospective,visual_counterfact_size,64,True,True,irrelevant,True,True,True,True,True,True,1101,64,False
fastv,visual_counterfact_size_000375,prospective,visual_counterfact_size,128,True,True,irrelevant,True,True,True,True,True,True,1101,64,False
fastv,visual_counterfact_size_000375,prospective,visual_counterfact_size,256,True,True,irrelevant,True,True,False,True,False,False,1101,64,False
fastv,visual_counterfact_size_000375,prospective,visual_counterfact_size,432,True,True,irrelevant,True,True,True,True,True,True,1101,64,False
fastv,visual_counterfact_size_000379,prospective,visual_counterfact_size,64,False,True,blur|irrelevant,True,False,False,False,False,,0011,256,True
fastv,visual_counterfact_size_000379,prospective,visual_counterfact_size,128,False,True,blur|irrelevant,True,False,False,False,False,,0011,256,True
fastv,visual_counterfact_size_000379,prospective,visual_counterfact_size,256,False,True,blur|irrelevant,True,True,True,True,True,,0011,256,True
fastv,visual_counterfact_size_000379,prospective,visual_counterfact_size,432,False,True,blur|irrelevant,True,True,True,True,True,,0011,256,True
fastv,visual_counterfact_size_000388,prospective,visual_counterfact_size,64,False,True,gray|blur|irrelevant,True,False,False,False,False,,0001,432,True
fastv,visual_counterfact_size_000388,prospective,visual_counterfact_size,128,False,True,gray|blur|irrelevant,True,False,False,False,False,,0001,432,True
fastv,visual_counterfact_size_000388,prospective,visual_counterfact_size,256,False,True,gray|blur|irrelevant,True,True,False,True,False,,0001,432,True
fastv,visual_counterfact_size_000388,prospective,visual_counterfact_size,432,False,True,gray|blur|irrelevant,True,True,True,True,True,,0001,432,True
fastv,visual_counterfact_size_000391,prospective,visual_counterfact_size,64,False,True,blur|irrelevant,True,True,True,True,True,,1111,64,True
fastv,visual_counterfact_size_000391,prospective,visual_counterfact_size,128,False,True,blur|irrelevant,True,True,True,True,True,,1111,64,True
fastv,visual_counterfact_size_000391,prospective,visual_counterfact_size,256,False,True,blur|irrelevant,True,True,True,True,True,,1111,64,True
fastv,visual_counterfact_size_000391,prospective,visual_counterfact_size,432,False,True,blur|irrelevant,True,True,True,True,True,,1111,64,True
fastv,visual_counterfact_size_000396,prospective,visual_counterfact_size,64,True,True,irrelevant|counterfactual,True,False,False,False,False,False,0011,256,True
fastv,visual_counterfact_size_000396,prospective,visual_counterfact_size,128,True,True,irrelevant|counterfactual,True,True,False,True,False,False,0011,256,True
fastv,visual_counterfact_size_000396,prospective,visual_counterfact_size,256,True,True,irrelevant|counterfactual,True,True,True,True,True,True,0011,256,True
fastv,visual_counterfact_size_000396,prospective,visual_counterfact_size,432,True,True,irrelevant|counterfactual,True,True,True,True,True,True,0011,256,True
fastv,visual_counterfact_size_000399,prospective,visual_counterfact_size,64,True,True,blur|irrelevant|counterfactual,False,False,False,False,False,False,0001,432,True
fastv,visual_counterfact_size_000399,prospective,visual_counterfact_size,128,True,True,blur|irrelevant|counterfactual,False,False,False,False,False,False,0001,432,True
fastv,visual_counterfact_size_000399,prospective,visual_counterfact_size,256,True,True,blur|irrelevant|counterfactual,True,False,False,False,False,False,0001,432,True
fastv,visual_counterfact_size_000399,prospective,visual_counterfact_size,432,True,True,blur|irrelevant|counterfactual,True,True,True,True,True,True,0001,432,True
fastv,visual_counterfact_size_000406,prospective,visual_counterfact_size,64,True,True,irrelevant|counterfactual,False,True,False,False,False,False,0011,256,True
fastv,visual_counterfact_size_000406,prospective,visual_counterfact_size,128,True,True,irrelevant|counterfactual,False,False,False,False,False,False,0011,256,True
fastv,visual_counterfact_size_000406,prospective,visual_counterfact_size,256,True,True,irrelevant|counterfactual,True,True,True,True,True,True,0011,256,True
fastv,visual_counterfact_size_000406,prospective,visual_counterfact_size,432,True,True,irrelevant|counterfactual,True,True,True,True,True,True,0011,256,True
fastv,visual_counterfact_size_000411,prospective,visual_counterfact_size,64,True,True,gray|irrelevant|counterfactual,False,False,True,False,False,False,0001,432,True
fastv,visual_counterfact_size_000411,prospective,visual_counterfact_size,128,True,True,gray|irrelevant|counterfactual,False,False,True,False,False,False,0001,432,True
fastv,visual_counterfact_size_000411,prospective,visual_counterfact_size,256,True,True,gray|irrelevant|counterfactual,False,False,True,False,False,False,0001,432,True
fastv,visual_counterfact_size_000411,prospective,visual_counterfact_size,432,True,True,gray|irrelevant|counterfactual,True,True,True,True,True,True,0001,432,True
fastv,visual_counterfact_size_000412,prospective,visual_counterfact_size,64,True,True,irrelevant|counterfactual,False,True,False,False,False,False,0011,256,True
fastv,visual_counterfact_size_000412,prospective,visual_counterfact_size,128,True,True,irrelevant|counterfactual,False,False,True,False,False,False,0011,256,True
fastv,visual_counterfact_size_000412,prospective,visual_counterfact_size,256,True,True,irrelevant|counterfactual,True,True,True,True,True,True,0011,256,True
fastv,visual_counterfact_size_000412,prospective,visual_counterfact_size,432,True,True,irrelevant|counterfactual,True,True,True,True,True,True,0011,256,True
fastv,visual_counterfact_size_000414,prospective,visual_counterfact_size,64,False,True,gray|irrelevant,True,True,True,True,True,,1111,64,True
fastv,visual_counterfact_size_000414,prospective,visual_counterfact_size,128,False,True,gray|irrelevant,True,True,True,True,True,,1111,64,True
fastv,visual_counterfact_size_000414,prospective,visual_counterfact_size,256,False,True,gray|irrelevant,True,True,True,True,True,,1111,64,True
fastv,visual_counterfact_size_000414,prospective,visual_counterfact_size,432,False,True,gray|irrelevant,True,True,True,True,True,,1111,64,True
fastv,visual_counterfact_size_000415,prospective,visual_counterfact_size,64,True,True,irrelevant,True,True,False,True,False,False,0111,128,True
fastv,visual_counterfact_size_000415,prospective,visual_counterfact_size,128,True,True,irrelevant,True,True,True,True,True,True,0111,128,True
fastv,visual_counterfact_size_000415,prospective,visual_counterfact_size,256,True,True,irrelevant,True,True,True,True,True,True,0111,128,True
fastv,visual_counterfact_size_000415,prospective,visual_counterfact_size,432,True,True,irrelevant,True,True,True,True,True,True,0111,128,True
fastv,visual_counterfact_size_000418,prospective,visual_counterfact_size,64,True,True,irrelevant|counterfactual,False,False,False,False,False,False,0011,256,True
fastv,visual_counterfact_size_000418,prospective,visual_counterfact_size,128,True,True,irrelevant|counterfactual,False,False,True,False,False,False,0011,256,True
fastv,visual_counterfact_size_000418,prospective,visual_counterfact_size,256,True,True,irrelevant|counterfactual,True,True,True,True,True,True,0011,256,True
fastv,visual_counterfact_size_000418,prospective,visual_counterfact_size,432,True,True,irrelevant|counterfactual,True,True,True,True,True,True,0011,256,True
fastv,visual_counterfact_size_000420,prospective,visual_counterfact_size,64,True,True,irrelevant|counterfactual,False,False,False,False,False,False,0011,256,True
fastv,visual_counterfact_size_000420,prospective,visual_counterfact_size,128,True,True,irrelevant|counterfactual,False,False,True,False,False,False,0011,256,True
fastv,visual_counterfact_size_000420,prospective,visual_counterfact_size,256,True,True,irrelevant|counterfactual,True,True,True,True,True,True,0011,256,True
fastv,visual_counterfact_size_000420,prospective,visual_counterfact_size,432,True,True,irrelevant|counterfactual,True,True,True,True,True,True,0011,256,True
fastv,visual_counterfact_size_000423,prospective,visual_counterfact_size,64,False,True,gray|blur|irrelevant|counterfactual,False,False,False,False,False,,0011,256,True
fastv,visual_counterfact_size_000423,prospective,visual_counterfact_size,128,False,True,gray|blur|irrelevant|counterfactual,True,True,False,True,False,,0011,256,True
fastv,visual_counterfact_size_000423,prospective,visual_counterfact_size,256,False,True,gray|blur|irrelevant|counterfactual,True,True,True,True,True,,0011,256,True
fastv,visual_counterfact_size_000423,prospective,visual_counterfact_size,432,False,True,gray|blur|irrelevant|counterfactual,True,True,True,True,True,,0011,256,True
fastv,visual_counterfact_size_000424,prospective,visual_counterfact_size,64,True,True,irrelevant|counterfactual,False,False,False,False,False,False,0011,256,True
fastv,visual_counterfact_size_000424,prospective,visual_counterfact_size,128,True,True,irrelevant|counterfactual,False,False,True,False,False,False,0011,256,True
fastv,visual_counterfact_size_000424,prospective,visual_counterfact_size,256,True,True,irrelevant|counterfactual,True,True,True,True,True,True,0011,256,True
fastv,visual_counterfact_size_000424,prospective,visual_counterfact_size,432,True,True,irrelevant|counterfactual,True,True,True,True,True,True,0011,256,True
fastv,visual_counterfact_size_000433,prospective,visual_counterfact_size,64,False,True,gray|blur|irrelevant,True,True,False,True,False,,0111,128,True
fastv,visual_counterfact_size_000433,prospective,visual_counterfact_size,128,False,True,gray|blur|irrelevant,True,True,True,True,True,,0111,128,True
fastv,visual_counterfact_size_000433,prospective,visual_counterfact_size,256,False,True,gray|blur|irrelevant,True,True,True,True,True,,0111,128,True
fastv,visual_counterfact_size_000433,prospective,visual_counterfact_size,432,False,True,gray|blur|irrelevant,True,True,True,True,True,,0111,128,True
fastv,visual_counterfact_size_000434,prospective,visual_counterfact_size,64,True,True,irrelevant|counterfactual,False,False,False,False,False,False,0001,432,True
fastv,visual_counterfact_size_000434,prospective,visual_counterfact_size,128,True,True,irrelevant|counterfactual,False,False,True,False,False,False,0001,432,True
fastv,visual_counterfact_size_000434,prospective,visual_counterfact_size,256,True,True,irrelevant|counterfactual,False,False,True,False,False,False,0001,432,True
fastv,visual_counterfact_size_000434,prospective,visual_counterfact_size,432,True,True,irrelevant|counterfactual,True,True,True,True,True,True,0001,432,True
fastv,visual_counterfact_size_000435,prospective,visual_counterfact_size,64,True,True,irrelevant|counterfactual,True,False,False,False,False,False,0011,256,True
fastv,visual_counterfact_size_000435,prospective,visual_counterfact_size,128,True,True,irrelevant|counterfactual,True,False,False,False,False,False,0011,256,True
fastv,visual_counterfact_size_000435,prospective,visual_counterfact_size,256,True,True,irrelevant|counterfactual,True,True,True,True,True,True,0011,256,True
fastv,visual_counterfact_size_000435,prospective,visual_counterfact_size,432,True,True,irrelevant|counterfactual,True,True,True,True,True,True,0011,256,True
fastv,visual_counterfact_size_000440,prospective,visual_counterfact_size,64,False,True,gray|irrelevant,True,True,True,True,True,,1111,64,True
fastv,visual_counterfact_size_000440,prospective,visual_counterfact_size,128,False,True,gray|irrelevant,True,True,True,True,True,,1111,64,True
fastv,visual_counterfact_size_000440,prospective,visual_counterfact_size,256,False,True,gray|irrelevant,True,True,True,True,True,,1111,64,True
fastv,visual_counterfact_size_000440,prospective,visual_counterfact_size,432,False,True,gray|irrelevant,True,True,True,True,True,,1111,64,True
fastv,visual_counterfact_size_000448,prospective,visual_counterfact_size,64,True,True,irrelevant|counterfactual,False,False,True,False,False,False,0111,128,True
fastv,visual_counterfact_size_000448,prospective,visual_counterfact_size,128,True,True,irrelevant|counterfactual,True,True,True,True,True,True,0111,128,True
fastv,visual_counterfact_size_000448,prospective,visual_counterfact_size,256,True,True,irrelevant|counterfactual,True,True,True,True,True,True,0111,128,True
fastv,visual_counterfact_size_000448,prospective,visual_counterfact_size,432,True,True,irrelevant|counterfactual,True,True,True,True,True,True,0111,128,True
fastv,visual_counterfact_size_000458,prospective,visual_counterfact_size,64,True,True,irrelevant,True,True,True,True,True,True,1111,64,True
fastv,visual_counterfact_size_000458,prospective,visual_counterfact_size,128,True,True,irrelevant,True,True,True,True,True,True,1111,64,True
fastv,visual_counterfact_size_000458,prospective,visual_counterfact_size,256,True,True,irrelevant,True,True,True,True,True,True,1111,64,True
fastv,visual_counterfact_size_000458,prospective,visual_counterfact_size,432,True,True,irrelevant,True,True,True,True,True,True,1111,64,True
fastv,visual_counterfact_size_000464,prospective,visual_counterfact_size,64,True,True,irrelevant|counterfactual,False,False,True,False,False,False,0011,256,True
fastv,visual_counterfact_size_000464,prospective,visual_counterfact_size,128,True,True,irrelevant|counterfactual,False,False,True,False,False,False,0011,256,True
fastv,visual_counterfact_size_000464,prospective,visual_counterfact_size,256,True,True,irrelevant|counterfactual,True,True,True,True,True,True,0011,256,True
fastv,visual_counterfact_size_000464,prospective,visual_counterfact_size,432,True,True,irrelevant|counterfactual,True,True,True,True,True,True,0011,256,True
fastv,visual_counterfact_size_000466,prospective,visual_counterfact_size,64,True,True,blur|irrelevant,False,True,False,False,False,False,0111,128,True
fastv,visual_counterfact_size_000466,prospective,visual_counterfact_size,128,True,True,blur|irrelevant,True,True,True,True,True,True,0111,128,True
fastv,visual_counterfact_size_000466,prospective,visual_counterfact_size,256,True,True,blur|irrelevant,True,True,True,True,True,True,0111,128,True
fastv,visual_counterfact_size_000466,prospective,visual_counterfact_size,432,True,True,blur|irrelevant,True,True,True,True,True,True,0111,128,True
fastv,visual_counterfact_size_000468,prospective,visual_counterfact_size,64,True,True,irrelevant|counterfactual,False,False,False,False,False,False,0011,256,True
fastv,visual_counterfact_size_000468,prospective,visual_counterfact_size,128,True,True,irrelevant|counterfactual,False,False,True,False,False,False,0011,256,True
fastv,visual_counterfact_size_000468,prospective,visual_counterfact_size,256,True,True,irrelevant|counterfactual,True,True,True,True,True,True,0011,256,True
fastv,visual_counterfact_size_000468,prospective,visual_counterfact_size,432,True,True,irrelevant|counterfactual,True,True,True,True,True,True,0011,256,True
fastv,visual_counterfact_size_000469,prospective,visual_counterfact_size,64,True,True,irrelevant|counterfactual,False,False,True,False,False,False,0000,full,True
fastv,visual_counterfact_size_000469,prospective,visual_counterfact_size,128,True,True,irrelevant|counterfactual,False,False,True,False,False,False,0000,full,True
fastv,visual_counterfact_size_000469,prospective,visual_counterfact_size,256,True,True,irrelevant|counterfactual,False,False,True,False,False,False,0000,full,True
fastv,visual_counterfact_size_000469,prospective,visual_counterfact_size,432,True,True,irrelevant|counterfactual,False,False,True,False,False,False,0000,full,True
fastv,visual_counterfact_size_000476,prospective,visual_counterfact_size,64,True,True,irrelevant|counterfactual,False,False,False,False,False,False,0111,128,True
fastv,visual_counterfact_size_000476,prospective,visual_counterfact_size,128,True,True,irrelevant|counterfactual,True,True,True,True,True,True,0111,128,True
fastv,visual_counterfact_size_000476,prospective,visual_counterfact_size,256,True,True,irrelevant|counterfactual,True,True,True,True,True,True,0111,128,True
fastv,visual_counterfact_size_000476,prospective,visual_counterfact_size,432,True,True,irrelevant|counterfactual,True,True,True,True,True,True,0111,128,True
fastv,visual_counterfact_size_000479,prospective,visual_counterfact_size,64,True,True,irrelevant|counterfactual,False,False,True,False,False,False,0111,128,True
fastv,visual_counterfact_size_000479,prospective,visual_counterfact_size,128,True,True,irrelevant|counterfactual,True,True,True,True,True,True,0111,128,True
fastv,visual_counterfact_size_000479,prospective,visual_counterfact_size,256,True,True,irrelevant|counterfactual,True,True,True,True,True,True,0111,128,True
fastv,visual_counterfact_size_000479,prospective,visual_counterfact_size,432,True,True,irrelevant|counterfactual,True,True,True,True,True,True,0111,128,True
fastv,visual_counterfact_size_000484,prospective,visual_counterfact_size,64,True,True,irrelevant|counterfactual,True,False,False,False,False,False,0000,full,True
fastv,visual_counterfact_size_000484,prospective,visual_counterfact_size,128,True,True,irrelevant|counterfactual,True,True,False,True,False,False,0000,full,True
fastv,visual_counterfact_size_000484,prospective,visual_counterfact_size,256,True,True,irrelevant|counterfactual,True,True,False,True,False,False,0000,full,True
fastv,visual_counterfact_size_000484,prospective,visual_counterfact_size,432,True,True,irrelevant|counterfactual,True,True,False,True,False,False,0000,full,True
fastv,visual_counterfact_size_000489,prospective,visual_counterfact_size,64,True,True,irrelevant|counterfactual,False,False,False,False,False,False,0011,256,True
fastv,visual_counterfact_size_000489,prospective,visual_counterfact_size,128,True,True,irrelevant|counterfactual,False,False,True,False,False,False,0011,256,True
fastv,visual_counterfact_size_000489,prospective,visual_counterfact_size,256,True,True,irrelevant|counterfactual,True,True,True,True,True,True,0011,256,True
fastv,visual_counterfact_size_000489,prospective,visual_counterfact_size,432,True,True,irrelevant|counterfactual,True,True,True,True,True,True,0011,256,True
fastv,visual_counterfact_size_000490,prospective,visual_counterfact_size,64,False,True,gray|irrelevant,True,False,False,False,False,,0011,256,True
fastv,visual_counterfact_size_000490,prospective,visual_counterfact_size,128,False,True,gray|irrelevant,True,False,False,False,False,,0011,256,True
fastv,visual_counterfact_size_000490,prospective,visual_counterfact_size,256,False,True,gray|irrelevant,True,True,True,True,True,,0011,256,True
fastv,visual_counterfact_size_000490,prospective,visual_counterfact_size,432,False,True,gray|irrelevant,True,True,True,True,True,,0011,256,True
fastv,visual_counterfact_size_000509,prospective,visual_counterfact_size,64,False,True,blur|irrelevant,True,True,True,True,True,,1111,64,True
fastv,visual_counterfact_size_000509,prospective,visual_counterfact_size,128,False,True,blur|irrelevant,True,True,True,True,True,,1111,64,True
fastv,visual_counterfact_size_000509,prospective,visual_counterfact_size,256,False,True,blur|irrelevant,True,True,True,True,True,,1111,64,True
fastv,visual_counterfact_size_000509,prospective,visual_counterfact_size,432,False,True,blur|irrelevant,True,True,True,True,True,,1111,64,True
fastv,visual_counterfact_size_000510,prospective,visual_counterfact_size,64,True,True,irrelevant|counterfactual,False,False,False,False,False,False,0000,full,True
fastv,visual_counterfact_size_000510,prospective,visual_counterfact_size,128,True,True,irrelevant|counterfactual,True,False,False,False,False,False,0000,full,True
fastv,visual_counterfact_size_000510,prospective,visual_counterfact_size,256,True,True,irrelevant|counterfactual,True,True,False,True,False,False,0000,full,True
fastv,visual_counterfact_size_000510,prospective,visual_counterfact_size,432,True,True,irrelevant|counterfactual,True,True,False,True,False,False,0000,full,True
fastv,visual_counterfact_size_000522,prospective,visual_counterfact_size,64,True,True,gray|irrelevant|counterfactual,True,True,True,True,True,True,1111,64,True
fastv,visual_counterfact_size_000522,prospective,visual_counterfact_size,128,True,True,gray|irrelevant|counterfactual,True,True,True,True,True,True,1111,64,True
fastv,visual_counterfact_size_000522,prospective,visual_counterfact_size,256,True,True,gray|irrelevant|counterfactual,True,True,True,True,True,True,1111,64,True
fastv,visual_counterfact_size_000522,prospective,visual_counterfact_size,432,True,True,gray|irrelevant|counterfactual,True,True,True,True,True,True,1111,64,True
fastv,visual_counterfact_size_000524,prospective,visual_counterfact_size,64,True,True,irrelevant|counterfactual,False,True,False,False,False,False,0111,128,True
fastv,visual_counterfact_size_000524,prospective,visual_counterfact_size,128,True,True,irrelevant|counterfactual,True,True,True,True,True,True,0111,128,True
fastv,visual_counterfact_size_000524,prospective,visual_counterfact_size,256,True,True,irrelevant|counterfactual,True,True,True,True,True,True,0111,128,True
fastv,visual_counterfact_size_000524,prospective,visual_counterfact_size,432,True,True,irrelevant|counterfactual,True,True,True,True,True,True,0111,128,True
fastv,visual_counterfact_size_000525,prospective,visual_counterfact_size,64,False,True,gray|blur|irrelevant,True,True,True,True,True,,1011,64,False
fastv,visual_counterfact_size_000525,prospective,visual_counterfact_size,128,False,True,gray|blur|irrelevant,True,True,False,True,False,,1011,64,False
fastv,visual_counterfact_size_000525,prospective,visual_counterfact_size,256,False,True,gray|blur|irrelevant,True,True,True,True,True,,1011,64,False
fastv,visual_counterfact_size_000525,prospective,visual_counterfact_size,432,False,True,gray|blur|irrelevant,True,True,True,True,True,,1011,64,False
fastv,visual_counterfact_size_000526,prospective,visual_counterfact_size,64,True,True,gray|irrelevant|counterfactual,False,False,False,False,False,False,0011,256,True
fastv,visual_counterfact_size_000526,prospective,visual_counterfact_size,128,True,True,gray|irrelevant|counterfactual,False,False,True,False,False,False,0011,256,True
fastv,visual_counterfact_size_000526,prospective,visual_counterfact_size,256,True,True,gray|irrelevant|counterfactual,True,True,True,True,True,True,0011,256,True
fastv,visual_counterfact_size_000526,prospective,visual_counterfact_size,432,True,True,gray|irrelevant|counterfactual,True,True,True,True,True,True,0011,256,True
fastv,visual_counterfact_size_000527,prospective,visual_counterfact_size,64,True,True,irrelevant|counterfactual,False,False,False,False,False,False,0011,256,True
fastv,visual_counterfact_size_000527,prospective,visual_counterfact_size,128,True,True,irrelevant|counterfactual,True,True,False,True,False,False,0011,256,True
fastv,visual_counterfact_size_000527,prospective,visual_counterfact_size,256,True,True,irrelevant|counterfactual,True,True,True,True,True,True,0011,256,True
fastv,visual_counterfact_size_000527,prospective,visual_counterfact_size,432,True,True,irrelevant|counterfactual,True,True,True,True,True,True,0011,256,True
fastv,visual_counterfact_size_000532,prospective,visual_counterfact_size,64,False,True,blur|irrelevant,True,True,True,True,True,,1111,64,True
fastv,visual_counterfact_size_000532,prospective,visual_counterfact_size,128,False,True,blur|irrelevant,True,True,True,True,True,,1111,64,True
fastv,visual_counterfact_size_000532,prospective,visual_counterfact_size,256,False,True,blur|irrelevant,True,True,True,True,True,,1111,64,True
fastv,visual_counterfact_size_000532,prospective,visual_counterfact_size,432,False,True,blur|irrelevant,True,True,True,True,True,,1111,64,True
fastv,visual_counterfact_size_000533,prospective,visual_counterfact_size,64,True,True,gray|irrelevant|counterfactual,False,False,False,False,False,False,0011,256,True
fastv,visual_counterfact_size_000533,prospective,visual_counterfact_size,128,True,True,gray|irrelevant|counterfactual,False,False,True,False,False,False,0011,256,True
fastv,visual_counterfact_size_000533,prospective,visual_counterfact_size,256,True,True,gray|irrelevant|counterfactual,True,True,True,True,True,True,0011,256,True
fastv,visual_counterfact_size_000533,prospective,visual_counterfact_size,432,True,True,gray|irrelevant|counterfactual,True,True,True,True,True,True,0011,256,True
fastv,visual_counterfact_size_000534,prospective,visual_counterfact_size,64,True,True,irrelevant,True,True,True,True,True,True,1111,64,True
fastv,visual_counterfact_size_000534,prospective,visual_counterfact_size,128,True,True,irrelevant,True,True,True,True,True,True,1111,64,True
fastv,visual_counterfact_size_000534,prospective,visual_counterfact_size,256,True,True,irrelevant,True,True,True,True,True,True,1111,64,True
fastv,visual_counterfact_size_000534,prospective,visual_counterfact_size,432,True,True,irrelevant,True,True,True,True,True,True,1111,64,True
fastv,visual_counterfact_size_000535,prospective,visual_counterfact_size,64,False,True,blur|irrelevant,True,True,False,True,False,,0001,432,True
fastv,visual_counterfact_size_000535,prospective,visual_counterfact_size,128,False,True,blur|irrelevant,True,False,False,False,False,,0001,432,True
fastv,visual_counterfact_size_000535,prospective,visual_counterfact_size,256,False,True,blur|irrelevant,True,False,False,False,False,,0001,432,True
fastv,visual_counterfact_size_000535,prospective,visual_counterfact_size,432,False,True,blur|irrelevant,True,True,True,True,True,,0001,432,True
fastv,visual_counterfact_size_000540,prospective,visual_counterfact_size,64,True,True,irrelevant|counterfactual,False,False,False,False,False,False,0111,128,True
fastv,visual_counterfact_size_000540,prospective,visual_counterfact_size,128,True,True,irrelevant|counterfactual,True,True,True,True,True,True,0111,128,True
fastv,visual_counterfact_size_000540,prospective,visual_counterfact_size,256,True,True,irrelevant|counterfactual,True,True,True,True,True,True,0111,128,True
fastv,visual_counterfact_size_000540,prospective,visual_counterfact_size,432,True,True,irrelevant|counterfactual,True,True,True,True,True,True,0111,128,True
fastv,visual_counterfact_size_000541,prospective,visual_counterfact_size,64,True,True,gray|irrelevant|counterfactual,False,False,False,False,False,False,0001,432,True
fastv,visual_counterfact_size_000541,prospective,visual_counterfact_size,128,True,True,gray|irrelevant|counterfactual,False,False,False,False,False,False,0001,432,True
fastv,visual_counterfact_size_000541,prospective,visual_counterfact_size,256,True,True,gray|irrelevant|counterfactual,True,False,False,False,False,False,0001,432,True
fastv,visual_counterfact_size_000541,prospective,visual_counterfact_size,432,True,True,gray|irrelevant|counterfactual,True,True,True,True,True,True,0001,432,True
fastv,visual_counterfact_size_000542,prospective,visual_counterfact_size,64,False,True,gray|blur|irrelevant,True,False,False,False,False,,0011,256,True
fastv,visual_counterfact_size_000542,prospective,visual_counterfact_size,128,False,True,gray|blur|irrelevant,True,False,False,False,False,,0011,256,True
fastv,visual_counterfact_size_000542,prospective,visual_counterfact_size,256,False,True,gray|blur|irrelevant,True,True,True,True,True,,0011,256,True
fastv,visual_counterfact_size_000542,prospective,visual_counterfact_size,432,False,True,gray|blur|irrelevant,True,True,True,True,True,,0011,256,True
fastv,visual_counterfact_size_000543,prospective,visual_counterfact_size,64,True,True,irrelevant|counterfactual,False,False,False,False,False,False,0011,256,True
fastv,visual_counterfact_size_000543,prospective,visual_counterfact_size,128,True,True,irrelevant|counterfactual,True,False,False,False,False,False,0011,256,True
fastv,visual_counterfact_size_000543,prospective,visual_counterfact_size,256,True,True,irrelevant|counterfactual,True,True,True,True,True,True,0011,256,True
fastv,visual_counterfact_size_000543,prospective,visual_counterfact_size,432,True,True,irrelevant|counterfactual,True,True,True,True,True,True,0011,256,True
fastv,visual_counterfact_size_000545,prospective,visual_counterfact_size,64,True,True,blur|irrelevant|counterfactual,True,True,False,True,False,False,0111,128,True
fastv,visual_counterfact_size_000545,prospective,visual_counterfact_size,128,True,True,blur|irrelevant|counterfactual,True,True,True,True,True,True,0111,128,True
fastv,visual_counterfact_size_000545,prospective,visual_counterfact_size,256,True,True,blur|irrelevant|counterfactual,True,True,True,True,True,True,0111,128,True
fastv,visual_counterfact_size_000545,prospective,visual_counterfact_size,432,True,True,blur|irrelevant|counterfactual,True,True,True,True,True,True,0111,128,True
fastv,visual_counterfact_size_000550,prospective,visual_counterfact_size,64,False,True,blur|irrelevant,True,False,False,False,False,,0001,432,True
fastv,visual_counterfact_size_000550,prospective,visual_counterfact_size,128,False,True,blur|irrelevant,True,True,False,True,False,,0001,432,True
fastv,visual_counterfact_size_000550,prospective,visual_counterfact_size,256,False,True,blur|irrelevant,True,True,False,True,False,,0001,432,True
fastv,visual_counterfact_size_000550,prospective,visual_counterfact_size,432,False,True,blur|irrelevant,True,True,True,True,True,,0001,432,True
fastv,visual_counterfact_size_000556,prospective,visual_counterfact_size,64,True,True,gray|irrelevant|counterfactual,False,True,False,False,False,False,0001,432,True
fastv,visual_counterfact_size_000556,prospective,visual_counterfact_size,128,True,True,gray|irrelevant|counterfactual,False,True,False,False,False,False,0001,432,True
fastv,visual_counterfact_size_000556,prospective,visual_counterfact_size,256,True,True,gray|irrelevant|counterfactual,True,False,False,False,False,False,0001,432,True
fastv,visual_counterfact_size_000556,prospective,visual_counterfact_size,432,True,True,gray|irrelevant|counterfactual,True,True,True,True,True,True,0001,432,True
fastv,visual_counterfact_size_000560,prospective,visual_counterfact_size,64,False,True,gray|blur|irrelevant,True,True,True,True,True,,1111,64,True
fastv,visual_counterfact_size_000560,prospective,visual_counterfact_size,128,False,True,gray|blur|irrelevant,True,True,True,True,True,,1111,64,True
fastv,visual_counterfact_size_000560,prospective,visual_counterfact_size,256,False,True,gray|blur|irrelevant,True,True,True,True,True,,1111,64,True
fastv,visual_counterfact_size_000560,prospective,visual_counterfact_size,432,False,True,gray|blur|irrelevant,True,True,True,True,True,,1111,64,True
fastv,visual_counterfact_size_000562,prospective,visual_counterfact_size,64,False,True,gray,True,False,False,False,False,,0111,128,True
fastv,visual_counterfact_size_000562,prospective,visual_counterfact_size,128,False,True,gray,True,True,True,True,True,,0111,128,True
fastv,visual_counterfact_size_000562,prospective,visual_counterfact_size,256,False,True,gray,True,True,True,True,True,,0111,128,True
fastv,visual_counterfact_size_000562,prospective,visual_counterfact_size,432,False,True,gray,True,True,True,True,True,,0111,128,True
fastv,visual_counterfact_size_000565,prospective,visual_counterfact_size,64,True,True,irrelevant|counterfactual,False,True,False,False,False,False,0000,full,True
fastv,visual_counterfact_size_000565,prospective,visual_counterfact_size,128,True,True,irrelevant|counterfactual,True,False,False,False,False,False,0000,full,True
fastv,visual_counterfact_size_000565,prospective,visual_counterfact_size,256,True,True,irrelevant|counterfactual,True,False,False,False,False,False,0000,full,True
fastv,visual_counterfact_size_000565,prospective,visual_counterfact_size,432,True,True,irrelevant|counterfactual,True,False,False,False,False,False,0000,full,True
fastv,visual_counterfact_size_000575,prospective,visual_counterfact_size,64,True,True,irrelevant,True,True,False,True,False,False,0011,256,True
fastv,visual_counterfact_size_000575,prospective,visual_counterfact_size,128,True,True,irrelevant,True,True,False,True,False,False,0011,256,True
fastv,visual_counterfact_size_000575,prospective,visual_counterfact_size,256,True,True,irrelevant,True,True,True,True,True,True,0011,256,True
fastv,visual_counterfact_size_000575,prospective,visual_counterfact_size,432,True,True,irrelevant,True,True,True,True,True,True,0011,256,True
fastv,visual_counterfact_size_000578,prospective,visual_counterfact_size,64,True,True,irrelevant|counterfactual,False,False,False,False,False,False,0011,256,True
fastv,visual_counterfact_size_000578,prospective,visual_counterfact_size,128,True,True,irrelevant|counterfactual,False,False,False,False,False,False,0011,256,True
fastv,visual_counterfact_size_000578,prospective,visual_counterfact_size,256,True,True,irrelevant|counterfactual,True,True,True,True,True,True,0011,256,True
fastv,visual_counterfact_size_000578,prospective,visual_counterfact_size,432,True,True,irrelevant|counterfactual,True,True,True,True,True,True,0011,256,True
fastv,visual_counterfact_size_000579,prospective,visual_counterfact_size,64,True,True,irrelevant|counterfactual,True,False,False,False,False,False,0011,256,True
fastv,visual_counterfact_size_000579,prospective,visual_counterfact_size,128,True,True,irrelevant|counterfactual,True,False,False,False,False,False,0011,256,True
fastv,visual_counterfact_size_000579,prospective,visual_counterfact_size,256,True,True,irrelevant|counterfactual,True,True,True,True,True,True,0011,256,True
fastv,visual_counterfact_size_000579,prospective,visual_counterfact_size,432,True,True,irrelevant|counterfactual,True,True,True,True,True,True,0011,256,True
fastv,visual_counterfact_size_000610,prospective,visual_counterfact_size,64,False,True,irrelevant,False,True,True,False,False,,0111,128,True
fastv,visual_counterfact_size_000610,prospective,visual_counterfact_size,128,False,True,irrelevant,True,True,True,True,True,,0111,128,True
fastv,visual_counterfact_size_000610,prospective,visual_counterfact_size,256,False,True,irrelevant,True,True,True,True,True,,0111,128,True
fastv,visual_counterfact_size_000610,prospective,visual_counterfact_size,432,False,True,irrelevant,True,True,True,True,True,,0111,128,True
fastv,visual_counterfact_size_000617,prospective,visual_counterfact_size,64,False,True,gray|blur|irrelevant,True,True,False,True,False,,0011,256,True
fastv,visual_counterfact_size_000617,prospective,visual_counterfact_size,128,False,True,gray|blur|irrelevant,True,True,False,True,False,,0011,256,True
fastv,visual_counterfact_size_000617,prospective,visual_counterfact_size,256,False,True,gray|blur|irrelevant,True,True,True,True,True,,0011,256,True
fastv,visual_counterfact_size_000617,prospective,visual_counterfact_size,432,False,True,gray|blur|irrelevant,True,True,True,True,True,,0011,256,True
fastv,visual_counterfact_size_000623,prospective,visual_counterfact_size,64,True,True,irrelevant|counterfactual,True,True,False,True,False,False,0000,full,True
fastv,visual_counterfact_size_000623,prospective,visual_counterfact_size,128,True,True,irrelevant|counterfactual,True,True,False,True,False,False,0000,full,True
fastv,visual_counterfact_size_000623,prospective,visual_counterfact_size,256,True,True,irrelevant|counterfactual,True,True,False,True,False,False,0000,full,True
fastv,visual_counterfact_size_000623,prospective,visual_counterfact_size,432,True,True,irrelevant|counterfactual,True,True,False,True,False,False,0000,full,True
fastv,visual_counterfact_size_000628,prospective,visual_counterfact_size,64,False,True,blur|irrelevant,True,True,False,True,False,,0001,432,True
fastv,visual_counterfact_size_000628,prospective,visual_counterfact_size,128,False,True,blur|irrelevant,True,True,False,True,False,,0001,432,True
fastv,visual_counterfact_size_000628,prospective,visual_counterfact_size,256,False,True,blur|irrelevant,True,True,False,True,False,,0001,432,True
fastv,visual_counterfact_size_000628,prospective,visual_counterfact_size,432,False,True,blur|irrelevant,True,True,True,True,True,,0001,432,True
fastv,visual_counterfact_size_000632,prospective,visual_counterfact_size,64,True,True,irrelevant|counterfactual,False,False,True,False,False,False,0111,128,True
fastv,visual_counterfact_size_000632,prospective,visual_counterfact_size,128,True,True,irrelevant|counterfactual,True,True,True,True,True,True,0111,128,True
fastv,visual_counterfact_size_000632,prospective,visual_counterfact_size,256,True,True,irrelevant|counterfactual,True,True,True,True,True,True,0111,128,True
fastv,visual_counterfact_size_000632,prospective,visual_counterfact_size,432,True,True,irrelevant|counterfactual,True,True,True,True,True,True,0111,128,True
fastv,visual_counterfact_size_000643,prospective,visual_counterfact_size,64,True,False,,True,True,True,True,True,,1111,64,True
fastv,visual_counterfact_size_000643,prospective,visual_counterfact_size,128,True,False,,True,True,True,True,True,,1111,64,True
fastv,visual_counterfact_size_000643,prospective,visual_counterfact_size,256,True,False,,True,True,True,True,True,,1111,64,True
fastv,visual_counterfact_size_000643,prospective,visual_counterfact_size,432,True,False,,True,True,True,True,True,,1111,64,True
fastv,visual_counterfact_size_000644,prospective,visual_counterfact_size,64,True,True,irrelevant|counterfactual,False,False,False,False,False,False,0011,256,True
fastv,visual_counterfact_size_000644,prospective,visual_counterfact_size,128,True,True,irrelevant|counterfactual,False,True,False,False,False,False,0011,256,True
fastv,visual_counterfact_size_000644,prospective,visual_counterfact_size,256,True,True,irrelevant|counterfactual,True,True,True,True,True,True,0011,256,True
fastv,visual_counterfact_size_000644,prospective,visual_counterfact_size,432,True,True,irrelevant|counterfactual,True,True,True,True,True,True,0011,256,True
fastv,visual_counterfact_size_000649,prospective,visual_counterfact_size,64,True,True,irrelevant|counterfactual,False,True,False,False,False,False,0001,432,True
fastv,visual_counterfact_size_000649,prospective,visual_counterfact_size,128,True,True,irrelevant|counterfactual,True,False,False,False,False,False,0001,432,True
fastv,visual_counterfact_size_000649,prospective,visual_counterfact_size,256,True,True,irrelevant|counterfactual,True,False,False,False,False,False,0001,432,True
fastv,visual_counterfact_size_000649,prospective,visual_counterfact_size,432,True,True,irrelevant|counterfactual,True,True,True,True,True,True,0001,432,True
fastv,visual_counterfact_size_000656,prospective,visual_counterfact_size,64,True,True,gray|irrelevant|counterfactual,True,True,True,True,True,True,1111,64,True
fastv,visual_counterfact_size_000656,prospective,visual_counterfact_size,128,True,True,gray|irrelevant|counterfactual,True,True,True,True,True,True,1111,64,True
fastv,visual_counterfact_size_000656,prospective,visual_counterfact_size,256,True,True,gray|irrelevant|counterfactual,True,True,True,True,True,True,1111,64,True
fastv,visual_counterfact_size_000656,prospective,visual_counterfact_size,432,True,True,gray|irrelevant|counterfactual,True,True,True,True,True,True,1111,64,True
fastv,visual_counterfact_size_000657,prospective,visual_counterfact_size,64,True,True,irrelevant|counterfactual,True,False,False,False,False,False,0011,256,True
fastv,visual_counterfact_size_000657,prospective,visual_counterfact_size,128,True,True,irrelevant|counterfactual,True,False,False,False,False,False,0011,256,True
fastv,visual_counterfact_size_000657,prospective,visual_counterfact_size,256,True,True,irrelevant|counterfactual,True,True,True,True,True,True,0011,256,True
fastv,visual_counterfact_size_000657,prospective,visual_counterfact_size,432,True,True,irrelevant|counterfactual,True,True,True,True,True,True,0011,256,True
fastv,visual_counterfact_size_000662,prospective,visual_counterfact_size,64,True,True,gray|counterfactual,False,False,True,False,False,False,0111,128,True
fastv,visual_counterfact_size_000662,prospective,visual_counterfact_size,128,True,True,gray|counterfactual,True,True,True,True,True,True,0111,128,True
fastv,visual_counterfact_size_000662,prospective,visual_counterfact_size,256,True,True,gray|counterfactual,True,True,True,True,True,True,0111,128,True
fastv,visual_counterfact_size_000662,prospective,visual_counterfact_size,432,True,True,gray|counterfactual,True,True,True,True,True,True,0111,128,True
fastv,visual_counterfact_size_000665,prospective,visual_counterfact_size,64,False,True,irrelevant,True,False,False,False,False,,0000,full,True
fastv,visual_counterfact_size_000665,prospective,visual_counterfact_size,128,False,True,irrelevant,True,False,False,False,False,,0000,full,True
fastv,visual_counterfact_size_000665,prospective,visual_counterfact_size,256,False,True,irrelevant,True,True,False,True,False,,0000,full,True
fastv,visual_counterfact_size_000665,prospective,visual_counterfact_size,432,False,True,irrelevant,True,True,False,True,False,,0000,full,True
fastv,visual_counterfact_size_000666,prospective,visual_counterfact_size,64,True,True,irrelevant|counterfactual,False,True,False,False,False,False,0111,128,True
fastv,visual_counterfact_size_000666,prospective,visual_counterfact_size,128,True,True,irrelevant|counterfactual,True,True,True,True,True,True,0111,128,True
fastv,visual_counterfact_size_000666,prospective,visual_counterfact_size,256,True,True,irrelevant|counterfactual,True,True,True,True,True,True,0111,128,True
fastv,visual_counterfact_size_000666,prospective,visual_counterfact_size,432,True,True,irrelevant|counterfactual,True,True,True,True,True,True,0111,128,True
fastv,visual_counterfact_size_000671,prospective,visual_counterfact_size,64,True,True,irrelevant|counterfactual,True,False,False,False,False,False,0011,256,True
fastv,visual_counterfact_size_000671,prospective,visual_counterfact_size,128,True,True,irrelevant|counterfactual,True,False,False,False,False,False,0011,256,True
fastv,visual_counterfact_size_000671,prospective,visual_counterfact_size,256,True,True,irrelevant|counterfactual,True,True,True,True,True,True,0011,256,True
fastv,visual_counterfact_size_000671,prospective,visual_counterfact_size,432,True,True,irrelevant|counterfactual,True,True,True,True,True,True,0011,256,True
fastv,visual_counterfact_size_000681,prospective,visual_counterfact_size,64,True,True,irrelevant|counterfactual,True,False,False,False,False,False,0001,432,True
fastv,visual_counterfact_size_000681,prospective,visual_counterfact_size,128,True,True,irrelevant|counterfactual,True,False,False,False,False,False,0001,432,True
fastv,visual_counterfact_size_000681,prospective,visual_counterfact_size,256,True,True,irrelevant|counterfactual,True,False,False,False,False,False,0001,432,True
fastv,visual_counterfact_size_000681,prospective,visual_counterfact_size,432,True,True,irrelevant|counterfactual,True,True,True,True,True,True,0001,432,True
fastv,visual_counterfact_size_000691,prospective,visual_counterfact_size,64,True,True,irrelevant|counterfactual,True,False,False,False,False,False,0011,256,True
fastv,visual_counterfact_size_000691,prospective,visual_counterfact_size,128,True,True,irrelevant|counterfactual,True,False,False,False,False,False,0011,256,True
fastv,visual_counterfact_size_000691,prospective,visual_counterfact_size,256,True,True,irrelevant|counterfactual,True,True,True,True,True,True,0011,256,True
fastv,visual_counterfact_size_000691,prospective,visual_counterfact_size,432,True,True,irrelevant|counterfactual,True,True,True,True,True,True,0011,256,True
fastv,visual_counterfact_size_000692,prospective,visual_counterfact_size,64,False,True,irrelevant,True,False,False,False,False,,0011,256,True
fastv,visual_counterfact_size_000692,prospective,visual_counterfact_size,128,False,True,irrelevant,True,False,False,False,False,,0011,256,True
fastv,visual_counterfact_size_000692,prospective,visual_counterfact_size,256,False,True,irrelevant,True,True,True,True,True,,0011,256,True
fastv,visual_counterfact_size_000692,prospective,visual_counterfact_size,432,False,True,irrelevant,True,True,True,True,True,,0011,256,True
fastv,visual_counterfact_size_000694,prospective,visual_counterfact_size,64,True,True,blur|irrelevant|counterfactual,False,False,False,False,False,False,0001,432,True
fastv,visual_counterfact_size_000694,prospective,visual_counterfact_size,128,True,True,blur|irrelevant|counterfactual,False,False,True,False,False,False,0001,432,True
fastv,visual_counterfact_size_000694,prospective,visual_counterfact_size,256,True,True,blur|irrelevant|counterfactual,False,False,True,False,False,False,0001,432,True
fastv,visual_counterfact_size_000694,prospective,visual_counterfact_size,432,True,True,blur|irrelevant|counterfactual,True,True,True,True,True,True,0001,432,True
fastv,visual_counterfact_size_000696,prospective,visual_counterfact_size,64,True,True,irrelevant|counterfactual,True,False,False,False,False,False,0111,128,True
fastv,visual_counterfact_size_000696,prospective,visual_counterfact_size,128,True,True,irrelevant|counterfactual,True,True,True,True,True,True,0111,128,True
fastv,visual_counterfact_size_000696,prospective,visual_counterfact_size,256,True,True,irrelevant|counterfactual,True,True,True,True,True,True,0111,128,True
fastv,visual_counterfact_size_000696,prospective,visual_counterfact_size,432,True,True,irrelevant|counterfactual,True,True,True,True,True,True,0111,128,True
fastv,visual_counterfact_size_000708,prospective,visual_counterfact_size,64,False,True,gray|blur|irrelevant,True,False,False,False,False,,0011,256,True
fastv,visual_counterfact_size_000708,prospective,visual_counterfact_size,128,False,True,gray|blur|irrelevant,True,False,False,False,False,,0011,256,True
fastv,visual_counterfact_size_000708,prospective,visual_counterfact_size,256,False,True,gray|blur|irrelevant,True,True,True,True,True,,0011,256,True
fastv,visual_counterfact_size_000708,prospective,visual_counterfact_size,432,False,True,gray|blur|irrelevant,True,True,True,True,True,,0011,256,True
fastv,visual_counterfact_size_000710,prospective,visual_counterfact_size,64,True,True,gray|irrelevant|counterfactual,True,True,True,True,True,True,1010,64,False
fastv,visual_counterfact_size_000710,prospective,visual_counterfact_size,128,True,True,gray|irrelevant|counterfactual,False,False,True,False,False,False,1010,64,False
fastv,visual_counterfact_size_000710,prospective,visual_counterfact_size,256,True,True,gray|irrelevant|counterfactual,True,True,True,True,True,True,1010,64,False
fastv,visual_counterfact_size_000710,prospective,visual_counterfact_size,432,True,True,gray|irrelevant|counterfactual,False,False,True,False,False,False,1010,64,False
fastv,visual_counterfact_size_000719,prospective,visual_counterfact_size,64,True,True,irrelevant|counterfactual,True,True,True,True,True,True,1111,64,True
fastv,visual_counterfact_size_000719,prospective,visual_counterfact_size,128,True,True,irrelevant|counterfactual,True,True,True,True,True,True,1111,64,True
fastv,visual_counterfact_size_000719,prospective,visual_counterfact_size,256,True,True,irrelevant|counterfactual,True,True,True,True,True,True,1111,64,True
fastv,visual_counterfact_size_000719,prospective,visual_counterfact_size,432,True,True,irrelevant|counterfactual,True,True,True,True,True,True,1111,64,True
fastv,visual_counterfact_size_000720,prospective,visual_counterfact_size,64,False,True,gray|blur|irrelevant,True,True,True,True,True,,1000,64,False
fastv,visual_counterfact_size_000720,prospective,visual_counterfact_size,128,False,True,gray|blur|irrelevant,False,False,True,False,False,,1000,64,False
fastv,visual_counterfact_size_000720,prospective,visual_counterfact_size,256,False,True,gray|blur|irrelevant,False,False,True,False,False,,1000,64,False
fastv,visual_counterfact_size_000720,prospective,visual_counterfact_size,432,False,True,gray|blur|irrelevant,False,False,True,False,False,,1000,64,False
fastv,visual_counterfact_size_000721,prospective,visual_counterfact_size,64,True,True,irrelevant|counterfactual,False,True,False,False,False,False,0011,256,True
fastv,visual_counterfact_size_000721,prospective,visual_counterfact_size,128,True,True,irrelevant|counterfactual,False,True,False,False,False,False,0011,256,True
fastv,visual_counterfact_size_000721,prospective,visual_counterfact_size,256,True,True,irrelevant|counterfactual,True,True,True,True,True,True,0011,256,True
fastv,visual_counterfact_size_000721,prospective,visual_counterfact_size,432,True,True,irrelevant|counterfactual,True,True,True,True,True,True,0011,256,True
