model,method,sample_id,dataset,selected_budget,task_correct,unsafe_acceptance,supported_correct,gpu_energy_joule,latency_ms
7b,fastv,mmstar_000011,mmstar,dense,False,False,False,20.558292597532276,101.59212164580822
7b,fastv,mmstar_000012,mmstar,dense,False,False,False,22.95869495034218,99.10669177770615
7b,fastv,mmstar_000028,mmstar,dense,True,False,False,63.554998122453696,236.67760379612446
7b,fastv,mmstar_000031,mmstar,dense,True,False,True,28.08474695682526,94.71225179731846
7b,fastv,mmstar_000037,mmstar,dense,True,False,False,33.33462489843369,97.2567331045866
7b,fastv,mmstar_000043,mmstar,dense,True,False,False,74.39287815332412,208.20150338113308
7b,fastv,mmstar_000049,mmstar,432,True,False,False,63.80748295068741,176.80490016937256
7b,fastv,mmstar_000054,mmstar,dense,False,False,False,59.5408802139759,168.6253286898136
7b,fastv,mmstar_000068,mmstar,dense,True,False,True,33.44777311921119,95.67124955356121
7b,fastv,mmstar_000089,mmstar,dense,True,False,False,60.25475304007531,170.59642262756824
7b,fastv,mmstar_000091,mmstar,dense,True,False,False,41.67632768034936,118.13662573695183
7b,fastv,mmstar_000092,mmstar,dense,True,False,False,32.438517600297935,92.11409464478493
7b,fastv,mmstar_000094,mmstar,dense,True,False,True,35.11883293867111,101.01605020463467
7b,fastv,mmstar_000103,mmstar,dense,True,False,True,33.09232448577881,95.53738124668598
7b,fastv,mmstar_000105,mmstar,dense,False,False,False,32.40441615343094,90.77325463294983
7b,fastv,mmstar_000113,mmstar,432,False,False,False,35.54095494747162,98.81246276199818
7b,fastv,mmstar_000124,mmstar,dense,False,False,False,46.850089719295504,124.85570274293423
7b,fastv,mmstar_000131,mmstar,dense,True,False,True,35.78854526042939,94.56588141620159
7b,fastv,mmstar_000139,mmstar,dense,True,False,True,36.06556326031685,95.07130458950996
7b,fastv,mmstar_000154,mmstar,432,False,False,False,35.54110407233238,93.6642549932003
7b,fastv,mmstar_000155,mmstar,dense,True,False,True,35.594222495555876,93.6626736074686
7b,fastv,mmstar_000157,mmstar,432,False,False,False,35.484563335180276,93.34606118500233
7b,fastv,mmstar_000160,mmstar,dense,True,False,True,37.36980180263519,96.6770239174366
7b,fastv,mmstar_000163,mmstar,dense,True,False,True,35.39401707172394,91.53912775218487
7b,fastv,mmstar_000166,mmstar,432,True,False,False,36.90655981421471,95.47585994005203
7b,fastv,mmstar_000167,mmstar,432,True,False,False,36.52588760375977,94.49314884841442
7b,fastv,mmstar_000174,mmstar,432,True,False,True,35.07907681107521,91.41348674893379
7b,fastv,mmstar_000183,mmstar,dense,True,False,True,34.824490547180176,90.838722884655
7b,fastv,mmstar_000184,mmstar,432,True,False,False,40.8110927438736,106.89908266067505
7b,fastv,mmstar_000187,mmstar,dense,True,False,False,34.70102667331696,90.99692478775978
7b,fastv,mmstar_000192,mmstar,dense,True,False,False,35.28734369754792,92.62399561703205
7b,fastv,mmstar_000193,mmstar,dense,True,False,True,35.07037352800369,92.06728264689445
7b,fastv,mmstar_000196,mmstar,dense,True,False,True,35.03880567312241,92.00277365744114
7b,fastv,mmstar_000197,mmstar,432,False,False,False,37.91155801653862,99.53495860099792
7b,fastv,mmstar_000205,mmstar,dense,False,False,False,75.1529363489151,195.55172882974148
7b,fastv,mmstar_000207,mmstar,432,True,False,False,36.06099554657936,93.2868029922247
7b,fastv,mmstar_000219,mmstar,dense,True,False,True,35.88932623147964,92.76575967669487
7b,fastv,mmstar_000243,mmstar,dense,True,False,False,89.7891760790348,233.06742869317532
7b,fastv,mmstar_000244,mmstar,dense,True,False,True,46.31620319366455,120.53125165402889
7b,fastv,mmstar_000248,mmstar,dense,True,False,True,34.519466438293456,89.96202610433102
7b,fastv,mmstar_000254,mmstar,432,False,False,False,36.2768989443779,94.91320140659809
7b,fastv,mmstar_000257,mmstar,432,True,False,False,39.49902712583542,103.74866798520088
7b,fastv,mmstar_000267,mmstar,432,True,False,True,35.154975342750554,93.01779791712761
7b,fastv,mmstar_000270,mmstar,dense,True,False,True,117.64203627347946,337.71831542253494
7b,fastv,mmstar_000274,mmstar,432,False,False,False,29.026329228878026,92.14788302779198
7b,fastv,mmstar_000275,mmstar,dense,False,False,False,53.252665097713475,172.97093011438847
7b,fastv,mmstar_000283,mmstar,432,False,False,False,31.243789969682695,101.15516744554043
7b,fastv,mmstar_000284,mmstar,432,True,False,False,45.68093360185623,146.97658829391003
7b,fastv,mmstar_000291,mmstar,dense,False,False,False,30.08419993400574,98.14429841935635
7b,fastv,mmstar_000311,mmstar,dense,False,False,False,28.974411081075672,94.35693174600601
7b,fastv,mmstar_000313,mmstar,432,False,False,False,30.393135806322096,93.16646307706833
7b,fastv,mmstar_000320,mmstar,432,False,False,False,31.82010507464409,97.44248166680336
7b,fastv,mmstar_000324,mmstar,432,False,False,False,35.99164481520653,98.99028390645981
7b,fastv,mmstar_000325,mmstar,432,True,False,True,33.8167668735981,92.98500046133995
7b,fastv,mmstar_000335,mmstar,432,False,False,False,34.16304302215576,91.49305708706379
7b,fastv,mmstar_000344,mmstar,dense,False,False,False,34.72196888923645,93.02538074553013
7b,fastv,mmstar_000354,mmstar,dense,True,False,False,39.456987242698666,105.77291622757912
7b,fastv,mmstar_000360,mmstar,432,True,False,False,35.09146201610565,94.00824829936028
7b,fastv,mmstar_000366,mmstar,432,False,False,False,36.51820725440979,96.47741541266441
7b,fastv,mmstar_000367,mmstar,432,False,False,False,50.73021141290665,134.57616791129112
7b,fastv,mmstar_000369,mmstar,dense,False,False,False,38.0946268415451,101.9300539046526
7b,fastv,mmstar_000370,mmstar,dense,True,False,True,37.26890926837921,101.12837702035904
7b,fastv,mmstar_000375,mmstar,432,True,False,True,36.2899104309082,99.67478737235069
7b,fastv,mmstar_000379,mmstar,dense,False,False,False,32.94059336543083,91.64968691766262
7b,fastv,mmstar_000384,mmstar,432,False,False,False,32.40089266061783,90.69161303341389
7b,fastv,mmstar_000386,mmstar,432,False,True,False,32.26934315443039,90.88137373328209
7b,fastv,mmstar_000397,mmstar,432,False,True,False,34.30837395787239,96.87180817127228
7b,fastv,mmstar_000400,mmstar,dense,False,False,False,33.21628097891808,94.25669722259045
7b,fastv,mmstar_000405,mmstar,dense,False,False,False,61.823897790908816,175.11042766273022
7b,fastv,mmstar_000407,mmstar,432,False,False,False,36.86794400215149,103.2013837248087
7b,fastv,mmstar_000413,mmstar,dense,False,False,False,36.16166806459427,101.06664709746838
7b,fastv,mmstar_000423,mmstar,432,True,False,False,55.97285548686981,157.6200369745493
7b,fastv,mmstar_000427,mmstar,432,False,False,False,36.10656761050224,104.05120067298412
7b,fastv,mmstar_000428,mmstar,432,False,False,False,31.95497532248497,93.15508976578712
7b,fastv,mmstar_000431,mmstar,dense,False,False,False,31.47879880666733,92.34942682087421
7b,fastv,mmstar_000433,mmstar,432,False,False,False,30.876736023426055,91.01387299597263
7b,fastv,mmstar_000438,mmstar,432,False,False,False,33.91329815745353,100.18191300332546
7b,fastv,mmstar_000440,mmstar,dense,True,False,True,31.502065290212627,92.45860576629639
7b,fastv,mmstar_000444,mmstar,432,False,False,False,31.026218994855878,90.82605317234993
7b,fastv,mmstar_000447,mmstar,432,True,False,True,36.3459493291378,105.08308745920658
7b,fastv,mmstar_000453,mmstar,432,False,False,False,55.420104756355286,159.06278043985367
7b,fastv,mmstar_000464,mmstar,dense,False,False,False,36.81118160247803,104.74796779453754
7b,fastv,mmstar_000466,mmstar,dense,False,False,False,35.53907747149468,100.68854503333569
7b,fastv,mmstar_000470,mmstar,432,False,False,False,35.617224650383,100.4671435803175
7b,fastv,mmstar_000473,mmstar,432,False,True,False,32.059310268163685,90.61975218355656
7b,fastv,mmstar_000479,mmstar,dense,False,False,False,49.50904000759125,140.16898907721043
7b,fastv,mmstar_000481,mmstar,dense,True,False,True,33.92618206858635,95.89299000799656
7b,fastv,mmstar_000485,mmstar,dense,False,False,False,33.35770245552063,94.26494687795639
7b,fastv,mmstar_000491,mmstar,432,True,False,False,33.6677154636383,94.92738172411919
7b,fastv,mmstar_000494,mmstar,432,False,False,False,42.776582853794096,120.14644220471382
7b,fastv,mmstar_000495,mmstar,432,False,False,False,35.8577868103981,99.9282505363226
7b,fastv,mmstar_000500,mmstar,dense,True,False,False,54.296894872188574,150.08395165205002
7b,fastv,mmstar_000501,mmstar,dense,False,False,False,33.014106166362765,92.70212799310684
7b,fastv,mmstar_000508,mmstar,dense,False,False,False,32.788101768493654,93.46279501914978
7b,fastv,mmstar_000509,mmstar,432,False,False,False,34.00996512651444,96.9170480966568
7b,fastv,mmstar_000511,mmstar,432,False,False,False,85.91284580230712,244.89752389490604
7b,fastv,mmstar_000512,mmstar,dense,False,False,False,38.14737797498703,111.2613920122385
7b,fastv,mmstar_000519,mmstar,dense,False,False,False,31.26321830153465,91.83958917856216
7b,fastv,mmstar_000521,mmstar,432,False,False,False,32.54811653733253,95.95122002065182
7b,fastv,mmstar_000538,mmstar,432,False,True,False,33.146384935379025,95.4176876693964
7b,fastv,mmstar_000542,mmstar,432,False,False,False,33.398822007179255,95.1622873544693
7b,fastv,mmstar_000553,mmstar,dense,True,False,False,36.696518769264216,102.96397283673286
7b,fastv,mmstar_000563,mmstar,dense,False,False,False,36.962680131196976,103.06813381612301
7b,fastv,mmstar_000564,mmstar,dense,False,False,False,35.362023367881775,98.30114059150219
7b,fastv,mmstar_000567,mmstar,dense,False,False,False,32.73287412047386,90.93276225030422
7b,fastv,mmstar_000572,mmstar,dense,False,False,False,33.691902081966404,91.73157811164856
7b,fastv,mmstar_000575,mmstar,432,True,False,True,37.00828938007355,100.21968185901642
7b,fastv,mmstar_000577,mmstar,432,False,False,False,33.88804425358772,89.92053754627705
7b,fastv,mmstar_000578,mmstar,432,True,False,False,36.068854249715805,95.2057670801878
7b,fastv,mmstar_000581,mmstar,dense,False,False,False,117.49084451675415,331.0982044786215
7b,fastv,mmstar_000582,mmstar,432,False,False,False,35.62504851937294,107.85563848912716
7b,fastv,mmstar_000589,mmstar,dense,False,False,False,43.534413921833035,137.99571245908737
7b,fastv,mmstar_000591,mmstar,dense,False,False,False,29.19876852631569,93.5352947562933
7b,fastv,mmstar_000592,mmstar,dense,True,False,False,27.999981912374494,90.22677689790726
7b,fastv,mmstar_000593,mmstar,dense,False,False,False,28.313173030614855,92.03006140887737
7b,fastv,mmstar_000597,mmstar,dense,True,False,True,27.763958871364597,90.71995317935944
7b,fastv,mmstar_000600,mmstar,432,True,True,False,30.643763433694843,97.25774265825748
7b,fastv,mmstar_000602,mmstar,432,False,False,False,29.045139806270605,90.69661237299442
7b,fastv,mmstar_000608,mmstar,432,False,False,False,83.9861234664917,243.01337078213692
7b,fastv,mmstar_000613,mmstar,432,False,False,False,90.98284040927886,252.8666239231825
7b,fastv,mmstar_000614,mmstar,432,False,False,False,48.60186199188232,136.27308048307896
7b,fastv,mmstar_000617,mmstar,dense,True,False,False,33.90845638513565,94.8119331151247
7b,fastv,mmstar_000622,mmstar,432,False,False,False,33.82062485218048,94.50911916792393
7b,fastv,mmstar_000631,mmstar,dense,True,False,True,32.903186881542204,91.17544814944267
7b,fastv,mmstar_000634,mmstar,dense,False,False,False,37.449272637367244,103.79304736852646
7b,fastv,mmstar_000635,mmstar,dense,False,False,False,31.38653955459595,87.0543047785759
7b,fastv,mmstar_000636,mmstar,432,False,False,False,33.646571098566056,93.25443021953106
7b,fastv,mmstar_000657,mmstar,432,True,False,False,37.244231672286986,101.95642337203026
7b,fastv,mmstar_000673,mmstar,dense,False,False,False,37.89879362344742,103.22931595146656
7b,fastv,mmstar_000680,mmstar,432,False,False,False,37.06518605351448,98.29502739012241
7b,fastv,mmstar_000683,mmstar,432,False,False,False,35.480672793388365,93.89178454875946
7b,fastv,mmstar_000685,mmstar,dense,False,False,False,35.52333553433418,93.22716854512691
7b,fastv,mmstar_000691,mmstar,dense,True,False,True,33.621361157894135,88.35561573505402
7b,fastv,mmstar_000693,mmstar,dense,True,False,True,33.82157791852951,89.96192552149296
7b,fastv,mmstar_000701,mmstar,dense,True,False,True,32.90284727811814,87.52010017633438
7b,fastv,mmstar_000703,mmstar,dense,True,False,False,34.315922859907154,92.24503114819527
7b,fastv,mmstar_000705,mmstar,dense,True,False,True,33.025116484165196,88.78890797495842
7b,fastv,mmstar_000711,mmstar,dense,True,False,True,33.533015275001524,91.05049259960651
7b,fastv,mmstar_000720,mmstar,dense,True,False,True,35.47144673347473,96.42131440341473
7b,fastv,mmstar_000723,mmstar,432,True,False,True,33.259591045379636,90.93506447970867
7b,fastv,mmstar_000731,mmstar,dense,True,False,True,32.783204877376555,89.75138515233994
7b,fastv,mmstar_000732,mmstar,dense,True,False,True,49.416601910591126,135.13694144785404
7b,fastv,mmstar_000736,mmstar,dense,False,False,False,34.41733079433441,94.06414814293385
7b,fastv,mmstar_000741,mmstar,dense,True,False,False,32.86514812588691,89.63858522474766
7b,fastv,mmstar_000757,mmstar,432,False,False,False,32.88917216539382,89.67681415379047
7b,fastv,mmstar_000769,mmstar,432,False,False,False,34.018904534578326,92.61779673397541
7b,fastv,mmstar_000777,mmstar,dense,False,False,False,43.63294753551483,118.83687041699886
7b,fastv,mmstar_000778,mmstar,432,True,False,False,38.22725764274597,104.20558042824268
7b,fastv,mmstar_000782,mmstar,dense,False,False,False,39.12796210289001,107.08899423480034
7b,fastv,mmstar_000783,mmstar,dense,True,False,True,38.70208738327026,106.84862174093723
7b,fastv,mmstar_000784,mmstar,432,False,False,False,42.45677904605866,118.10192838311195
7b,fastv,mmstar_000786,mmstar,432,True,False,True,58.42837172269821,163.46609219908714
7b,fastv,mmstar_000788,mmstar,dense,True,False,False,39.07372820138931,109.06551592051983
7b,fastv,mmstar_000789,mmstar,dense,False,False,False,35.264885993003844,98.32885675132275
7b,fastv,mmstar_000794,mmstar,dense,True,False,False,33.65971888303757,93.77297572791576
7b,fastv,mmstar_000796,mmstar,dense,False,False,False,39.12989108562469,114.70947973430157
7b,fastv,mmstar_000797,mmstar,432,False,False,False,32.054983642101284,96.29027359187603
7b,fastv,mmstar_000803,mmstar,dense,True,False,True,31.093139555454254,93.45359168946743
7b,fastv,mmstar_000811,mmstar,dense,False,False,False,30.92759131193161,91.95371344685555
7b,fastv,mmstar_000823,mmstar,432,False,False,False,74.37689113140107,219.7832576930523
7b,fastv,mmstar_000828,mmstar,432,False,False,False,31.85288252592087,93.27008202672005
7b,fastv,mmstar_000840,mmstar,dense,False,False,False,36.076352596282966,103.10686379671097
7b,fastv,mmstar_000842,mmstar,dense,False,False,False,34.59990594983101,98.03698770701885
7b,fastv,mmstar_000854,mmstar,432,False,False,False,33.1592596757412,90.62323160469532
7b,fastv,mmstar_000868,mmstar,432,True,False,False,55.91393738150597,149.8445589095354
7b,fastv,mmstar_000872,mmstar,432,False,False,False,36.88431181311607,96.40540368855
7b,fastv,mmstar_000873,mmstar,432,False,False,False,37.05481468558311,96.33120335638523
7b,fastv,mmstar_000880,mmstar,432,True,False,False,52.74639816761017,136.85932382941246
7b,fastv,mmstar_000881,mmstar,432,False,True,False,176.95526683568954,463.48040364682674
7b,fastv,mmstar_000882,mmstar,432,False,False,False,35.824324622154236,96.82903438806534
7b,fastv,mmstar_000887,mmstar,dense,False,False,False,31.88453977823258,88.65584619343281
7b,fastv,mmstar_000902,mmstar,432,False,False,False,57.11552743077279,161.08020395040512
7b,fastv,mmstar_000905,mmstar,432,False,False,False,61.18275343418121,175.0445794314146
7b,fastv,mmstar_000909,mmstar,432,False,False,False,32.59109498262405,97.3680131137371
7b,fastv,mmstar_000911,mmstar,432,False,False,False,30.403793853521346,90.93029238283634
7b,fastv,mmstar_000920,mmstar,dense,False,False,False,52.000100769996635,156.71318024396896
7b,fastv,mmstar_000928,mmstar,dense,False,False,False,31.162983901500702,92.64187887310982
7b,fastv,mmstar_000934,mmstar,dense,False,False,False,30.810323777198793,91.14750660955906
7b,fastv,mmstar_000936,mmstar,dense,False,False,False,31.225244302749637,92.25907362997532
7b,fastv,mmstar_000942,mmstar,dense,False,False,False,52.89918007254601,156.08772821724415
7b,fastv,mmstar_000945,mmstar,432,False,False,False,33.46187553405762,98.07144477963448
7b,fastv,mmstar_000950,mmstar,432,False,False,False,31.264934206008913,91.47087670862675
7b,fastv,mmstar_000951,mmstar,432,False,False,False,31.281191110610962,90.63700214028358
7b,fastv,mmstar_000953,mmstar,432,False,False,False,31.385434727668763,91.02111123502254
7b,fastv,mmstar_000959,mmstar,432,False,False,False,31.60673076748848,92.01164357364178
7b,fastv,mmstar_000962,mmstar,dense,True,False,False,111.39744512677194,343.1787136942148
7b,fastv,mmstar_000963,mmstar,432,False,False,False,30.093860872983935,101.20433196425438
7b,fastv,mmstar_000970,mmstar,dense,False,False,False,28.60090559720993,96.13528288900852
7b,fastv,mmstar_000971,mmstar,dense,False,False,False,27.558501660823822,92.58941747248173
7b,fastv,mmstar_000972,mmstar,432,False,False,False,30.39455080389977,100.9066179394722
7b,fastv,mmstar_000974,mmstar,dense,False,False,False,26.940258638858797,88.82460743188858
7b,fastv,mmstar_000978,mmstar,432,False,False,False,28.51472123980522,93.73623318970203
7b,fastv,mmstar_000979,mmstar,432,True,False,True,33.20686737656593,108.94700698554516
7b,fastv,mmstar_000995,mmstar,dense,True,False,False,31.30225040197372,96.61361388862133
7b,fastv,mmstar_000998,mmstar,432,False,False,False,53.70134616136551,159.5302429050207
7b,fastv,mmstar_001005,mmstar,dense,False,False,False,115.9819076859951,341.77334420382977
7b,fastv,mmstar_001006,mmstar,dense,False,False,False,29.06942707538605,95.74664942920208
7b,fastv,mmstar_001012,mmstar,dense,False,False,False,42.209426405429845,141.88938029110432
7b,fastv,mmstar_001017,mmstar,dense,False,False,False,29.919759478569034,101.24054737389088
7b,fastv,mmstar_001022,mmstar,432,False,False,False,33.795752053260806,114.8565299808979
7b,fastv,mmstar_001025,mmstar,dense,True,False,True,28.51681899547577,97.58052229881287
7b,fastv,mmstar_001029,mmstar,dense,False,False,False,28.275746841430667,96.16528265178204
7b,fastv,mmstar_001031,mmstar,432,False,False,False,30.397832254171373,102.86845080554485
7b,fastv,mmstar_001032,mmstar,432,True,False,False,30.757028388977055,96.76874615252018
7b,fastv,mmstar_001035,mmstar,dense,True,False,True,97.12754621982575,283.4670692682266
7b,fastv,mmstar_001039,mmstar,dense,False,False,False,35.32926639318466,100.11047124862671
7b,fastv,mmstar_001044,mmstar,dense,False,False,False,33.18492175579071,94.2694079130888
7b,fastv,mmstar_001048,mmstar,dense,False,False,False,39.15245935916901,114.0576358884573
7b,fastv,mmstar_001059,mmstar,432,False,False,False,57.12889624595641,169.9892319738865
7b,fastv,mmstar_001061,mmstar,dense,False,False,False,32.63713832855225,97.9608241468668
7b,fastv,mmstar_001066,mmstar,432,False,False,False,34.59455179572106,104.34592515230179
7b,fastv,mmstar_001068,mmstar,dense,False,False,False,33.90224046111107,102.60454006493092
7b,fastv,mmstar_001069,mmstar,dense,False,False,False,31.63939418196678,95.81656940281391
7b,fastv,mmstar_001083,mmstar,dense,True,False,False,32.38884962320328,96.89831174910069
7b,fastv,mmstar_001094,mmstar,dense,False,False,False,29.265980377197266,86.88981272280216
7b,fastv,mmstar_001097,mmstar,dense,False,False,False,48.20088113307953,138.99650797247887
7b,fastv,mmstar_001103,mmstar,dense,True,False,True,35.44360726594925,100.89504718780518
7b,fastv,mmstar_001104,mmstar,dense,False,False,False,33.98558835983276,94.83310021460056
7b,fastv,mmstar_001112,mmstar,dense,False,False,False,33.68893655776977,94.0062366425991
7b,fastv,mmstar_001115,mmstar,dense,False,False,False,32.157084785699844,88.92541751265526
7b,fastv,mmstar_001121,mmstar,dense,False,False,False,36.33979516625404,100.49930401146412
7b,fastv,mmstar_001122,mmstar,256,True,False,False,93.8483825492859,254.23433259129524
7b,fastv,mmstar_001126,mmstar,432,False,False,False,37.93076241016388,103.93542982637882
7b,fastv,mmstar_001131,mmstar,dense,False,False,False,35.18741736650467,97.23190031945705
7b,fastv,mmstar_001133,mmstar,dense,True,False,False,94.44933935880661,261.40766590833664
7b,fastv,mmstar_001137,mmstar,dense,False,False,False,38.971717071533206,108.81891660392284
7b,fastv,mmstar_001146,mmstar,dense,True,False,False,36.47631229400634,103.50555554032326
7b,fastv,mmstar_001159,mmstar,432,False,False,False,33.9493073272705,97.35623188316822
7b,fastv,mmstar_001160,mmstar,dense,False,False,False,34.27467265129089,99.06310401856899
7b,fastv,mmstar_001169,mmstar,dense,False,False,False,33.289506423473355,95.53558938205242
7b,fastv,mmstar_001188,mmstar,dense,False,False,False,78.00502650022506,220.6755466759205
7b,fastv,mmstar_001191,mmstar,dense,False,False,False,31.732026765346525,93.11885945498943
7b,fastv,mmstar_001194,mmstar,dense,False,False,False,43.78013071060181,134.2079844325781
7b,fastv,mmstar_001195,mmstar,dense,False,False,False,34.798338036537174,106.83492198586464
7b,fastv,mmstar_001209,mmstar,432,True,False,False,32.35841294288635,99.04717281460762
7b,fastv,mmstar_001213,mmstar,dense,False,False,False,30.568595843315123,93.35768222808838
7b,fastv,mmstar_001221,mmstar,dense,True,False,False,39.766445708274844,121.11267633736134
7b,fastv,mmstar_001224,mmstar,432,False,False,False,37.45132919788361,115.59896543622017
7b,fastv,mmstar_001226,mmstar,dense,False,False,False,32.452788321971894,100.48345662653446
7b,fastv,mmstar_001227,mmstar,dense,False,False,False,31.451903059482575,94.28676031529903
7b,fastv,mmstar_001228,mmstar,dense,False,False,False,30.72742825984955,92.12412126362324
7b,fastv,mmstar_001230,mmstar,dense,False,False,False,56.53336944103241,158.2476031035185
7b,fastv,mmstar_001241,mmstar,dense,False,False,False,33.66653740286827,92.58022904396057
7b,fastv,mmstar_001246,mmstar,dense,True,False,False,64.90803245425224,176.5584982931614
7b,fastv,mmstar_001247,mmstar,dense,False,False,False,36.84718531608581,100.35208240151405
7b,fastv,mmstar_001249,mmstar,dense,False,False,False,35.4768896484375,97.86583483219147
7b,fastv,mmstar_001251,mmstar,dense,False,False,False,62.599550497531894,176.28388665616512
7b,fastv,mmstar_001261,mmstar,dense,True,False,False,35.130872898101806,102.728221565485
7b,fastv,mmstar_001276,mmstar,dense,False,False,False,29.580306980609894,88.180772960186
7b,fastv,mmstar_001280,mmstar,dense,True,False,False,59.661743735075,182.80045315623283
7b,fastv,mmstar_001285,mmstar,dense,False,False,False,47.31906456589699,147.77115359902382
7b,fastv,mmstar_001287,mmstar,432,False,False,False,29.741875580549237,93.85642781853676
7b,fastv,mmstar_001288,mmstar,432,False,False,False,30.470866674184798,96.28754295408726
7b,fastv,mmstar_001289,mmstar,432,False,True,False,29.985003759860987,93.16147863864899
7b,fastv,mmstar_001290,mmstar,dense,False,False,False,30.904589927196497,95.87232768535614
7b,fastv,mmstar_001293,mmstar,dense,False,False,False,37.22703814029693,110.92909052968025
7b,fastv,mmstar_001298,mmstar,dense,True,False,True,64.66374098658562,190.6670518219471
7b,fastv,mmstar_001304,mmstar,dense,False,False,False,78.10230041742325,227.28215157985687
7b,fastv,mmstar_001307,mmstar,432,True,False,False,31.135047812461856,90.34472890198231
7b,fastv,mmstar_001320,mmstar,dense,True,False,True,30.884388980865477,89.74369429051876
7b,fastv,mmstar_001326,mmstar,432,True,False,True,32.29385640382767,94.07960623502731
7b,fastv,mmstar_001331,mmstar,dense,False,False,False,31.555722016096116,92.25888177752495
7b,fastv,mmstar_001346,mmstar,dense,False,False,False,31.064360805749892,90.89960344135761
7b,fastv,mmstar_001347,mmstar,dense,False,False,False,30.622394809722902,89.69581499695778
7b,fastv,mmstar_001350,mmstar,432,True,False,False,31.558876091241835,92.55235642194748
7b,fastv,mmstar_001353,mmstar,432,False,False,False,66.98653037905693,196.89730927348137
7b,fastv,mmstar_001366,mmstar,432,False,False,False,36.73998087644577,108.17729122936726
7b,fastv,mmstar_001371,mmstar,432,True,False,False,110.66055946946145,346.9970915466547
7b,fastv,mmstar_001378,mmstar,dense,False,False,False,30.343020727634432,101.54269263148308
7b,fastv,mmstar_001379,mmstar,dense,False,False,False,39.40711004734039,135.8205247670412
7b,fastv,mmstar_001382,mmstar,432,True,False,False,28.245353515148167,97.18488901853561
7b,fastv,mmstar_001394,mmstar,432,False,False,False,28.200152792930606,96.96544893085957
7b,fastv,mmstar_001395,mmstar,dense,False,False,False,26.37479333639145,89.94832448661327
7b,fastv,mmstar_001397,mmstar,432,False,False,False,33.008719346523286,111.93342134356499
7b,fastv,mmstar_001401,mmstar,dense,False,False,False,27.76019716024399,89.918227866292
7b,fastv,mmstar_001402,mmstar,dense,False,False,False,28.513165891170505,90.64753167331219
7b,fastv,mmstar_001410,mmstar,432,False,False,False,157.96422411084177,443.06803308427334
7b,fastv,mmstar_001412,mmstar,dense,False,False,False,45.4163063800335,124.35601279139519
7b,fastv,mmstar_001420,mmstar,dense,False,False,False,36.85746011376381,102.00603492558002
7b,fastv,mmstar_001421,mmstar,432,True,False,False,33.7708844602108,94.68224458396435
7b,fastv,mmstar_001424,mmstar,dense,False,False,False,33.8088514482975,96.14376351237297
7b,fastv,mmstar_001427,mmstar,432,True,False,False,36.066821372509004,103.69887016713619
7b,fastv,mmstar_001432,mmstar,432,True,False,False,31.263002874851228,91.71254746615887
7b,fastv,mmstar_001434,mmstar,432,False,False,False,94.25960675001144,281.1934407800436
7b,fastv,mmstar_001436,mmstar,432,True,False,False,31.05713901758194,92.67884865403175
7b,fastv,mmstar_001440,mmstar,dense,False,False,False,43.25875565290451,129.13435697555542
7b,fastv,mmstar_001444,mmstar,dense,False,False,False,32.081484128236774,96.62884473800659
7b,fastv,mmstar_001446,mmstar,dense,True,False,True,40.3256354033947,123.55952896177769
7b,fastv,mmstar_001448,mmstar,432,False,False,False,34.44645810127259,107.04705491662025
7b,fastv,mmstar_001451,mmstar,dense,True,False,False,27.26640778779984,86.71223372220993
7b,fastv,mmstar_001452,mmstar,dense,False,False,False,29.84559517860413,95.48686817288399
7b,fastv,mmstar_001455,mmstar,dense,False,False,False,29.241520062685012,93.05457770824432
7b,fastv,mmstar_001467,mmstar,dense,False,False,False,27.29897753834724,86.67649328708649
7b,fastv,mmstar_001470,mmstar,dense,True,False,False,28.662851198911667,89.35320004820824
7b,fastv,mmstar_001477,mmstar,dense,False,False,False,31.037529500722886,95.31171433627605
7b,fastv,mmstar_001484,mmstar,dense,False,False,False,30.868742326498033,92.55763329565525
7b,fastv,mmstar_001490,mmstar,dense,True,False,False,31.310238761901857,91.56528860330582
7b,fastv,mmstar_001491,mmstar,dense,True,False,False,31.64070822238922,90.9523032605648
7b,fastv,mmstar_001492,mmstar,432,True,False,False,32.53223160266876,91.21415577828884
7b,fastv,mmstar_001496,mmstar,dense,False,False,False,31.772085106372835,88.62395584583282
7b,fastv,pope_adversarial_000324,pope_adversarial,432,True,False,True,33.89014543533325,93.73214468359947
7b,fastv,pope_adversarial_000751,pope_adversarial,432,True,False,False,33.94669027805328,94.27755884826183
7b,fastv,pope_adversarial_000781,pope_adversarial,432,True,False,False,32.36284874916077,90.35501815378666
7b,fastv,pope_adversarial_000787,pope_adversarial,432,True,False,False,32.82124432325363,91.96551144123077
7b,fastv,pope_adversarial_000828,pope_adversarial,432,False,False,False,32.29063941955567,90.9002423286438
7b,fastv,pope_adversarial_000834,pope_adversarial,432,True,False,True,37.51405467033386,106.6590491682291
7b,fastv,pope_adversarial_000840,pope_adversarial,432,True,False,True,32.84296820640564,94.37727741897106
7b,fastv,pope_adversarial_000846,pope_adversarial,432,False,False,False,32.0615363073349,92.94917993247509
7b,fastv,pope_adversarial_000852,pope_adversarial,432,True,False,True,30.976587760448453,90.47608822584152
7b,fastv,pope_adversarial_000900,pope_adversarial,432,True,False,True,31.28258896589279,90.82062542438507
7b,fastv,pope_adversarial_000908,pope_adversarial,432,True,False,True,31.0498486328125,89.51730094850063
7b,fastv,pope_adversarial_000919,pope_adversarial,432,True,False,False,31.088088356256485,89.30688165128231
7b,fastv,pope_adversarial_000930,pope_adversarial,432,False,False,False,31.394401023387907,89.80618603527546
7b,fastv,pope_adversarial_000942,pope_adversarial,432,False,False,False,31.927327479124067,91.49042889475822
7b,fastv,pope_adversarial_000984,pope_adversarial,432,True,False,True,30.554874926805493,87.73826062679291
7b,fastv,pope_adversarial_000990,pope_adversarial,432,False,False,False,32.88839360117912,94.31803040206432
7b,fastv,pope_adversarial_000997,pope_adversarial,432,True,False,False,32.03568668365479,91.71557053923607
7b,fastv,pope_adversarial_001014,pope_adversarial,432,True,False,True,32.14832864999771,92.12184138596058
7b,fastv,pope_adversarial_001020,pope_adversarial,432,True,False,True,31.99941373944283,91.80749952793121
7b,fastv,pope_adversarial_001032,pope_adversarial,432,True,False,True,32.06461311221123,92.47071668505669
7b,fastv,pope_adversarial_001038,pope_adversarial,432,False,False,False,30.82937924861908,89.60757404565811
7b,fastv,pope_adversarial_001045,pope_adversarial,432,True,False,False,31.85261108994484,92.7244070917368
7b,fastv,pope_adversarial_001056,pope_adversarial,432,False,False,False,31.48120926380157,91.81435033679008
7b,fastv,pope_adversarial_001080,pope_adversarial,432,True,False,True,32.382181162834165,94.43730115890503
7b,fastv,pope_adversarial_001134,pope_adversarial,432,False,False,False,31.994769505262376,93.38215179741383
7b,fastv,pope_adversarial_001206,pope_adversarial,432,True,False,True,33.92242003679276,99.1290770471096
7b,fastv,pope_adversarial_001254,pope_adversarial,432,False,False,False,30.984522819519043,90.65491147339344
7b,fastv,pope_adversarial_001302,pope_adversarial,432,True,False,True,31.75566570043564,92.69480593502522
7b,fastv,pope_adversarial_001308,pope_adversarial,432,False,False,False,31.411555627584455,91.3841463625431
7b,fastv,pope_adversarial_001320,pope_adversarial,432,True,False,True,31.150980654954907,90.42414091527462
7b,fastv,pope_adversarial_001338,pope_adversarial,432,True,False,True,30.906040906906124,89.36619199812412
7b,fastv,pope_adversarial_001344,pope_adversarial,432,False,False,False,31.011672624349593,89.93798680603504
7b,fastv,pope_adversarial_001386,pope_adversarial,432,False,False,False,30.498722738027574,88.8807475566864
7b,fastv,pope_adversarial_001392,pope_adversarial,432,True,False,True,31.1216164457798,90.64370207488537
7b,fastv,pope_adversarial_001410,pope_adversarial,432,True,False,True,30.66271879196167,89.26866017282009
7b,fastv,pope_adversarial_001519,pope_adversarial,432,True,False,False,31.626859726905824,91.7635802179575
7b,fastv,pope_adversarial_001530,pope_adversarial,432,False,False,False,31.64025449752808,91.31709486246109
7b,fastv,pope_adversarial_001566,pope_adversarial,432,False,False,False,31.59285628080368,91.50930680334568
7b,fastv,pope_adversarial_001584,pope_adversarial,432,False,False,False,30.49844470024109,88.84621970355511
7b,fastv,pope_adversarial_001596,pope_adversarial,432,True,False,True,30.808228464126586,90.02799727022648
7b,fastv,pope_adversarial_001716,pope_adversarial,432,True,False,True,30.630758835077287,89.86807614564896
7b,fastv,pope_adversarial_001759,pope_adversarial,432,True,False,False,30.325646737813955,88.90668861567974
7b,fastv,pope_adversarial_001782,pope_adversarial,432,True,False,True,31.996591808795934,93.69814395904541
7b,fastv,pope_adversarial_001830,pope_adversarial,432,False,False,False,31.67999556541443,92.94391050934792
7b,fastv,pope_adversarial_001854,pope_adversarial,432,False,False,False,33.38738672733307,98.30108843743801
7b,fastv,pope_adversarial_001885,pope_adversarial,432,True,False,True,31.644101423025134,93.21315959095955
7b,fastv,pope_adversarial_001890,pope_adversarial,432,False,False,False,31.714435120820998,93.45580264925957
7b,fastv,pope_adversarial_001897,pope_adversarial,432,True,False,False,31.616813093423843,92.62122586369514
7b,fastv,pope_adversarial_001908,pope_adversarial,432,True,False,True,31.419317737817764,91.24036319553852
7b,fastv,pope_adversarial_001914,pope_adversarial,432,True,False,True,30.721644585132594,89.01361934840679
7b,fastv,pope_adversarial_001932,pope_adversarial,432,True,False,True,32.59144237875938,94.03279796242714
7b,fastv,pope_adversarial_001951,pope_adversarial,432,True,False,False,31.279293873310092,90.32119810581207
7b,fastv,pope_adversarial_001956,pope_adversarial,432,True,False,True,31.909290379285814,92.2462847083807
7b,fastv,pope_adversarial_001969,pope_adversarial,432,True,False,False,30.419347313642504,87.8475196659565
7b,fastv,pope_adversarial_001981,pope_adversarial,432,True,False,False,32.45992401123047,93.57536397874355
7b,fastv,pope_adversarial_001999,pope_adversarial,432,True,False,False,31.1565539932251,89.95731547474861
7b,fastv,pope_adversarial_002016,pope_adversarial,432,True,False,True,33.77398378729821,97.779531031847
7b,fastv,pope_adversarial_002022,pope_adversarial,432,False,False,False,33.170538176298145,96.21057286858559
7b,fastv,pope_adversarial_002029,pope_adversarial,432,True,False,False,32.031480822563175,93.11911091208458
7b,fastv,pope_adversarial_002052,pope_adversarial,432,False,False,False,31.31627393722534,91.02232754230499
7b,fastv,pope_adversarial_002082,pope_adversarial,432,True,False,True,31.359780871868132,91.04794450104237
7b,fastv,pope_adversarial_002088,pope_adversarial,432,False,False,False,32.41225127577781,93.99792738258839
7b,fastv,pope_adversarial_002136,pope_adversarial,432,True,False,True,31.257346487045282,90.4407799243927
7b,fastv,pope_adversarial_002142,pope_adversarial,432,True,False,True,31.89158078432083,92.27069467306137
7b,fastv,pope_adversarial_002160,pope_adversarial,432,True,False,True,32.2611248254776,93.33955869078636
7b,fastv,pope_adversarial_002191,pope_adversarial,432,True,False,True,31.4579999089241,91.2951361387968
7b,fastv,pope_adversarial_002221,pope_adversarial,432,True,False,False,34.63390520453453,101.08313709497452
7b,fastv,pope_adversarial_002328,pope_adversarial,432,True,False,True,31.484594033956526,91.68828092515469
7b,fastv,pope_adversarial_002341,pope_adversarial,432,True,False,True,30.725584974288942,89.20199982821941
7b,fastv,pope_adversarial_002347,pope_adversarial,432,True,False,False,48.487387379407885,142.477136105299
7b,fastv,pope_adversarial_002394,pope_adversarial,432,True,False,True,105.033949187994,337.01737970113754
7b,fastv,pope_adversarial_002400,pope_adversarial,432,True,False,True,25.465644797086714,93.22337247431278
7b,fastv,pope_adversarial_002466,pope_adversarial,432,True,False,True,24.646612572669984,90.36261960864067
7b,fastv,pope_adversarial_002472,pope_adversarial,432,False,False,False,26.82399505615235,98.6896101385355
7b,fastv,pope_adversarial_002478,pope_adversarial,432,True,False,True,25.096946409940724,92.13761985301971
7b,fastv,pope_adversarial_002502,pope_adversarial,432,True,False,True,24.790438240766527,90.74046276509762
7b,fastv,pope_adversarial_002514,pope_adversarial,432,True,False,True,24.665624639987946,89.94013629853725
7b,fastv,pope_adversarial_002526,pope_adversarial,432,True,False,True,25.27675064086914,91.45188517868519
7b,fastv,pope_adversarial_002532,pope_adversarial,432,True,False,True,25.8904332280159,90.46942926943302
7b,fastv,pope_adversarial_002575,pope_adversarial,432,True,False,False,26.946946150064466,88.4341150522232
7b,fastv,pope_adversarial_002592,pope_adversarial,432,True,False,True,30.82913600206375,97.14209847152233
7b,fastv,pope_adversarial_002610,pope_adversarial,432,False,False,False,31.148313705921172,92.39501692354679
7b,fastv,pope_adversarial_002623,pope_adversarial,432,True,False,True,32.50833585858345,95.5511387437582
7b,fastv,pope_adversarial_002634,pope_adversarial,432,True,False,True,33.44496522188186,96.81622684001923
7b,fastv,pope_adversarial_002664,pope_adversarial,432,True,False,True,31.508003064393993,91.86149016022682
7b,fastv,pope_adversarial_002689,pope_adversarial,432,True,False,False,105.93154966950416,328.3039331436157
7b,fastv,pope_adversarial_002696,pope_adversarial,432,False,False,False,26.80458470582962,91.75640717148781
7b,fastv,pope_adversarial_002724,pope_adversarial,432,True,False,True,27.415183752775196,96.1973425000906
7b,fastv,pope_adversarial_002730,pope_adversarial,432,True,False,True,25.872575362920763,90.6327236443758
7b,fastv,pope_adversarial_002761,pope_adversarial,432,True,False,False,27.24797367691994,95.0501561164856
7b,fastv,pope_adversarial_002772,pope_adversarial,432,False,False,False,25.749819948673252,89.82815593481064
7b,fastv,pope_adversarial_002790,pope_adversarial,432,False,False,False,27.96260437488556,97.05859050154686
7b,fastv,pope_adversarial_002808,pope_adversarial,432,True,False,True,26.614001841545107,92.3686046153307
7b,fastv,pope_adversarial_002840,pope_adversarial,432,True,False,True,28.080349864959715,91.59770049154758
7b,fastv,pope_adversarial_002850,pope_adversarial,432,True,False,True,27.629871950149532,90.13302810490131
7b,fastv,pope_adversarial_002875,pope_adversarial,432,True,False,False,31.80575435876846,94.33144889771938
7b,fastv,pope_adversarial_002894,pope_adversarial,432,True,False,True,31.808573484420773,93.70880387723446
7b,fastv,pope_adversarial_002910,pope_adversarial,432,False,True,False,32.413555662631985,92.16904267668724
7b,fastv,pope_adversarial_002923,pope_adversarial,432,True,False,False,31.93037010192871,89.89819511771202
7b,fastv,pope_adversarial_002952,pope_adversarial,432,True,False,True,32.228657290935516,90.71903117001057
7b,fastv,pope_popular_000324,pope_popular,432,True,False,True,33.468302421569824,94.21779960393906
7b,fastv,pope_popular_000751,pope_popular,432,True,False,False,108.83313344120978,336.8179649114609
7b,fastv,pope_popular_000757,pope_popular,432,True,False,True,26.75411396384239,89.60489369928837
7b,fastv,pope_popular_000768,pope_popular,432,True,False,True,25.78031300425529,90.12523852288723
7b,fastv,pope_popular_000787,pope_popular,432,True,False,False,26.513324972391125,92.68564358353615
7b,fastv,pope_popular_000792,pope_popular,432,False,False,False,25.3892778968811,88.75872753560543
7b,fastv,pope_popular_000799,pope_popular,432,True,False,True,26.402194416522978,92.29709208011627
7b,fastv,pope_popular_000811,pope_popular,432,True,False,True,26.29331236362457,91.91729128360748
7b,fastv,pope_popular_000816,pope_popular,432,True,False,True,27.58414775967598,93.33176165819168
7b,fastv,pope_popular_000864,pope_popular,432,True,False,True,26.76075821876526,89.95361812412739
7b,fastv,pope_popular_000876,pope_popular,432,True,False,True,29.79331045389175,91.52628853917122
7b,fastv,pope_popular_000882,pope_popular,432,False,False,False,30.241665914058682,90.1460200548172
7b,fastv,pope_popular_000888,pope_popular,432,True,False,True,33.90376774549484,95.66620737314224
7b,fastv,pope_popular_000895,pope_popular,432,True,False,False,32.684819078445436,90.44483304023743
7b,fastv,pope_popular_000900,pope_popular,432,True,False,True,31.946903548240662,88.86580727994442
7b,fastv,pope_popular_000919,pope_popular,432,True,False,True,32.84808155059814,91.63055010139942
7b,fastv,pope_popular_000960,pope_popular,432,True,False,True,32.858307086229324,92.30615571141243
7b,fastv,pope_popular_000984,pope_popular,432,True,False,True,31.656664377450944,89.22085165977478
7b,fastv,pope_popular_001002,pope_popular,432,False,False,False,32.3093135201931,91.71642921864986
7b,fastv,pope_popular_001014,pope_popular,432,True,False,True,31.65910430550575,90.17740748822689
7b,fastv,pope_popular_001045,pope_popular,432,True,False,False,32.246684117317194,92.0790508389473
7b,fastv,pope_popular_001056,pope_popular,432,False,False,False,32.61603430271148,93.26896257698536
7b,fastv,pope_popular_001068,pope_popular,432,False,False,False,32.36107909917831,93.08251924812794
7b,fastv,pope_popular_001075,pope_popular,432,True,False,False,31.33540155887604,90.41155874729156
7b,fastv,pope_popular_001086,pope_popular,432,True,False,True,31.34306917190552,91.11083298921585
7b,fastv,pope_popular_001098,pope_popular,432,False,False,False,30.714588031768795,89.68982473015785
7b,fastv,pope_popular_001122,pope_popular,432,True,False,True,30.742068938016892,89.80754390358925
7b,fastv,pope_popular_001128,pope_popular,432,True,False,True,30.777849704027176,89.95032869279385
7b,fastv,pope_popular_001158,pope_popular,432,True,False,True,31.201495960950854,91.21615625917912
7b,fastv,pope_popular_001171,pope_popular,432,True,False,True,31.635242862701418,92.50296652317047
7b,fastv,pope_popular_001182,pope_popular,432,True,False,True,32.26283320903778,94.45899911224842
7b,fastv,pope_popular_001188,pope_popular,432,True,False,True,31.19203320980072,91.38927608728409
7b,fastv,pope_popular_001195,pope_popular,432,True,False,False,32.38226031303406,94.89771164953709
7b,fastv,pope_popular_001224,pope_popular,432,False,False,False,31.291020555496218,91.71462059020996
7b,fastv,pope_popular_001272,pope_popular,432,False,False,False,31.39795823693275,91.80707111954689
7b,fastv,pope_popular_001278,pope_popular,432,True,False,True,31.754836338758466,92.71787665784359
7b,fastv,pope_popular_001332,pope_popular,432,False,False,False,31.07964965343475,90.61197936534882
7b,fastv,pope_popular_001356,pope_popular,432,False,False,False,31.512258434295656,91.76930040121078
7b,fastv,pope_popular_001369,pope_popular,432,True,False,False,31.324148492813116,91.0254642367363
7b,fastv,pope_popular_001392,pope_popular,432,True,False,True,31.524529681205752,91.4648249745369
7b,fastv,pope_popular_001458,pope_popular,432,True,False,True,31.108615059852603,90.59537202119827
7b,fastv,pope_popular_001500,pope_popular,432,False,False,False,37.315906753540034,108.986996114254
7b,fastv,pope_popular_001507,pope_popular,432,True,False,False,32.992260547876356,97.1912071108818
7b,fastv,pope_popular_001548,pope_popular,432,False,True,False,30.821843870878215,91.09739400446415
7b,fastv,pope_popular_001566,pope_popular,432,False,False,False,31.370027096271514,92.25446358323097
7b,fastv,pope_popular_001626,pope_popular,432,False,False,False,30.94743631839752,90.80329351127148
7b,fastv,pope_popular_001644,pope_popular,432,True,False,True,31.33065067648888,91.38708934187889
7b,fastv,pope_popular_001651,pope_popular,432,True,False,False,31.859512889385226,92.55731664597988
7b,fastv,pope_popular_001681,pope_popular,432,True,False,False,31.11325125217438,90.25611914694309
7b,fastv,pope_popular_001704,pope_popular,432,True,False,True,31.684759333133698,91.81499853730202
7b,fastv,pope_popular_001716,pope_popular,432,True,False,True,31.841997957229616,91.83892793953419
7b,fastv,pope_popular_001722,pope_popular,432,True,False,True,32.30303990364075,92.85067766904831
7b,fastv,pope_popular_001747,pope_popular,432,True,False,False,34.614468584060674,99.025072529912
7b,fastv,pope_popular_001759,pope_popular,432,True,False,False,31.891458110809324,90.94258397817612
7b,fastv,pope_popular_001794,pope_popular,432,True,False,True,32.362737221717836,92.49490685760975
7b,fastv,pope_popular_001824,pope_popular,432,False,False,False,31.630627347230913,90.55857174098492
7b,fastv,pope_popular_001831,pope_popular,432,True,False,False,31.36831457614899,90.20148776471615
7b,fastv,pope_popular_001842,pope_popular,432,False,False,False,30.33759973883629,87.5330287963152
7b,fastv,pope_popular_001861,pope_popular,432,True,False,False,31.09775069475174,89.99794535338879
7b,fastv,pope_popular_001866,pope_popular,432,True,False,True,31.15896296739578,90.3883595019579
7b,fastv,pope_popular_001878,pope_popular,432,True,False,True,30.664653658866882,89.16141092777252
7b,fastv,pope_popular_001908,pope_popular,432,True,False,True,31.785906505584716,92.6026962697506
7b,fastv,pope_popular_001932,pope_popular,432,True,False,True,30.916365921497345,89.99667502939701
7b,fastv,pope_popular_002047,pope_popular,432,True,False,False,32.49431488037109,94.53549981117249
7b,fastv,pope_popular_002070,pope_popular,432,False,False,False,31.162591552734376,90.78490361571312
7b,fastv,pope_popular_002082,pope_popular,432,True,False,True,31.197979278564453,90.97783453762531
7b,fastv,pope_popular_002124,pope_popular,432,True,False,True,31.98718377828598,93.47934275865555
7b,fastv,pope_popular_002130,pope_popular,432,False,False,False,31.733318281173705,92.87240728735924
7b,fastv,pope_popular_002172,pope_popular,432,False,False,False,32.199090324640274,93.95579434931278
7b,fastv,pope_popular_002202,pope_popular,432,True,False,True,30.982492747306825,90.25263041257858
7b,fastv,pope_popular_002232,pope_popular,432,True,False,True,30.94098493337631,89.846882969141
7b,fastv,pope_popular_002274,pope_popular,432,False,False,False,30.802972154617304,89.22146260738373
7b,fastv,pope_popular_002304,pope_popular,432,True,False,True,31.955590207576748,92.48129650950432
7b,fastv,pope_popular_002310,pope_popular,432,True,False,True,33.892685180902475,98.06893579661846
7b,fastv,pope_popular_002328,pope_popular,432,True,False,True,31.46881710767746,90.95367603003979
7b,fastv,pope_popular_002365,pope_popular,432,True,False,True,31.689487022161483,91.53459966182709
7b,fastv,pope_popular_002370,pope_popular,432,False,False,False,31.085185692310333,89.55175057053566
7b,fastv,pope_popular_002425,pope_popular,432,True,False,True,31.778998631238935,91.3733672350645
7b,fastv,pope_popular_002430,pope_popular,432,True,False,True,31.887966604232787,91.62668883800507
7b,fastv,pope_popular_002436,pope_popular,432,True,False,True,30.86023172259331,88.63955922424793
7b,fastv,pope_popular_002449,pope_popular,432,True,False,True,31.635325280427935,91.05050750076771
7b,fastv,pope_popular_002460,pope_popular,432,True,False,True,31.440151345729824,90.64195305109024
7b,fastv,pope_popular_002478,pope_popular,432,True,False,True,31.188635331392284,90.23880958557129
7b,fastv,pope_popular_002490,pope_popular,432,True,False,True,32.430308842659,94.12886761128902
7b,fastv,pope_popular_002496,pope_popular,432,False,False,False,31.262686693668364,90.87851084768772
7b,fastv,pope_popular_002539,pope_popular,432,True,False,False,30.876921474933624,89.85981717705727
7b,fastv,pope_popular_002575,pope_popular,432,True,False,False,29.850941531658172,88.59641663730145
7b,fastv,pope_popular_002640,pope_popular,432,False,False,False,103.03935225725174,329.6318519860506
7b,fastv,pope_popular_002658,pope_popular,432,False,True,False,24.771366244554518,87.89817057549953
7b,fastv,pope_popular_002670,pope_popular,432,True,False,True,25.75572443962097,91.97377040982246
7b,fastv,pope_popular_002683,pope_popular,432,True,False,True,25.268380097150803,88.74591812491417
7b,fastv,pope_popular_002689,pope_popular,432,True,False,False,26.399324373006824,92.27507375180721
7b,fastv,pope_popular_002724,pope_popular,432,True,False,True,26.90385763883591,92.55883656442165
7b,fastv,pope_popular_002737,pope_popular,432,True,False,False,26.517326740026473,90.50515107810497
7b,fastv,pope_popular_002784,pope_popular,432,False,False,False,50.571536142826076,172.8231217712164
7b,fastv,pope_popular_002808,pope_popular,432,True,False,True,30.180909767150876,100.22995062172413
7b,fastv,pope_popular_002898,pope_popular,432,False,False,False,31.06576866388321,98.58261048793793
7b,fastv,pope_popular_002923,pope_popular,432,True,False,False,29.099389998912812,89.39477242529392
7b,fastv,pope_popular_002941,pope_popular,432,True,False,False,30.196922330856324,89.54556472599506
7b,fastv,pope_popular_002965,pope_popular,432,True,False,False,30.82456283569336,92.20812283456326
7b,fastv,pope_random_000751,pope_random,432,True,False,False,29.064057230949402,87.6498892903328
7b,fastv,pope_random_000774,pope_random,432,False,False,False,30.439303555488586,92.69978851079941
7b,fastv,pope_random_000792,pope_random,432,False,False,False,28.860118238925935,88.67601491510868
7b,fastv,pope_random_000800,pope_random,432,True,False,True,29.762587908506394,90.55901132524014
7b,fastv,pope_random_000816,pope_random,432,True,False,True,30.58705751776695,92.24326349794865
7b,fastv,pope_random_000822,pope_random,432,False,False,False,35.493112645149225,105.49059323966503
7b,fastv,pope_random_000828,pope_random,432,False,False,False,31.469412384033202,92.54433587193489
7b,fastv,pope_random_000846,pope_random,432,False,False,False,30.94156438112259,90.81423468887806
7b,fastv,pope_random_000852,pope_random,432,True,False,True,31.74187079429626,93.02634000778198
7b,fastv,pope_random_000870,pope_random,432,True,False,True,30.77845908164978,89.95898626744747
7b,fastv,pope_random_000876,pope_random,432,True,False,True,31.261115159988403,91.1412164568901
7b,fastv,pope_random_000882,pope_random,432,False,False,False,32.53918022632599,94.6052111685276
7b,fastv,pope_random_000888,pope_random,432,True,False,True,30.773841977119446,89.25116993486881
7b,fastv,pope_random_000900,pope_random,432,True,False,True,104.18310994625091,327.5940679013729
7b,fastv,pope_random_000907,pope_random,432,True,False,False,26.562129232883454,90.97591415047646
7b,fastv,pope_random_000912,pope_random,432,True,False,True,26.612760534286497,92.45160594582558
7b,fastv,pope_random_001020,pope_random,432,True,False,True,25.495203212499618,88.85417692363262
7b,fastv,pope_random_001050,pope_random,432,False,False,False,26.062339292764662,89.63063359260559
7b,fastv,pope_random_001086,pope_random,432,True,False,True,26.421936684846877,90.33317863941193
7b,fastv,pope_random_001104,pope_random,432,True,False,True,27.997695738077162,95.27066722512245
7b,fastv,pope_random_001110,pope_random,432,False,False,False,26.52848130226135,89.98462557792664
7b,fastv,pope_random_001122,pope_random,432,True,False,True,27.0883155798912,88.25494349002838
7b,fastv,pope_random_001128,pope_random,432,True,False,True,29.982496926784513,94.05035898089409
7b,fastv,pope_random_001134,pope_random,432,False,False,False,30.37843720078468,90.4751904308796
7b,fastv,pope_random_001141,pope_random,432,True,False,False,31.274909380674362,88.74066919088364
7b,fastv,pope_random_001146,pope_random,432,True,False,True,37.575260127782826,105.62597401440144
7b,fastv,pope_random_001200,pope_random,432,False,False,False,32.374090200662614,90.34254029393196
7b,fastv,pope_random_001218,pope_random,432,True,False,True,32.07971869587898,90.43738059699535
7b,fastv,pope_random_001248,pope_random,432,False,False,False,31.474123895168304,89.52855318784714
7b,fastv,pope_random_001278,pope_random,432,True,False,True,33.35889271497726,95.3872874379158
7b,fastv,pope_random_001302,pope_random,432,True,False,True,31.702774930000302,91.07442386448383
7b,fastv,pope_random_001338,pope_random,432,True,False,True,30.82263890147209,88.86578679084778
7b,fastv,pope_random_001362,pope_random,432,True,False,True,32.63183240175247,94.44783069193363
7b,fastv,pope_random_001386,pope_random,432,False,False,False,31.727638108730318,92.12025254964828
7b,fastv,pope_random_001423,pope_random,432,True,False,False,30.44551945567131,88.67076598107815
7b,fastv,pope_random_001480,pope_random,432,True,False,True,32.214320292472834,93.71920675039291
7b,fastv,pope_random_001520,pope_random,432,True,False,True,30.677850794792175,89.15668725967407
7b,fastv,pope_random_001554,pope_random,432,True,False,True,30.99212541222572,90.19465930759907
7b,fastv,pope_random_001574,pope_random,432,True,False,True,30.763942458629607,89.6551851183176
7b,fastv,pope_random_001620,pope_random,432,True,False,True,32.720120161771774,95.57282738387585
7b,fastv,pope_random_001674,pope_random,432,True,False,True,31.320567643642423,91.64590761065483
7b,fastv,pope_random_001682,pope_random,432,False,False,False,29.88920927405357,87.14005537331104
7b,fastv,pope_random_001740,pope_random,432,False,False,False,30.97165299654007,89.942567050457
7b,fastv,pope_random_001754,pope_random,432,True,False,True,30.824591563940047,89.52829241752625
7b,fastv,pope_random_001764,pope_random,432,True,False,True,31.319839968681336,90.97088314592838
7b,fastv,pope_random_001801,pope_random,432,True,False,False,31.050793623924257,90.34221805632114
7b,fastv,pope_random_001814,pope_random,432,True,False,True,31.141376113891603,90.74919298291206
7b,fastv,pope_random_001832,pope_random,432,True,False,True,30.37023059844971,88.28809671103954
7b,fastv,pope_random_001842,pope_random,432,False,False,False,29.706817245483396,86.1162506043911
7b,fastv,pope_random_001854,pope_random,432,False,False,False,32.77760318398475,94.92989629507065
7b,fastv,pope_random_001872,pope_random,432,False,False,False,30.72013875961304,88.87587860226631
7b,fastv,pope_random_001878,pope_random,432,True,False,True,31.73915143489838,91.98066033422947
7b,fastv,pope_random_001921,pope_random,432,True,False,False,32.3447328042984,93.88236701488495
7b,fastv,pope_random_001938,pope_random,432,True,False,True,30.90326252102852,89.828135445714
7b,fastv,pope_random_001963,pope_random,432,True,False,False,30.33596063733101,88.31250295042992
7b,fastv,pope_random_001982,pope_random,432,False,True,False,30.861294239759445,89.9428054690361
7b,fastv,pope_random_001992,pope_random,432,True,False,True,31.064918317794803,90.65627865493298
7b,fastv,pope_random_002036,pope_random,432,True,False,True,30.97746495962143,90.4917512089014
7b,fastv,pope_random_002082,pope_random,432,True,False,True,31.089017132520674,90.91080352663994
7b,fastv,pope_random_002088,pope_random,432,False,False,False,30.67863753557205,89.6865762770176
7b,fastv,pope_random_002094,pope_random,432,False,False,False,32.072031803131104,93.72430481016636
7b,fastv,pope_random_002100,pope_random,432,False,False,False,31.33189628958702,91.39373898506165
7b,fastv,pope_random_002114,pope_random,432,False,False,False,30.848244992494582,89.80351500213146
7b,fastv,pope_random_002124,pope_random,432,True,False,True,31.004857124090194,90.26666916906834
7b,fastv,pope_random_002136,pope_random,432,True,False,True,30.946213431358338,90.1170875877142
7b,fastv,pope_random_002166,pope_random,432,False,False,False,31.701378924846647,92.35386364161968
7b,fastv,pope_random_002214,pope_random,432,True,False,True,30.27119798660278,88.2234238088131
7b,fastv,pope_random_002238,pope_random,432,True,False,True,31.099838455915446,90.7135121524334
7b,fastv,pope_random_002250,pope_random,432,False,False,False,30.099619152545927,87.88133226335049
7b,fastv,pope_random_002347,pope_random,432,True,False,False,30.479069480895994,89.20885063707829
7b,fastv,pope_random_002358,pope_random,432,True,False,True,31.455501079559323,92.32483431696892
7b,fastv,pope_random_002370,pope_random,432,False,False,False,30.777417671680446,90.43079987168312
7b,fastv,pope_random_002400,pope_random,432,True,False,True,30.90688154697418,90.91422334313393
7b,fastv,pope_random_002420,pope_random,432,True,False,True,30.32795580625534,89.13763053715229
7b,fastv,pope_random_002430,pope_random,432,True,False,True,30.74911192893982,90.3257206082344
7b,fastv,pope_random_002449,pope_random,432,True,False,False,31.03194487094879,91.17736853659153
7b,fastv,pope_random_002466,pope_random,432,True,False,True,31.777019022703172,93.41702051460743
7b,fastv,pope_random_002520,pope_random,432,True,False,True,31.35350364327431,92.12130308151245
7b,fastv,pope_random_002540,pope_random,432,False,True,False,30.756808698177338,90.31305089592934
7b,fastv,pope_random_002551,pope_random,432,True,False,False,30.91981017589569,90.54475091397762
7b,fastv,pope_random_002562,pope_random,432,True,False,True,32.27261674404144,94.2279864102602
7b,fastv,pope_random_002568,pope_random,432,True,False,True,30.693126721382143,89.57366459071636
7b,fastv,pope_random_002592,pope_random,432,True,False,True,31.57402809739113,92.10794232785702
7b,fastv,pope_random_002652,pope_random,432,False,False,False,30.330986542701723,88.55968900024891
7b,fastv,pope_random_002730,pope_random,432,True,False,True,30.538511981964113,89.25916068255901
7b,fastv,pope_random_002742,pope_random,432,True,False,True,30.45895069599152,89.11857195198536
7b,fastv,pope_random_002756,pope_random,432,False,False,False,30.23292089939118,88.57863582670689
7b,fastv,pope_random_002766,pope_random,432,True,False,True,31.313709696531298,91.65648929774761
7b,fastv,pope_random_002790,pope_random,432,False,False,False,30.418176474571226,88.9398567378521
7b,fastv,pope_random_002826,pope_random,432,True,False,True,30.333479446172714,88.66827562451363
7b,fastv,pope_random_002832,pope_random,432,False,False,False,31.66491597890854,92.53624640405178
7b,fastv,pope_random_002850,pope_random,432,True,False,True,30.559334399700166,89.38918262720108
7b,fastv,pope_random_002856,pope_random,432,True,False,True,31.151915612220765,91.22727625072002
7b,fastv,pope_random_002862,pope_random,432,True,False,True,31.272896476984023,91.5148388594389
7b,fastv,pope_random_002894,pope_random,432,True,False,True,31.475741257667543,92.01879985630512
7b,fastv,pope_random_002928,pope_random,432,True,False,True,30.27485204219818,88.40316347777843
7b,fastv,pope_random_002966,pope_random,432,True,False,True,31.121297551393507,90.73169343173504
7b,fastv,pope_random_002970,pope_random,432,True,False,True,31.223574175834656,91.01196378469467
7b,fastv,pope_random_002982,pope_random,432,True,False,True,31.843770513534544,92.80470758676529
7b,fastv,pope_random_002994,pope_random,432,True,False,True,31.561663031578064,92.29670464992523
7b,fastv,visual_counterfact_color_000002,visual_counterfact_color,432,True,False,True,37.7497518157959,110.86447164416313
7b,fastv,visual_counterfact_color_000005,visual_counterfact_color,432,True,False,True,30.8569066798687,91.0769160836935
7b,fastv,visual_counterfact_color_000014,visual_counterfact_color,432,True,False,True,33.96804894447327,100.55799409747124
7b,fastv,visual_counterfact_color_000016,visual_counterfact_color,432,True,False,True,108.2108289718628,352.51043178141117
7b,fastv,visual_counterfact_color_000023,visual_counterfact_color,432,True,False,True,78.51000106096268,309.26010198891163
7b,fastv,visual_counterfact_color_000024,visual_counterfact_color,432,True,False,True,25.9839417552948,116.49474501609802
7b,fastv,visual_counterfact_color_000026,visual_counterfact_color,432,True,False,True,20.14170224905014,92.37182326614857
7b,fastv,visual_counterfact_color_000027,visual_counterfact_color,432,True,False,True,26.286654850244524,122.54718691110611
7b,fastv,visual_counterfact_color_000034,visual_counterfact_color,432,True,False,True,22.667294440269472,99.7934490442276
7b,fastv,visual_counterfact_color_000035,visual_counterfact_color,432,True,False,True,27.41490353107453,115.64657650887966
7b,fastv,visual_counterfact_color_000038,visual_counterfact_color,432,True,False,True,22.737980914115905,87.83743157982826
7b,fastv,visual_counterfact_color_000049,visual_counterfact_color,432,True,False,True,32.39732774138451,116.44281074404716
7b,fastv,visual_counterfact_color_000053,visual_counterfact_color,432,True,False,True,25.62547281384468,87.34340593218803
7b,fastv,visual_counterfact_color_000055,visual_counterfact_color,432,True,False,True,40.83426420688629,133.0523956567049
7b,fastv,visual_counterfact_color_000056,visual_counterfact_color,432,True,False,True,31.082103085517883,99.519157782197
7b,fastv,visual_counterfact_color_000058,visual_counterfact_color,432,True,False,True,35.81574815750122,114.36932533979416
7b,fastv,visual_counterfact_color_000063,visual_counterfact_color,432,True,False,True,106.36830163955689,367.4037232995033
7b,fastv,visual_counterfact_color_000064,visual_counterfact_color,432,True,False,True,41.432903561592106,161.35354526340961
7b,fastv,visual_counterfact_color_000065,visual_counterfact_color,432,True,False,True,25.48574783086777,101.52694210410118
7b,fastv,visual_counterfact_color_000069,visual_counterfact_color,432,True,False,True,22.853167607784272,89.79688584804535
7b,fastv,visual_counterfact_color_000071,visual_counterfact_color,432,True,False,True,23.610460698604584,91.9815506786108
7b,fastv,visual_counterfact_color_000072,visual_counterfact_color,432,True,False,True,25.233835155963895,96.78712673485279
7b,fastv,visual_counterfact_color_000077,visual_counterfact_color,432,True,False,True,25.326487674713132,95.82429938018322
7b,fastv,visual_counterfact_color_000081,visual_counterfact_color,432,True,False,True,26.389502952098844,94.93984282016754
7b,fastv,visual_counterfact_color_000087,visual_counterfact_color,432,True,False,True,31.498797712326052,108.73100720345974
7b,fastv,visual_counterfact_color_000089,visual_counterfact_color,432,True,False,True,27.038482553958893,86.82486414909363
7b,fastv,visual_counterfact_color_000090,visual_counterfact_color,432,True,False,True,31.10198226451874,96.07846103608608
7b,fastv,visual_counterfact_color_000097,visual_counterfact_color,432,True,False,True,30.481601519584657,90.76785109937191
7b,fastv,visual_counterfact_color_000098,visual_counterfact_color,432,True,False,True,32.46918797492981,93.98535639047623
7b,fastv,visual_counterfact_color_000099,visual_counterfact_color,432,True,False,True,55.22513234853744,160.82561947405338
7b,fastv,visual_counterfact_color_000101,visual_counterfact_color,432,True,False,True,33.659568879604336,99.04081374406815
7b,fastv,visual_counterfact_color_000102,visual_counterfact_color,432,True,False,True,33.93057707667351,103.2315045595169
7b,fastv,visual_counterfact_color_000104,visual_counterfact_color,432,True,False,True,38.12403915405274,116.64567328989506
7b,fastv,visual_counterfact_color_000107,visual_counterfact_color,432,True,False,True,41.247468799352646,127.21685320138931
7b,fastv,visual_counterfact_color_000113,visual_counterfact_color,432,True,False,True,99.95472215294836,344.5323146879673
7b,fastv,visual_counterfact_color_000114,visual_counterfact_color,432,True,False,True,77.52806603074073,327.49488577246666
7b,fastv,visual_counterfact_color_000115,visual_counterfact_color,432,True,False,True,38.242392805814745,182.2199672460556
7b,fastv,visual_counterfact_color_000116,visual_counterfact_color,432,True,True,False,21.63716133594513,108.70569571852684
7b,fastv,visual_counterfact_color_000124,visual_counterfact_color,432,True,False,True,19.77359271526337,95.53788788616657
7b,fastv,visual_counterfact_color_000131,visual_counterfact_color,432,True,False,True,29.918138542175296,140.89695364236832
7b,fastv,visual_counterfact_color_000134,visual_counterfact_color,432,True,False,True,20.949575328826903,89.48481269180775
7b,fastv,visual_counterfact_color_000137,visual_counterfact_color,432,True,False,True,25.85332278251648,108.98286662995815
7b,fastv,visual_counterfact_color_000140,visual_counterfact_color,432,True,False,True,162.32706156492233,665.2332786470652
7b,fastv,visual_counterfact_color_000147,visual_counterfact_color,432,False,False,False,21.27516249537468,104.01224158704281
7b,fastv,visual_counterfact_color_000149,visual_counterfact_color,432,True,False,True,18.669327074289324,92.64775738120079
7b,fastv,visual_counterfact_color_000152,visual_counterfact_color,432,True,False,True,20.194706380367283,100.25361180305481
7b,fastv,visual_counterfact_color_000153,visual_counterfact_color,432,True,False,True,21.74790990114212,103.2286174595356
7b,fastv,visual_counterfact_color_000156,visual_counterfact_color,432,True,False,True,95.52830673456192,427.41819843649864
7b,fastv,visual_counterfact_color_000159,visual_counterfact_color,432,True,False,True,24.517068407535554,100.95189884305
7b,fastv,visual_counterfact_color_000168,visual_counterfact_color,432,True,False,True,26.684849618673322,104.69016619026661
7b,fastv,visual_counterfact_color_000171,visual_counterfact_color,432,True,False,True,24.644005281925203,94.41413916647434
7b,fastv,visual_counterfact_color_000173,visual_counterfact_color,432,True,False,True,24.332513171434403,91.51511825621128
7b,fastv,visual_counterfact_color_000176,visual_counterfact_color,432,True,False,True,29.623242274522784,111.05040274560452
7b,fastv,visual_counterfact_color_000180,visual_counterfact_color,432,True,False,True,29.465000381469732,110.15837639570236
7b,fastv,visual_counterfact_color_000182,visual_counterfact_color,432,True,False,True,30.229730651378638,105.17841950058937
7b,fastv,visual_counterfact_color_000186,visual_counterfact_color,432,True,False,True,26.637391412258154,91.29927679896355
7b,fastv,visual_counterfact_color_000189,visual_counterfact_color,432,True,False,True,37.689580254554755,117.35428683459759
7b,fastv,visual_counterfact_color_000190,visual_counterfact_color,432,True,False,True,29.275976328849794,89.9636559188366
7b,fastv,visual_counterfact_color_000191,visual_counterfact_color,432,True,False,True,31.110976095199582,93.85335631668568
7b,fastv,visual_counterfact_color_000198,visual_counterfact_color,432,True,False,True,104.0309429550171,336.5364037454128
7b,fastv,visual_counterfact_color_000200,visual_counterfact_color,432,True,False,True,32.76251922726631,117.79122054576874
7b,fastv,visual_counterfact_color_000201,visual_counterfact_color,432,True,False,True,25.21739767551422,90.19376710057259
7b,fastv,visual_counterfact_color_000206,visual_counterfact_color,432,True,False,True,25.78153526306152,91.91816113889217
7b,fastv,visual_counterfact_color_000207,visual_counterfact_color,432,True,False,True,25.935173566341398,91.40946716070175
7b,fastv,visual_counterfact_color_000217,visual_counterfact_color,432,True,False,True,28.38134231805801,99.16126541793346
7b,fastv,visual_counterfact_color_000220,visual_counterfact_color,432,True,False,True,25.81005810379982,91.23605862259865
7b,fastv,visual_counterfact_color_000221,visual_counterfact_color,432,True,False,True,100.99128264427185,367.88561567664146
7b,fastv,visual_counterfact_color_000223,visual_counterfact_color,432,True,False,True,26.948953580856326,99.22520443797112
7b,fastv,visual_counterfact_color_000227,visual_counterfact_color,432,True,False,True,31.22356287479401,115.07091484963894
7b,fastv,visual_counterfact_color_000228,visual_counterfact_color,432,True,False,True,35.145862598419185,129.84995171427727
7b,fastv,visual_counterfact_color_000233,visual_counterfact_color,432,True,False,True,28.01851351857185,106.60990886390209
7b,fastv,visual_counterfact_color_000236,visual_counterfact_color,432,True,False,True,88.93688930273055,363.7255858629942
7b,fastv,visual_counterfact_color_000239,visual_counterfact_color,432,True,False,True,26.22455179929733,107.95420035719872
7b,fastv,visual_counterfact_color_000246,visual_counterfact_color,432,True,False,True,26.105473581552506,100.82820616662502
7b,fastv,visual_counterfact_color_000252,visual_counterfact_color,432,True,False,True,24.252536594867706,91.64259023964405
7b,fastv,visual_counterfact_color_000260,visual_counterfact_color,432,True,False,True,25.39048949122429,95.78320942819118
7b,fastv,visual_counterfact_color_000263,visual_counterfact_color,432,True,True,False,25.71804213523865,96.95232845842838
7b,fastv,visual_counterfact_color_000265,visual_counterfact_color,432,True,False,True,25.246481901407243,92.5463754683733
7b,fastv,visual_counterfact_color_000266,visual_counterfact_color,432,True,False,True,24.998629932403567,90.8108726143837
7b,fastv,visual_counterfact_color_000270,visual_counterfact_color,432,True,False,True,31.33304556012154,106.73985071480274
7b,fastv,visual_counterfact_color_000271,visual_counterfact_color,432,True,False,True,41.00004170060158,135.1168118417263
7b,fastv,visual_counterfact_color_000272,visual_counterfact_color,432,True,False,True,35.07468708515167,108.78417640924454
7b,fastv,visual_counterfact_color_000278,visual_counterfact_color,432,True,False,True,33.92742433190346,104.82515580952168
7b,fastv,visual_counterfact_color_000281,visual_counterfact_color,432,True,False,True,31.373671374320985,96.47957421839237
7b,fastv,visual_counterfact_color_000282,visual_counterfact_color,432,True,False,True,34.30653107881546,105.50298169255257
7b,fastv,visual_counterfact_color_000285,visual_counterfact_color,432,True,False,True,30.30451824903488,93.19891966879368
7b,fastv,visual_counterfact_color_000286,visual_counterfact_color,432,True,False,True,40.497717106342314,123.1638714671135
7b,fastv,visual_counterfact_color_000289,visual_counterfact_color,432,True,False,True,29.03053573608398,90.91000445187092
7b,fastv,visual_counterfact_color_000294,visual_counterfact_color,432,True,False,True,35.05658946990967,111.01839132606983
7b,fastv,visual_counterfact_color_000299,visual_counterfact_color,432,True,False,True,33.559963543415066,106.39814846217632
7b,fastv,visual_counterfact_color_000309,visual_counterfact_color,432,True,False,True,30.135682704448698,94.82972323894501
7b,fastv,visual_counterfact_color_000312,visual_counterfact_color,432,True,False,True,32.57154191374779,102.30066813528538
7b,fastv,visual_counterfact_color_000314,visual_counterfact_color,432,True,False,True,32.74222970843315,101.70712508261204
7b,fastv,visual_counterfact_color_000316,visual_counterfact_color,432,True,False,True,32.90775507330894,101.95992328226566
7b,fastv,visual_counterfact_color_000319,visual_counterfact_color,432,True,False,True,33.9998231959343,104.47750426828861
7b,fastv,visual_counterfact_color_000321,visual_counterfact_color,432,True,False,True,28.855002868175504,89.43150378763676
7b,fastv,visual_counterfact_color_000326,visual_counterfact_color,432,True,False,True,53.47901921868324,168.26354525983334
7b,fastv,visual_counterfact_color_000327,visual_counterfact_color,432,True,False,True,30.562990472316745,97.01119735836983
7b,fastv,visual_counterfact_color_000329,visual_counterfact_color,432,True,False,True,30.910842158794406,97.86935709416866
7b,fastv,visual_counterfact_color_000330,visual_counterfact_color,432,True,False,True,36.97658667445182,115.0770727545023
7b,fastv,visual_counterfact_color_000333,visual_counterfact_color,432,True,False,True,28.510750925540922,88.75841647386551
7b,fastv,visual_counterfact_color_000341,visual_counterfact_color,432,True,False,True,30.04965986967087,93.6339944601059
7b,fastv,visual_counterfact_color_000354,visual_counterfact_color,432,True,False,True,28.74533792853355,90.89801274240017
7b,fastv,visual_counterfact_color_000358,visual_counterfact_color,432,True,False,True,103.99554873704909,351.6003657132387
7b,fastv,visual_counterfact_color_000359,visual_counterfact_color,432,True,False,True,87.73781472682953,355.1420196890831
7b,fastv,visual_counterfact_color_000361,visual_counterfact_color,432,True,False,True,19.64493935585022,87.60784938931465
7b,fastv,visual_counterfact_color_000363,visual_counterfact_color,432,True,False,True,22.0471284198761,101.3550404459238
7b,fastv,visual_counterfact_color_000364,visual_counterfact_color,432,True,False,True,19.67391378760338,87.90061250329018
7b,fastv,visual_counterfact_color_000368,visual_counterfact_color,432,True,False,True,21.22909252882004,91.49994887411594
7b,fastv,visual_counterfact_color_000374,visual_counterfact_color,432,True,False,True,21.134730954170227,87.08907663822174
7b,fastv,visual_counterfact_color_000375,visual_counterfact_color,432,True,False,True,26.82489875793457,100.24775192141533
7b,fastv,visual_counterfact_color_000376,visual_counterfact_color,432,True,False,True,25.093611707687376,89.01540748775005
7b,fastv,visual_counterfact_color_000382,visual_counterfact_color,432,True,False,True,28.478728246688842,93.01245026290417
7b,fastv,visual_counterfact_color_000384,visual_counterfact_color,432,True,False,True,31.700269269943234,101.16565972566605
7b,fastv,visual_counterfact_color_000385,visual_counterfact_color,432,True,False,True,108.34270337581634,345.15996649861336
7b,fastv,visual_counterfact_color_000386,visual_counterfact_color,432,True,False,True,24.949813392162326,89.03906866908073
7b,fastv,visual_counterfact_color_000390,visual_counterfact_color,432,True,False,True,85.03731638073921,330.69249987602234
7b,fastv,visual_counterfact_color_000391,visual_counterfact_color,432,True,True,False,22.4997351872921,100.53536482155323
7b,fastv,visual_counterfact_color_000392,visual_counterfact_color,432,True,False,True,21.274487261772155,93.75193528831005
7b,fastv,visual_counterfact_color_000393,visual_counterfact_color,432,True,False,True,20.965091891288758,89.62583541870117
7b,fastv,visual_counterfact_color_000394,visual_counterfact_color,432,True,False,True,22.376105614900588,91.51747822761536
7b,fastv,visual_counterfact_color_000395,visual_counterfact_color,432,True,False,True,24.120865845680235,90.21319821476936
7b,fastv,visual_counterfact_color_000398,visual_counterfact_color,432,True,False,True,88.97457052230834,337.8995843231678
7b,fastv,visual_counterfact_color_000400,visual_counterfact_color,432,True,False,True,27.292229644060132,105.7247743010521
7b,fastv,visual_counterfact_color_000403,visual_counterfact_color,432,True,False,True,24.57858626008034,89.07881006598473
7b,fastv,visual_counterfact_color_000410,visual_counterfact_color,432,True,False,True,25.403815909624104,91.26422740519047
7b,fastv,visual_counterfact_color_000412,visual_counterfact_color,432,True,False,True,44.077914322614674,159.3657322227955
7b,fastv,visual_counterfact_color_000420,visual_counterfact_color,432,True,False,True,25.901961525678637,94.0299965441227
7b,fastv,visual_counterfact_color_000422,visual_counterfact_color,432,True,False,True,25.489696333408357,93.16732175648212
7b,fastv,visual_counterfact_color_000431,visual_counterfact_color,432,True,False,True,31.243101888895037,109.95902493596077
7b,fastv,visual_counterfact_color_000432,visual_counterfact_color,432,True,False,True,31.855295348167424,107.07083344459534
7b,fastv,visual_counterfact_color_000433,visual_counterfact_color,432,True,False,True,33.36673985004425,105.4037194699049
7b,fastv,visual_counterfact_color_000434,visual_counterfact_color,432,True,False,True,32.589563863277434,99.9519694596529
7b,fastv,visual_counterfact_color_000440,visual_counterfact_color,432,True,True,False,37.58052047848702,115.35530723631382
7b,fastv,visual_counterfact_color_000442,visual_counterfact_color,432,True,False,True,33.18533378720283,101.84617526829243
7b,fastv,visual_counterfact_color_000447,visual_counterfact_color,432,True,False,True,33.00106408834458,101.41714103519917
7b,fastv,visual_counterfact_color_000448,visual_counterfact_color,432,True,False,True,32.309964503049855,99.14997406303883
7b,fastv,visual_counterfact_color_000449,visual_counterfact_color,432,True,False,True,32.57582882165909,98.62050041556358
7b,fastv,visual_counterfact_color_000454,visual_counterfact_color,432,True,False,True,33.03578585028649,99.89329986274242
7b,fastv,visual_counterfact_color_000465,visual_counterfact_color,432,True,False,True,32.167881513834,96.61183506250381
7b,fastv,visual_counterfact_color_000467,visual_counterfact_color,432,True,False,True,33.9064748096466,101.32583975791931
7b,fastv,visual_counterfact_color_000468,visual_counterfact_color,432,True,False,True,32.91673555374146,97.12263941764832
7b,fastv,visual_counterfact_color_000476,visual_counterfact_color,432,True,False,True,34.40771563529968,100.84777884185314
7b,fastv,visual_counterfact_color_000477,visual_counterfact_color,432,True,False,True,31.203783144950865,90.32752737402916
7b,fastv,visual_counterfact_color_000480,visual_counterfact_color,432,True,False,True,33.456520936489106,96.73239663243294
7b,fastv,visual_counterfact_color_000481,visual_counterfact_color,432,True,False,False,34.594307327270506,99.72851909697056
7b,fastv,visual_counterfact_color_000482,visual_counterfact_color,432,True,False,True,31.481226499080655,90.83547443151474
7b,fastv,visual_counterfact_color_000484,visual_counterfact_color,432,True,False,True,32.755626125335695,94.6824923157692
7b,fastv,visual_counterfact_color_000487,visual_counterfact_color,432,True,False,True,38.75790493249893,111.80684715509415
7b,fastv,visual_counterfact_color_000491,visual_counterfact_color,432,True,False,True,30.74208731174469,88.39595317840576
7b,fastv,visual_counterfact_size_000000,visual_counterfact_size,dense,False,False,False,42.79717530012131,123.472535982728
7b,fastv,visual_counterfact_size_000001,visual_counterfact_size,dense,True,False,True,48.38270731687546,140.01225866377354
7b,fastv,visual_counterfact_size_000002,visual_counterfact_size,dense,True,False,True,44.16585947990417,128.73204238712788
7b,fastv,visual_counterfact_size_000014,visual_counterfact_size,dense,False,False,False,114.9043348789215,368.2792093604803
7b,fastv,visual_counterfact_size_000015,visual_counterfact_size,dense,True,False,True,37.18470958471299,131.25485181808472
7b,fastv,visual_counterfact_size_000020,visual_counterfact_size,dense,False,False,False,32.93547677993775,117.48366244137287
7b,fastv,visual_counterfact_size_000031,visual_counterfact_size,dense,True,False,True,33.50360458016396,119.04274486005306
7b,fastv,visual_counterfact_size_000033,visual_counterfact_size,dense,True,False,True,40.24976143240929,142.7976954728365
7b,fastv,visual_counterfact_size_000041,visual_counterfact_size,dense,False,False,False,25.565075385570527,90.5197523534298
7b,fastv,visual_counterfact_size_000044,visual_counterfact_size,dense,False,False,False,32.204178153276445,108.59859548509121
7b,fastv,visual_counterfact_size_000049,visual_counterfact_size,dense,True,False,True,31.209195190668105,101.57597064971924
7b,fastv,visual_counterfact_size_000050,visual_counterfact_size,dense,False,False,False,34.88750220060349,106.03704489767551
7b,fastv,visual_counterfact_size_000061,visual_counterfact_size,dense,True,False,True,34.919383807182314,103.55505719780922
7b,fastv,visual_counterfact_size_000064,visual_counterfact_size,dense,False,False,False,37.861473757028584,110.02608388662338
7b,fastv,visual_counterfact_size_000065,visual_counterfact_size,dense,True,False,True,112.23908234357833,351.14104487001896
7b,fastv,visual_counterfact_size_000070,visual_counterfact_size,dense,False,False,False,88.21772193193436,341.0355895757675
7b,fastv,visual_counterfact_size_000075,visual_counterfact_size,dense,True,False,False,24.50235798358917,108.9622862637043
7b,fastv,visual_counterfact_size_000081,visual_counterfact_size,dense,True,False,True,19.826990777254103,87.68807910382748
7b,fastv,visual_counterfact_size_000089,visual_counterfact_size,dense,True,False,True,24.46248363733292,105.96036538481712
7b,fastv,visual_counterfact_size_000112,visual_counterfact_size,dense,True,False,True,21.15785926103592,88.65253627300262
7b,fastv,visual_counterfact_size_000120,visual_counterfact_size,dense,True,False,True,29.971272768974302,116.3724809885025
7b,fastv,visual_counterfact_size_000122,visual_counterfact_size,dense,False,False,False,31.97777545452118,115.07295444607735
7b,fastv,visual_counterfact_size_000131,visual_counterfact_size,dense,False,False,False,39.52872978329659,134.18463431298733
7b,fastv,visual_counterfact_size_000136,visual_counterfact_size,dense,False,False,False,31.803723454475403,97.01682068407536
7b,fastv,visual_counterfact_size_000137,visual_counterfact_size,dense,True,False,True,32.37363702058792,98.19928742945194
7b,fastv,visual_counterfact_size_000140,visual_counterfact_size,dense,True,False,True,49.28289515972137,140.36155864596367
7b,fastv,visual_counterfact_size_000146,visual_counterfact_size,dense,True,False,True,40.265366506576534,115.35441502928734
7b,fastv,visual_counterfact_size_000147,visual_counterfact_size,dense,True,False,True,51.7025128865242,148.81143532693386
7b,fastv,visual_counterfact_size_000155,visual_counterfact_size,dense,True,False,True,45.36373117923737,131.05716928839684
7b,fastv,visual_counterfact_size_000156,visual_counterfact_size,dense,True,False,True,37.71770264029503,108.93110558390617
7b,fastv,visual_counterfact_size_000157,visual_counterfact_size,dense,True,False,True,30.708857426643373,88.66940811276436
7b,fastv,visual_counterfact_size_000160,visual_counterfact_size,dense,True,False,True,41.28152437567711,118.99019218981266
7b,fastv,visual_counterfact_size_000165,visual_counterfact_size,dense,False,False,False,35.68224655151367,102.77719981968403
7b,fastv,visual_counterfact_size_000166,visual_counterfact_size,dense,True,False,True,49.30817768812179,140.6546626240015
7b,fastv,visual_counterfact_size_000171,visual_counterfact_size,dense,True,False,True,41.164265178442,116.72681383788586
7b,fastv,visual_counterfact_size_000173,visual_counterfact_size,dense,False,False,False,36.93300131797791,104.1726004332304
7b,fastv,visual_counterfact_size_000174,visual_counterfact_size,dense,True,False,True,42.03081993103027,119.81859616935253
7b,fastv,visual_counterfact_size_000181,visual_counterfact_size,dense,True,False,True,48.98611374735832,140.23210853338242
7b,fastv,visual_counterfact_size_000186,visual_counterfact_size,dense,False,False,False,42.8222411763668,122.98428267240524
7b,fastv,visual_counterfact_size_000187,visual_counterfact_size,dense,False,False,False,35.2499394762516,100.60944221913815
7b,fastv,visual_counterfact_size_000190,visual_counterfact_size,dense,False,False,False,52.04954541802405,148.32818880677223
7b,fastv,visual_counterfact_size_000193,visual_counterfact_size,dense,False,False,False,41.585520215034485,119.050033390522
7b,fastv,visual_counterfact_size_000197,visual_counterfact_size,dense,True,False,True,36.491445382833476,103.86296920478344
7b,fastv,visual_counterfact_size_000198,visual_counterfact_size,dense,True,False,True,35.67775298714638,101.0503564029932
7b,fastv,visual_counterfact_size_000203,visual_counterfact_size,dense,False,False,False,36.92005402684212,104.78548519313335
7b,fastv,visual_counterfact_size_000212,visual_counterfact_size,dense,True,False,True,36.52688331604004,103.73464040458202
7b,fastv,visual_counterfact_size_000226,visual_counterfact_size,dense,True,False,True,41.10309956073761,117.29900911450386
7b,fastv,visual_counterfact_size_000235,visual_counterfact_size,dense,True,False,True,33.88754978656769,96.62060625851154
7b,fastv,visual_counterfact_size_000247,visual_counterfact_size,dense,True,False,True,30.667074794769285,87.00104616582394
7b,fastv,visual_counterfact_size_000258,visual_counterfact_size,dense,False,False,False,46.70262180805206,134.28586721420288
7b,fastv,visual_counterfact_size_000260,visual_counterfact_size,dense,True,False,True,108.44939365625382,336.89340576529503
7b,fastv,visual_counterfact_size_000264,visual_counterfact_size,dense,False,False,False,32.15526204109192,111.71742714941502
7b,fastv,visual_counterfact_size_000272,visual_counterfact_size,dense,False,False,False,29.45968922376633,103.28296571969986
7b,fastv,visual_counterfact_size_000284,visual_counterfact_size,dense,False,False,False,94.58711085319518,364.9353515356779
7b,fastv,visual_counterfact_size_000289,visual_counterfact_size,dense,True,False,True,30.000531210899354,129.1355174034834
7b,fastv,visual_counterfact_size_000290,visual_counterfact_size,dense,True,False,True,20.750434354543685,86.29122748970985
7b,fastv,visual_counterfact_size_000295,visual_counterfact_size,dense,True,False,True,32.04756252646446,119.65873651206493
7b,fastv,visual_counterfact_size_000296,visual_counterfact_size,dense,True,False,True,37.642493848800655,134.26442630589008
7b,fastv,visual_counterfact_size_000310,visual_counterfact_size,dense,False,False,False,34.50478790640831,119.53079514205456
7b,fastv,visual_counterfact_size_000311,visual_counterfact_size,dense,True,False,True,36.282480812072755,123.09188209474087
7b,fastv,visual_counterfact_size_000317,visual_counterfact_size,dense,True,False,True,32.07695842266083,103.53590734302998
7b,fastv,visual_counterfact_size_000322,visual_counterfact_size,dense,False,False,False,116.49295974850655,374.2030132561922
7b,fastv,visual_counterfact_size_000325,visual_counterfact_size,dense,True,False,True,33.56264264464379,118.1766428053379
7b,fastv,visual_counterfact_size_000329,visual_counterfact_size,dense,True,False,True,34.918551888465885,123.39514307677746
7b,fastv,visual_counterfact_size_000330,visual_counterfact_size,dense,True,False,True,36.198411017656326,128.1401477754116
7b,fastv,visual_counterfact_size_000335,visual_counterfact_size,dense,True,False,True,37.78279838323593,133.82810354232788
7b,fastv,visual_counterfact_size_000342,visual_counterfact_size,dense,False,False,False,30.19763836979866,105.34564033150673
7b,fastv,visual_counterfact_size_000348,visual_counterfact_size,dense,True,False,True,30.07316872954369,104.05468195676804
7b,fastv,visual_counterfact_size_000362,visual_counterfact_size,dense,True,False,True,37.42572012424469,118.76904033124447
7b,fastv,visual_counterfact_size_000363,visual_counterfact_size,dense,False,False,False,43.30118560910225,132.46246054768562
7b,fastv,visual_counterfact_size_000368,visual_counterfact_size,dense,True,False,True,30.59402391314507,88.4724073112011
7b,fastv,visual_counterfact_size_000374,visual_counterfact_size,dense,True,False,True,35.806684110164646,103.12672518193722
7b,fastv,visual_counterfact_size_000375,visual_counterfact_size,dense,True,False,True,45.738604354858396,130.71009889245033
7b,fastv,visual_counterfact_size_000379,visual_counterfact_size,dense,False,False,False,41.889664417505266,120.39167247712612
7b,fastv,visual_counterfact_size_000388,visual_counterfact_size,dense,False,False,False,45.83504985451698,132.2951391339302
7b,fastv,visual_counterfact_size_000391,visual_counterfact_size,dense,False,False,False,45.36024621367455,132.10595957934856
7b,fastv,visual_counterfact_size_000396,visual_counterfact_size,dense,True,False,True,35.10355186462402,102.20514796674252
7b,fastv,visual_counterfact_size_000399,visual_counterfact_size,dense,True,False,True,40.901890355348584,119.08798478543758
7b,fastv,visual_counterfact_size_000406,visual_counterfact_size,dense,True,False,True,39.49735475778579,115.4232770204544
7b,fastv,visual_counterfact_size_000411,visual_counterfact_size,dense,True,False,True,45.7584030020237,133.66569951176643
7b,fastv,visual_counterfact_size_000412,visual_counterfact_size,dense,True,False,True,36.54807015895844,106.6704299300909
7b,fastv,visual_counterfact_size_000414,visual_counterfact_size,dense,False,False,False,35.21826056718827,103.29131409525871
7b,fastv,visual_counterfact_size_000415,visual_counterfact_size,dense,True,False,True,35.58441407203674,104.5530866831541
7b,fastv,visual_counterfact_size_000418,visual_counterfact_size,dense,True,False,True,44.26740042328835,129.21600602567196
7b,fastv,visual_counterfact_size_000420,visual_counterfact_size,dense,True,False,True,45.42494415044784,131.78502768278122
7b,fastv,visual_counterfact_size_000423,visual_counterfact_size,dense,False,False,False,41.43914206027984,119.2682757973671
7b,fastv,visual_counterfact_size_000424,visual_counterfact_size,dense,True,False,True,35.251492012739185,101.67394205927849
7b,fastv,visual_counterfact_size_000433,visual_counterfact_size,dense,False,False,False,40.72373013019562,117.51430109143257
7b,fastv,visual_counterfact_size_000434,visual_counterfact_size,dense,True,False,True,35.622599840164185,102.70047187805176
7b,fastv,visual_counterfact_size_000435,visual_counterfact_size,dense,True,False,True,40.64467210173607,117.82578378915787
7b,fastv,visual_counterfact_size_000440,visual_counterfact_size,dense,False,False,False,109.40165546417236,338.45948055386543
7b,fastv,visual_counterfact_size_000448,visual_counterfact_size,dense,True,False,True,36.20758905649185,126.23090296983719
7b,fastv,visual_counterfact_size_000458,visual_counterfact_size,dense,True,False,True,25.245198997259138,88.01384270191193
7b,fastv,visual_counterfact_size_000464,visual_counterfact_size,dense,True,False,True,38.49167805433273,132.1195587515831
7b,fastv,visual_counterfact_size_000466,visual_counterfact_size,dense,True,False,True,36.041173696517944,123.84054809808731
7b,fastv,visual_counterfact_size_000468,visual_counterfact_size,dense,True,False,True,42.682104445695884,146.19631320238113
7b,fastv,visual_counterfact_size_000469,visual_counterfact_size,dense,True,False,True,35.59018919467926,120.00670842826366
7b,fastv,visual_counterfact_size_000476,visual_counterfact_size,dense,True,False,True,33.42843853592873,106.13050311803818
7b,fastv,visual_counterfact_size_000479,visual_counterfact_size,dense,True,False,True,38.269051468372346,116.9719360768795
7b,fastv,visual_counterfact_size_000484,visual_counterfact_size,dense,True,False,True,39.66477596640587,115.10547250509262
7b,fastv,visual_counterfact_size_000489,visual_counterfact_size,dense,True,False,True,41.68988358974457,120.97145803272724
7b,fastv,visual_counterfact_size_000490,visual_counterfact_size,dense,False,False,False,41.866610666513445,122.9096632450819
7b,fastv,visual_counterfact_size_000509,visual_counterfact_size,dense,False,False,False,44.87999391078949,132.62099213898182
7b,fastv,visual_counterfact_size_000510,visual_counterfact_size,dense,True,False,True,29.757106437683106,88.03102001547813
7b,fastv,visual_counterfact_size_000522,visual_counterfact_size,dense,True,False,True,40.603089745044706,120.18500082194805
7b,fastv,visual_counterfact_size_000524,visual_counterfact_size,dense,True,False,True,35.283900359869,103.97803038358688
7b,fastv,visual_counterfact_size_000525,visual_counterfact_size,dense,False,False,False,36.99907040596008,108.44218172132969
7b,fastv,visual_counterfact_size_000526,visual_counterfact_size,dense,True,False,True,40.71015765547752,119.14856173098087
7b,fastv,visual_counterfact_size_000527,visual_counterfact_size,dense,True,False,True,33.75891765832901,98.72668236494064
7b,fastv,visual_counterfact_size_000532,visual_counterfact_size,dense,False,False,False,49.22511412501335,143.61095614731312
7b,fastv,visual_counterfact_size_000533,visual_counterfact_size,dense,True,False,True,31.89447112798691,92.5280749797821
7b,fastv,visual_counterfact_size_000534,visual_counterfact_size,dense,True,False,True,37.87881719112396,108.72533544898033
7b,fastv,visual_counterfact_size_000535,visual_counterfact_size,dense,False,False,False,45.698600597381585,131.36846385896206
7b,fastv,visual_counterfact_size_000540,visual_counterfact_size,dense,True,False,True,35.92809450507164,103.35864499211311
7b,fastv,visual_counterfact_size_000541,visual_counterfact_size,dense,True,False,True,34.08557412266731,98.5988900065422
7b,fastv,visual_counterfact_size_000542,visual_counterfact_size,dense,False,False,False,36.18834674358368,104.76150549948215
7b,fastv,visual_counterfact_size_000543,visual_counterfact_size,dense,True,False,True,39.01280896663666,112.6631647348404
7b,fastv,visual_counterfact_size_000545,visual_counterfact_size,dense,True,False,True,36.27497900128365,104.60633412003517
7b,fastv,visual_counterfact_size_000550,visual_counterfact_size,dense,False,False,False,42.00788517594338,120.57390436530113
7b,fastv,visual_counterfact_size_000556,visual_counterfact_size,dense,True,False,True,46.36187853693962,134.01271402835846
7b,fastv,visual_counterfact_size_000560,visual_counterfact_size,dense,False,False,False,40.13386431455612,116.47443100810051
7b,fastv,visual_counterfact_size_000562,visual_counterfact_size,dense,False,False,False,45.59116989612579,132.64926336705685
7b,fastv,visual_counterfact_size_000565,visual_counterfact_size,dense,True,False,True,36.72443907856941,106.8247128278017
7b,fastv,visual_counterfact_size_000575,visual_counterfact_size,dense,True,False,True,41.308612674474716,120.15333957970142
7b,fastv,visual_counterfact_size_000578,visual_counterfact_size,dense,True,False,True,44.24635662436485,129.36017848551273
7b,fastv,visual_counterfact_size_000579,visual_counterfact_size,dense,True,False,True,112.75172362804413,356.19746148586273
7b,fastv,visual_counterfact_size_000610,visual_counterfact_size,dense,False,False,False,42.62621509432793,148.95359054207802
7b,fastv,visual_counterfact_size_000617,visual_counterfact_size,dense,False,False,False,37.34005498409272,132.18616135418415
7b,fastv,visual_counterfact_size_000623,visual_counterfact_size,dense,True,False,True,28.903423312902454,102.78218239545822
7b,fastv,visual_counterfact_size_000628,visual_counterfact_size,dense,False,False,False,36.23547688484192,129.09854762256145
7b,fastv,visual_counterfact_size_000632,visual_counterfact_size,dense,True,False,True,24.92696083068848,88.97123858332634
7b,fastv,visual_counterfact_size_000643,visual_counterfact_size,dense,True,False,False,38.972005095481876,134.3338843435049
7b,fastv,visual_counterfact_size_000644,visual_counterfact_size,dense,True,False,True,31.208311100006103,101.51689127087593
7b,fastv,visual_counterfact_size_000649,visual_counterfact_size,dense,True,False,True,33.53889167904854,102.62937285006046
7b,fastv,visual_counterfact_size_000656,visual_counterfact_size,dense,True,False,True,35.34132395863533,104.07570004463196
7b,fastv,visual_counterfact_size_000657,visual_counterfact_size,dense,True,False,True,36.015265362262724,105.46435229480267
7b,fastv,visual_counterfact_size_000662,visual_counterfact_size,dense,True,False,True,42.780685725212095,125.03150664269924
7b,fastv,visual_counterfact_size_000665,visual_counterfact_size,dense,False,False,False,39.887422835826875,116.16639979183674
7b,fastv,visual_counterfact_size_000666,visual_counterfact_size,dense,True,False,True,40.842073353528974,118.49460937082767
7b,fastv,visual_counterfact_size_000671,visual_counterfact_size,dense,True,False,True,30.290608969926833,87.45229616761208
7b,fastv,visual_counterfact_size_000681,visual_counterfact_size,dense,True,False,True,36.21647129654884,104.31895218789577
7b,fastv,visual_counterfact_size_000691,visual_counterfact_size,dense,True,False,True,36.191448462009426,104.02243956923485
7b,fastv,visual_counterfact_size_000692,visual_counterfact_size,dense,False,False,False,36.06073594093323,103.2660435885191
7b,fastv,visual_counterfact_size_000694,visual_counterfact_size,dense,True,False,True,36.31131813526153,103.82079891860485
7b,fastv,visual_counterfact_size_000696,visual_counterfact_size,dense,True,False,True,41.008267827034,117.41515062749386
7b,fastv,visual_counterfact_size_000708,visual_counterfact_size,dense,False,False,False,35.631775531768795,101.83019191026688
7b,fastv,visual_counterfact_size_000710,visual_counterfact_size,dense,True,False,True,41.59330886602402,117.66885221004486
7b,fastv,visual_counterfact_size_000719,visual_counterfact_size,dense,True,False,True,42.30650827527046,120.04688009619713
7b,fastv,visual_counterfact_size_000720,visual_counterfact_size,dense,False,False,False,46.59334133505821,132.57010281085968
7b,fastv,visual_counterfact_size_000721,visual_counterfact_size,dense,True,False,True,36.11581268668175,104.19353097677231
7b,scope,mmstar_000011,mmstar,dense,False,False,False,15.982560529708863,89.4167609512806
7b,scope,mmstar_000012,mmstar,dense,False,False,False,17.668274779319763,87.60292083024979
7b,scope,mmstar_000028,mmstar,dense,True,False,False,57.88713483333588,229.99520413577557
7b,scope,mmstar_000031,mmstar,dense,True,False,True,25.90376847743988,89.3485713750124
7b,scope,mmstar_000037,mmstar,dense,True,False,False,28.896026573181153,89.30307999253273
7b,scope,mmstar_000043,mmstar,dense,True,False,False,68.20375358581543,194.4600809365511
7b,scope,mmstar_000049,mmstar,dense,True,False,False,34.86118879318238,94.38401833176613
7b,scope,mmstar_000054,mmstar,dense,False,False,False,58.43398373007774,158.5780344903469
7b,scope,mmstar_000068,mmstar,dense,True,False,True,33.00160292863846,89.59873020648956
7b,scope,mmstar_000089,mmstar,dense,True,False,False,59.467240808010104,161.41571290791035
7b,scope,mmstar_000091,mmstar,dense,True,False,False,37.45875357866287,102.40541771054268
7b,scope,mmstar_000092,mmstar,dense,True,False,False,169.73681833267213,533.9745916426182
7b,scope,mmstar_000094,mmstar,dense,True,False,True,22.22084619998932,87.78481185436249
7b,scope,mmstar_000103,mmstar,dense,True,False,True,21.778796058893207,86.22520789504051
7b,scope,mmstar_000105,mmstar,dense,False,False,False,21.545389211177824,86.93518117070198
7b,scope,mmstar_000113,mmstar,dense,False,False,False,74.3600378012657,327.33856327831745
7b,scope,mmstar_000124,mmstar,dense,False,False,False,26.052844383716582,118.13938431441784
7b,scope,mmstar_000131,mmstar,dense,True,False,True,22.560362439155575,87.27235533297062
7b,scope,mmstar_000139,mmstar,dense,True,False,True,23.885290592908856,87.09164336323738
7b,scope,mmstar_000154,mmstar,dense,False,False,False,26.65800665974617,91.76186099648476
7b,scope,mmstar_000155,mmstar,dense,True,False,True,27.211807485818866,89.15790915489197
7b,scope,mmstar_000157,mmstar,dense,False,False,False,26.074940731525423,85.00254899263382
7b,scope,mmstar_000160,mmstar,dense,True,False,True,26.17326196789741,84.59155634045601
7b,scope,mmstar_000163,mmstar,dense,True,False,True,26.011778763532636,83.40858854353428
7b,scope,mmstar_000166,mmstar,dense,True,False,False,29.544220447540287,87.1840137988329
7b,scope,mmstar_000167,mmstar,dense,True,False,False,30.414051349163056,85.98113618791103
7b,scope,mmstar_000174,mmstar,dense,True,False,True,30.962394657135007,83.63720774650574
7b,scope,mmstar_000183,mmstar,dense,True,False,True,33.8022094810009,91.12678281962872
7b,scope,mmstar_000184,mmstar,dense,True,False,False,37.62357435107231,100.91762617230415
7b,scope,mmstar_000187,mmstar,dense,True,False,False,32.15227841496467,86.2598791718483
7b,scope,mmstar_000192,mmstar,dense,True,False,False,33.64047196745872,90.34586697816849
7b,scope,mmstar_000193,mmstar,dense,True,False,True,33.24536162018776,89.42649886012077
7b,scope,mmstar_000196,mmstar,dense,True,False,True,32.197980220317845,87.69953064620495
7b,scope,mmstar_000197,mmstar,dense,False,False,False,31.49024998664856,85.84179542958736
7b,scope,mmstar_000205,mmstar,dense,False,False,False,67.44735674262047,185.79760566353798
7b,scope,mmstar_000207,mmstar,dense,True,False,False,31.503488814830778,86.34684048593044
7b,scope,mmstar_000219,mmstar,dense,True,False,True,34.434165161848064,94.38536874949932
7b,scope,mmstar_000243,mmstar,dense,True,False,False,83.88247960090638,231.12833313643932
7b,scope,mmstar_000244,mmstar,dense,True,False,True,42.551990262269975,118.22475492954254
7b,scope,mmstar_000248,mmstar,dense,True,False,True,30.765872827768327,85.45203320682049
7b,scope,mmstar_000254,mmstar,dense,False,False,False,30.784181373119353,85.49530245363712
7b,scope,mmstar_000257,mmstar,dense,True,False,False,31.62336713314056,88.36322277784348
7b,scope,mmstar_000267,mmstar,432,True,False,True,169.1351974618435,561.1391440033913
7b,scope,mmstar_000270,mmstar,dense,True,False,True,13.138761262893677,96.49712406098843
7b,scope,mmstar_000274,mmstar,dense,False,False,False,15.374543571472168,90.36378934979439
7b,scope,mmstar_000275,mmstar,dense,False,False,False,30.56914840579033,170.62159441411495
7b,scope,mmstar_000283,mmstar,432,False,False,False,206.37503969192505,935.4862235486507
7b,scope,mmstar_000284,mmstar,dense,True,False,False,28.737512601613997,135.9400451183319
7b,scope,mmstar_000291,mmstar,dense,False,False,False,23.403998841047283,97.72643074393272
7b,scope,mmstar_000311,mmstar,dense,False,False,False,27.150844335556027,102.50874795019627
7b,scope,mmstar_000313,mmstar,432,False,False,False,50.103634841442116,169.8648054152727
7b,scope,mmstar_000320,mmstar,dense,False,False,False,30.187787308692933,138.31619173288345
7b,scope,mmstar_000324,mmstar,432,False,False,False,42.50029978513718,174.68408308923244
7b,scope,mmstar_000325,mmstar,dense,True,False,True,17.692940386533735,90.82134254276752
7b,scope,mmstar_000335,mmstar,dense,False,False,False,21.021147823333738,91.56261570751667
7b,scope,mmstar_000344,mmstar,dense,False,False,False,83.97475709557533,324.5174251496792
7b,scope,mmstar_000354,mmstar,dense,True,False,False,31.41127505779266,111.43561638891697
7b,scope,mmstar_000360,mmstar,dense,True,False,False,27.95558618545532,93.37444044649601
7b,scope,mmstar_000366,mmstar,dense,False,False,False,27.033908071517942,89.28981982171535
7b,scope,mmstar_000367,mmstar,dense,False,False,False,27.276518654823303,91.25197492539883
7b,scope,mmstar_000369,mmstar,dense,False,False,False,91.8133737373352,332.3587588965893
7b,scope,mmstar_000370,mmstar,dense,True,False,True,24.042745513916014,91.92840941250324
7b,scope,mmstar_000375,mmstar,432,True,False,True,44.19470256090164,164.05925527215004
7b,scope,mmstar_000379,mmstar,dense,False,False,False,21.233138647079464,105.69693148136139
7b,scope,mmstar_000384,mmstar,dense,False,False,False,19.731844085454938,92.26471371948719
7b,scope,mmstar_000386,mmstar,dense,False,False,False,81.1792308461666,320.5724414438009
7b,scope,mmstar_000397,mmstar,dense,False,False,False,25.327466783523562,92.61159412562847
7b,scope,mmstar_000400,mmstar,dense,False,False,False,24.77633291244507,88.42243440449238
7b,scope,mmstar_000405,mmstar,dense,False,False,False,33.26137326955795,192.81252659857273
7b,scope,mmstar_000407,mmstar,dense,False,False,False,15.871393853425978,92.15177968144417
7b,scope,mmstar_000413,mmstar,dense,False,False,False,64.11752580165862,378.5170931369066
7b,scope,mmstar_000423,mmstar,dense,True,False,False,17.74856379032135,99.8269971460104
7b,scope,mmstar_000427,mmstar,dense,False,False,False,35.64427561759949,176.32362805306911
7b,scope,mmstar_000428,mmstar,432,False,False,False,42.69597519159317,183.4937073290348
7b,scope,mmstar_000431,mmstar,dense,False,False,False,21.88969044327736,104.9585472792387
7b,scope,mmstar_000433,mmstar,dense,False,False,False,23.763258028030396,92.7144754678011
7b,scope,mmstar_000438,mmstar,dense,False,False,False,24.311137325763703,94.72502022981644
7b,scope,mmstar_000440,mmstar,dense,True,False,True,26.284761523008346,85.60319431126118
7b,scope,mmstar_000444,mmstar,dense,False,False,False,26.890947614908217,86.66859194636345
7b,scope,mmstar_000447,mmstar,432,True,False,True,58.7259312582016,174.15202781558037
7b,scope,mmstar_000453,mmstar,dense,False,False,False,19.134234706163408,90.24431556463242
7b,scope,mmstar_000464,mmstar,dense,False,False,False,22.07028563261032,95.86109034717083
7b,scope,mmstar_000466,mmstar,dense,False,False,False,24.99198657989502,94.71812099218369
7b,scope,mmstar_000470,mmstar,dense,False,False,False,24.318608586788176,87.00801245868206
7b,scope,mmstar_000479,mmstar,dense,False,False,False,43.92535737991333,135.78597456216812
7b,scope,mmstar_000481,mmstar,dense,True,False,True,30.53165720820427,87.6838881522417
7b,scope,mmstar_000485,mmstar,dense,False,False,False,31.732954680919647,87.186174467206
7b,scope,mmstar_000491,mmstar,dense,True,False,False,107.77040657401085,315.5227955430746
7b,scope,mmstar_000494,mmstar,dense,False,False,False,28.328253374099727,89.06031027436256
7b,scope,mmstar_000495,mmstar,dense,False,False,False,27.880095171928403,89.34037946164608
7b,scope,mmstar_000500,mmstar,dense,True,False,False,108.59788715720178,395.16706578433514
7b,scope,mmstar_000501,mmstar,dense,False,False,False,21.061181241273882,92.20431186258793
7b,scope,mmstar_000508,mmstar,dense,False,False,False,21.23174471855164,87.86958828568459
7b,scope,mmstar_000509,mmstar,dense,False,False,False,22.387391376495362,86.75788156688213
7b,scope,mmstar_000511,mmstar,dense,False,False,False,66.09358168959618,235.0375596433878
7b,scope,mmstar_000512,mmstar,dense,False,False,False,28.382263662815095,94.08029727637768
7b,scope,mmstar_000519,mmstar,dense,False,False,False,32.28658029437065,105.47683201730251
7b,scope,mmstar_000521,mmstar,dense,False,False,False,32.05943197131157,94.35836784541607
7b,scope,mmstar_000538,mmstar,dense,True,False,True,33.0465804541111,94.85883265733719
7b,scope,mmstar_000542,mmstar,dense,False,False,False,36.37775219678879,97.98284620046616
7b,scope,mmstar_000553,mmstar,dense,True,False,False,36.53091842651367,96.68865613639355
7b,scope,mmstar_000563,mmstar,dense,False,False,False,48.15319121360779,131.30524195730686
7b,scope,mmstar_000564,mmstar,dense,False,False,False,32.75440278410912,90.49214981496334
7b,scope,mmstar_000567,mmstar,dense,False,False,False,30.55909938335419,86.19416877627373
7b,scope,mmstar_000572,mmstar,dense,False,False,False,30.45343976020813,85.81460267305374
7b,scope,mmstar_000575,mmstar,dense,True,False,True,31.73619502544403,89.05723132193089
7b,scope,mmstar_000577,mmstar,dense,False,False,False,31.279591336250302,87.83474005758762
7b,scope,mmstar_000578,mmstar,dense,True,False,False,30.413889877796173,85.77454648911953
7b,scope,mmstar_000581,mmstar,dense,False,False,False,32.25157840490341,91.13308601081371
7b,scope,mmstar_000582,mmstar,dense,False,False,False,37.734716674089434,107.97267779707909
7b,scope,mmstar_000589,mmstar,dense,False,False,False,46.992835272550586,132.8680943697691
7b,scope,mmstar_000591,mmstar,dense,False,False,False,31.970677716732023,89.3275011330843
7b,scope,mmstar_000592,mmstar,dense,True,False,False,31.554218114614486,87.02674321830273
7b,scope,mmstar_000593,mmstar,dense,False,False,False,32.03386543989181,87.53852918744087
7b,scope,mmstar_000597,mmstar,dense,True,False,True,31.93152540206909,87.40458823740482
7b,scope,mmstar_000600,mmstar,dense,False,False,False,32.89106581091881,90.13939462602139
7b,scope,mmstar_000602,mmstar,dense,False,False,False,32.22161920309067,87.4896552413702
7b,scope,mmstar_000608,mmstar,dense,False,False,False,85.3381378555298,230.92196136713028
7b,scope,mmstar_000613,mmstar,dense,False,False,False,94.6534994316101,262.9444170743227
7b,scope,mmstar_000614,mmstar,dense,False,False,False,46.615368165969855,131.58873468637466
7b,scope,mmstar_000617,mmstar,dense,True,False,False,31.25118283748627,88.6602159589529
7b,scope,mmstar_000622,mmstar,dense,False,False,False,31.019408926963806,89.47190083563328
7b,scope,mmstar_000631,mmstar,dense,True,False,True,32.994809366464615,117.62433871626854
7b,scope,mmstar_000634,mmstar,dense,False,False,False,33.90000057339668,123.7091962248087
7b,scope,mmstar_000635,mmstar,dense,False,False,False,23.51214960217476,86.80340461432934
7b,scope,mmstar_000636,mmstar,dense,False,False,False,24.413497527837755,89.37348239123821
7b,scope,mmstar_000657,mmstar,dense,True,False,False,26.5395295715332,96.4659359306097
7b,scope,mmstar_000673,mmstar,dense,False,False,False,28.163709460496904,100.50563514232635
7b,scope,mmstar_000680,mmstar,dense,False,False,False,26.999755696058276,94.77447904646397
7b,scope,mmstar_000683,mmstar,dense,False,False,False,27.783169862031937,88.71900662779808
7b,scope,mmstar_000685,mmstar,dense,False,False,False,27.307227770090105,86.24020777642727
7b,scope,mmstar_000691,mmstar,dense,True,False,True,29.64897049665451,85.87829396128654
7b,scope,mmstar_000693,mmstar,dense,True,False,True,32.04130558013916,89.38847295939922
7b,scope,mmstar_000701,mmstar,dense,True,False,True,31.70917820930481,86.95894293487072
7b,scope,mmstar_000703,mmstar,dense,True,False,False,33.02370319366455,89.07237648963928
7b,scope,mmstar_000705,mmstar,dense,True,False,True,31.934878730773924,86.1689280718565
7b,scope,mmstar_000711,mmstar,dense,True,False,True,31.628070902824398,85.3893905878067
7b,scope,mmstar_000720,mmstar,dense,True,False,True,31.76755873441696,85.81226319074631
7b,scope,mmstar_000723,mmstar,dense,True,False,True,31.435629177093507,85.53307130932808
7b,scope,mmstar_000731,mmstar,dense,True,False,True,34.55285496473313,94.02394481003284
7b,scope,mmstar_000732,mmstar,dense,True,False,True,50.136367800235746,137.08128593862057
7b,scope,mmstar_000736,mmstar,dense,False,False,False,31.551883503198624,86.00534684956074
7b,scope,mmstar_000741,mmstar,dense,True,False,False,31.24515912294388,84.7623161971569
7b,scope,mmstar_000757,mmstar,dense,False,False,False,31.636042090654374,86.30952052772045
7b,scope,mmstar_000769,mmstar,dense,False,False,False,35.61252837181092,110.61533913016319
7b,scope,mmstar_000777,mmstar,dense,False,False,False,33.16500189781189,104.87220622599125
7b,scope,mmstar_000778,mmstar,dense,True,False,False,31.072732923030856,100.00381991267204
7b,scope,mmstar_000782,mmstar,dense,False,False,False,26.98673166751862,87.0069544762373
7b,scope,mmstar_000783,mmstar,dense,True,False,True,26.84278461456299,86.67279221117496
7b,scope,mmstar_000784,mmstar,dense,False,False,False,35.30869293689727,112.90035396814346
7b,scope,mmstar_000786,mmstar,dense,True,False,True,37.56063827514649,118.89846995472908
7b,scope,mmstar_000788,mmstar,dense,True,False,False,34.294313983917235,104.74764555692673
7b,scope,mmstar_000789,mmstar,dense,False,False,False,105.30289170026779,325.1496758311987
7b,scope,mmstar_000794,mmstar,dense,True,False,False,27.796141521930696,89.55642394721508
7b,scope,mmstar_000796,mmstar,dense,False,False,False,27.35062704920769,88.12957257032394
7b,scope,mmstar_000797,mmstar,dense,False,False,False,27.45873695254326,88.60090747475624
7b,scope,mmstar_000803,mmstar,dense,True,False,True,27.25857010602951,88.06085214018822
7b,scope,mmstar_000811,mmstar,dense,False,False,False,27.18636611580849,89.49755132198334
7b,scope,mmstar_000823,mmstar,dense,False,False,False,45.147240347862244,146.21059037745
7b,scope,mmstar_000828,mmstar,dense,False,False,False,27.492317619323728,87.1234554797411
7b,scope,mmstar_000840,mmstar,dense,False,False,False,33.64034209012985,98.18164817988873
7b,scope,mmstar_000842,mmstar,dense,False,False,False,34.34034074664116,94.78607960045338
7b,scope,mmstar_000854,mmstar,dense,False,False,False,56.276345061063765,147.6811207830906
7b,scope,mmstar_000868,mmstar,dense,True,False,False,44.55570836067199,114.75486867129803
7b,scope,mmstar_000872,mmstar,dense,False,False,False,32.87334869146347,84.60934460163116
7b,scope,mmstar_000873,mmstar,dense,False,False,False,35.343646926879885,90.57559072971344
7b,scope,mmstar_000880,mmstar,dense,True,False,False,42.674293113946916,107.2914432734251
7b,scope,mmstar_000881,mmstar,dense,True,False,True,41.79987385749817,105.39262928068638
7b,scope,mmstar_000882,mmstar,dense,False,False,False,35.354311884641646,89.59894254803658
7b,scope,mmstar_000887,mmstar,dense,False,False,False,32.72604172945022,83.99826288223267
7b,scope,mmstar_000902,mmstar,dense,False,False,False,33.49068297863007,87.40025758743286
7b,scope,mmstar_000905,mmstar,dense,False,False,False,63.12676574587822,164.619667455554
7b,scope,mmstar_000909,mmstar,dense,False,False,False,34.665058436393736,92.10404008626938
7b,scope,mmstar_000911,mmstar,dense,False,False,False,32.194668502807616,86.75889112055302
7b,scope,mmstar_000920,mmstar,dense,False,False,False,54.90629999995232,149.16854538023472
7b,scope,mmstar_000928,mmstar,dense,False,False,False,31.795521883964536,87.22702413797379
7b,scope,mmstar_000934,mmstar,dense,False,False,False,31.354479117393495,86.79388090968132
7b,scope,mmstar_000936,mmstar,dense,False,False,False,31.113194429874422,86.78448013961315
7b,scope,mmstar_000942,mmstar,dense,False,False,False,30.958074096441273,86.59969083964825
7b,scope,mmstar_000945,mmstar,dense,False,False,False,33.010455384254456,92.85329654812813
7b,scope,mmstar_000950,mmstar,dense,False,False,False,30.764187893867494,86.86371147632599
7b,scope,mmstar_000951,mmstar,dense,False,False,False,112.02195635080338,332.42220990359783
7b,scope,mmstar_000953,mmstar,dense,False,False,False,130.67923618555068,525.4103690385818
7b,scope,mmstar_000959,mmstar,dense,False,False,False,18.663713639974592,97.21723012626171
7b,scope,mmstar_000962,mmstar,dense,True,False,False,19.954265476465224,100.06162896752357
7b,scope,mmstar_000963,mmstar,dense,False,False,False,19.395611041784285,96.73450700938702
7b,scope,mmstar_000970,mmstar,dense,False,False,False,22.3428755569458,98.86770509183407
7b,scope,mmstar_000971,mmstar,dense,False,False,False,22.878509666919708,100.12621060013771
7b,scope,mmstar_000972,mmstar,dense,False,False,False,28.174795380830766,107.3370948433876
7b,scope,mmstar_000974,mmstar,dense,False,False,False,30.707694609165188,108.36044140160084
7b,scope,mmstar_000978,mmstar,dense,False,False,False,24.79580037355423,86.42909862101078
7b,scope,mmstar_000979,mmstar,dense,True,False,True,28.905987148284908,99.73562695086002
7b,scope,mmstar_000995,mmstar,dense,True,False,False,27.61721528768539,93.02633069455624
7b,scope,mmstar_000998,mmstar,dense,False,False,False,44.78408418893814,151.7085526138544
7b,scope,mmstar_001005,mmstar,dense,False,False,False,91.939908721447,332.6736930757761
7b,scope,mmstar_001006,mmstar,dense,False,False,False,23.466306297779084,85.65190434455872
7b,scope,mmstar_001012,mmstar,dense,False,False,False,38.65896934270859,136.38713955879211
7b,scope,mmstar_001017,mmstar,dense,False,False,False,35.28327144980431,117.52942018210888
7b,scope,mmstar_001022,mmstar,dense,False,False,False,31.463959908485418,106.75420984625816
7b,scope,mmstar_001025,mmstar,dense,True,False,True,28.60540697574616,97.60640375316143
7b,scope,mmstar_001029,mmstar,dense,False,False,False,29.3523383140564,100.41382350027561
7b,scope,mmstar_001031,mmstar,dense,False,False,False,30.626992418766026,104.79724407196045
7b,scope,mmstar_001032,mmstar,dense,True,False,True,31.87135833740234,98.71613048017025
7b,scope,mmstar_001035,mmstar,dense,True,False,True,91.90694579601286,271.0058968514204
7b,scope,mmstar_001039,mmstar,dense,False,False,False,34.530450105667114,101.47376172244549
7b,scope,mmstar_001044,mmstar,dense,False,False,False,34.96718877434731,115.32758362591267
7b,scope,mmstar_001048,mmstar,dense,False,False,False,72.16470518708229,323.7687963992357
7b,scope,mmstar_001059,mmstar,dense,False,False,False,30.78794184923172,160.0842047482729
7b,scope,mmstar_001061,mmstar,dense,False,False,False,16.82506815910339,89.18889984488487
7b,scope,mmstar_001066,mmstar,dense,False,False,False,25.865124152898787,118.58283914625645
7b,scope,mmstar_001068,mmstar,dense,False,False,False,22.624494055509565,93.81993301212788
7b,scope,mmstar_001069,mmstar,dense,False,False,False,24.21968705892563,94.6908500045538
7b,scope,mmstar_001083,mmstar,dense,True,False,False,25.864920469522477,92.32617169618607
7b,scope,mmstar_001094,mmstar,dense,False,False,False,25.035160673856737,83.91603082418442
7b,scope,mmstar_001097,mmstar,dense,False,False,False,28.970305464267728,93.6732105910778
7b,scope,mmstar_001103,mmstar,dense,True,False,True,33.53247423410416,129.1098352521658
7b,scope,mmstar_001104,mmstar,dense,False,False,False,22.992230143547058,94.9339997023344
7b,scope,mmstar_001112,mmstar,dense,False,False,False,21.322258443832396,88.0343709141016
7b,scope,mmstar_001115,mmstar,dense,False,False,False,20.58682478904724,85.50878241658211
7b,scope,mmstar_001121,mmstar,dense,False,False,False,22.05877635240555,91.5833692997694
7b,scope,mmstar_001126,mmstar,dense,False,False,False,22.09455908060074,88.09767104685307
7b,scope,mmstar_001131,mmstar,dense,False,False,False,23.654458160400388,92.3292227089405
7b,scope,mmstar_001133,mmstar,dense,True,False,False,75.02599863409996,247.27224744856358
7b,scope,mmstar_001137,mmstar,dense,False,False,False,50.6899062538147,150.1947809010744
7b,scope,mmstar_001146,mmstar,dense,True,False,False,34.796499397754665,100.53904354572296
7b,scope,mmstar_001159,mmstar,dense,False,False,False,32.51631720066071,94.1248256713152
7b,scope,mmstar_001160,mmstar,dense,False,False,False,31.395226821899417,91.08977392315865
7b,scope,mmstar_001169,mmstar,dense,False,False,False,31.059382412433628,91.26122668385506
7b,scope,mmstar_001188,mmstar,dense,False,False,False,70.08650758147239,208.13949033617973
7b,scope,mmstar_001191,mmstar,dense,False,False,False,28.38498153209686,89.30575102567673
7b,scope,mmstar_001194,mmstar,dense,False,False,False,28.128688164949413,87.5315684825182
7b,scope,mmstar_001195,mmstar,dense,False,False,False,28.63878551125526,87.68728002905846
7b,scope,mmstar_001209,mmstar,dense,True,False,False,29.655298739671707,89.99521471560001
7b,scope,mmstar_001213,mmstar,dense,False,False,False,29.496258891820904,86.78624033927917
7b,scope,mmstar_001221,mmstar,dense,True,False,False,38.72492453694343,115.20516499876976
7b,scope,mmstar_001224,mmstar,dense,False,False,False,110.07155050754548,349.5754152536392
7b,scope,mmstar_001226,mmstar,dense,False,False,False,32.19919387817383,106.9902814924717
7b,scope,mmstar_001227,mmstar,dense,False,False,False,28.060047519207,93.4467725455761
7b,scope,mmstar_001228,mmstar,dense,False,False,False,28.461699607372285,94.60013918578625
7b,scope,mmstar_001230,mmstar,dense,False,False,False,46.458371112346654,155.61798214912415
7b,scope,mmstar_001241,mmstar,dense,False,False,False,34.51062758207321,117.68683046102524
7b,scope,mmstar_001246,mmstar,dense,True,False,False,51.03581249713898,170.50242237746716
7b,scope,mmstar_001247,mmstar,dense,False,False,False,30.811548621654513,95.03016248345375
7b,scope,mmstar_001249,mmstar,dense,False,False,False,32.647896683216096,99.15714338421822
7b,scope,mmstar_001251,mmstar,dense,False,False,False,57.03568786025048,171.0786037147045
7b,scope,mmstar_001261,mmstar,dense,True,False,False,29.60387575507164,91.35452471673489
7b,scope,mmstar_001276,mmstar,dense,False,False,False,30.28763773441315,94.23309564590454
7b,scope,mmstar_001280,mmstar,dense,True,False,False,55.46759343981743,170.74033431708813
7b,scope,mmstar_001285,mmstar,dense,False,False,False,42.187704961299886,149.28829669952393
7b,scope,mmstar_001287,mmstar,dense,False,False,False,24.705452375411983,89.80777487158775
7b,scope,mmstar_001288,mmstar,dense,False,False,False,85.1238070821762,326.2476958334446
7b,scope,mmstar_001289,mmstar,dense,False,False,False,21.05785664319992,85.6058020144701
7b,scope,mmstar_001290,mmstar,dense,False,False,False,20.608674516677855,87.01625652611256
7b,scope,mmstar_001293,mmstar,dense,False,False,False,25.94746878862381,106.16488754749298
7b,scope,mmstar_001298,mmstar,dense,True,False,True,49.87318801283837,183.76512825489044
7b,scope,mmstar_001304,mmstar,dense,False,False,False,67.85526233792305,221.5888276696205
7b,scope,mmstar_001307,mmstar,dense,True,False,False,27.39438262939453,86.2884595990181
7b,scope,mmstar_001320,mmstar,dense,True,False,True,32.705497609376906,106.0190349817276
7b,scope,mmstar_001326,mmstar,dense,True,False,True,26.41634304881096,87.11207285523415
7b,scope,mmstar_001331,mmstar,dense,False,False,False,26.33619696855545,87.53351494669914
7b,scope,mmstar_001346,mmstar,dense,False,False,False,25.198976495265956,84.59902554750443
7b,scope,mmstar_001347,mmstar,dense,False,False,False,24.94430267572403,83.9998722076416
7b,scope,mmstar_001350,mmstar,dense,True,False,False,26.49334250688553,90.27005918323994
7b,scope,mmstar_001353,mmstar,dense,False,False,False,54.333740037679675,185.16916036605835
7b,scope,mmstar_001366,mmstar,dense,False,False,False,30.149389159679416,99.10401329398155
7b,scope,mmstar_001371,mmstar,dense,True,False,False,27.126040434837346,84.68868769705296
7b,scope,mmstar_001378,mmstar,dense,False,False,False,29.54467451334,87.3263981193304
7b,scope,mmstar_001379,mmstar,dense,False,False,False,41.35089817285538,119.13778260350227
7b,scope,mmstar_001382,mmstar,dense,True,False,False,32.86652672052383,97.22250886261463
7b,scope,mmstar_001394,mmstar,dense,False,False,False,102.5416240131855,326.3688161969185
7b,scope,mmstar_001395,mmstar,dense,True,False,True,24.849800066947935,86.79849095642567
7b,scope,mmstar_001397,mmstar,dense,False,False,False,28.516881949901578,99.50566478073597
7b,scope,mmstar_001401,mmstar,dense,False,False,False,24.96476623535156,85.74528619647026
7b,scope,mmstar_001402,mmstar,dense,False,False,False,86.48027840137482,315.7364185899496
7b,scope,mmstar_001410,mmstar,dense,False,False,False,25.59246907711029,100.54716467857361
7b,scope,mmstar_001412,mmstar,dense,False,False,False,27.147393674850463,102.3199763149023
7b,scope,mmstar_001420,mmstar,dense,False,False,False,28.908582469224932,100.35288147628307
7b,scope,mmstar_001421,mmstar,dense,True,False,False,27.433104683160785,92.80436672270298
7b,scope,mmstar_001424,mmstar,dense,False,False,False,27.58018435478211,89.58537504076958
7b,scope,mmstar_001427,mmstar,dense,True,False,False,30.452592988014224,99.75049830973148
7b,scope,mmstar_001432,mmstar,dense,True,False,False,27.037215811014175,90.1296567171812
7b,scope,mmstar_001434,mmstar,dense,False,False,False,84.36251715302467,263.6295799165964
7b,scope,mmstar_001436,mmstar,dense,True,False,False,30.97058298707008,88.77752535045147
7b,scope,mmstar_001440,mmstar,dense,False,False,False,29.75121438860893,85.27789264917374
7b,scope,mmstar_001444,mmstar,dense,False,False,False,34.8601400065422,103.720648214221
7b,scope,mmstar_001446,mmstar,dense,True,False,True,30.12814393281937,91.5869977325201
7b,scope,mmstar_001448,mmstar,dense,False,False,False,43.052001992464064,135.6272343546152
7b,scope,mmstar_001451,mmstar,dense,True,False,False,31.36453460454941,102.94243134558201
7b,scope,mmstar_001452,mmstar,dense,False,False,False,29.90633948206902,98.4369982033968
7b,scope,mmstar_001455,mmstar,dense,False,False,False,26.859024982452397,88.53696472942829
7b,scope,mmstar_001467,mmstar,dense,False,False,False,25.41913095355034,83.12711678445339
7b,scope,mmstar_001470,mmstar,dense,True,False,False,27.058025743961334,87.97062188386917
7b,scope,mmstar_001477,mmstar,dense,False,False,False,26.75358911752701,86.21089719235897
7b,scope,mmstar_001484,mmstar,dense,False,False,False,26.564732871055604,84.19004268944263
7b,scope,mmstar_001490,mmstar,dense,True,False,False,27.19534697055817,85.80850623548031
7b,scope,mmstar_001491,mmstar,dense,True,False,False,30.194456734657287,90.94187431037426
7b,scope,mmstar_001492,mmstar,dense,True,False,False,30.406109547615053,91.574527323246
7b,scope,mmstar_001496,mmstar,dense,False,False,False,28.773381171226504,83.51859822869301
7b,scope,visual_counterfact_color_000002,visual_counterfact_color,dense,True,False,True,40.13681091427803,116.87348410487175
7b,scope,visual_counterfact_color_000005,visual_counterfact_color,dense,True,False,True,29.33984465718269,85.96807532012463
7b,scope,visual_counterfact_color_000014,visual_counterfact_color,dense,True,False,True,33.6099010002613,99.01040233671665
7b,scope,visual_counterfact_color_000016,visual_counterfact_color,dense,True,False,True,32.975148113965986,98.31671789288521
7b,scope,visual_counterfact_color_000023,visual_counterfact_color,dense,True,False,True,36.18363188028335,110.55905744433403
7b,scope,visual_counterfact_color_000024,visual_counterfact_color,dense,True,False,True,33.68949281930923,103.86878810822964
7b,scope,visual_counterfact_color_000026,visual_counterfact_color,dense,True,False,True,28.26211701631546,90.90255200862885
7b,scope,visual_counterfact_color_000027,visual_counterfact_color,dense,True,False,True,21.59205810785294,130.18629513680935
7b,scope,visual_counterfact_color_000034,visual_counterfact_color,dense,True,False,True,15.119034619331362,113.33523131906986
7b,scope,visual_counterfact_color_000035,visual_counterfact_color,dense,True,False,True,16.209411832094194,105.24419881403446
7b,scope,visual_counterfact_color_000038,visual_counterfact_color,dense,True,False,True,14.449864289760589,85.02687886357307
7b,scope,visual_counterfact_color_000049,visual_counterfact_color,dense,True,False,True,24.60282730579376,119.81639638543129
7b,scope,visual_counterfact_color_000053,visual_counterfact_color,dense,True,False,True,21.755531517267226,97.97319769859314
7b,scope,visual_counterfact_color_000055,visual_counterfact_color,dense,True,False,True,21.385660552978514,91.46124869585037
7b,scope,visual_counterfact_color_000056,visual_counterfact_color,dense,True,False,True,22.76419830679893,91.42090566456318
7b,scope,visual_counterfact_color_000058,visual_counterfact_color,dense,True,False,True,26.80550904035568,100.9541992098093
7b,scope,visual_counterfact_color_000063,visual_counterfact_color,dense,True,False,True,31.399307907819747,110.68311892449856
7b,scope,visual_counterfact_color_000064,visual_counterfact_color,dense,True,False,True,30.64728798866272,103.13886404037476
7b,scope,visual_counterfact_color_000065,visual_counterfact_color,dense,True,False,True,32.503642098903654,106.651296839118
7b,scope,visual_counterfact_color_000069,visual_counterfact_color,dense,True,False,True,29.400038352012633,95.71179002523422
7b,scope,visual_counterfact_color_000071,visual_counterfact_color,dense,True,False,True,30.802989544868467,97.48934023082256
7b,scope,visual_counterfact_color_000072,visual_counterfact_color,dense,True,False,True,29.18027778983116,91.85104072093964
7b,scope,visual_counterfact_color_000077,visual_counterfact_color,dense,True,False,True,32.05931002020836,98.86456280946732
7b,scope,visual_counterfact_color_000081,visual_counterfact_color,dense,True,False,True,30.44549652218819,93.55366416275501
7b,scope,visual_counterfact_color_000087,visual_counterfact_color,dense,True,False,True,33.70662331581116,104.7770157456398
7b,scope,visual_counterfact_color_000089,visual_counterfact_color,dense,True,False,True,27.618090295791625,85.8465675264597
7b,scope,visual_counterfact_color_000090,visual_counterfact_color,dense,True,False,True,28.57660704612732,89.42076191306114
7b,scope,visual_counterfact_color_000097,visual_counterfact_color,dense,True,False,True,37.48067101597786,117.02222749590874
7b,scope,visual_counterfact_color_000098,visual_counterfact_color,dense,True,False,True,27.817453408241274,86.61722205579281
7b,scope,visual_counterfact_color_000099,visual_counterfact_color,dense,True,False,True,48.24385258793831,153.30125391483307
7b,scope,visual_counterfact_color_000101,visual_counterfact_color,dense,True,False,True,89.85010130643845,324.17577132582664
7b,scope,visual_counterfact_color_000102,visual_counterfact_color,dense,True,False,True,23.22142174243927,92.54519455134869
7b,scope,visual_counterfact_color_000104,visual_counterfact_color,dense,True,False,True,25.253135902881624,101.06179863214493
7b,scope,visual_counterfact_color_000107,visual_counterfact_color,dense,True,False,True,32.71153920888901,127.15407088398933
7b,scope,visual_counterfact_color_000113,visual_counterfact_color,dense,True,False,True,23.07496186494827,94.0767489373684
7b,scope,visual_counterfact_color_000114,visual_counterfact_color,dense,True,False,True,74.14017680287361,316.19985215365887
7b,scope,visual_counterfact_color_000115,visual_counterfact_color,dense,True,False,True,43.68588536977767,183.62548016011715
7b,scope,visual_counterfact_color_000116,visual_counterfact_color,dense,True,False,True,25.418880581855774,103.3625565469265
7b,scope,visual_counterfact_color_000124,visual_counterfact_color,dense,True,False,True,75.34960210561752,329.2392585426569
7b,scope,visual_counterfact_color_000131,visual_counterfact_color,dense,True,False,True,18.89915020942688,89.59772065281868
7b,scope,visual_counterfact_color_000134,visual_counterfact_color,dense,True,False,True,19.492161737680433,86.96787431836128
7b,scope,visual_counterfact_color_000137,visual_counterfact_color,dense,True,False,True,73.48969452142715,322.33020663261414
7b,scope,visual_counterfact_color_000140,visual_counterfact_color,dense,True,False,True,39.654020984172824,181.64377473294735
7b,scope,visual_counterfact_color_000147,visual_counterfact_color,dense,False,False,False,23.12496237754822,100.88588856160641
7b,scope,visual_counterfact_color_000149,visual_counterfact_color,dense,True,False,True,21.145587129592897,89.6667130291462
7b,scope,visual_counterfact_color_000152,visual_counterfact_color,dense,True,False,True,22.104819341897965,85.91185696423054
7b,scope,visual_counterfact_color_000153,visual_counterfact_color,dense,True,False,True,26.086353918313982,101.38840042054653
7b,scope,visual_counterfact_color_000156,visual_counterfact_color,dense,True,False,True,49.186662014722835,188.0361195653677
7b,scope,visual_counterfact_color_000159,visual_counterfact_color,dense,True,False,True,23.258122386932374,84.70349572598934
7b,scope,visual_counterfact_color_000168,visual_counterfact_color,dense,True,False,True,28.30684860944748,101.77877359092236
7b,scope,visual_counterfact_color_000171,visual_counterfact_color,dense,True,False,True,26.29080463409424,85.19774302840233
7b,scope,visual_counterfact_color_000173,visual_counterfact_color,dense,True,False,True,26.300652313232423,85.24118922650814
7b,scope,visual_counterfact_color_000176,visual_counterfact_color,dense,True,False,True,32.469029664993286,102.03083604574203
7b,scope,visual_counterfact_color_000180,visual_counterfact_color,dense,True,False,True,33.37721323847771,104.77799363434315
7b,scope,visual_counterfact_color_000182,visual_counterfact_color,dense,True,False,True,28.83862087130547,90.00379592180252
7b,scope,visual_counterfact_color_000186,visual_counterfact_color,dense,True,False,True,28.719421797990805,89.64097686111927
7b,scope,visual_counterfact_color_000189,visual_counterfact_color,dense,True,False,True,29.446792192459107,88.87224830687046
7b,scope,visual_counterfact_color_000190,visual_counterfact_color,dense,True,False,True,28.525613223314284,86.09454147517681
7b,scope,visual_counterfact_color_000191,visual_counterfact_color,dense,True,False,True,28.62686367034912,83.69035832583904
7b,scope,visual_counterfact_color_000198,visual_counterfact_color,dense,True,False,True,29.99666166305542,87.70380914211273
7b,scope,visual_counterfact_color_000200,visual_counterfact_color,dense,True,False,True,38.460623412132264,113.67632076144218
7b,scope,visual_counterfact_color_000201,visual_counterfact_color,dense,True,False,True,29.29759275197983,86.62978000938892
7b,scope,visual_counterfact_color_000206,visual_counterfact_color,dense,True,False,True,32.52808800816536,97.45911322534084
7b,scope,visual_counterfact_color_000207,visual_counterfact_color,dense,True,False,True,29.859369859695434,89.46087211370468
7b,scope,visual_counterfact_color_000217,visual_counterfact_color,dense,True,False,True,32.25480525255204,97.83834405243397
7b,scope,visual_counterfact_color_000220,visual_counterfact_color,dense,True,False,True,35.02596391558647,106.85743018984795
7b,scope,visual_counterfact_color_000221,visual_counterfact_color,dense,True,False,True,31.798509922027588,97.85729646682739
7b,scope,visual_counterfact_color_000223,visual_counterfact_color,dense,True,False,True,28.47855187892914,87.77353167533875
7b,scope,visual_counterfact_color_000227,visual_counterfact_color,dense,True,False,True,31.620713112354274,97.6776722818613
7b,scope,visual_counterfact_color_000228,visual_counterfact_color,dense,True,False,True,41.348810988664624,129.09799441695213
7b,scope,visual_counterfact_color_000233,visual_counterfact_color,dense,True,False,True,36.79505467295646,115.87351746857166
7b,scope,visual_counterfact_color_000236,visual_counterfact_color,dense,True,False,True,29.187458952665327,93.47521141171455
7b,scope,visual_counterfact_color_000239,visual_counterfact_color,dense,True,False,True,30.95533759832382,99.21957738697529
7b,scope,visual_counterfact_color_000246,visual_counterfact_color,dense,True,False,True,92.85306453704834,323.96670803427696
7b,scope,visual_counterfact_color_000252,visual_counterfact_color,dense,True,False,True,76.77073476552962,324.5970122516155
7b,scope,visual_counterfact_color_000260,visual_counterfact_color,dense,True,False,True,18.494013184309004,86.55264973640442
7b,scope,visual_counterfact_color_000263,visual_counterfact_color,dense,True,False,True,18.984407789707184,89.07143957912922
7b,scope,visual_counterfact_color_000265,visual_counterfact_color,dense,True,False,True,18.624530172348024,85.06948873400688
7b,scope,visual_counterfact_color_000266,visual_counterfact_color,dense,True,False,True,20.022643690109252,88.62304501235485
7b,scope,visual_counterfact_color_000270,visual_counterfact_color,dense,True,False,True,22.98630241513252,98.57390075922012
7b,scope,visual_counterfact_color_000271,visual_counterfact_color,dense,True,False,True,35.505868386030194,143.86296644806862
7b,scope,visual_counterfact_color_000272,visual_counterfact_color,dense,True,False,True,25.22321309685707,91.33987501263618
7b,scope,visual_counterfact_color_000278,visual_counterfact_color,dense,True,False,True,25.92616472244263,93.10587123036385
7b,scope,visual_counterfact_color_000281,visual_counterfact_color,dense,True,False,True,33.06313226222992,107.90611803531647
7b,scope,visual_counterfact_color_000282,visual_counterfact_color,dense,True,False,True,30.220861167907714,98.080575466156
7b,scope,visual_counterfact_color_000285,visual_counterfact_color,dense,True,False,True,25.89945546984673,83.17512460052967
7b,scope,visual_counterfact_color_000286,visual_counterfact_color,dense,True,False,True,38.38185572624207,119.78756822645664
7b,scope,visual_counterfact_color_000289,visual_counterfact_color,dense,True,False,True,27.697034305334093,89.06123787164688
7b,scope,visual_counterfact_color_000294,visual_counterfact_color,dense,True,False,True,34.19851347565651,109.22830924391747
7b,scope,visual_counterfact_color_000299,visual_counterfact_color,dense,True,False,True,30.62700168609619,97.13795967400074
7b,scope,visual_counterfact_color_000309,visual_counterfact_color,dense,True,False,True,49.080370588302614,159.59825180470943
7b,scope,visual_counterfact_color_000312,visual_counterfact_color,dense,True,False,True,30.027354841232302,99.42632354795933
7b,scope,visual_counterfact_color_000314,visual_counterfact_color,dense,True,False,True,26.55294703245163,88.73309567570686
7b,scope,visual_counterfact_color_000316,visual_counterfact_color,dense,True,False,True,27.69955980181694,92.16845221817493
7b,scope,visual_counterfact_color_000319,visual_counterfact_color,dense,True,False,True,32.16533427596092,106.7151203751564
7b,scope,visual_counterfact_color_000321,visual_counterfact_color,dense,True,False,True,26.573475320339202,90.18335863947868
7b,scope,visual_counterfact_color_000326,visual_counterfact_color,dense,True,False,True,48.60489429235459,167.83616319298744
7b,scope,visual_counterfact_color_000327,visual_counterfact_color,dense,True,False,True,24.842921030521396,87.34172955155373
7b,scope,visual_counterfact_color_000329,visual_counterfact_color,dense,True,False,True,33.303570256233215,113.95628191530704
7b,scope,visual_counterfact_color_000330,visual_counterfact_color,dense,True,False,True,29.222816425561902,99.5437279343605
7b,scope,visual_counterfact_color_000333,visual_counterfact_color,dense,True,False,True,24.945440347194673,83.1662155687809
7b,scope,visual_counterfact_color_000341,visual_counterfact_color,dense,True,False,True,24.826511038541796,82.76828192174435
7b,scope,visual_counterfact_color_000354,visual_counterfact_color,dense,True,False,True,25.12980890274048,84.61776748299599
7b,scope,visual_counterfact_color_000358,visual_counterfact_color,dense,True,False,True,28.23321731209755,94.87444162368774
7b,scope,visual_counterfact_color_000359,visual_counterfact_color,dense,True,False,True,32.665654850006106,107.67482593655586
7b,scope,visual_counterfact_color_000361,visual_counterfact_color,dense,True,False,True,25.206371932029725,82.80826173722744
7b,scope,visual_counterfact_color_000363,visual_counterfact_color,dense,True,False,True,28.036166553497313,90.12499824166298
7b,scope,visual_counterfact_color_000364,visual_counterfact_color,dense,True,False,True,25.749662759304044,82.2039470076561
7b,scope,visual_counterfact_color_000368,visual_counterfact_color,dense,True,False,True,27.886572585105895,87.16221712529659
7b,scope,visual_counterfact_color_000374,visual_counterfact_color,dense,True,False,True,26.493531832695005,82.80588127672672
7b,scope,visual_counterfact_color_000375,visual_counterfact_color,dense,True,False,True,30.721192038059232,94.38503719866276
7b,scope,visual_counterfact_color_000376,visual_counterfact_color,dense,True,False,True,55.22813251018523,174.4028516113758
7b,scope,visual_counterfact_color_000382,visual_counterfact_color,dense,True,False,True,29.848166019916533,96.99694812297821
7b,scope,visual_counterfact_color_000384,visual_counterfact_color,dense,True,False,True,29.021144599914553,96.28528356552124
7b,scope,visual_counterfact_color_000385,visual_counterfact_color,dense,True,False,True,26.307828079462052,87.90563233196735
7b,scope,visual_counterfact_color_000386,visual_counterfact_color,dense,True,False,True,27.27788945198059,101.67228244245052
7b,scope,visual_counterfact_color_000390,visual_counterfact_color,dense,True,False,True,21.802395642995837,84.64000560343266
7b,scope,visual_counterfact_color_000391,visual_counterfact_color,dense,True,False,True,23.72287097334862,92.76854805648327
7b,scope,visual_counterfact_color_000392,visual_counterfact_color,dense,True,False,True,22.920097247362136,99.99629110097885
7b,scope,visual_counterfact_color_000393,visual_counterfact_color,dense,True,False,True,19.09444799184799,83.2550972700119
7b,scope,visual_counterfact_color_000394,visual_counterfact_color,dense,True,False,True,21.259343732595443,89.09833058714867
7b,scope,visual_counterfact_color_000395,visual_counterfact_color,dense,True,False,True,19.415652084350587,81.32074028253555
7b,scope,visual_counterfact_color_000398,visual_counterfact_color,dense,True,False,True,23.45813876748085,92.20513142645359
7b,scope,visual_counterfact_color_000400,visual_counterfact_color,dense,True,False,True,27.08352651834488,103.76892797648907
7b,scope,visual_counterfact_color_000403,visual_counterfact_color,dense,True,False,True,22.182320749759675,81.70289546251297
7b,scope,visual_counterfact_color_000410,visual_counterfact_color,dense,True,False,True,22.21193735599518,81.80953562259674
7b,scope,visual_counterfact_color_000412,visual_counterfact_color,dense,True,False,True,48.859963821172705,166.02644883096218
7b,scope,visual_counterfact_color_000420,visual_counterfact_color,dense,True,False,True,27.024352178573608,85.89310385286808
7b,scope,visual_counterfact_color_000422,visual_counterfact_color,dense,True,False,True,29.64153977394104,93.0183194577694
7b,scope,visual_counterfact_color_000431,visual_counterfact_color,dense,True,False,True,36.416391842365265,115.4968161135912
7b,scope,visual_counterfact_color_000432,visual_counterfact_color,dense,True,False,True,30.29228488564491,106.7011896520853
7b,scope,visual_counterfact_color_000433,visual_counterfact_color,dense,True,False,True,24.02485189437866,91.2261363118887
7b,scope,visual_counterfact_color_000434,visual_counterfact_color,dense,True,False,True,26.058347492218015,98.9677831530571
7b,scope,visual_counterfact_color_000440,visual_counterfact_color,dense,False,False,False,25.37360118865967,96.66007570922375
7b,scope,visual_counterfact_color_000442,visual_counterfact_color,dense,True,False,True,25.67758010149002,97.03501872718334
7b,scope,visual_counterfact_color_000447,visual_counterfact_color,dense,True,False,True,22.86672454833984,85.42266301810741
7b,scope,visual_counterfact_color_000448,visual_counterfact_color,dense,True,False,True,22.68639375090599,83.93931202590466
7b,scope,visual_counterfact_color_000449,visual_counterfact_color,dense,True,False,True,24.3274773645401,86.6579283028841
7b,scope,visual_counterfact_color_000454,visual_counterfact_color,dense,True,False,True,24.61872350692749,87.7005085349083
7b,scope,visual_counterfact_color_000465,visual_counterfact_color,dense,True,False,True,30.12296336174011,102.4938877671957
7b,scope,visual_counterfact_color_000467,visual_counterfact_color,dense,True,False,True,28.119066896438596,97.14032150804996
7b,scope,visual_counterfact_color_000468,visual_counterfact_color,dense,True,False,True,25.14662071466446,89.49704095721245
7b,scope,visual_counterfact_color_000476,visual_counterfact_color,dense,True,False,True,26.829299426078798,95.50622664391994
7b,scope,visual_counterfact_color_000477,visual_counterfact_color,dense,True,False,True,24.011880863904953,85.53716354072094
7b,scope,visual_counterfact_color_000480,visual_counterfact_color,dense,True,False,True,32.0884738945961,114.94881846010685
7b,scope,visual_counterfact_color_000481,visual_counterfact_color,dense,True,False,False,27.57109795570373,99.28146563470364
7b,scope,visual_counterfact_color_000482,visual_counterfact_color,dense,True,False,True,27.156381616592405,95.799770206213
7b,scope,visual_counterfact_color_000484,visual_counterfact_color,dense,True,False,True,28.23727517366409,98.5486302524805
7b,scope,visual_counterfact_color_000487,visual_counterfact_color,dense,True,False,True,33.34686686038971,110.6319110840559
7b,scope,visual_counterfact_color_000491,visual_counterfact_color,dense,True,False,True,28.70963242292404,93.4570711106062
7b,scope,visual_counterfact_size_000000,visual_counterfact_size,dense,False,False,False,35.73908371210098,113.82667161524296
7b,scope,visual_counterfact_size_000001,visual_counterfact_size,dense,True,False,True,39.84058777213097,126.38793513178825
7b,scope,visual_counterfact_size_000002,visual_counterfact_size,dense,True,False,True,35.20646286606789,111.07465252280235
7b,scope,visual_counterfact_size_000014,visual_counterfact_size,dense,False,False,False,39.91999497771263,125.10025687515736
7b,scope,visual_counterfact_size_000015,visual_counterfact_size,dense,True,False,True,104.39764543652535,347.3108932375908
7b,scope,visual_counterfact_size_000020,visual_counterfact_size,dense,False,False,False,34.16199226379395,120.10581977665424
7b,scope,visual_counterfact_size_000031,visual_counterfact_size,dense,True,False,True,33.431185356378556,115.87025783956051
7b,scope,visual_counterfact_size_000033,visual_counterfact_size,dense,True,False,True,36.20889226675034,126.02218240499496
7b,scope,visual_counterfact_size_000041,visual_counterfact_size,dense,False,False,False,23.92150643467903,84.64476838707924
7b,scope,visual_counterfact_size_000044,visual_counterfact_size,dense,False,False,False,27.498204294443127,96.89022600650787
7b,scope,visual_counterfact_size_000049,visual_counterfact_size,dense,True,False,True,28.702369964122767,99.73730705678463
7b,scope,visual_counterfact_size_000050,visual_counterfact_size,dense,False,False,False,94.80232457280158,324.3264090269804
7b,scope,visual_counterfact_size_000061,visual_counterfact_size,dense,True,False,True,31.045699707269666,106.52286000549793
7b,scope,visual_counterfact_size_000064,visual_counterfact_size,dense,False,False,False,32.653384757041934,111.70257441699505
7b,scope,visual_counterfact_size_000065,visual_counterfact_size,dense,True,False,True,29.009838979244233,99.15856458246708
7b,scope,visual_counterfact_size_000070,visual_counterfact_size,dense,False,False,False,28.86670225858688,98.59646111726761
7b,scope,visual_counterfact_size_000075,visual_counterfact_size,dense,True,False,False,28.84155826091766,98.50571118295193
7b,scope,visual_counterfact_size_000081,visual_counterfact_size,dense,True,False,True,25.00622775197029,85.89703403413296
7b,scope,visual_counterfact_size_000089,visual_counterfact_size,dense,True,False,True,28.33643277525902,97.38003090023994
7b,scope,visual_counterfact_size_000112,visual_counterfact_size,dense,True,False,True,26.179240254163744,85.00223979353905
7b,scope,visual_counterfact_size_000120,visual_counterfact_size,dense,True,False,True,39.93625578165054,132.417319342494
7b,scope,visual_counterfact_size_000122,visual_counterfact_size,dense,False,False,False,29.271966512203214,102.08096541464329
7b,scope,visual_counterfact_size_000131,visual_counterfact_size,dense,False,False,False,96.33058013319969,372.9093186557293
7b,scope,visual_counterfact_size_000136,visual_counterfact_size,dense,False,False,False,19.521292991638184,84.11240391433239
7b,scope,visual_counterfact_size_000137,visual_counterfact_size,dense,True,False,True,21.914700707197188,94.4175086915493
7b,scope,visual_counterfact_size_000140,visual_counterfact_size,dense,True,False,True,30.035966095924373,124.96299669146538
7b,scope,visual_counterfact_size_000146,visual_counterfact_size,dense,True,False,True,29.78343192577362,111.46151646971703
7b,scope,visual_counterfact_size_000147,visual_counterfact_size,dense,True,False,True,39.04991766691208,138.41444440186024
7b,scope,visual_counterfact_size_000155,visual_counterfact_size,dense,True,False,True,37.55532530069351,127.92959809303284
7b,scope,visual_counterfact_size_000156,visual_counterfact_size,dense,True,False,True,30.154440314769747,97.6659432053566
7b,scope,visual_counterfact_size_000157,visual_counterfact_size,dense,True,False,True,25.813309364318847,82.79567211866379
7b,scope,visual_counterfact_size_000160,visual_counterfact_size,dense,True,False,True,37.67349263191223,110.9881792217493
7b,scope,visual_counterfact_size_000165,visual_counterfact_size,dense,False,False,False,37.458463395833974,109.14417915046215
7b,scope,visual_counterfact_size_000166,visual_counterfact_size,dense,True,False,True,46.8351263153553,135.30590385198593
7b,scope,visual_counterfact_size_000171,visual_counterfact_size,dense,True,False,True,38.14556816697121,112.62769252061844
7b,scope,visual_counterfact_size_000173,visual_counterfact_size,dense,False,False,False,32.76272896409035,96.88679873943329
7b,scope,visual_counterfact_size_000174,visual_counterfact_size,dense,True,False,True,36.799991948604585,109.63894240558147
7b,scope,visual_counterfact_size_000181,visual_counterfact_size,dense,True,False,True,49.936690207719806,151.23486891388893
7b,scope,visual_counterfact_size_000186,visual_counterfact_size,dense,False,False,False,44.32932761311531,139.0515211969614
7b,scope,visual_counterfact_size_000187,visual_counterfact_size,dense,False,False,False,30.41989644527435,96.6721959412098
7b,scope,visual_counterfact_size_000190,visual_counterfact_size,dense,False,False,False,44.89535810947418,142.4330174922943
7b,scope,visual_counterfact_size_000193,visual_counterfact_size,dense,False,False,False,37.602652394771575,118.46744641661644
7b,scope,visual_counterfact_size_000197,visual_counterfact_size,dense,True,False,True,31.63975389719009,99.28590431809425
7b,scope,visual_counterfact_size_000198,visual_counterfact_size,dense,True,False,True,31.382656229734422,101.29405930638313
7b,scope,visual_counterfact_size_000203,visual_counterfact_size,dense,False,False,False,51.71107936263084,170.12243159115314
7b,scope,visual_counterfact_size_000212,visual_counterfact_size,dense,True,False,True,34.12337182164192,122.52833694219589
7b,scope,visual_counterfact_size_000226,visual_counterfact_size,dense,True,False,True,30.42217076420784,114.82407711446285
7b,scope,visual_counterfact_size_000235,visual_counterfact_size,dense,True,False,True,21.829709272384644,82.08366669714451
7b,scope,visual_counterfact_size_000247,visual_counterfact_size,dense,True,False,True,22.25721135020256,82.3563989251852
7b,scope,visual_counterfact_size_000258,visual_counterfact_size,dense,False,False,False,34.62818793416023,126.96412019431591
7b,scope,visual_counterfact_size_000260,visual_counterfact_size,dense,True,False,True,27.625751829147337,98.29071909189224
7b,scope,visual_counterfact_size_000264,visual_counterfact_size,dense,False,False,False,27.7707301223278,96.78592719137669
7b,scope,visual_counterfact_size_000272,visual_counterfact_size,dense,False,False,False,28.4778025496006,95.17511539161205
7b,scope,visual_counterfact_size_000284,visual_counterfact_size,dense,False,False,False,34.37818072915077,108.82522538304329
7b,scope,visual_counterfact_size_000289,visual_counterfact_size,dense,True,False,True,37.330315285921095,110.10367423295975
7b,scope,visual_counterfact_size_000290,visual_counterfact_size,dense,True,False,True,34.07734858632087,96.47938422858715
7b,scope,visual_counterfact_size_000295,visual_counterfact_size,dense,True,False,True,42.885927203893665,118.46122704446316
7b,scope,visual_counterfact_size_000296,visual_counterfact_size,dense,True,False,True,45.46251821875572,127.82680615782738
7b,scope,visual_counterfact_size_000310,visual_counterfact_size,dense,False,False,False,39.38900287151337,111.25125363469124
7b,scope,visual_counterfact_size_000311,visual_counterfact_size,dense,True,False,True,38.88976685643196,110.60213111341
7b,scope,visual_counterfact_size_000317,visual_counterfact_size,dense,True,False,True,33.59131899833679,95.48690728843212
7b,scope,visual_counterfact_size_000322,visual_counterfact_size,dense,False,False,False,47.71804659843445,135.61946526169777
7b,scope,visual_counterfact_size_000325,visual_counterfact_size,dense,True,False,True,38.337818789482114,111.11367121338844
7b,scope,visual_counterfact_size_000329,visual_counterfact_size,dense,True,False,True,37.79693811178207,109.92425493896008
7b,scope,visual_counterfact_size_000330,visual_counterfact_size,dense,True,False,True,38.97534214496612,113.60231973230839
7b,scope,visual_counterfact_size_000335,visual_counterfact_size,dense,True,False,True,42.68159639239311,144.38769035041332
7b,scope,visual_counterfact_size_000342,visual_counterfact_size,dense,False,False,False,34.168748658895495,121.555021032691
7b,scope,visual_counterfact_size_000348,visual_counterfact_size,dense,True,False,True,26.419159884452817,95.51297500729561
7b,scope,visual_counterfact_size_000362,visual_counterfact_size,dense,True,False,True,30.646073162555687,111.33780516684055
7b,scope,visual_counterfact_size_000363,visual_counterfact_size,dense,False,False,False,30.326480973958965,110.21906323730946
7b,scope,visual_counterfact_size_000368,visual_counterfact_size,dense,True,False,True,22.321909765005113,80.77948726713657
7b,scope,visual_counterfact_size_000374,visual_counterfact_size,dense,True,False,True,27.445751992464068,99.35905598104
7b,scope,visual_counterfact_size_000375,visual_counterfact_size,dense,True,False,True,36.99998059272767,123.81786853075027
7b,scope,visual_counterfact_size_000379,visual_counterfact_size,dense,False,False,False,37.284626784324644,117.32307635247707
7b,scope,visual_counterfact_size_000388,visual_counterfact_size,dense,False,False,False,36.42197800397873,111.24517396092415
7b,scope,visual_counterfact_size_000391,visual_counterfact_size,dense,False,False,False,41.9384819161892,124.49048087000847
7b,scope,visual_counterfact_size_000396,visual_counterfact_size,dense,True,False,True,34.869329681396486,102.64799930155277
7b,scope,visual_counterfact_size_000399,visual_counterfact_size,dense,True,False,True,40.59608207702637,118.78267116844654
7b,scope,visual_counterfact_size_000406,visual_counterfact_size,dense,True,False,True,32.2051424574852,96.39408253133297
7b,scope,visual_counterfact_size_000411,visual_counterfact_size,dense,True,False,True,43.11292265176773,129.63946722447872
7b,scope,visual_counterfact_size_000412,visual_counterfact_size,dense,True,False,True,36.56319632530212,111.07406206429005
7b,scope,visual_counterfact_size_000414,visual_counterfact_size,dense,False,False,False,35.03632704496383,106.1931625008583
7b,scope,visual_counterfact_size_000415,visual_counterfact_size,dense,True,False,True,32.11568448543549,97.19710797071457
7b,scope,visual_counterfact_size_000418,visual_counterfact_size,dense,True,False,True,36.42573528885841,111.17513291537762
7b,scope,visual_counterfact_size_000420,visual_counterfact_size,dense,True,False,True,40.67816998004913,124.18238818645477
7b,scope,visual_counterfact_size_000423,visual_counterfact_size,dense,False,False,False,36.52879774570465,110.52603647112846
7b,scope,visual_counterfact_size_000424,visual_counterfact_size,dense,True,False,True,31.493602604866027,95.48867493867874
7b,scope,visual_counterfact_size_000433,visual_counterfact_size,dense,False,False,False,36.32416660547257,123.14008176326752
7b,scope,visual_counterfact_size_000434,visual_counterfact_size,dense,True,False,True,29.997815461158755,108.91640745103359
7b,scope,visual_counterfact_size_000435,visual_counterfact_size,dense,True,False,True,30.48036531686783,110.4927808046341
7b,scope,visual_counterfact_size_000440,visual_counterfact_size,dense,False,False,False,26.292392032146452,95.223443582654
7b,scope,visual_counterfact_size_000448,visual_counterfact_size,dense,True,False,True,30.2598014485836,111.25120334327221
7b,scope,visual_counterfact_size_000458,visual_counterfact_size,dense,True,False,True,21.635650420188906,79.64298129081726
7b,scope,visual_counterfact_size_000464,visual_counterfact_size,dense,True,False,True,37.30798001170158,133.99016298353672
7b,scope,visual_counterfact_size_000466,visual_counterfact_size,dense,True,False,True,35.649015468358996,118.52999776601791
7b,scope,visual_counterfact_size_000468,visual_counterfact_size,dense,True,False,True,44.40074394464493,140.67166857421398
7b,scope,visual_counterfact_size_000469,visual_counterfact_size,dense,True,False,True,37.41199796676636,111.98305897414684
7b,scope,visual_counterfact_size_000476,visual_counterfact_size,dense,True,False,True,32.83979234218597,97.54718095064163
7b,scope,visual_counterfact_size_000479,visual_counterfact_size,dense,True,False,True,33.28696019053459,97.88918681442738
7b,scope,visual_counterfact_size_000484,visual_counterfact_size,dense,True,False,True,33.15759152054787,96.96823731064796
7b,scope,visual_counterfact_size_000489,visual_counterfact_size,dense,True,False,True,37.98814869403839,110.97949929535389
7b,scope,visual_counterfact_size_000490,visual_counterfact_size,dense,False,False,False,37.74285120606422,111.88705824315548
7b,scope,visual_counterfact_size_000509,visual_counterfact_size,dense,False,False,False,37.1187771654129,109.89459231495857
7b,scope,visual_counterfact_size_000510,visual_counterfact_size,dense,True,False,True,28.091598963737486,82.7742237597704
7b,scope,visual_counterfact_size_000522,visual_counterfact_size,dense,True,False,True,44.57149789571762,133.21563601493835
7b,scope,visual_counterfact_size_000524,visual_counterfact_size,dense,True,False,True,32.36409152984619,97.96774573624134
7b,scope,visual_counterfact_size_000525,visual_counterfact_size,dense,False,False,False,31.20355042219162,97.53595292568207
7b,scope,visual_counterfact_size_000526,visual_counterfact_size,dense,True,False,True,36.144985717535015,112.67712339758873
7b,scope,visual_counterfact_size_000527,visual_counterfact_size,dense,True,False,True,27.08937302827835,83.57986062765121
7b,scope,visual_counterfact_size_000532,visual_counterfact_size,dense,False,False,False,40.88318966031074,126.43100693821907
7b,scope,visual_counterfact_size_000533,visual_counterfact_size,dense,True,False,True,224.52724224448204,929.0426950901747
7b,scope,visual_counterfact_size_000534,visual_counterfact_size,dense,True,False,True,42.135740718841554,326.7879392951727
7b,scope,visual_counterfact_size_000535,visual_counterfact_size,dense,False,False,False,19.058606791496278,125.67901983857155
7b,scope,visual_counterfact_size_000540,visual_counterfact_size,dense,True,False,True,18.591150283813477,105.78580386936665
7b,scope,visual_counterfact_size_000541,visual_counterfact_size,dense,True,False,True,17.85017110824585,83.82663875818253
7b,scope,visual_counterfact_size_000542,visual_counterfact_size,dense,False,False,False,21.796635031700134,95.28474509716034
7b,scope,visual_counterfact_size_000543,visual_counterfact_size,dense,True,False,True,27.972458848953245,109.62210968136787
7b,scope,visual_counterfact_size_000545,visual_counterfact_size,dense,True,False,True,27.354789619445796,101.71603225171566
7b,scope,visual_counterfact_size_000550,visual_counterfact_size,dense,False,False,False,33.199572625160215,111.77661828696728
7b,scope,visual_counterfact_size_000556,visual_counterfact_size,dense,True,False,True,39.00392620801925,127.15012021362782
7b,scope,visual_counterfact_size_000560,visual_counterfact_size,dense,False,False,False,31.69546571373939,96.92938812077045
7b,scope,visual_counterfact_size_000562,visual_counterfact_size,dense,False,False,False,41.99650738835334,126.19049660861492
7b,scope,visual_counterfact_size_000565,visual_counterfact_size,dense,True,False,True,33.37480903148651,98.46902824938297
7b,scope,visual_counterfact_size_000575,visual_counterfact_size,dense,True,False,True,37.510065596103665,110.20012386143208
7b,scope,visual_counterfact_size_000578,visual_counterfact_size,dense,True,False,True,38.19665284395218,112.07167245447636
7b,scope,visual_counterfact_size_000579,visual_counterfact_size,dense,True,False,True,37.60059693336487,109.99907366931438
7b,scope,visual_counterfact_size_000610,visual_counterfact_size,dense,False,False,False,43.723576722145076,130.67529536783695
7b,scope,visual_counterfact_size_000617,visual_counterfact_size,dense,False,False,False,41.895744466781615,126.63843482732773
7b,scope,visual_counterfact_size_000623,visual_counterfact_size,dense,True,False,True,34.1394781422615,104.20890152454376
7b,scope,visual_counterfact_size_000628,visual_counterfact_size,dense,False,False,False,36.885832874774934,111.82433553040028
7b,scope,visual_counterfact_size_000632,visual_counterfact_size,dense,True,False,True,27.079234516620634,81.88025653362274
7b,scope,visual_counterfact_size_000643,visual_counterfact_size,dense,True,False,False,41.984327447414394,127.64007411897182
7b,scope,visual_counterfact_size_000644,visual_counterfact_size,dense,True,False,True,32.71247906565666,99.59672577679157
7b,scope,visual_counterfact_size_000649,visual_counterfact_size,dense,True,False,True,32.0300962972641,97.71749377250671
7b,scope,visual_counterfact_size_000656,visual_counterfact_size,dense,True,False,True,32.19458095550537,98.00596348941326
7b,scope,visual_counterfact_size_000657,visual_counterfact_size,dense,True,False,True,29.25444495677948,87.32201717793941
7b,scope,visual_counterfact_size_000662,visual_counterfact_size,dense,True,False,True,39.85503064393997,132.55414180457592
7b,scope,visual_counterfact_size_000665,visual_counterfact_size,dense,False,False,False,31.971628868579863,111.52553372085094
7b,scope,visual_counterfact_size_000666,visual_counterfact_size,dense,True,False,True,32.272441306114196,111.82946711778641
7b,scope,visual_counterfact_size_000671,visual_counterfact_size,dense,True,False,True,23.62749026298523,81.79173618555069
7b,scope,visual_counterfact_size_000681,visual_counterfact_size,dense,True,False,True,28.77524204850197,99.37820583581924
7b,scope,visual_counterfact_size_000691,visual_counterfact_size,dense,True,False,True,27.89796605229378,96.32612392306328
7b,scope,visual_counterfact_size_000692,visual_counterfact_size,dense,False,False,False,28.776808054447173,98.73395040631294
7b,scope,visual_counterfact_size_000694,visual_counterfact_size,dense,True,False,True,29.603750629425047,101.54788196086884
7b,scope,visual_counterfact_size_000696,visual_counterfact_size,dense,True,False,True,30.452799708843227,95.02820298075676
7b,scope,visual_counterfact_size_000708,visual_counterfact_size,dense,False,False,False,31.677684669494624,98.67540001869202
7b,scope,visual_counterfact_size_000710,visual_counterfact_size,dense,True,False,True,40.66054987072945,117.14324913918972
7b,scope,visual_counterfact_size_000719,visual_counterfact_size,dense,True,False,True,38.06004131197929,109.30781066417694
7b,scope,visual_counterfact_size_000720,visual_counterfact_size,dense,False,False,False,46.78261819839477,133.56317952275276
7b,scope,visual_counterfact_size_000721,visual_counterfact_size,dense,True,False,True,33.10663336873054,96.53492458164692
7b,scope,mmstar_000473,mmstar,432,False,False,False,53.08971164226532,160.93246079981327
7b,scope,mmstar_001122,mmstar,432,True,False,False,84.43994097471237,277.1065700799227
7b,scope,pope_adversarial_000324,pope_adversarial,256,True,False,True,50.971010988950724,182.09236860275269
7b,scope,pope_adversarial_000751,pope_adversarial,256,True,False,False,24.17898783802986,95.57410515844822
7b,scope,pope_adversarial_000781,pope_adversarial,256,True,False,False,23.289723343849182,93.2451281696558
7b,scope,pope_adversarial_000787,pope_adversarial,256,True,False,False,22.706248383522034,95.47321684658527
7b,scope,pope_adversarial_000828,pope_adversarial,256,False,False,False,22.121574968099594,93.60199235379696
7b,scope,pope_adversarial_000834,pope_adversarial,256,True,False,True,74.91674902796746,336.9725439697504
7b,scope,pope_adversarial_000840,pope_adversarial,256,True,False,True,19.845343043804167,94.99223344027996
7b,scope,pope_adversarial_000846,pope_adversarial,256,False,False,False,19.901156859397886,97.4635686725378
7b,scope,pope_adversarial_000852,pope_adversarial,256,True,False,True,19.501813941001892,94.68028321862221
7b,scope,pope_adversarial_000900,pope_adversarial,256,True,False,True,21.413355712890624,101.24007053673267
7b,scope,pope_adversarial_000908,pope_adversarial,256,False,True,False,27.160227127075196,131.40369206666946
7b,scope,pope_adversarial_000919,pope_adversarial,256,True,False,False,20.13496144771576,98.11109863221645
7b,scope,pope_adversarial_000930,pope_adversarial,256,False,False,False,19.632727475166323,94.08609569072723
7b,scope,pope_adversarial_000942,pope_adversarial,256,False,False,False,20.18867503643036,94.77447159588337
7b,scope,pope_adversarial_000984,pope_adversarial,256,True,False,True,24.141610708236694,107.9032476991415
7b,scope,pope_adversarial_000990,pope_adversarial,256,False,False,False,23.329739341735838,102.98631154000759
7b,scope,pope_adversarial_000997,pope_adversarial,256,True,False,False,23.683716316223148,102.92467288672924
7b,scope,pope_adversarial_001014,pope_adversarial,256,True,False,True,73.99963141441344,344.62649933993816
7b,scope,pope_adversarial_001020,pope_adversarial,256,True,True,False,19.93452462673187,97.55226224660873
7b,scope,pope_adversarial_001032,pope_adversarial,256,True,False,True,19.675899329185487,95.03398463129997
7b,scope,pope_adversarial_001038,pope_adversarial,256,False,False,False,18.71923819541931,90.41213989257812
7b,scope,pope_adversarial_001045,pope_adversarial,256,True,False,False,19.818859448432924,94.85662169754505
7b,scope,pope_adversarial_001056,pope_adversarial,256,False,False,False,20.32389997959137,97.2677506506443
7b,scope,pope_adversarial_001080,pope_adversarial,256,True,False,True,20.002070641517637,94.79555115103722
7b,scope,pope_adversarial_001134,pope_adversarial,256,False,False,False,26.54322403550148,123.70970658957958
7b,scope,pope_adversarial_001206,pope_adversarial,256,True,False,True,73.00395482778549,336.9932044297457
7b,scope,pope_adversarial_001254,pope_adversarial,256,False,False,False,66.08618767738342,342.21495129168034
7b,scope,pope_adversarial_001302,pope_adversarial,256,True,False,True,19.969266902208325,110.33406667411327
7b,scope,pope_adversarial_001308,pope_adversarial,256,False,False,False,16.43035444021225,92.21090190112591
7b,scope,pope_adversarial_001320,pope_adversarial,256,True,False,True,17.469485449790955,95.90776078402996
7b,scope,pope_adversarial_001338,pope_adversarial,256,True,False,True,17.844060878753663,96.98473662137985
7b,scope,pope_adversarial_001344,pope_adversarial,256,False,False,False,18.79828408241272,94.58471834659576
7b,scope,pope_adversarial_001386,pope_adversarial,256,False,False,False,18.91768238067627,92.13462099432945
7b,scope,pope_adversarial_001392,pope_adversarial,256,True,False,True,20.659376896619793,93.74822489917278
7b,scope,pope_adversarial_001410,pope_adversarial,256,True,False,True,22.088767689466476,96.6796875
7b,scope,pope_adversarial_001519,pope_adversarial,256,True,False,False,22.1535669362545,93.26249174773693
7b,scope,pope_adversarial_001530,pope_adversarial,256,False,False,False,23.870367436408994,98.52006658911705
7b,scope,pope_adversarial_001566,pope_adversarial,256,False,False,False,24.327712604999544,98.88821095228195
7b,scope,pope_adversarial_001584,pope_adversarial,256,False,False,False,23.685519497394562,95.65154649317265
7b,scope,pope_adversarial_001596,pope_adversarial,256,True,False,True,23.19225795507431,93.78109686076641
7b,scope,pope_adversarial_001716,pope_adversarial,256,True,False,True,23.794970136880874,96.25559113919735
7b,scope,pope_adversarial_001759,pope_adversarial,256,True,False,False,23.065754396915434,92.99546852707863
7b,scope,pope_adversarial_001782,pope_adversarial,256,True,False,True,22.629880952835084,91.11682325601578
7b,scope,pope_adversarial_001830,pope_adversarial,256,False,False,False,23.122181162834167,92.60786511003971
7b,scope,pope_adversarial_001854,pope_adversarial,256,False,True,False,23.349841210842133,93.31778064370155
7b,scope,pope_adversarial_001885,pope_adversarial,256,True,False,True,23.13859362602234,92.56219491362572
7b,scope,pope_adversarial_001890,pope_adversarial,256,False,False,False,24.10532228708267,96.48982249200344
7b,scope,pope_adversarial_001897,pope_adversarial,256,True,False,False,80.27712788701058,345.32182663679123
7b,scope,pope_adversarial_001908,pope_adversarial,256,True,False,True,24.517963837385178,113.39602991938591
7b,scope,pope_adversarial_001914,pope_adversarial,256,True,False,True,20.45876090049744,96.1779709905386
7b,scope,pope_adversarial_001932,pope_adversarial,256,True,False,True,19.88207570552826,94.63834948837757
7b,scope,pope_adversarial_001951,pope_adversarial,256,True,False,False,20.174467874765394,96.49636410176754
7b,scope,pope_adversarial_001956,pope_adversarial,256,True,False,True,20.11493145227432,96.12361900508404
7b,scope,pope_adversarial_001969,pope_adversarial,256,True,False,False,19.650909085273742,93.86434406042099
7b,scope,pope_adversarial_001981,pope_adversarial,256,True,False,False,20.63074267268181,94.26121599972248
7b,scope,pope_adversarial_001999,pope_adversarial,256,True,False,False,20.579729716777802,93.7870740890503
7b,scope,pope_adversarial_002016,pope_adversarial,256,True,False,True,22.43684498310089,97.65901230275631
7b,scope,pope_adversarial_002022,pope_adversarial,256,False,False,False,22.263306212425235,96.48394398391247
7b,scope,pope_adversarial_002029,pope_adversarial,256,True,False,False,22.54262179851532,93.97261403501034
7b,scope,pope_adversarial_002052,pope_adversarial,256,False,False,False,23.431968784332277,97.39898890256882
7b,scope,pope_adversarial_002082,pope_adversarial,256,True,False,True,24.318468079566955,99.49500672519207
7b,scope,pope_adversarial_002088,pope_adversarial,256,False,False,False,24.799372782707216,101.37130692601204
7b,scope,pope_adversarial_002136,pope_adversarial,256,True,False,True,22.74754410982132,92.26851351559162
7b,scope,pope_adversarial_002142,pope_adversarial,256,True,False,True,23.548509010076522,95.51414661109447
7b,scope,pope_adversarial_002160,pope_adversarial,256,True,False,True,24.29262155413628,98.0219841003418
7b,scope,pope_adversarial_002191,pope_adversarial,256,True,False,True,23.803743453025817,96.04340046644211
7b,scope,pope_adversarial_002221,pope_adversarial,256,True,False,False,25.157892247438433,100.95053911209106
7b,scope,pope_adversarial_002328,pope_adversarial,256,True,False,True,23.61312811970711,94.73506920039654
7b,scope,pope_adversarial_002341,pope_adversarial,256,True,False,True,23.43041521668434,93.46065111458302
7b,scope,pope_adversarial_002347,pope_adversarial,256,True,False,False,81.16833381891252,343.3050196617842
7b,scope,pope_adversarial_002394,pope_adversarial,256,True,False,True,23.490525543689728,107.55527764558792
7b,scope,pope_adversarial_002400,pope_adversarial,256,True,False,True,20.497513103485105,93.41971203684807
7b,scope,pope_adversarial_002466,pope_adversarial,256,True,False,True,20.96044955253601,95.24407610297203
7b,scope,pope_adversarial_002472,pope_adversarial,256,False,False,False,20.29475517511368,93.84285286068916
7b,scope,pope_adversarial_002478,pope_adversarial,256,True,False,True,18.79424700140953,97.96851687133312
7b,scope,pope_adversarial_002502,pope_adversarial,256,True,False,True,16.076413305997846,128.8373526185751
7b,scope,pope_adversarial_002514,pope_adversarial,256,True,False,True,14.176837509870529,109.98507402837276
7b,scope,pope_adversarial_002526,pope_adversarial,256,True,False,True,15.983833308219907,114.15061540901661
7b,scope,pope_adversarial_002532,pope_adversarial,256,True,False,True,14.33810363769531,93.63267198204994
7b,scope,pope_adversarial_002575,pope_adversarial,256,True,False,False,15.710404819250106,94.11988593637943
7b,scope,pope_adversarial_002592,pope_adversarial,256,True,False,True,16.74259430527687,95.18489427864552
7b,scope,pope_adversarial_002610,pope_adversarial,256,False,False,False,24.822677848339083,122.08552472293377
7b,scope,pope_adversarial_002623,pope_adversarial,256,True,False,True,21.492533133029937,104.08749058842659
7b,scope,pope_adversarial_002634,pope_adversarial,256,True,False,True,21.85466192722321,103.38553413748741
7b,scope,pope_adversarial_002664,pope_adversarial,256,True,False,True,21.393921489715577,100.64661502838135
7b,scope,pope_adversarial_002689,pope_adversarial,256,True,False,False,19.67932903766632,92.25907176733017
7b,scope,pope_adversarial_002696,pope_adversarial,256,True,True,False,20.457262768745423,94.56602111458778
7b,scope,pope_adversarial_002724,pope_adversarial,256,True,False,True,20.66431070804596,94.68992240726948
7b,scope,pope_adversarial_002730,pope_adversarial,256,True,False,True,26.54161691665649,122.27164581418037
7b,scope,pope_adversarial_002761,pope_adversarial,256,True,False,False,20.051063752174375,92.40522421896458
7b,scope,pope_adversarial_002772,pope_adversarial,256,False,False,False,21.324342925548553,96.36090509593487
7b,scope,pope_adversarial_002790,pope_adversarial,256,False,False,False,20.90348353385925,94.42205913364887
7b,scope,pope_adversarial_002808,pope_adversarial,256,False,True,False,21.97863245487213,97.75559417903423
7b,scope,pope_adversarial_002840,pope_adversarial,256,True,False,True,20.803953301906585,92.47098490595818
7b,scope,pope_adversarial_002850,pope_adversarial,256,True,False,True,70.69809416651725,330.622099339962
7b,scope,pope_adversarial_002875,pope_adversarial,256,True,False,False,21.816831402778625,102.14884579181671
7b,scope,pope_adversarial_002894,pope_adversarial,256,True,False,True,22.716624950170516,102.31653787195683
7b,scope,pope_adversarial_002910,pope_adversarial,256,False,True,False,22.737069882154465,100.89398548007011
7b,scope,pope_adversarial_002923,pope_adversarial,256,True,False,False,23.46998121261597,102.13307663798332
7b,scope,pope_adversarial_002952,pope_adversarial,256,True,False,True,21.187868279218677,92.99387596547604
7b,scope,pope_popular_000324,pope_popular,432,True,False,True,26.509579771757128,117.05628782510757
7b,scope,pope_popular_000751,pope_popular,432,True,False,False,25.611619938611987,110.43162830173969
7b,scope,pope_popular_000757,pope_popular,432,True,False,True,25.923531961441043,110.29364913702011
7b,scope,pope_popular_000768,pope_popular,432,True,False,True,27.934159637689593,111.04792170226574
7b,scope,pope_popular_000787,pope_popular,432,True,False,False,30.437809972763063,120.50069123506546
7b,scope,pope_popular_000792,pope_popular,432,False,False,False,28.771341494321824,113.31155896186829
7b,scope,pope_popular_000799,pope_popular,432,True,False,True,29.330169975757595,115.74708856642246
7b,scope,pope_popular_000811,pope_popular,432,True,False,True,31.977266011238097,125.9197797626257
7b,scope,pope_popular_000816,pope_popular,432,True,False,True,34.010103195905685,155.31493909657001
7b,scope,pope_popular_000864,pope_popular,432,True,False,True,25.112384029626845,121.7484325170517
7b,scope,pope_popular_000876,pope_popular,432,True,False,True,29.139689972400667,142.9953407496214
7b,scope,pope_popular_000882,pope_popular,432,False,False,False,29.11538084387779,146.90628834068775
7b,scope,pope_popular_000888,pope_popular,432,True,False,True,23.990424815416336,121.79476208984852
7b,scope,pope_popular_000895,pope_popular,432,True,False,False,24.838658111095427,121.4488297700882
7b,scope,pope_popular_000900,pope_popular,432,True,False,True,25.877345567941664,118.57153847813606
7b,scope,pope_popular_000919,pope_popular,432,True,False,True,28.745453444719313,122.63732776045799
7b,scope,pope_popular_000960,pope_popular,432,True,False,True,34.16513309359551,142.5507627427578
7b,scope,pope_popular_000984,pope_popular,432,True,False,True,27.802089387178423,114.47502858936787
7b,scope,pope_popular_001002,pope_popular,432,False,False,False,30.05226905822754,121.65183946490288
7b,scope,pope_popular_001014,pope_popular,432,True,False,True,30.254272785186764,122.17364646494389
7b,scope,pope_popular_001045,pope_popular,432,True,False,False,34.43994303941727,155.040318146348
7b,scope,pope_popular_001056,pope_popular,432,False,False,False,25.424736802577975,120.69759331643581
7b,scope,pope_popular_001068,pope_popular,432,False,False,False,24.917184937000275,115.55910483002663
7b,scope,pope_popular_001075,pope_popular,432,True,False,False,25.062661919593808,114.63186889886856
7b,scope,pope_popular_001086,pope_popular,432,True,False,True,28.39026719331741,123.97939525544643
7b,scope,pope_popular_001098,pope_popular,432,True,True,False,26.98936828017235,118.26512590050697
7b,scope,pope_popular_001122,pope_popular,432,True,False,True,25.68302122950554,112.76895366609097
7b,scope,pope_popular_001128,pope_popular,432,True,False,True,29.55095155239105,120.7292228937149
7b,scope,pope_popular_001158,pope_popular,432,True,False,True,32.624600291252136,128.275940194726
7b,scope,pope_popular_001171,pope_popular,432,True,False,True,32.029613971710205,120.54228037595749
7b,scope,pope_popular_001182,pope_popular,432,True,False,True,30.350778551101683,115.40310457348824
7b,scope,pope_popular_001188,pope_popular,432,True,False,True,31.155174841880797,118.61246824264526
7b,scope,pope_popular_001195,pope_popular,432,True,False,False,32.79431259989738,125.01232512295246
7b,scope,pope_popular_001224,pope_popular,432,False,False,False,31.414363667964935,119.63103525340557
7b,scope,pope_popular_001272,pope_popular,432,False,False,False,30.478315124511717,116.059809923172
7b,scope,pope_popular_001278,pope_popular,432,True,False,True,29.98481768965721,114.42891508340836
7b,scope,pope_popular_001332,pope_popular,432,False,False,False,30.05305014014244,114.35301601886749
7b,scope,pope_popular_001356,pope_popular,432,False,False,False,32.89523654699326,124.32869151234627
7b,scope,pope_popular_001369,pope_popular,432,True,False,False,33.45077612400054,126.73397734761238
7b,scope,pope_popular_001392,pope_popular,432,True,False,True,31.351752507686612,118.86638775467873
7b,scope,pope_popular_001458,pope_popular,432,True,False,True,34.01879075169564,128.9683748036623
7b,scope,pope_popular_001500,pope_popular,432,False,False,False,31.049376676082613,117.36823059618473
7b,scope,pope_popular_001507,pope_popular,432,True,False,False,31.51713802814484,118.9877986907959
7b,scope,pope_popular_001548,pope_popular,432,True,False,True,24.14557636260986,151.9656851887703
7b,scope,pope_popular_001566,pope_popular,432,False,False,False,19.187215604782104,131.27737119793892
7b,scope,pope_popular_001626,pope_popular,432,False,False,False,18.042337493896486,119.6314375847578
7b,scope,pope_popular_001644,pope_popular,432,True,False,True,18.60405217409134,118.96648071706295
7b,scope,pope_popular_001651,pope_popular,432,True,False,False,22.536183279752734,125.33924728631973
7b,scope,pope_popular_001681,pope_popular,432,True,False,False,23.08135906338692,115.32942578196526
7b,scope,pope_popular_001704,pope_popular,432,True,False,True,24.791752705574037,116.49595201015472
7b,scope,pope_popular_001716,pope_popular,432,True,False,True,35.92770921707154,151.06847882270813
7b,scope,pope_popular_001722,pope_popular,432,True,False,True,31.44357050061226,124.08621050417423
7b,scope,pope_popular_001747,pope_popular,432,True,False,False,29.85427994847298,116.5655329823494
7b,scope,pope_popular_001759,pope_popular,432,True,False,False,31.51920196533203,121.68649956583977
7b,scope,pope_popular_001794,pope_popular,432,True,False,True,29.79968943595886,115.66675640642643
7b,scope,pope_popular_001824,pope_popular,432,False,False,False,29.767309341430664,115.8459484577179
7b,scope,pope_popular_001831,pope_popular,432,True,False,False,29.517480300664904,112.96536773443222
7b,scope,pope_popular_001842,pope_popular,432,False,False,False,30.087320066690445,113.15896734595299
7b,scope,pope_popular_001861,pope_popular,432,True,False,False,30.13722198367119,113.51699009537697
7b,scope,pope_popular_001866,pope_popular,432,True,False,True,90.36734742879868,369.8247205466032
7b,scope,pope_popular_001878,pope_popular,432,True,False,True,25.227997767925267,113.50159905850887
7b,scope,pope_popular_001908,pope_popular,432,True,False,True,73.03558120012283,361.04047298431396
7b,scope,pope_popular_001932,pope_popular,432,True,False,True,20.472332534790038,113.60052041709423
7b,scope,pope_popular_002047,pope_popular,432,True,False,False,21.709913132190707,114.66698907315731
7b,scope,pope_popular_002070,pope_popular,432,False,False,False,22.16373807311058,113.63664083182812
7b,scope,pope_popular_002082,pope_popular,432,True,False,True,27.634431121349333,127.8153546154499
7b,scope,pope_popular_002124,pope_popular,432,True,False,True,25.701116247177122,115.45463651418686
7b,scope,pope_popular_002130,pope_popular,432,False,False,False,25.817060685157774,113.95233497023582
7b,scope,pope_popular_002172,pope_popular,432,False,False,False,27.724638454914093,114.15434628725052
7b,scope,pope_popular_002202,pope_popular,432,True,False,True,27.66388993501663,110.89536175131798
7b,scope,pope_popular_002232,pope_popular,432,True,False,True,33.35187709808349,122.74176813662052
7b,scope,pope_popular_002274,pope_popular,432,False,False,False,31.02811906337738,114.33069594204426
7b,scope,pope_popular_002304,pope_popular,432,True,False,True,31.027084218263628,114.41098712384701
7b,scope,pope_popular_002310,pope_popular,432,True,False,True,31.5331180036068,115.82137830555439
7b,scope,pope_popular_002328,pope_popular,432,True,False,True,32.062753833532334,117.28646792471409
7b,scope,pope_popular_002365,pope_popular,432,True,False,True,31.715634584426876,115.70720560848713
7b,scope,pope_popular_002370,pope_popular,432,False,False,False,30.710738825798035,114.3089160323143
7b,scope,pope_popular_002425,pope_popular,432,True,False,True,30.255602014064788,112.5928945839405
7b,scope,pope_popular_002430,pope_popular,432,True,False,True,33.55463497638702,124.21054020524025
7b,scope,pope_popular_002436,pope_popular,432,True,False,True,30.80811865210533,114.32223580777645
7b,scope,pope_popular_002449,pope_popular,432,True,False,True,31.316344023942946,116.41178093850613
7b,scope,pope_popular_002460,pope_popular,432,True,False,True,30.727411864995958,114.93301019072533
7b,scope,pope_popular_002478,pope_popular,432,True,True,False,30.50840579032898,113.64774033427238
7b,scope,pope_popular_002490,pope_popular,432,True,False,True,34.896571545600885,128.1939297914505
7b,scope,pope_popular_002496,pope_popular,432,False,False,False,32.69035300970078,121.01812288165092
7b,scope,pope_popular_002539,pope_popular,432,True,False,False,30.800074031353,114.44734781980515
7b,scope,pope_popular_002575,pope_popular,432,True,False,False,29.659837957620624,111.79465800523758
7b,scope,pope_popular_002640,pope_popular,432,False,False,False,51.30115482211114,194.35416720807552
7b,scope,pope_popular_002658,pope_popular,432,True,False,True,31.230125242471697,120.54904364049435
7b,scope,pope_popular_002670,pope_popular,432,True,False,True,28.64310517311096,114.18849602341652
7b,scope,pope_popular_002683,pope_popular,432,True,False,True,27.959165747165677,113.35384659469128
7b,scope,pope_popular_002689,pope_popular,432,True,False,False,28.252470960617064,115.38071557879448
7b,scope,pope_popular_002724,pope_popular,432,True,False,True,28.40458983063698,114.82257954776287
7b,scope,pope_popular_002737,pope_popular,432,True,False,False,29.251311235427856,119.55158412456512
7b,scope,pope_popular_002784,pope_popular,432,False,False,False,29.55678527355194,123.48842434585094
7b,scope,pope_popular_002808,pope_popular,432,False,True,False,27.49651985168457,115.52650481462479
7b,scope,pope_popular_002898,pope_popular,432,False,False,False,27.514686710834503,114.93453942239285
7b,scope,pope_popular_002923,pope_popular,432,True,False,False,30.171626646518707,121.98054045438766
7b,scope,pope_popular_002941,pope_popular,432,True,False,False,28.507013025283815,115.14273285865784
7b,scope,pope_popular_002965,pope_popular,432,True,False,False,31.130347893238067,126.86769850552082
7b,scope,pope_random_000751,pope_random,256,True,False,False,22.417044115066528,92.26484410464764
7b,scope,pope_random_000774,pope_random,256,False,False,False,22.322072486877442,91.7730163782835
7b,scope,pope_random_000792,pope_random,256,False,False,False,22.913530626296996,94.11679580807686
7b,scope,pope_random_000800,pope_random,256,True,False,True,22.94422340631485,94.58588995039463
7b,scope,pope_random_000816,pope_random,256,True,False,True,22.512628279924392,92.8667951375246
7b,scope,pope_random_000822,pope_random,256,False,False,False,23.000716050863268,94.54889968037605
7b,scope,pope_random_000828,pope_random,256,False,False,False,23.258585224151613,95.51575593650341
7b,scope,pope_random_000846,pope_random,256,False,False,False,22.870888093709947,92.592753469944
7b,scope,pope_random_000852,pope_random,256,True,False,True,28.250295538902286,121.78553082048893
7b,scope,pope_random_000870,pope_random,256,True,False,True,69.33503276228905,335.840854793787
7b,scope,pope_random_000876,pope_random,256,True,False,True,17.799151825904843,96.62910737097263
7b,scope,pope_random_000882,pope_random,256,False,False,False,17.252801102399825,94.69445049762726
7b,scope,pope_random_000888,pope_random,256,True,False,True,16.723327950239177,92.17477962374687
7b,scope,pope_random_000900,pope_random,256,True,False,True,19.094723798036572,104.5179832726717
7b,scope,pope_random_000907,pope_random,256,True,False,False,18.858249163627626,94.40209902822971
7b,scope,pope_random_000912,pope_random,256,True,False,True,22.682958372831344,110.98209023475647
7b,scope,pope_random_001020,pope_random,256,True,True,False,23.21065820455551,103.60545851290226
7b,scope,pope_random_001050,pope_random,256,False,False,False,23.371639913320543,100.79865716397762
7b,scope,pope_random_001086,pope_random,256,True,False,True,23.276245623826984,93.9544327557087
7b,scope,pope_random_001104,pope_random,256,True,False,True,25.109550544023513,98.75661134719849
7b,scope,pope_random_001110,pope_random,256,False,False,False,24.795111904144285,94.67793256044388
7b,scope,pope_random_001122,pope_random,256,True,False,True,23.857543544769285,92.66894496977329
7b,scope,pope_random_001128,pope_random,256,True,False,True,80.60896853327752,337.0498139411211
7b,scope,pope_random_001134,pope_random,256,False,False,False,22.417548261880874,104.26109284162521
7b,scope,pope_random_001141,pope_random,256,True,False,False,26.1464510011673,122.87005968391895
7b,scope,pope_random_001146,pope_random,256,True,False,True,19.9786350107193,94.04827654361725
7b,scope,pope_random_001200,pope_random,256,False,False,False,66.55720005631447,335.55700443685055
7b,scope,pope_random_001218,pope_random,256,False,True,False,18.3327824139595,97.49360010027885
7b,scope,pope_random_001248,pope_random,256,False,False,False,64.3214680993557,333.8851109147072
7b,scope,pope_random_001278,pope_random,256,True,False,True,19.79934452176094,104.57831434905529
7b,scope,pope_random_001302,pope_random,256,True,False,True,18.740604680776595,101.1926606297493
7b,scope,pope_random_001338,pope_random,256,True,False,True,18.060142952203748,95.59224918484688
7b,scope,pope_random_001362,pope_random,256,True,False,True,21.381386260986325,142.62851513922215
7b,scope,pope_random_001386,pope_random,256,False,False,False,14.02168730020523,98.1492381542921
7b,scope,pope_random_001423,pope_random,256,True,False,False,13.73005250930786,94.21587735414505
7b,scope,pope_random_001480,pope_random,256,True,False,True,14.865106730461118,101.18173807859421
7b,scope,pope_random_001520,pope_random,256,True,False,True,16.02391421318054,96.7387966811657
7b,scope,pope_random_001554,pope_random,256,True,False,True,16.44844527721405,95.6931784749031
7b,scope,pope_random_001574,pope_random,256,True,False,True,23.094972455501555,113.50907944142818
7b,scope,pope_random_001620,pope_random,256,True,False,True,22.948324192762374,108.11199061572552
7b,scope,pope_random_001674,pope_random,256,True,False,True,22.916446723937987,97.52755053341389
7b,scope,pope_random_001682,pope_random,256,False,False,False,23.857983241081236,97.63050451874733
7b,scope,pope_random_001740,pope_random,256,False,False,False,23.416324105262756,91.4576780050993
7b,scope,pope_random_001754,pope_random,256,True,False,True,24.210808420181273,93.94887275993824
7b,scope,pope_random_001764,pope_random,256,True,False,True,24.144906141757964,92.81917661428452
7b,scope,pope_random_001801,pope_random,256,True,False,False,24.262498751878738,93.20656955242157
7b,scope,pope_random_001814,pope_random,256,True,False,True,24.270910276174547,93.14805082976818
7b,scope,pope_random_001832,pope_random,256,True,False,True,25.41552188873291,97.1721988171339
7b,scope,pope_random_001842,pope_random,256,False,False,False,24.51234848499298,93.23403984308243
7b,scope,pope_random_001854,pope_random,256,False,True,False,24.311597752571103,92.04302914440632
7b,scope,pope_random_001872,pope_random,256,False,False,False,24.428093314170837,91.84805676341057
7b,scope,pope_random_001878,pope_random,256,True,False,True,26.00711452960968,97.60380163788795
7b,scope,pope_random_001921,pope_random,256,True,False,False,25.45026243925095,95.28553485870361
7b,scope,pope_random_001938,pope_random,256,True,False,True,24.510681351423266,92.94027648866177
7b,scope,pope_random_001963,pope_random,256,True,False,False,27.236239461898805,117.87906475365162
7b,scope,pope_random_001982,pope_random,256,True,False,True,23.57480027794838,110.42247712612152
7b,scope,pope_random_001992,pope_random,256,True,False,True,19.765158934593202,93.48838217556477
7b,scope,pope_random_002036,pope_random,256,True,False,True,19.797830095291136,94.01805512607098
7b,scope,pope_random_002082,pope_random,256,True,False,True,20.504379222393034,96.958938986063
7b,scope,pope_random_002088,pope_random,256,False,False,False,20.10902708053589,94.88071128726006
7b,scope,pope_random_002094,pope_random,256,False,False,False,70.46975928544998,340.3340894728899
7b,scope,pope_random_002100,pope_random,256,False,False,False,22.71157220363617,107.88538120687008
7b,scope,pope_random_002114,pope_random,256,False,False,False,22.447448039054873,101.35150142014027
7b,scope,pope_random_002124,pope_random,256,True,False,True,22.53782017230988,101.22857056558132
7b,scope,pope_random_002136,pope_random,256,True,False,True,21.102215051651,93.5847107321024
7b,scope,pope_random_002166,pope_random,256,False,False,False,22.519916688203814,99.6501799672842
7b,scope,pope_random_002214,pope_random,256,True,False,True,23.019110538959502,101.62653960287571
7b,scope,pope_random_002238,pope_random,256,True,False,True,22.868754472732547,99.49667565524578
7b,scope,pope_random_002250,pope_random,256,False,False,False,21.76630254507065,93.63536350429058
7b,scope,pope_random_002347,pope_random,256,True,False,False,22.584055999517446,92.06294268369675
7b,scope,pope_random_002358,pope_random,256,True,False,True,23.34350780963898,94.44709867238998
7b,scope,pope_random_002370,pope_random,256,True,True,False,32.8229306268692,129.9770213663578
7b,scope,pope_random_002400,pope_random,256,True,False,True,24.137765800952913,96.23066335916519
7b,scope,pope_random_002420,pope_random,256,True,False,True,23.0990336894989,92.70847588777542
7b,scope,pope_random_002430,pope_random,256,True,False,True,23.63454731941223,94.03429552912712
7b,scope,pope_random_002449,pope_random,256,True,False,False,24.54422024488449,96.82769514620304
7b,scope,pope_random_002466,pope_random,256,True,False,True,24.48914976596832,95.15361301600933
7b,scope,pope_random_002520,pope_random,256,True,False,True,26.726868891716,102.29643806815147
7b,scope,pope_random_002540,pope_random,256,False,True,False,25.415330075025555,96.55866585671902
7b,scope,pope_random_002551,pope_random,256,True,False,False,24.556134760379788,92.77677722275257
7b,scope,pope_random_002562,pope_random,256,True,False,True,24.162961428165435,90.88586084544659
7b,scope,pope_random_002568,pope_random,256,True,False,True,25.496730365753173,95.5466479063034
7b,scope,pope_random_002592,pope_random,256,True,False,True,24.95794189453125,92.88035705685616
7b,scope,pope_random_002652,pope_random,256,True,True,False,25.21152659893036,93.17093715071678
7b,scope,pope_random_002730,pope_random,256,True,False,True,86.40984473466872,344.6094002574682
7b,scope,pope_random_002742,pope_random,256,True,False,True,21.432118735313413,92.41743385791779
7b,scope,pope_random_002756,pope_random,256,False,False,False,19.396066474914548,139.40570317208767
7b,scope,pope_random_002766,pope_random,256,True,False,True,14.93044494152069,102.36270725727081
7b,scope,pope_random_002790,pope_random,256,False,False,False,14.340228838920591,95.03660537302494
7b,scope,pope_random_002826,pope_random,256,True,False,True,15.676508655548094,96.99820727109909
7b,scope,pope_random_002832,pope_random,256,False,False,False,15.347299418449401,94.11166608333588
7b,scope,pope_random_002850,pope_random,256,True,False,True,17.146672010421753,93.58244203031063
7b,scope,pope_random_002856,pope_random,256,True,False,True,17.455876607894897,93.79216283559799
7b,scope,pope_random_002862,pope_random,256,True,False,True,20.35940003037453,94.20696832239628
7b,scope,pope_random_002894,pope_random,256,True,False,True,21.004912757873537,94.5318192243576
7b,scope,pope_random_002928,pope_random,256,True,False,True,22.708739045858383,92.7460677921772
7b,scope,pope_random_002966,pope_random,256,True,False,True,25.080388646125794,99.95201975107193
7b,scope,pope_random_002970,pope_random,256,True,False,True,26.260855821371077,100.49709305167198
7b,scope,pope_random_002982,pope_random,256,True,False,True,25.230299097299575,95.673568546772
7b,scope,pope_random_002994,pope_random,256,True,False,True,25.51489094257355,95.74995748698711
7b,random,mmstar_000011,mmstar,dense,False,False,False,19.98125186920166,93.70159544050694
7b,random,mmstar_000012,mmstar,dense,False,False,False,19.689143033027648,91.39783680438995
7b,random,mmstar_000028,mmstar,dense,True,False,False,63.38087566256523,235.83736270666122
7b,random,mmstar_000031,mmstar,dense,True,False,True,28.913892471790316,95.09467147290707
7b,random,mmstar_000037,mmstar,dense,True,False,False,164.35287496447566,546.0204519331455
7b,random,mmstar_000043,mmstar,dense,True,False,False,50.839832251071925,205.5084127932787
7b,random,mmstar_000049,mmstar,432,True,False,False,115.15299060225487,581.3651438802481
7b,random,mmstar_000054,mmstar,dense,False,False,False,35.89683658123016,179.87277917563915
7b,random,mmstar_000068,mmstar,dense,True,False,True,23.62325907230377,111.89060844480991
7b,random,mmstar_000089,mmstar,dense,True,False,False,39.96454768896103,180.78289553523064
7b,random,mmstar_000091,mmstar,dense,True,False,False,28.91282364606857,118.47083829343319
7b,random,mmstar_000092,mmstar,dense,True,False,False,24.66343152165413,92.0097604393959
7b,random,mmstar_000094,mmstar,dense,True,False,True,27.732797994613648,93.5967918485403
7b,random,mmstar_000103,mmstar,dense,True,False,True,30.449845966100693,95.58789804577827
7b,random,mmstar_000105,mmstar,dense,False,False,False,31.51050820469856,92.34130382537842
7b,random,mmstar_000113,mmstar,dense,False,False,False,34.58465301632881,98.25160726904869
7b,random,mmstar_000124,mmstar,dense,False,False,False,44.56654031038284,123.88479523360729
7b,random,mmstar_000131,mmstar,dense,True,False,True,36.65390136837959,101.10793635249138
7b,random,mmstar_000139,mmstar,dense,True,False,True,33.9435938000679,93.54814514517784
7b,random,mmstar_000154,mmstar,432,False,False,False,34.43247670412064,94.11149471998215
7b,random,mmstar_000155,mmstar,dense,True,False,True,33.130119292736055,90.49086086452007
7b,random,mmstar_000157,mmstar,432,False,False,False,34.94721616983414,94.58991885185242
7b,random,mmstar_000160,mmstar,dense,True,False,True,33.72231156229973,91.1555364727974
7b,random,mmstar_000163,mmstar,dense,True,False,True,34.17874212861061,91.783557087183
7b,random,mmstar_000166,mmstar,432,True,False,False,35.31981289386749,94.66936998069286
7b,random,mmstar_000167,mmstar,432,False,False,False,35.86537469506264,95.41659615933895
7b,random,mmstar_000174,mmstar,dense,True,False,True,36.006391121149065,95.55178880691528
7b,random,mmstar_000183,mmstar,dense,True,False,True,34.808813897371294,91.59328043460846
7b,random,mmstar_000184,mmstar,432,True,False,False,44.82813869476318,117.61575937271118
7b,random,mmstar_000187,mmstar,dense,True,False,False,33.9783181142807,89.91520293056965
7b,random,mmstar_000192,mmstar,dense,True,False,False,34.15524605035782,90.45989997684956
7b,random,mmstar_000193,mmstar,dense,True,False,True,34.36825907588005,90.71174077689648
7b,random,mmstar_000196,mmstar,dense,True,False,True,35.94824141263962,94.8067419230938
7b,random,mmstar_000197,mmstar,432,False,False,False,34.87149816036224,91.1089051514864
7b,random,mmstar_000205,mmstar,dense,False,False,False,75.22662722587586,196.26580365002155
7b,random,mmstar_000207,mmstar,432,True,False,False,34.69151097536087,90.84164537489414
7b,random,mmstar_000219,mmstar,dense,True,False,True,34.40994952321053,90.5727930366993
7b,random,mmstar_000243,mmstar,dense,True,False,False,88.04870151042937,233.13644714653492
7b,random,mmstar_000244,mmstar,dense,True,False,True,48.094885786771776,127.93157622218132
7b,random,mmstar_000248,mmstar,dense,True,False,True,37.06515925526619,99.17342476546764
7b,random,mmstar_000254,mmstar,dense,False,False,False,41.37519913673401,111.30079440772533
7b,random,mmstar_000257,mmstar,432,True,False,False,35.144893580675124,95.30933573842049
7b,random,mmstar_000267,mmstar,dense,True,False,True,34.234690157175066,93.11284124851227
7b,random,mmstar_000270,mmstar,dense,True,False,True,33.831859753131866,92.31245331466198
7b,random,mmstar_000274,mmstar,dense,False,False,False,33.16304016590119,90.43008834123611
7b,random,mmstar_000275,mmstar,dense,False,False,False,63.31433360695839,172.7277673780918
7b,random,mmstar_000283,mmstar,dense,False,False,False,36.18317729830742,99.36040453612804
7b,random,mmstar_000284,mmstar,432,True,False,False,55.95025768876076,154.71015311777592
7b,random,mmstar_000291,mmstar,dense,False,False,False,33.72729967117309,93.80456432700157
7b,random,mmstar_000311,mmstar,dense,False,False,False,33.22364638447761,92.77946688234806
7b,random,mmstar_000313,mmstar,dense,False,False,False,32.65801305055618,91.25387668609619
7b,random,mmstar_000320,mmstar,432,False,False,False,34.244839812517164,95.13452462852001
7b,random,mmstar_000324,mmstar,dense,False,False,False,34.981461374759675,96.97124734520912
7b,random,mmstar_000325,mmstar,432,True,True,False,33.25416536808014,91.27666428685188
7b,random,mmstar_000335,mmstar,dense,False,False,False,33.301782579421996,91.09523147344589
7b,random,mmstar_000344,mmstar,dense,False,False,False,32.88173016309738,89.99804593622684
7b,random,mmstar_000354,mmstar,dense,True,False,False,39.328151743412015,107.68267512321472
7b,random,mmstar_000360,mmstar,432,True,False,False,36.65474612474442,100.08015111088753
7b,random,mmstar_000366,mmstar,432,False,False,False,33.880107421875,92.4848560243845
7b,random,mmstar_000367,mmstar,dense,False,False,False,34.94616396665574,94.12182867527008
7b,random,mmstar_000369,mmstar,dense,False,False,False,34.577112500667575,93.06292794644833
7b,random,mmstar_000370,mmstar,dense,True,False,True,34.17301702022553,91.91145934164524
7b,random,mmstar_000375,mmstar,dense,True,False,True,33.169404705762865,89.203130453825
7b,random,mmstar_000379,mmstar,dense,False,False,False,33.72084340453148,90.84450267255306
7b,random,mmstar_000384,mmstar,dense,False,False,False,33.57081665754318,90.48449993133545
7b,random,mmstar_000386,mmstar,432,False,True,False,54.608905107975005,148.03907461464405
7b,random,mmstar_000397,mmstar,432,False,True,False,38.01250808596611,103.8364376872778
7b,random,mmstar_000400,mmstar,dense,False,False,False,43.89186218976974,122.17975407838821
7b,random,mmstar_000405,mmstar,dense,False,False,False,60.2292301094532,168.95168088376522
7b,random,mmstar_000407,mmstar,432,False,False,False,36.5380908370018,102.91460901498795
7b,random,mmstar_000413,mmstar,dense,False,False,False,33.754776196479796,95.47906555235386
7b,random,mmstar_000423,mmstar,432,True,False,False,33.27649408102036,94.98501196503639
7b,random,mmstar_000427,mmstar,432,False,False,False,33.636863231658936,97.15379029512405
7b,random,mmstar_000428,mmstar,dense,False,False,False,32.27138219952583,92.68303588032722
7b,random,mmstar_000431,mmstar,dense,False,False,False,31.659650638103486,90.31578153371811
7b,random,mmstar_000433,mmstar,dense,False,False,False,32.14121481657028,90.65879136323929
7b,random,mmstar_000438,mmstar,432,False,False,False,37.5138710641861,104.42995466291904
7b,random,mmstar_000440,mmstar,dense,True,False,True,33.18781888484955,92.92384795844555
7b,random,mmstar_000444,mmstar,432,False,False,False,113.72029890298842,334.7851186990738
7b,random,mmstar_000447,mmstar,dense,True,False,True,33.15385743498802,107.4837651103735
7b,random,mmstar_000453,mmstar,dense,False,False,False,28.97670801401138,94.46706064045429
7b,random,mmstar_000464,mmstar,dense,False,False,False,28.66729820013046,94.43618915975094
7b,random,mmstar_000466,mmstar,dense,False,False,False,28.512651057243346,93.91309693455696
7b,random,mmstar_000470,mmstar,dense,False,False,False,27.40912934780121,90.6964223831892
7b,random,mmstar_000473,mmstar,dense,False,False,False,29.70544642806053,98.29860739409924
7b,random,mmstar_000479,mmstar,dense,False,False,False,42.716620186567305,137.65474781394005
7b,random,mmstar_000481,mmstar,dense,True,False,True,32.222737202644346,99.02586229145527
7b,random,mmstar_000485,mmstar,dense,False,False,False,31.434282445907595,91.66159853339195
7b,random,mmstar_000491,mmstar,432,True,False,False,33.52845960021019,95.00057250261307
7b,random,mmstar_000494,mmstar,432,False,False,False,34.43134130477905,94.10957619547844
7b,random,mmstar_000495,mmstar,dense,False,False,False,33.188320806026454,91.58270806074142
7b,random,mmstar_000500,mmstar,dense,True,False,False,53.06410068511963,146.3551316410303
7b,random,mmstar_000501,mmstar,dense,False,False,False,32.90402766823769,93.32932159304619
7b,random,mmstar_000508,mmstar,dense,False,False,False,46.622958809137344,134.1148316860199
7b,random,mmstar_000509,mmstar,432,False,True,False,31.479504804611206,92.18559227883816
7b,random,mmstar_000511,mmstar,432,False,False,False,81.59735014796256,243.59926208853722
7b,random,mmstar_000512,mmstar,dense,False,False,False,33.110216116905214,98.31357561051846
7b,random,mmstar_000519,mmstar,dense,False,False,False,30.705715942382813,91.19250625371933
7b,random,mmstar_000521,mmstar,432,False,True,False,163.95492480993272,564.4652172923088
7b,random,mmstar_000538,mmstar,432,False,True,False,23.383926459550857,98.3203761279583
7b,random,mmstar_000542,mmstar,432,False,False,False,27.98230535507202,121.6893307864666
7b,random,mmstar_000553,mmstar,dense,True,False,False,70.80978914260865,344.0285958349705
7b,random,mmstar_000563,mmstar,dense,False,False,False,22.066791504621502,105.14734126627445
7b,random,mmstar_000564,mmstar,dense,False,False,False,19.970075052976608,94.40808743238449
7b,random,mmstar_000567,mmstar,dense,False,False,False,24.973660176992418,93.65273453295231
7b,random,mmstar_000572,mmstar,dense,False,False,False,25.627046823501587,95.87603993713856
7b,random,mmstar_000575,mmstar,432,True,False,True,28.734092342853547,98.9028848707676
7b,random,mmstar_000577,mmstar,432,True,True,False,29.65402715921402,101.80566273629665
7b,random,mmstar_000578,mmstar,432,True,False,False,26.858374600410464,89.10651877522469
7b,random,mmstar_000581,mmstar,dense,False,False,False,28.924099566936494,95.95488011837006
7b,random,mmstar_000582,mmstar,432,False,False,False,36.70854021310806,107.96999000012875
7b,random,mmstar_000589,mmstar,dense,False,False,False,50.056466189622874,143.91966722905636
7b,random,mmstar_000591,mmstar,dense,False,False,False,33.217132024765014,92.24835224449635
7b,random,mmstar_000592,mmstar,dense,True,False,False,32.403941575288776,90.69335088133812
7b,random,mmstar_000593,mmstar,dense,False,False,False,32.17463550567627,90.6596202403307
7b,random,mmstar_000597,mmstar,dense,True,False,True,34.52771028518677,96.83218598365784
7b,random,mmstar_000600,mmstar,432,False,False,False,34.77902554750443,96.9361662864685
7b,random,mmstar_000602,mmstar,432,False,False,False,32.591521692276004,90.3332494199276
7b,random,mmstar_000608,mmstar,432,False,False,False,87.51089329481125,241.4341475814581
7b,random,mmstar_000613,mmstar,432,False,False,False,88.308043333292,244.1670075058937
7b,random,mmstar_000614,mmstar,432,False,True,False,48.711711878776555,134.45746526122093
7b,random,mmstar_000617,mmstar,dense,True,False,False,33.66547942757607,92.86443516612053
7b,random,mmstar_000622,mmstar,432,False,False,False,35.01216299891472,98.53160008788109
7b,random,mmstar_000631,mmstar,dense,True,False,True,32.155416070222856,91.06706455349922
7b,random,mmstar_000634,mmstar,dense,False,False,False,35.963805303573615,103.04725542664528
7b,random,mmstar_000635,mmstar,dense,False,False,False,30.815823025703434,88.63961696624756
7b,random,mmstar_000636,mmstar,dense,False,False,False,32.161036483049394,92.04699099063873
7b,random,mmstar_000657,mmstar,432,True,False,False,34.87649860858917,99.61111843585968
7b,random,mmstar_000673,mmstar,dense,False,False,False,35.962702029943465,101.38128884136677
7b,random,mmstar_000680,mmstar,432,False,False,False,35.326997635364535,99.07594323158264
7b,random,mmstar_000683,mmstar,432,False,False,False,33.19216975450515,91.1905039101839
7b,random,mmstar_000685,mmstar,dense,False,False,False,38.9186280798912,106.21790774166584
7b,random,mmstar_000691,mmstar,dense,True,False,True,36.590391690731046,98.97979535162449
7b,random,mmstar_000693,mmstar,dense,True,False,True,37.86922440290451,102.67853923141956
7b,random,mmstar_000701,mmstar,dense,True,False,True,34.79390459060669,95.48643603920937
7b,random,mmstar_000703,mmstar,dense,True,False,False,37.58384689211846,103.28458435833454
7b,random,mmstar_000705,mmstar,dense,True,False,True,35.43188175797462,97.84240275621414
7b,random,mmstar_000711,mmstar,dense,True,False,True,32.529227056503295,90.08561819791794
7b,random,mmstar_000720,mmstar,dense,True,False,True,32.05571170687676,89.44807201623917
7b,random,mmstar_000723,mmstar,dense,True,False,True,31.897943514585492,89.46806192398071
7b,random,mmstar_000731,mmstar,dense,True,False,True,31.053103089332577,88.00147846341133
7b,random,mmstar_000732,mmstar,dense,True,False,True,48.047646293640135,136.6010308265686
7b,random,mmstar_000736,mmstar,dense,False,False,False,33.52051513671875,95.5251082777977
7b,random,mmstar_000741,mmstar,dense,True,False,False,31.34865260720253,89.03524838387966
7b,random,mmstar_000757,mmstar,432,False,False,False,31.899161243438723,90.50555154681206
7b,random,mmstar_000769,mmstar,dense,False,False,False,33.29860651016235,104.19750027358532
7b,random,mmstar_000777,mmstar,dense,False,False,False,34.9309910273552,111.03902198374271
7b,random,mmstar_000778,mmstar,dense,True,False,False,31.40102767944336,102.23198495805264
7b,random,mmstar_000782,mmstar,dense,False,False,False,30.96525593996048,100.97986832261086
7b,random,mmstar_000783,mmstar,dense,True,False,True,33.92269676327705,112.71032318472862
7b,random,mmstar_000784,mmstar,dense,False,False,False,35.415936377048496,119.78421546518803
7b,random,mmstar_000786,mmstar,dense,True,False,True,51.2658016204834,168.9856294542551
7b,random,mmstar_000788,mmstar,dense,True,False,False,30.204689798355105,96.4693371206522
7b,random,mmstar_000789,mmstar,dense,False,False,False,30.440517681837083,90.82252159714699
7b,random,mmstar_000794,mmstar,dense,True,False,False,31.53934984087944,92.73211844265461
7b,random,mmstar_000796,mmstar,dense,False,False,False,32.47134570479393,93.00895780324936
7b,random,mmstar_000797,mmstar,dense,False,False,False,32.213147772550585,91.40288829803467
7b,random,mmstar_000803,mmstar,dense,True,False,True,33.9511577630043,94.91769038140774
7b,random,mmstar_000811,mmstar,dense,False,False,False,36.740906059741974,101.96247696876526
7b,random,mmstar_000823,mmstar,dense,False,False,False,81.86159376740456,219.85207498073578
7b,random,mmstar_000828,mmstar,dense,False,False,False,35.065453634262084,92.14350208640099
7b,random,mmstar_000840,mmstar,dense,False,False,False,124.58620151281356,348.5014494508505
7b,random,mmstar_000842,mmstar,dense,False,False,False,32.16544733524322,100.49564391374588
7b,random,mmstar_000854,mmstar,dense,False,False,False,47.66251792430878,149.63886886835098
7b,random,mmstar_000868,mmstar,dense,True,False,False,51.913074636459356,164.0339158475399
7b,random,mmstar_000872,mmstar,dense,False,False,False,28.615639524459837,90.95735289156437
7b,random,mmstar_000873,mmstar,dense,False,False,False,29.49099247097969,95.35473585128784
7b,random,mmstar_000880,mmstar,dense,True,False,False,41.770152541399,136.13206893205643
7b,random,mmstar_000881,mmstar,dense,True,False,True,41.92085639953613,127.19042226672173
7b,random,mmstar_000882,mmstar,dense,False,False,False,32.722876958847046,92.1902023255825
7b,random,mmstar_000887,mmstar,dense,False,False,False,32.22917844653129,88.26241455972195
7b,random,mmstar_000902,mmstar,dense,False,False,False,35.14443249702453,95.86859121918678
7b,random,mmstar_000905,mmstar,432,False,False,False,62.02650224804878,167.1343669295311
7b,random,mmstar_000909,mmstar,dense,False,False,False,36.25673097014427,100.49717128276825
7b,random,mmstar_000911,mmstar,dense,False,False,False,32.330315502882,89.59155343472958
7b,random,mmstar_000920,mmstar,dense,False,False,False,57.65359740257263,159.67514365911484
7b,random,mmstar_000928,mmstar,dense,False,False,False,33.848760334253306,93.20983104407787
7b,random,mmstar_000934,mmstar,dense,False,False,False,32.65830401301384,89.9332445114851
7b,random,mmstar_000936,mmstar,dense,False,False,False,32.75113817811012,90.6923208385706
7b,random,mmstar_000942,mmstar,dense,False,False,False,32.45567741394043,89.90372344851494
7b,random,mmstar_000945,mmstar,dense,False,False,False,33.43919174671173,92.86015667021275
7b,random,mmstar_000950,mmstar,dense,False,False,False,32.32023459434509,89.80059623718262
7b,random,mmstar_000951,mmstar,dense,False,False,False,33.12211031317711,91.57784841954708
7b,random,mmstar_000953,mmstar,dense,False,False,False,34.37078365087509,94.81586143374443
7b,random,mmstar_000959,mmstar,432,False,False,False,32.72407095432281,90.37903882563114
7b,random,mmstar_000962,mmstar,dense,True,False,False,114.2030706501007,331.35597221553326
7b,random,mmstar_000963,mmstar,dense,False,False,False,95.64991930842399,338.86477909982204
7b,random,mmstar_000970,mmstar,dense,False,False,False,25.516450687646866,123.5495638102293
7b,random,mmstar_000971,mmstar,dense,False,False,False,18.328869285583497,94.01597455143929
7b,random,mmstar_000972,mmstar,dense,False,False,False,22.344924191236494,106.24473541975021
7b,random,mmstar_000974,mmstar,dense,False,False,False,19.31604809999466,90.04959650337696
7b,random,mmstar_000978,mmstar,dense,False,False,False,23.29042710900307,92.48184598982334
7b,random,mmstar_000979,mmstar,dense,True,False,True,28.282595291137696,110.98347045481205
7b,random,mmstar_000995,mmstar,dense,True,False,False,28.47538162946701,100.22290423512459
7b,random,mmstar_000998,mmstar,432,False,False,False,32.501772451400754,111.25831305980682
7b,random,mmstar_001005,mmstar,dense,False,False,False,30.82682109475136,94.74312886595726
7b,random,mmstar_001006,mmstar,dense,False,False,False,30.773253021240237,92.57745370268822
7b,random,mmstar_001012,mmstar,dense,False,False,False,51.35512596130371,147.02008850872517
7b,random,mmstar_001017,mmstar,dense,False,False,False,36.81354417085648,105.52484169602394
7b,random,mmstar_001022,mmstar,dense,False,False,False,35.23903030633927,101.01273842155933
7b,random,mmstar_001025,mmstar,dense,True,False,True,33.36349867582321,94.8245506733656
7b,random,mmstar_001029,mmstar,dense,False,False,False,34.37829674482345,97.71155379712582
7b,random,mmstar_001031,mmstar,dense,False,False,False,37.6020247220993,106.57345876097679
7b,random,mmstar_001032,mmstar,432,True,False,False,37.87067675113678,107.26748406887054
7b,random,mmstar_001035,mmstar,dense,True,False,True,98.5879213154316,276.51057578623295
7b,random,mmstar_001039,mmstar,dense,False,False,False,36.541575232744215,101.19142755866051
7b,random,mmstar_001044,mmstar,dense,False,False,False,33.31023932218552,91.87803044915199
7b,random,mmstar_001048,mmstar,dense,False,False,False,33.33423439621925,92.3013836145401
7b,random,mmstar_001059,mmstar,dense,False,False,False,59.22271594047546,165.91385938227177
7b,random,mmstar_001061,mmstar,dense,False,False,False,31.68500171899796,90.58070182800293
7b,random,mmstar_001066,mmstar,432,False,False,False,35.03139383196831,100.140031427145
7b,random,mmstar_001068,mmstar,dense,False,False,False,39.45666429519653,113.75274509191513
7b,random,mmstar_001069,mmstar,dense,False,False,False,33.34658607721329,95.62699683010578
7b,random,mmstar_001083,mmstar,dense,True,False,False,34.15559324026108,97.24424965679646
7b,random,mmstar_001094,mmstar,dense,False,False,False,32.2789296913147,91.17249585688114
7b,random,mmstar_001097,mmstar,dense,False,False,False,33.68494488358498,94.29536946117878
7b,random,mmstar_001103,mmstar,dense,True,False,True,36.89405831813812,103.00365276634693
7b,random,mmstar_001104,mmstar,dense,False,False,False,33.789882481098175,94.01361458003521
7b,random,mmstar_001112,mmstar,dense,False,False,False,32.45556144118309,91.07550419867039
7b,random,mmstar_001115,mmstar,dense,False,False,False,35.412332355976105,100.47035478055477
7b,random,mmstar_001121,mmstar,dense,False,False,False,33.68176711201667,96.17163240909576
7b,random,mmstar_001122,mmstar,dense,True,False,False,86.51027416706086,244.71165984869003
7b,random,mmstar_001126,mmstar,dense,False,False,False,30.932614324092867,122.02260456979275
7b,random,mmstar_001131,mmstar,dense,False,False,False,72.0808766925335,332.35982805490494
7b,random,mmstar_001133,mmstar,dense,True,False,False,48.79471269249916,262.2943315654993
7b,random,mmstar_001137,mmstar,dense,False,False,False,21.09399607181549,103.76320779323578
7b,random,mmstar_001146,mmstar,dense,True,False,False,26.951685256958008,108.98710414767265
7b,random,mmstar_001159,mmstar,dense,False,False,False,23.47623529434204,91.44526906311512
7b,random,mmstar_001160,mmstar,dense,False,False,False,29.321694717407226,102.26445831358433
7b,random,mmstar_001169,mmstar,dense,False,False,False,28.79753302574158,96.77533619105816
7b,random,mmstar_001188,mmstar,dense,False,False,False,67.89789155244829,206.7885510623455
7b,random,mmstar_001191,mmstar,dense,False,False,False,31.822745521068576,95.56437842547894
7b,random,mmstar_001194,mmstar,dense,False,False,False,30.55443829774857,93.53667125105858
7b,random,mmstar_001195,mmstar,dense,False,False,False,30.43347213506699,93.38806010782719
7b,random,mmstar_001209,mmstar,dense,True,False,False,29.863402540683747,92.32390485703945
7b,random,mmstar_001213,mmstar,dense,False,False,False,30.89232933282852,95.65582871437073
7b,random,mmstar_001221,mmstar,dense,True,False,False,39.38216378688813,121.27653881907463
7b,random,mmstar_001224,mmstar,dense,False,False,False,41.34057037591935,126.32484547793865
7b,random,mmstar_001226,mmstar,dense,False,False,False,32.633090579509734,97.74706326425076
7b,random,mmstar_001227,mmstar,dense,False,False,False,31.020314459800723,91.4800763130188
7b,random,mmstar_001228,mmstar,dense,False,False,False,31.58663527727127,89.97117541730404
7b,random,mmstar_001230,mmstar,dense,False,False,False,54.790490247011185,153.5565871745348
7b,random,mmstar_001241,mmstar,dense,False,False,False,33.827446837425235,93.4575516730547
7b,random,mmstar_001246,mmstar,dense,True,False,False,140.46571140885354,420.98252661526203
7b,random,mmstar_001247,mmstar,dense,False,False,False,30.57840897083282,102.47202776372433
7b,random,mmstar_001249,mmstar,dense,False,False,False,36.48950990080833,124.54495020210743
7b,random,mmstar_001251,mmstar,dense,False,False,False,46.89035206675529,167.23276674747467
7b,random,mmstar_001261,mmstar,dense,True,False,False,24.752125769853595,92.1413991600275
7b,random,mmstar_001276,mmstar,dense,False,False,False,23.86782091379166,88.05317245423794
7b,random,mmstar_001280,mmstar,dense,True,False,False,51.11762800455093,180.60873821377754
7b,random,mmstar_001285,mmstar,dense,False,False,False,43.72891839027404,142.88602769374847
7b,random,mmstar_001287,mmstar,dense,False,False,False,28.898950489759443,92.35790371894836
7b,random,mmstar_001288,mmstar,dense,False,False,False,31.536361151933672,99.41042587161064
7b,random,mmstar_001289,mmstar,432,False,False,False,29.92648325204849,93.4714525938034
7b,random,mmstar_001290,mmstar,dense,False,False,False,101.41984210968018,324.66140389442444
7b,random,mmstar_001293,mmstar,dense,False,False,False,31.91943655252457,110.75493134558201
7b,random,mmstar_001298,mmstar,dense,True,False,True,58.33193157911301,201.73017494380474
7b,random,mmstar_001304,mmstar,dense,False,False,False,69.32854894518853,236.39692924916744
7b,random,mmstar_001307,mmstar,432,True,False,False,27.90541756629944,94.39635835587978
7b,random,mmstar_001320,mmstar,dense,True,False,True,26.17834819674492,88.31664361059666
7b,random,mmstar_001326,mmstar,432,True,False,True,27.825697845220567,90.35691805183887
7b,random,mmstar_001331,mmstar,dense,False,False,False,29.33868192791939,89.7104162722826
7b,random,mmstar_001346,mmstar,dense,False,False,False,29.489560893774033,88.52321468293667
7b,random,mmstar_001347,mmstar,dense,False,False,False,31.20277708530426,88.12828361988068
7b,random,mmstar_001350,mmstar,432,True,False,False,31.294881727695465,88.48998323082924
7b,random,mmstar_001353,mmstar,432,False,False,False,69.1135322713852,196.30268402397633
7b,random,mmstar_001366,mmstar,dense,False,False,False,37.90112308502198,106.79299011826515
7b,random,mmstar_001371,mmstar,432,True,False,False,35.202916867733,98.96848164498806
7b,random,mmstar_001378,mmstar,dense,False,False,False,32.330021585226056,90.53967893123627
7b,random,mmstar_001379,mmstar,dense,False,False,False,45.03050026297569,126.7524678260088
7b,random,mmstar_001382,mmstar,dense,True,False,False,34.04843236923218,96.3298212736845
7b,random,mmstar_001394,mmstar,dense,False,False,False,33.385866582393646,96.1134023964405
7b,random,mmstar_001395,mmstar,dense,False,False,False,31.110434818267823,89.65682424604893
7b,random,mmstar_001397,mmstar,dense,False,False,False,39.56747987270356,112.67625167965889
7b,random,mmstar_001401,mmstar,dense,False,False,False,35.13179558753968,99.80249591171741
7b,random,mmstar_001402,mmstar,dense,False,False,False,35.34928627729416,98.28346595168114
7b,random,mmstar_001410,mmstar,dense,False,False,False,161.89217020630838,446.5551171451807
7b,random,mmstar_001412,mmstar,dense,False,False,False,41.07485991835594,114.95380103588104
7b,random,mmstar_001420,mmstar,dense,False,False,False,35.65390266180039,100.80847702920437
7b,random,mmstar_001421,mmstar,dense,True,False,False,32.87425580382347,95.8472527563572
7b,random,mmstar_001424,mmstar,dense,False,False,False,32.52144727706909,95.3462366014719
7b,random,mmstar_001427,mmstar,432,True,False,False,36.721318976879125,108.02060924470425
7b,random,mmstar_001432,mmstar,432,True,False,False,33.55788320302963,98.77299144864082
7b,random,mmstar_001434,mmstar,432,False,False,False,98.81488220214844,290.4671709984541
7b,random,mmstar_001436,mmstar,dense,True,False,False,34.188054704666136,100.77733546495438
7b,random,mmstar_001440,mmstar,dense,False,False,False,35.77319517135621,104.32769171893597
7b,random,mmstar_001444,mmstar,dense,False,False,False,35.02761799097061,102.05381736159325
7b,random,mmstar_001446,mmstar,dense,True,False,True,31.886414897441863,92.17438288033009
7b,random,mmstar_001448,mmstar,432,False,False,False,45.1228679895401,134.47511568665504
7b,random,mmstar_001451,mmstar,dense,True,False,False,31.409987258911134,94.96363438665867
7b,random,mmstar_001452,mmstar,dense,False,False,False,33.91358132123947,106.6921092569828
7b,random,mmstar_001455,mmstar,dense,False,False,False,32.374830583333974,101.97766311466694
7b,random,mmstar_001467,mmstar,dense,False,False,False,28.281526879072192,88.03046308457851
7b,random,mmstar_001470,mmstar,dense,True,False,False,28.799056575298312,89.83163349330425
7b,random,mmstar_001477,mmstar,dense,False,False,False,38.217344373464584,121.59614078700542
7b,random,mmstar_001484,mmstar,dense,False,False,False,146.67853339910505,541.8697986751795
7b,random,mmstar_001490,mmstar,dense,True,False,False,21.68995170712471,93.0581483989954
7b,random,mmstar_001491,mmstar,dense,True,False,False,20.270585703849793,91.45069681107998
7b,random,mmstar_001492,mmstar,dense,True,False,False,20.726698439121247,92.82372705638409
7b,random,mmstar_001496,mmstar,dense,False,False,False,20.628477396965028,89.24530074000359
7b,random,pope_adversarial_000324,pope_adversarial,256,True,False,True,78.00652391910553,335.53116396069527
7b,random,pope_adversarial_000751,pope_adversarial,256,True,False,False,21.276870040893556,89.29342217743397
7b,random,pope_adversarial_000781,pope_adversarial,256,True,False,False,23.216755146980287,90.85138328373432
7b,random,pope_adversarial_000787,pope_adversarial,256,True,False,False,24.422315475940703,90.09982831776142
7b,random,pope_adversarial_000828,pope_adversarial,256,False,False,False,25.150758562088008,90.48311226069927
7b,random,pope_adversarial_000834,pope_adversarial,256,True,False,True,26.755807237625117,93.02642941474915
7b,random,pope_adversarial_000840,pope_adversarial,256,True,False,True,26.132291804552075,90.75780026614666
7b,random,pope_adversarial_000846,pope_adversarial,256,False,False,False,27.170223855972285,94.14134547114372
7b,random,pope_adversarial_000852,pope_adversarial,256,True,False,True,27.09812026977539,91.72699972987175
7b,random,pope_adversarial_000900,pope_adversarial,256,True,False,True,28.032885593175887,88.88036757707596
7b,random,pope_adversarial_000908,pope_adversarial,256,False,False,True,34.85621756315231,107.52048529684544
7b,random,pope_adversarial_000919,pope_adversarial,256,True,False,False,31.480690798759465,90.3751477599144
7b,random,pope_adversarial_000930,pope_adversarial,256,False,False,False,30.60427279353142,87.57133781909943
7b,random,pope_adversarial_000942,pope_adversarial,256,False,False,False,32.19192489624023,90.66298045217991
7b,random,pope_adversarial_000984,pope_adversarial,256,True,False,True,32.059953016042705,90.31436778604984
7b,random,pope_adversarial_000990,pope_adversarial,256,False,False,False,31.392770376205444,88.54989521205425
7b,random,pope_adversarial_000997,pope_adversarial,256,True,False,False,31.425673811435697,88.76523934304714
7b,random,pope_adversarial_001014,pope_adversarial,256,True,False,True,33.23486943244934,94.91661190986633
7b,random,pope_adversarial_001020,pope_adversarial,256,True,False,True,31.02729135751724,89.13232013583183
7b,random,pope_adversarial_001032,pope_adversarial,256,True,False,True,57.987750600576405,174.02026802301407
7b,random,pope_adversarial_001038,pope_adversarial,256,False,False,False,32.83422545433044,102.19656676054001
7b,random,pope_adversarial_001045,pope_adversarial,256,True,False,False,29.323069455623624,91.36372804641724
7b,random,pope_adversarial_001056,pope_adversarial,256,False,False,False,30.10462412238121,94.13246437907219
7b,random,pope_adversarial_001080,pope_adversarial,256,True,False,True,29.98211611032486,93.84387545287609
7b,random,pope_adversarial_001134,pope_adversarial,256,False,False,False,29.710908277034758,93.56832318007946
7b,random,pope_adversarial_001206,pope_adversarial,256,True,False,True,29.515134640932082,93.40839274227619
7b,random,pope_adversarial_001254,pope_adversarial,256,False,False,False,33.802057803869246,109.87183265388012
7b,random,pope_adversarial_001302,pope_adversarial,256,True,False,True,27.80091592311859,90.48262052237988
7b,random,pope_adversarial_001308,pope_adversarial,256,False,True,False,28.890713970661164,94.0857082605362
7b,random,pope_adversarial_001320,pope_adversarial,256,True,False,True,28.271334207057954,89.68084305524826
7b,random,pope_adversarial_001338,pope_adversarial,256,True,False,True,30.760084671974184,96.04324959218502
7b,random,pope_adversarial_001344,pope_adversarial,256,False,False,False,29.482699711322784,91.44961833953857
7b,random,pope_adversarial_001386,pope_adversarial,256,False,False,False,102.19591170430184,328.6328110843897
7b,random,pope_adversarial_001392,pope_adversarial,256,True,False,True,28.24700842499733,98.36259856820107
7b,random,pope_adversarial_001410,pope_adversarial,256,True,False,True,28.725247383117676,100.67208670079708
7b,random,pope_adversarial_001519,pope_adversarial,256,True,False,False,29.605862669944766,101.39067843556404
7b,random,pope_adversarial_001530,pope_adversarial,256,False,False,False,29.01721729755402,99.2792546749115
7b,random,pope_adversarial_001566,pope_adversarial,256,False,False,False,29.01779560804367,99.3565246462822
7b,random,pope_adversarial_001584,pope_adversarial,256,False,True,False,28.1458441054821,96.36187367141247
7b,random,pope_adversarial_001596,pope_adversarial,256,False,False,True,26.469485378265386,90.56450240314007
7b,random,pope_adversarial_001716,pope_adversarial,256,False,True,False,27.735765902996064,93.83256547152996
7b,random,pope_adversarial_001759,pope_adversarial,256,True,False,False,28.815272130966186,90.61972983181477
7b,random,pope_adversarial_001782,pope_adversarial,256,True,False,True,28.853639013767243,90.1002436876297
7b,random,pope_adversarial_001830,pope_adversarial,256,False,False,False,31.0468119263649,90.7952319830656
7b,random,pope_adversarial_001854,pope_adversarial,256,False,False,False,31.698961025476454,92.78405643999577
7b,random,pope_adversarial_001885,pope_adversarial,256,True,False,True,31.158272947072984,91.61080978810787
7b,random,pope_adversarial_001890,pope_adversarial,256,False,False,False,32.202531088590625,94.66399997472763
7b,random,pope_adversarial_001897,pope_adversarial,256,True,False,False,31.334146842956546,91.97631292045116
7b,random,pope_adversarial_001908,pope_adversarial,256,True,False,True,33.3391468846798,98.14892895519733
7b,random,pope_adversarial_001914,pope_adversarial,256,True,False,True,34.14935266494751,102.02313587069511
7b,random,pope_adversarial_001932,pope_adversarial,256,True,False,True,30.43015474677086,92.2396332025528
7b,random,pope_adversarial_001951,pope_adversarial,256,True,False,False,30.337678240537645,92.67907589673996
7b,random,pope_adversarial_001956,pope_adversarial,256,True,False,True,30.863431509733203,93.73835474252701
7b,random,pope_adversarial_001969,pope_adversarial,256,True,False,False,29.78692784786225,90.10771475732327
7b,random,pope_adversarial_001981,pope_adversarial,256,True,False,False,30.581210830211642,91.80889092385769
7b,random,pope_adversarial_001999,pope_adversarial,256,True,False,False,30.456296682357788,90.72335995733738
7b,random,pope_adversarial_002016,pope_adversarial,256,True,False,True,31.364152529239654,93.1238904595375
7b,random,pope_adversarial_002022,pope_adversarial,256,False,False,False,30.44094125032425,89.94744531810284
7b,random,pope_adversarial_002029,pope_adversarial,256,True,False,False,32.64482309579849,95.65904922783375
7b,random,pope_adversarial_002052,pope_adversarial,256,False,False,False,31.62030848264694,91.11033380031586
7b,random,pope_adversarial_002082,pope_adversarial,256,True,False,True,31.932366654872894,91.40045568346977
7b,random,pope_adversarial_002088,pope_adversarial,256,False,False,False,32.06336061000824,89.86212499439716
7b,random,pope_adversarial_002136,pope_adversarial,256,True,False,True,30.18986170172691,91.80944785475731
7b,random,pope_adversarial_002142,pope_adversarial,256,True,False,True,27.67367756485939,89.59257416427135
7b,random,pope_adversarial_002160,pope_adversarial,256,True,False,True,28.562812561988828,92.62451715767384
7b,random,pope_adversarial_002191,pope_adversarial,256,True,False,True,28.521640944480897,93.31474080681801
7b,random,pope_adversarial_002221,pope_adversarial,256,True,False,False,27.537793694734575,90.1191271841526
7b,random,pope_adversarial_002328,pope_adversarial,256,True,False,True,30.94487043142319,101.5255805104971
7b,random,pope_adversarial_002341,pope_adversarial,256,True,False,True,27.815183005332948,91.64708852767944
7b,random,pope_adversarial_002347,pope_adversarial,256,True,False,False,26.569272007942196,89.83503468334675
7b,random,pope_adversarial_002394,pope_adversarial,256,True,False,True,27.018762642145152,90.62773920595646
7b,random,pope_adversarial_002400,pope_adversarial,256,True,False,True,93.2735731589794,307.032473385334
7b,random,pope_adversarial_002466,pope_adversarial,256,True,False,True,26.842053110599515,89.99454416334629
7b,random,pope_adversarial_002472,pope_adversarial,256,False,False,False,26.295666368007662,91.17600321769714
7b,random,pope_adversarial_002478,pope_adversarial,256,True,False,True,28.69769166827202,100.08380189538002
7b,random,pope_adversarial_002502,pope_adversarial,256,True,False,True,89.3867483639717,331.4329143613577
7b,random,pope_adversarial_002514,pope_adversarial,256,True,False,True,25.188564354181292,108.28752256929874
7b,random,pope_adversarial_002526,pope_adversarial,256,True,False,True,22.134130896329882,92.20954217016697
7b,random,pope_adversarial_002532,pope_adversarial,256,True,False,True,22.083241677284242,86.91776543855667
7b,random,pope_adversarial_002575,pope_adversarial,256,True,False,False,23.416364593505858,90.45104123651981
7b,random,pope_adversarial_002592,pope_adversarial,256,True,False,True,25.599271595478058,91.44497849047184
7b,random,pope_adversarial_002610,pope_adversarial,256,False,False,False,25.14953068971634,89.97118659317493
7b,random,pope_adversarial_002623,pope_adversarial,256,True,False,True,146.3636812543869,548.6371982842684
7b,random,pope_adversarial_002634,pope_adversarial,256,True,False,True,22.484880056381225,91.51747636497021
7b,random,pope_adversarial_002664,pope_adversarial,256,True,False,True,21.98342255115509,91.36202558875084
7b,random,pope_adversarial_002689,pope_adversarial,256,True,False,False,21.537152810096742,89.67404253780842
7b,random,pope_adversarial_002696,pope_adversarial,256,True,False,False,21.219572410583496,88.48514407873154
7b,random,pope_adversarial_002724,pope_adversarial,256,True,False,True,21.9364649605751,90.86248092353344
7b,random,pope_adversarial_002730,pope_adversarial,256,True,False,True,21.87136263370514,89.57747183740139
7b,random,pope_adversarial_002761,pope_adversarial,256,True,False,False,23.702928372621535,91.4763268083334
7b,random,pope_adversarial_002772,pope_adversarial,256,False,False,False,25.078134468793866,90.86456336081028
7b,random,pope_adversarial_002790,pope_adversarial,256,False,False,False,26.4625898206234,89.91241455078125
7b,random,pope_adversarial_002808,pope_adversarial,256,True,False,True,108.97933193802834,339.7238440811634
7b,random,pope_adversarial_002840,pope_adversarial,256,True,False,True,29.75382536768913,101.14739835262299
7b,random,pope_adversarial_002850,pope_adversarial,256,True,True,False,28.20047156214714,97.66154177486897
7b,random,pope_adversarial_002875,pope_adversarial,256,True,False,False,29.232619131803514,101.59391164779663
7b,random,pope_adversarial_002894,pope_adversarial,256,True,False,True,28.432782068252564,98.86263310909271
7b,random,pope_adversarial_002910,pope_adversarial,256,False,True,False,28.9973418879509,100.80958530306816
7b,random,pope_adversarial_002923,pope_adversarial,256,True,False,False,27.681957666873934,96.21956199407578
7b,random,pope_adversarial_002952,pope_adversarial,256,True,False,True,29.231483740806578,101.38896107673645
7b,random,pope_popular_000324,pope_popular,256,True,False,True,26.69171829462051,91.85290895402431
7b,random,pope_popular_000751,pope_popular,256,True,False,False,28.082792437076566,88.84219825267792
7b,random,pope_popular_000757,pope_popular,256,True,False,True,29.74998129725456,93.53096224367619
7b,random,pope_popular_000768,pope_popular,256,True,True,False,30.33809948563576,89.1085397452116
7b,random,pope_popular_000787,pope_popular,256,True,False,False,30.38001950979233,89.25978094339371
7b,random,pope_popular_000792,pope_popular,256,False,False,False,37.2041916012764,111.27637326717377
7b,random,pope_popular_000799,pope_popular,256,True,False,True,30.39785155653954,90.9507516771555
7b,random,pope_popular_000811,pope_popular,256,True,False,True,29.962829899787902,89.7996537387371
7b,random,pope_popular_000816,pope_popular,256,True,False,True,28.817340335845945,92.14022010564804
7b,random,pope_popular_000864,pope_popular,256,True,False,True,26.33423519134522,89.63236212730408
7b,random,pope_popular_000876,pope_popular,256,True,False,True,28.11138013482094,95.69188021123409
7b,random,pope_popular_000882,pope_popular,256,False,False,False,26.549553554058072,90.43125994503498
7b,random,pope_popular_000888,pope_popular,256,True,False,True,26.45548581242561,90.1217870414257
7b,random,pope_popular_000895,pope_popular,256,True,False,False,27.068857071399687,92.55830384790897
7b,random,pope_popular_000900,pope_popular,256,True,False,True,25.974487707614898,88.8740997761488
7b,random,pope_popular_000919,pope_popular,256,True,False,True,25.92978657484055,88.847566395998
7b,random,pope_popular_000960,pope_popular,256,True,False,True,27.173026996850968,91.58148802816868
7b,random,pope_popular_000984,pope_popular,256,True,False,True,28.331022181510924,89.24693241715431
7b,random,pope_popular_001002,pope_popular,256,False,False,False,29.13556621313095,91.26410260796547
7b,random,pope_popular_001014,pope_popular,256,True,False,True,30.696797847747803,89.36494216322899
7b,random,pope_popular_001045,pope_popular,256,True,False,False,32.73180334091187,95.2739343047142
7b,random,pope_popular_001056,pope_popular,256,False,False,False,31.58181047558784,91.6676577180624
7b,random,pope_popular_001068,pope_popular,256,False,False,False,31.75295987963676,92.0921117067337
7b,random,pope_popular_001075,pope_popular,256,True,False,False,32.88125871896744,93.52890402078629
7b,random,pope_popular_001086,pope_popular,256,True,False,True,35.70321254491806,101.37123987078667
7b,random,pope_popular_001098,pope_popular,256,False,True,False,32.664431540966035,91.61779657006264
7b,random,pope_popular_001122,pope_popular,256,True,False,True,32.32396609783172,90.73669090867043
7b,random,pope_popular_001128,pope_popular,256,True,False,True,32.43286878108978,92.5004854798317
7b,random,pope_popular_001158,pope_popular,256,True,True,False,34.87266619205475,113.31145092844963
7b,random,pope_popular_001171,pope_popular,256,True,False,True,26.564965324401857,91.74223802983761
7b,random,pope_popular_001182,pope_popular,256,True,False,True,26.51740834355354,92.90238656103611
7b,random,pope_popular_001188,pope_popular,256,True,False,True,26.13067315340042,93.00779923796654
7b,random,pope_popular_001195,pope_popular,256,True,False,False,26.446449311971662,94.79893185198307
7b,random,pope_popular_001224,pope_popular,256,False,False,False,85.89414537191391,330.1192857325077
7b,random,pope_popular_001272,pope_popular,256,False,False,False,25.10063045620918,102.4294551461935
7b,random,pope_popular_001278,pope_popular,256,True,False,True,24.902116537094116,101.72978229820728
7b,random,pope_popular_001332,pope_popular,256,False,False,False,26.344163703918454,96.03133238852024
7b,random,pope_popular_001356,pope_popular,256,False,False,False,25.166917207241056,91.53245575726032
7b,random,pope_popular_001369,pope_popular,256,True,False,False,24.916909370422363,89.27015960216522
7b,random,pope_popular_001392,pope_popular,256,True,False,True,25.478197436332703,91.23505651950836
7b,random,pope_popular_001458,pope_popular,256,True,False,True,26.51986013174057,93.00986863672733
7b,random,pope_popular_001500,pope_popular,256,False,False,False,25.64670275449753,89.88605625927448
7b,random,pope_popular_001507,pope_popular,256,True,False,False,28.392747509479523,89.66905623674393
7b,random,pope_popular_001548,pope_popular,256,True,False,True,28.72325044870377,90.51654860377312
7b,random,pope_popular_001566,pope_popular,256,False,False,False,30.975730234384535,91.23708307743073
7b,random,pope_popular_001626,pope_popular,256,False,False,False,30.732678365707397,90.48623964190483
7b,random,pope_popular_001644,pope_popular,256,True,False,True,33.449410796165466,98.10041636228561
7b,random,pope_popular_001651,pope_popular,256,True,False,False,31.34957653403282,92.27937459945679
7b,random,pope_popular_001681,pope_popular,256,True,False,False,91.15495178937911,334.0613041073084
7b,random,pope_popular_001704,pope_popular,256,True,False,True,22.547829232215882,93.89718249440193
7b,random,pope_popular_001716,pope_popular,256,True,True,False,22.182423934936523,95.16498446464539
7b,random,pope_popular_001722,pope_popular,256,False,False,True,21.52061633706093,93.0801797658205
7b,random,pope_popular_001747,pope_popular,256,True,False,False,28.53862974047661,124.28526766598225
7b,random,pope_popular_001759,pope_popular,256,True,False,False,21.29641884088516,90.80111980438232
7b,random,pope_popular_001794,pope_popular,256,True,False,True,21.52758489131927,91.6700977832079
7b,random,pope_popular_001824,pope_popular,256,False,False,False,24.62204659461975,90.79921059310436
7b,random,pope_popular_001831,pope_popular,256,True,False,False,91.31017971038817,318.44113767147064
7b,random,pope_popular_001842,pope_popular,256,False,False,False,25.226201798915863,87.99899183213711
7b,random,pope_popular_001861,pope_popular,256,True,False,False,26.161891732215885,91.54300764203072
7b,random,pope_popular_001866,pope_popular,256,True,False,True,26.48489917755127,93.22322905063629
7b,random,pope_popular_001878,pope_popular,256,False,False,True,26.75801894783974,93.67579407989979
7b,random,pope_popular_001908,pope_popular,256,True,False,True,26.564140387773516,91.82531014084816
7b,random,pope_popular_001932,pope_popular,256,True,False,True,26.690311882495884,91.95403009653091
7b,random,pope_popular_002047,pope_popular,256,True,False,False,27.68728822946548,94.24484893679619
7b,random,pope_popular_002070,pope_popular,256,False,False,False,27.709229046106337,92.90869906544685
7b,random,pope_popular_002082,pope_popular,256,True,False,True,29.84823263168335,93.4235118329525
7b,random,pope_popular_002124,pope_popular,256,True,False,True,29.214230647087096,90.71862325072289
7b,random,pope_popular_002130,pope_popular,256,False,False,False,31.338509950637818,90.36075137555599
7b,random,pope_popular_002172,pope_popular,256,False,False,False,31.36685242176056,90.44189937412739
7b,random,pope_popular_002202,pope_popular,256,True,False,True,30.80040245294571,88.20459246635437
7b,random,pope_popular_002232,pope_popular,256,True,False,True,31.618018007278444,90.54023213684559
7b,random,pope_popular_002274,pope_popular,256,False,False,False,32.56712369441986,93.52595917880535
7b,random,pope_popular_002304,pope_popular,256,False,True,False,31.780118680000307,91.23943373560905
7b,random,pope_popular_002310,pope_popular,256,True,False,True,31.118862601518632,90.1410486549139
7b,random,pope_popular_002328,pope_popular,256,True,False,True,31.624540725946428,91.60695783793926
7b,random,pope_popular_002365,pope_popular,256,True,False,True,31.599538493156434,92.16241165995598
7b,random,pope_popular_002370,pope_popular,256,False,False,False,30.19789203882217,88.07311207056046
7b,random,pope_popular_002425,pope_popular,256,True,False,True,30.332385928630835,89.13557976484299
7b,random,pope_popular_002430,pope_popular,256,True,False,True,30.374465932846075,89.25417996942997
7b,random,pope_popular_002436,pope_popular,256,True,False,True,29.91790916919708,88.74228596687317
7b,random,pope_popular_002449,pope_popular,256,True,False,True,31.239082255363464,92.67094731330872
7b,random,pope_popular_002460,pope_popular,256,True,False,True,31.323609230518343,94.51031871140003
7b,random,pope_popular_002478,pope_popular,256,True,False,True,30.41953464746475,92.87990629673004
7b,random,pope_popular_002490,pope_popular,256,True,False,True,31.012383198738096,95.629608258605
7b,random,pope_popular_002496,pope_popular,256,False,False,False,29.24796127796173,90.09069576859474
7b,random,pope_popular_002539,pope_popular,256,True,False,False,29.660982728004456,91.26916341483593
7b,random,pope_popular_002575,pope_popular,256,True,False,False,29.761302938461306,91.05369448661804
7b,random,pope_popular_002640,pope_popular,256,False,False,False,30.406447184085845,92.22331270575523
7b,random,pope_popular_002658,pope_popular,256,False,True,False,29.978556575775144,90.60642309486866
7b,random,pope_popular_002670,pope_popular,256,True,False,True,31.24405777215958,93.63250248134136
7b,random,pope_popular_002683,pope_popular,256,True,True,False,30.2945211160183,90.06473794579506
7b,random,pope_popular_002689,pope_popular,256,True,False,False,30.65634126901627,88.5903462767601
7b,random,pope_popular_002724,pope_popular,256,True,False,True,33.203229122161865,95.36541625857353
7b,random,pope_popular_002737,pope_popular,256,True,False,False,32.4730592417717,90.86452051997185
7b,random,pope_popular_002784,pope_popular,256,False,False,False,31.924665812253952,89.34098854660988
7b,random,pope_popular_002808,pope_popular,256,False,True,False,32.540055969953535,91.15012548863888
7b,random,pope_popular_002898,pope_popular,256,False,False,False,33.655800758600236,94.2870769649744
7b,random,pope_popular_002923,pope_popular,256,True,False,False,32.59647002220154,92.17311255633831
7b,random,pope_popular_002941,pope_popular,256,True,False,False,32.68089566230774,92.41044521331787
7b,random,pope_popular_002965,pope_popular,256,True,False,False,32.49595554351807,92.79174730181694
7b,random,pope_random_000751,pope_random,256,True,False,False,31.071395518779756,88.72596547007561
7b,random,pope_random_000774,pope_random,256,False,False,False,31.01199238657951,89.35282193124294
7b,random,pope_random_000792,pope_random,256,False,False,False,30.62808706760406,88.25754560530186
7b,random,pope_random_000800,pope_random,256,True,False,True,32.900928194522855,95.42640671133995
7b,random,pope_random_000816,pope_random,256,True,False,True,31.351050641536713,90.9121111035347
7b,random,pope_random_000822,pope_random,256,False,False,False,104.54138030409813,329.82372120022774
7b,random,pope_random_000828,pope_random,256,False,False,False,27.149895049333573,93.50897930562496
7b,random,pope_random_000846,pope_random,256,False,False,False,28.02495702624321,114.90506120026112
7b,random,pope_random_000852,pope_random,256,True,False,True,21.040342669487,91.12080372869968
7b,random,pope_random_000870,pope_random,256,True,False,True,21.391670637130737,95.57364508509636
7b,random,pope_random_000876,pope_random,256,True,False,True,21.06544846773148,91.12941659986973
7b,random,pope_random_000882,pope_random,256,False,False,False,27.792637393474582,117.32709780335426
7b,random,pope_random_000888,pope_random,256,True,False,True,27.923809111118317,110.07653549313545
7b,random,pope_random_000900,pope_random,256,True,False,True,23.861446006298067,90.96462465822697
7b,random,pope_random_000907,pope_random,256,True,False,False,24.44297769546509,90.57430922985077
7b,random,pope_random_000912,pope_random,256,True,False,True,26.352253267765047,92.6569290459156
7b,random,pope_random_001020,pope_random,256,True,False,True,28.752311732769016,94.41214799880981
7b,random,pope_random_001050,pope_random,256,False,False,False,28.550377566814426,90.39963781833649
7b,random,pope_random_001086,pope_random,256,True,False,True,30.10595719814301,91.02803096175194
7b,random,pope_random_001104,pope_random,256,True,False,True,32.263836408853535,97.58705087006092
7b,random,pope_random_001110,pope_random,256,False,False,False,29.817064199447632,90.1964046061039
7b,random,pope_random_001122,pope_random,256,True,False,True,29.948538646697997,89.49022367596626
7b,random,pope_random_001128,pope_random,256,True,False,True,31.40005278110504,90.84942191839218
7b,random,pope_random_001134,pope_random,256,False,False,False,38.20142768025398,110.22507585585117
7b,random,pope_random_001141,pope_random,256,True,False,False,34.582046012878415,99.53369572758675
7b,random,pope_random_001146,pope_random,256,True,False,True,30.249012875556947,91.08896367251873
7b,random,pope_random_001200,pope_random,256,False,False,False,29.366754615306856,88.44035305082798
7b,random,pope_random_001218,pope_random,256,True,False,True,29.896385663747793,91.07333049178123
7b,random,pope_random_001248,pope_random,256,False,False,False,29.846247172355657,90.919254347682
7b,random,pope_random_001278,pope_random,256,True,False,True,32.1383772444725,98.44033792614937
7b,random,pope_random_001302,pope_random,256,True,False,True,30.632654047012327,93.84915418922901
7b,random,pope_random_001338,pope_random,256,True,False,True,29.807998979091643,91.92921966314316
7b,random,pope_random_001362,pope_random,256,True,False,True,30.03858668208122,92.65351668000221
7b,random,pope_random_001386,pope_random,256,False,False,False,30.393644630908966,91.27916395664215
7b,random,pope_random_001423,pope_random,256,True,False,False,31.08321386575699,93.3600403368473
7b,random,pope_random_001480,pope_random,256,True,False,True,32.60377994298935,94.70393881201744
7b,random,pope_random_001520,pope_random,256,True,False,True,32.15319407343865,93.39410066604614
7b,random,pope_random_001554,pope_random,256,True,False,True,32.32265431761742,93.75848434865475
7b,random,pope_random_001574,pope_random,256,True,False,True,31.746090315580368,92.10094437003136
7b,random,pope_random_001620,pope_random,256,True,False,True,34.00277226448059,98.20310771465302
7b,random,pope_random_001674,pope_random,256,True,False,True,33.784287414550775,97.54804335534573
7b,random,pope_random_001682,pope_random,256,True,False,False,31.29933214187622,89.90295603871346
7b,random,pope_random_001740,pope_random,256,False,False,False,31.440845851898196,90.309489518404
7b,random,pope_random_001754,pope_random,256,True,False,True,31.832407069206237,92.00092032551765
7b,random,pope_random_001764,pope_random,256,True,False,True,32.07593241930008,92.68658608198166
7b,random,pope_random_001801,pope_random,256,True,False,False,32.096278871297834,93.32561120390892
7b,random,pope_random_001814,pope_random,256,True,False,True,31.31470392823219,91.04829467833042
7b,random,pope_random_001832,pope_random,256,True,False,True,108.44561903119086,340.8788125962019
7b,random,pope_random_001842,pope_random,256,False,False,False,26.002930483818055,88.9854971319437
7b,random,pope_random_001854,pope_random,256,False,False,False,26.99017128944397,96.1182713508606
7b,random,pope_random_001872,pope_random,256,False,False,False,25.591289777755737,90.82523174583912
7b,random,pope_random_001878,pope_random,256,True,False,True,25.47776845693588,89.7897444665432
7b,random,pope_random_001921,pope_random,256,True,False,False,32.34417573690415,115.68610556423664
7b,random,pope_random_001938,pope_random,256,True,False,True,27.999310437440876,100.76574794948101
7b,random,pope_random_001963,pope_random,256,True,False,False,25.352222490310666,90.01727774739265
7b,random,pope_random_001982,pope_random,256,False,False,True,24.807931830883025,88.0667008459568
7b,random,pope_random_001992,pope_random,256,True,False,True,27.805344786643985,88.44170346856117
7b,random,pope_random_002036,pope_random,256,True,False,True,30.76395597934723,97.604401409626
7b,random,pope_random_002082,pope_random,256,True,False,True,30.423443131446835,91.69485978782177
7b,random,pope_random_002088,pope_random,256,False,False,False,29.972417476177213,90.3523899614811
7b,random,pope_random_002094,pope_random,256,False,False,False,29.833560659885407,91.32367558777332
7b,random,pope_random_002100,pope_random,256,False,False,False,29.615408302545546,90.6699001789093
7b,random,pope_random_002114,pope_random,256,False,False,False,31.183809101581573,93.65709498524666
7b,random,pope_random_002124,pope_random,256,True,False,True,31.50241357088089,94.59159895777702
7b,random,pope_random_002136,pope_random,256,True,False,True,103.45271568059921,328.2941114157438
7b,random,pope_random_002166,pope_random,256,False,False,False,30.551315007209773,106.96493275463581
7b,random,pope_random_002214,pope_random,256,True,False,True,24.71687750458717,89.28278833627701
7b,random,pope_random_002238,pope_random,256,True,False,True,24.629684069156646,90.10855481028557
7b,random,pope_random_002250,pope_random,256,False,False,False,25.98750337958336,96.15003317594528
7b,random,pope_random_002347,pope_random,256,True,False,False,25.74539740562439,95.92678025364876
7b,random,pope_random_002358,pope_random,256,True,False,True,25.971790162324908,96.9103779643774
7b,random,pope_random_002370,pope_random,256,False,False,False,27.522898449897774,98.25841896235943
7b,random,pope_random_002400,pope_random,256,True,False,True,27.61204617261887,97.77499176561832
7b,random,pope_random_002420,pope_random,256,True,False,True,28.09112645626068,89.86548520624638
7b,random,pope_random_002430,pope_random,256,True,False,True,28.79318445682526,91.46051667630672
7b,random,pope_random_002449,pope_random,256,True,False,False,31.769118404388426,94.23727542161942
7b,random,pope_random_002466,pope_random,256,True,False,True,30.29060890674591,89.85425531864166
7b,random,pope_random_002520,pope_random,256,True,False,True,107.4202367401123,345.46052664518356
7b,random,pope_random_002540,pope_random,256,False,False,True,27.10225725889206,99.37481582164764
7b,random,pope_random_002551,pope_random,256,True,False,False,24.171678128242494,89.9304635822773
7b,random,pope_random_002562,pope_random,256,True,False,True,23.790534868240357,88.32203410565853
7b,random,pope_random_002568,pope_random,256,True,False,True,24.06552458405495,89.33963254094124
7b,random,pope_random_002592,pope_random,256,True,False,True,25.487840301990513,94.22279894351959
7b,random,pope_random_002652,pope_random,256,False,False,False,24.003216271400454,88.13932165503502
7b,random,pope_random_002730,pope_random,256,True,False,True,24.92844981431961,88.79746496677399
7b,random,pope_random_002742,pope_random,256,True,False,True,25.883285107612608,89.1044307500124
7b,random,pope_random_002756,pope_random,256,False,False,False,35.47248719215393,116.41980148851871
7b,random,pope_random_002766,pope_random,256,True,False,True,35.200527234077455,114.52787928283215
7b,random,pope_random_002790,pope_random,256,False,False,False,27.266959866285326,89.98331613838673
7b,random,pope_random_002826,pope_random,256,False,False,True,26.21585379838944,87.73696050047874
7b,random,pope_random_002832,pope_random,256,False,False,False,26.866620414257053,89.23418261110783
7b,random,pope_random_002850,pope_random,256,True,True,False,28.461144082546237,93.12636777758598
7b,random,pope_random_002856,pope_random,256,True,False,True,28.328560477495195,92.54086762666702
7b,random,pope_random_002862,pope_random,256,True,False,True,27.49988934636116,89.3501415848732
7b,random,pope_random_002894,pope_random,256,True,False,True,27.898254729509354,89.4604604691267
7b,random,pope_random_002928,pope_random,256,True,False,True,27.712158026695253,86.99011243879795
7b,random,pope_random_002966,pope_random,256,True,False,True,29.07965005040169,89.75281566381454
7b,random,pope_random_002970,pope_random,256,True,False,True,31.10097246050835,89.93662521243095
7b,random,pope_random_002982,pope_random,256,True,False,True,32.02682901382447,92.33372285962105
7b,random,pope_random_002994,pope_random,256,True,False,True,33.72596397399902,94.18707899749279
7b,random,visual_counterfact_color_000002,visual_counterfact_color,432,True,False,True,36.56640696525574,102.30699554085732
7b,random,visual_counterfact_color_000005,visual_counterfact_color,432,True,False,True,31.863788363933566,90.44523909687996
7b,random,visual_counterfact_color_000014,visual_counterfact_color,432,True,False,True,37.057792567014694,105.28650879859924
7b,random,visual_counterfact_color_000016,visual_counterfact_color,432,True,False,True,34.44070243477822,98.24820794165134
7b,random,visual_counterfact_color_000023,visual_counterfact_color,432,True,False,True,31.174265409708024,89.30372074246407
7b,random,visual_counterfact_color_000024,visual_counterfact_color,432,True,False,True,48.71247880935669,142.3754245042801
7b,random,visual_counterfact_color_000026,visual_counterfact_color,432,True,False,True,104.31814121961594,336.29948645830154
7b,random,visual_counterfact_color_000027,visual_counterfact_color,432,False,True,False,26.449148032665253,91.8634906411171
7b,random,visual_counterfact_color_000034,visual_counterfact_color,432,True,False,True,24.695995802879334,88.98574858903885
7b,random,visual_counterfact_color_000035,visual_counterfact_color,432,True,False,True,24.273563947677612,87.460458278656
7b,random,visual_counterfact_color_000038,visual_counterfact_color,432,True,False,True,25.33540711998939,90.81967175006866
7b,random,visual_counterfact_color_000049,visual_counterfact_color,432,True,False,True,32.01200735569,114.55672793090343
7b,random,visual_counterfact_color_000053,visual_counterfact_color,432,True,False,True,25.209115678071974,88.85865658521652
7b,random,visual_counterfact_color_000055,visual_counterfact_color,432,True,False,True,36.67114938855171,128.0845794826746
7b,random,visual_counterfact_color_000056,visual_counterfact_color,432,True,False,True,37.120688741207125,126.6539879143238
7b,random,visual_counterfact_color_000058,visual_counterfact_color,432,True,True,False,33.05768527984619,106.76547326147556
7b,random,visual_counterfact_color_000063,visual_counterfact_color,432,True,False,True,109.18175120234491,374.7803755104542
7b,random,visual_counterfact_color_000064,visual_counterfact_color,432,True,False,True,26.714845561981203,102.00903378427029
7b,random,visual_counterfact_color_000065,visual_counterfact_color,432,True,False,True,247.3477279436588,1621.2269198149443
7b,random,visual_counterfact_color_000069,visual_counterfact_color,432,True,False,True,10.969550174474717,93.07583793997765
7b,random,visual_counterfact_color_000071,visual_counterfact_color,432,True,False,True,11.338245471715927,91.68488904833794
7b,random,visual_counterfact_color_000072,visual_counterfact_color,432,True,False,True,52.38359320759773,326.3014554977417
7b,random,visual_counterfact_color_000077,visual_counterfact_color,432,True,False,True,20.51452442407608,114.61992748081684
7b,random,visual_counterfact_color_000081,visual_counterfact_color,432,True,False,True,17.281723684072496,95.26412561535835
7b,random,visual_counterfact_color_000087,visual_counterfact_color,432,True,False,True,22.05577797889709,109.47557166218758
7b,random,visual_counterfact_color_000089,visual_counterfact_color,432,True,False,True,19.238276219367982,94.30326893925667
7b,random,visual_counterfact_color_000090,visual_counterfact_color,432,True,False,True,23.70136062502861,96.93395905196667
7b,random,visual_counterfact_color_000097,visual_counterfact_color,432,True,True,False,22.425567854642868,91.61146730184555
7b,random,visual_counterfact_color_000098,visual_counterfact_color,432,True,False,True,26.463668504953386,93.32504123449326
7b,random,visual_counterfact_color_000099,visual_counterfact_color,432,True,False,True,46.61914926528931,160.55291891098022
7b,random,visual_counterfact_color_000101,visual_counterfact_color,432,True,False,True,31.43327095627785,104.39160093665123
7b,random,visual_counterfact_color_000102,visual_counterfact_color,432,True,False,True,28.29889878988266,90.2429074048996
7b,random,visual_counterfact_color_000104,visual_counterfact_color,432,True,False,True,32.21474450826645,102.38187946379185
7b,random,visual_counterfact_color_000107,visual_counterfact_color,432,True,False,True,39.447763334512715,123.04346077144146
7b,random,visual_counterfact_color_000113,visual_counterfact_color,432,True,False,True,30.41776809334755,98.69316034018993
7b,random,visual_counterfact_color_000114,visual_counterfact_color,432,True,False,True,35.29782119989395,116.95811711251736
7b,random,visual_counterfact_color_000115,visual_counterfact_color,432,True,False,True,52.75387000560761,179.48582768440247
7b,random,visual_counterfact_color_000116,visual_counterfact_color,432,True,True,False,31.59226904511452,111.10123433172703
7b,random,visual_counterfact_color_000124,visual_counterfact_color,432,True,False,True,29.409974260330202,103.94460894167423
7b,random,visual_counterfact_color_000131,visual_counterfact_color,432,True,False,True,28.610393514633177,98.89608435332775
7b,random,visual_counterfact_color_000134,visual_counterfact_color,432,True,False,True,96.42217422485352,342.6783476024866
7b,random,visual_counterfact_color_000137,visual_counterfact_color,432,True,False,True,29.472797031402592,113.62923309206963
7b,random,visual_counterfact_color_000140,visual_counterfact_color,432,True,False,True,48.5469068145752,184.20147337019444
7b,random,visual_counterfact_color_000147,visual_counterfact_color,432,False,False,False,28.96109307527542,111.19240522384644
7b,random,visual_counterfact_color_000149,visual_counterfact_color,432,True,False,True,24.124840528964995,92.5423763692379
7b,random,visual_counterfact_color_000152,visual_counterfact_color,432,True,False,True,23.13862821221352,89.20648880302906
7b,random,visual_counterfact_color_000153,visual_counterfact_color,432,True,False,True,26.682662901878356,103.66911627352238
7b,random,visual_counterfact_color_000156,visual_counterfact_color,432,True,False,True,49.79094469070434,182.8334927558899
7b,random,visual_counterfact_color_000159,visual_counterfact_color,432,True,False,True,26.064807550907133,93.02680939435959
7b,random,visual_counterfact_color_000168,visual_counterfact_color,432,True,False,True,32.209143350124364,109.18223857879639
7b,random,visual_counterfact_color_000171,visual_counterfact_color,432,True,False,True,27.20471544981003,90.36274626851082
7b,random,visual_counterfact_color_000173,visual_counterfact_color,432,True,False,True,30.712535548210145,98.98019954562187
7b,random,visual_counterfact_color_000176,visual_counterfact_color,432,True,False,True,36.033870577812195,114.5354975014925
7b,random,visual_counterfact_color_000180,visual_counterfact_color,432,True,True,False,37.420766601562505,117.3556987196207
7b,random,visual_counterfact_color_000182,visual_counterfact_color,432,True,False,True,30.75088318705559,96.15305066108704
7b,random,visual_counterfact_color_000186,visual_counterfact_color,432,True,False,True,35.87462279319763,111.6398386657238
7b,random,visual_counterfact_color_000189,visual_counterfact_color,432,False,False,True,33.82604353666306,103.91153953969479
7b,random,visual_counterfact_color_000190,visual_counterfact_color,432,True,False,True,29.255369442701337,89.4080325961113
7b,random,visual_counterfact_color_000191,visual_counterfact_color,432,True,False,True,30.42367878913879,92.47118420898914
7b,random,visual_counterfact_color_000198,visual_counterfact_color,432,True,False,True,30.34499324798584,92.72058494389057
7b,random,visual_counterfact_color_000200,visual_counterfact_color,432,True,False,True,57.17204656004906,176.50496400892735
7b,random,visual_counterfact_color_000201,visual_counterfact_color,432,True,False,True,29.06198593139649,90.4720090329647
7b,random,visual_counterfact_color_000206,visual_counterfact_color,432,True,False,True,29.508049050569536,91.8099470436573
7b,random,visual_counterfact_color_000207,visual_counterfact_color,432,True,False,True,29.40977605819702,90.64152836799622
7b,random,visual_counterfact_color_000217,visual_counterfact_color,432,True,False,True,32.859558378458026,101.12149640917778
7b,random,visual_counterfact_color_000220,visual_counterfact_color,432,True,False,True,29.75970202565193,89.10045959055424
7b,random,visual_counterfact_color_000221,visual_counterfact_color,432,True,False,True,33.41545334219933,99.98035989701748
7b,random,visual_counterfact_color_000223,visual_counterfact_color,432,True,False,True,30.74457723617554,90.2776401489973
7b,random,visual_counterfact_color_000227,visual_counterfact_color,432,True,False,True,38.59814836978913,113.5739516466856
7b,random,visual_counterfact_color_000228,visual_counterfact_color,432,True,False,True,42.308579961061476,126.38996541500092
7b,random,visual_counterfact_color_000233,visual_counterfact_color,432,True,False,True,36.236507821083066,109.27280783653259
7b,random,visual_counterfact_color_000236,visual_counterfact_color,432,True,False,True,34.05740156412125,103.56698743999004
7b,random,visual_counterfact_color_000239,visual_counterfact_color,432,True,False,True,36.32001108884811,111.15101166069508
7b,random,visual_counterfact_color_000246,visual_counterfact_color,432,True,False,True,29.305594553947447,89.88644555211067
7b,random,visual_counterfact_color_000252,visual_counterfact_color,432,True,False,True,29.096908230781555,89.42263200879097
7b,random,visual_counterfact_color_000260,visual_counterfact_color,432,True,False,True,29.360748481750484,90.26988968253136
7b,random,visual_counterfact_color_000263,visual_counterfact_color,432,True,True,False,29.783762413263318,91.4076454937458
7b,random,visual_counterfact_color_000265,visual_counterfact_color,432,True,False,True,232.45206278204918,948.662431910634
7b,random,visual_counterfact_color_000266,visual_counterfact_color,432,True,False,True,12.480323953628542,91.62885695695877
7b,random,visual_counterfact_color_000270,visual_counterfact_color,432,True,False,True,15.020178830623628,106.04501515626907
7b,random,visual_counterfact_color_000271,visual_counterfact_color,432,True,False,True,21.146026961803436,141.37336611747742
7b,random,visual_counterfact_color_000272,visual_counterfact_color,432,True,False,True,18.50259938120842,96.24025225639343
7b,random,visual_counterfact_color_000278,visual_counterfact_color,432,True,False,True,18.735112323760987,95.51299549639225
7b,random,visual_counterfact_color_000281,visual_counterfact_color,432,True,False,True,30.93131535053253,125.11919438838959
7b,random,visual_counterfact_color_000282,visual_counterfact_color,432,True,False,True,84.86303969740868,359.1035772114992
7b,random,visual_counterfact_color_000285,visual_counterfact_color,432,True,False,True,19.214877922534946,90.06030857563019
7b,random,visual_counterfact_color_000286,visual_counterfact_color,432,True,False,True,26.79237397193909,130.40009327232838
7b,random,visual_counterfact_color_000289,visual_counterfact_color,432,True,False,True,21.586571292877196,103.92935015261173
7b,random,visual_counterfact_color_000294,visual_counterfact_color,432,True,False,True,26.131638674736024,122.52248823642731
7b,random,visual_counterfact_color_000299,visual_counterfact_color,432,True,False,True,23.906217533349988,99.72172789275646
7b,random,visual_counterfact_color_000309,visual_counterfact_color,432,True,False,True,20.8300037419796,85.30749194324017
7b,random,visual_counterfact_color_000312,visual_counterfact_color,432,True,False,True,25.599525127410885,93.51656213402748
7b,random,visual_counterfact_color_000314,visual_counterfact_color,432,True,False,True,25.22005528450012,88.33333663642406
7b,random,visual_counterfact_color_000316,visual_counterfact_color,432,True,False,True,29.06374909877777,94.83886323869228
7b,random,visual_counterfact_color_000319,visual_counterfact_color,432,True,False,True,32.268026263713836,102.9934324324131
7b,random,visual_counterfact_color_000321,visual_counterfact_color,432,True,False,True,29.543791258335112,90.74596129357815
7b,random,visual_counterfact_color_000326,visual_counterfact_color,432,True,False,True,52.09780205965042,161.26332432031631
7b,random,visual_counterfact_color_000327,visual_counterfact_color,432,True,False,True,28.51673966765404,88.68129551410675
7b,random,visual_counterfact_color_000329,visual_counterfact_color,432,False,False,True,34.11889199733734,104.73422519862652
7b,random,visual_counterfact_color_000330,visual_counterfact_color,432,True,False,True,34.763027415275566,106.38228058815002
7b,random,visual_counterfact_color_000333,visual_counterfact_color,432,True,True,False,30.287588424682617,90.9231249243021
7b,random,visual_counterfact_color_000341,visual_counterfact_color,432,True,False,True,29.484306421279907,88.52286264300346
7b,random,visual_counterfact_color_000354,visual_counterfact_color,432,True,False,True,30.28955149888992,89.86836671829224
7b,random,visual_counterfact_color_000358,visual_counterfact_color,432,True,False,True,35.757110090255736,106.11368529498577
7b,random,visual_counterfact_color_000359,visual_counterfact_color,432,True,False,True,33.62867069244385,100.60997493565083
7b,random,visual_counterfact_color_000361,visual_counterfact_color,432,True,False,True,30.318417172431946,90.89820459485054
7b,random,visual_counterfact_color_000363,visual_counterfact_color,432,True,False,True,32.55329006910324,97.92211279273033
7b,random,visual_counterfact_color_000364,visual_counterfact_color,432,True,False,True,29.266615945100785,87.46828883886337
7b,random,visual_counterfact_color_000368,visual_counterfact_color,432,True,False,True,30.431425034999844,89.63408321142197
7b,random,visual_counterfact_color_000374,visual_counterfact_color,432,True,False,True,29.975518763065335,88.25664408504963
7b,random,visual_counterfact_color_000375,visual_counterfact_color,432,True,False,True,33.999025237560275,99.76330772042274
7b,random,visual_counterfact_color_000376,visual_counterfact_color,432,True,False,True,32.83320298314095,128.07619757950306
7b,random,visual_counterfact_color_000382,visual_counterfact_color,432,True,False,True,22.89162097811699,93.21811981499195
7b,random,visual_counterfact_color_000384,visual_counterfact_color,432,True,False,True,23.58757870554924,102.20586881041527
7b,random,visual_counterfact_color_000385,visual_counterfact_color,432,True,False,True,21.417183955907824,93.84519420564175
7b,random,visual_counterfact_color_000386,visual_counterfact_color,432,True,False,True,20.23009384036064,89.91076610982418
7b,random,visual_counterfact_color_000390,visual_counterfact_color,432,True,False,True,20.089527716636656,89.46924284100533
7b,random,visual_counterfact_color_000391,visual_counterfact_color,432,True,True,False,78.66195487737656,324.2194689810276
7b,random,visual_counterfact_color_000392,visual_counterfact_color,432,True,False,True,28.53635732531547,108.82212407886982
7b,random,visual_counterfact_color_000393,visual_counterfact_color,432,True,False,True,27.129746189117434,97.0353465527296
7b,random,visual_counterfact_color_000394,visual_counterfact_color,432,True,False,True,25.32897682070732,89.82094377279282
7b,random,visual_counterfact_color_000395,visual_counterfact_color,432,True,False,True,26.051806566715243,89.36264179646969
7b,random,visual_counterfact_color_000398,visual_counterfact_color,432,True,False,True,25.604077637195587,87.8027193248272
7b,random,visual_counterfact_color_000400,visual_counterfact_color,432,True,False,True,31.888800859451294,108.669962733984
7b,random,visual_counterfact_color_000403,visual_counterfact_color,432,True,False,True,25.876622910499574,87.84181997179985
7b,random,visual_counterfact_color_000410,visual_counterfact_color,432,True,False,True,27.555661411285403,90.5169490724802
7b,random,visual_counterfact_color_000412,visual_counterfact_color,432,True,False,True,51.13888288736344,164.10255059599876
7b,random,visual_counterfact_color_000420,visual_counterfact_color,432,True,False,True,30.512621581554413,95.05647420883179
7b,random,visual_counterfact_color_000422,visual_counterfact_color,432,True,False,True,30.029602754116056,92.17601083219051
7b,random,visual_counterfact_color_000431,visual_counterfact_color,432,True,False,True,38.407119569778445,117.61160008609295
7b,random,visual_counterfact_color_000432,visual_counterfact_color,432,True,False,True,108.5939549636841,360.65315641462803
7b,random,visual_counterfact_color_000433,visual_counterfact_color,432,True,False,True,27.2821598482132,103.21952402591705
7b,random,visual_counterfact_color_000434,visual_counterfact_color,432,True,False,True,26.292033147811896,102.3420263081789
7b,random,visual_counterfact_color_000440,visual_counterfact_color,432,False,False,False,26.624651684761048,101.42678953707218
7b,random,visual_counterfact_color_000442,visual_counterfact_color,432,True,False,True,26.391832151412967,100.29882192611694
7b,random,visual_counterfact_color_000447,visual_counterfact_color,432,True,False,True,24.79322892665863,90.8666905015707
7b,random,visual_counterfact_color_000448,visual_counterfact_color,432,True,False,True,26.30366183280945,96.40908427536488
7b,random,visual_counterfact_color_000449,visual_counterfact_color,432,True,False,True,25.8112460565567,91.17906354367733
7b,random,visual_counterfact_color_000454,visual_counterfact_color,432,True,False,True,25.48473602056503,89.86364305019379
7b,random,visual_counterfact_color_000465,visual_counterfact_color,432,True,False,True,27.99945724248886,89.31327052414417
7b,random,visual_counterfact_color_000467,visual_counterfact_color,432,True,False,True,112.4557421207428,356.6558212041855
7b,random,visual_counterfact_color_000468,visual_counterfact_color,432,True,False,True,26.583935222625733,92.28378534317017
7b,random,visual_counterfact_color_000476,visual_counterfact_color,432,True,False,True,31.41776614665985,110.64816080033779
7b,random,visual_counterfact_color_000477,visual_counterfact_color,432,True,False,True,27.378050208091732,98.05910475552082
7b,random,visual_counterfact_color_000480,visual_counterfact_color,432,True,False,True,30.738550922870633,111.6989478468895
7b,random,visual_counterfact_color_000481,visual_counterfact_color,432,True,False,False,25.310167083740232,92.75623597204685
7b,random,visual_counterfact_color_000482,visual_counterfact_color,432,True,False,True,24.480649983882905,91.09134413301945
7b,random,visual_counterfact_color_000484,visual_counterfact_color,432,True,False,True,25.53854115843773,95.36719508469105
7b,random,visual_counterfact_color_000487,visual_counterfact_color,432,True,False,True,32.65736821770668,113.55721950531006
7b,random,visual_counterfact_color_000491,visual_counterfact_color,432,True,True,False,25.590792918205263,87.92795985937119
7b,random,visual_counterfact_size_000000,visual_counterfact_size,dense,False,False,False,37.83189647197723,116.83899722993374
7b,random,visual_counterfact_size_000001,visual_counterfact_size,dense,True,False,True,51.64732867479324,156.88514150679111
7b,random,visual_counterfact_size_000002,visual_counterfact_size,dense,True,False,True,38.33095149993896,115.09506218135357
7b,random,visual_counterfact_size_000014,visual_counterfact_size,dense,False,False,False,46.02045650482178,136.59122213721275
7b,random,visual_counterfact_size_000015,visual_counterfact_size,dense,True,False,True,114.58040411949156,367.772001773119
7b,random,visual_counterfact_size_000020,visual_counterfact_size,dense,False,False,False,94.60929267644882,366.87122471630573
7b,random,visual_counterfact_size_000031,visual_counterfact_size,dense,True,False,True,27.311739872694016,117.13962815701962
7b,random,visual_counterfact_size_000033,visual_counterfact_size,dense,True,False,True,31.080241167545317,134.56527516245842
7b,random,visual_counterfact_size_000041,visual_counterfact_size,dense,False,False,False,23.26595809459686,96.6302938759327
7b,random,visual_counterfact_size_000044,visual_counterfact_size,dense,False,False,False,27.11292441725731,110.3872787207365
7b,random,visual_counterfact_size_000049,visual_counterfact_size,dense,True,False,True,26.87017910599709,100.52202269434929
7b,random,visual_counterfact_size_000050,visual_counterfact_size,dense,False,False,False,27.352726459503177,100.6865557283163
7b,random,visual_counterfact_size_000061,visual_counterfact_size,dense,True,False,True,31.541580654382706,102.14143432676792
7b,random,visual_counterfact_size_000064,visual_counterfact_size,dense,False,False,False,105.16909736990928,333.5673678666353
7b,random,visual_counterfact_size_000065,visual_counterfact_size,dense,True,False,True,32.1094906103611,107.56405629217625
7b,random,visual_counterfact_size_000070,visual_counterfact_size,dense,False,False,False,30.000572168827055,101.00160725414753
7b,random,visual_counterfact_size_000075,visual_counterfact_size,dense,True,False,False,32.28457513332367,109.26651954650879
7b,random,visual_counterfact_size_000081,visual_counterfact_size,dense,True,False,True,27.55232336997986,93.37368048727512
7b,random,visual_counterfact_size_000089,visual_counterfact_size,dense,True,False,True,32.093307306766505,108.84908400475979
7b,random,visual_counterfact_size_000112,visual_counterfact_size,dense,True,False,True,25.582119817733766,87.9991203546524
7b,random,visual_counterfact_size_000120,visual_counterfact_size,dense,True,False,True,33.53651811003685,115.85041880607605
7b,random,visual_counterfact_size_000122,visual_counterfact_size,dense,False,False,False,34.804971212148665,114.09450508654118
7b,random,visual_counterfact_size_000131,visual_counterfact_size,dense,False,False,False,44.97427424669266,138.64574767649174
7b,random,visual_counterfact_size_000136,visual_counterfact_size,dense,False,False,False,31.60193232297897,95.0961746275425
7b,random,visual_counterfact_size_000137,visual_counterfact_size,dense,True,False,True,29.819782524108888,87.73797005414963
7b,random,visual_counterfact_size_000140,visual_counterfact_size,dense,True,False,True,44.7341025185585,131.48605450987816
7b,random,visual_counterfact_size_000146,visual_counterfact_size,dense,True,False,True,38.99766027927399,114.0192560851574
7b,random,visual_counterfact_size_000147,visual_counterfact_size,dense,True,False,True,54.371669522523874,158.36133994162083
7b,random,visual_counterfact_size_000155,visual_counterfact_size,dense,True,False,True,44.76287238359451,129.6180598437786
7b,random,visual_counterfact_size_000156,visual_counterfact_size,dense,True,False,True,35.6392165529728,102.26466692984104
7b,random,visual_counterfact_size_000157,visual_counterfact_size,dense,True,False,True,30.26189465522766,86.15082874894142
7b,random,visual_counterfact_size_000160,visual_counterfact_size,dense,True,False,True,41.53823917388916,116.92032590508461
7b,random,visual_counterfact_size_000165,visual_counterfact_size,dense,False,False,False,41.071120655536646,116.45850352942944
7b,random,visual_counterfact_size_000166,visual_counterfact_size,dense,True,False,True,45.510870583057404,129.62635047733784
7b,random,visual_counterfact_size_000171,visual_counterfact_size,dense,True,False,True,40.498289823532104,115.99435098469257
7b,random,visual_counterfact_size_000173,visual_counterfact_size,dense,False,False,False,36.71561374783516,124.27945993840694
7b,random,visual_counterfact_size_000174,visual_counterfact_size,dense,True,False,True,33.74896669983864,117.59394966065884
7b,random,visual_counterfact_size_000181,visual_counterfact_size,dense,True,False,True,38.58676627993584,139.4505314528942
7b,random,visual_counterfact_size_000186,visual_counterfact_size,dense,False,False,False,33.388439239263526,121.7329390347004
7b,random,visual_counterfact_size_000187,visual_counterfact_size,dense,False,False,False,27.5986984872818,100.45309364795685
7b,random,visual_counterfact_size_000190,visual_counterfact_size,dense,False,False,False,40.982530937194824,148.48145097494125
7b,random,visual_counterfact_size_000193,visual_counterfact_size,dense,False,False,False,34.319154789447786,116.78328551352024
7b,random,visual_counterfact_size_000197,visual_counterfact_size,dense,True,False,True,30.761979529857634,102.81051136553288
7b,random,visual_counterfact_size_000198,visual_counterfact_size,dense,True,False,True,33.83860506296158,100.28954409062862
7b,random,visual_counterfact_size_000203,visual_counterfact_size,dense,False,False,False,34.888949650526044,102.35444642603397
7b,random,visual_counterfact_size_000212,visual_counterfact_size,dense,True,False,True,36.54575093626976,101.5692837536335
7b,random,visual_counterfact_size_000226,visual_counterfact_size,dense,True,False,True,41.81601731300354,116.34625121951103
7b,random,visual_counterfact_size_000235,visual_counterfact_size,dense,True,False,True,35.884724841117865,100.0292431563139
7b,random,visual_counterfact_size_000247,visual_counterfact_size,dense,True,False,True,33.47832618713379,94.17355619370937
7b,random,visual_counterfact_size_000258,visual_counterfact_size,dense,False,False,False,48.955528646707535,139.17596824467182
7b,random,visual_counterfact_size_000260,visual_counterfact_size,dense,True,False,True,42.398115444183354,123.62732365727425
7b,random,visual_counterfact_size_000264,visual_counterfact_size,dense,False,False,False,34.013326400518416,102.42698714137077
7b,random,visual_counterfact_size_000272,visual_counterfact_size,dense,False,False,False,33.53570294380188,101.30453296005726
7b,random,visual_counterfact_size_000284,visual_counterfact_size,dense,False,False,False,107.37287908673287,354.78214733302593
7b,random,visual_counterfact_size_000289,visual_counterfact_size,dense,True,False,True,37.38733499288559,139.34475183486938
7b,random,visual_counterfact_size_000290,visual_counterfact_size,dense,True,False,True,22.776501069068907,85.84950678050518
7b,random,visual_counterfact_size_000295,visual_counterfact_size,dense,True,False,True,35.731177740097046,137.73863948881626
7b,random,visual_counterfact_size_000296,visual_counterfact_size,dense,True,False,True,34.74748659968376,132.81941413879395
7b,random,visual_counterfact_size_000310,visual_counterfact_size,dense,False,False,False,30.631414036750794,115.09512923657894
7b,random,visual_counterfact_size_000311,visual_counterfact_size,dense,True,False,True,91.65539329648018,335.23936197161674
7b,random,visual_counterfact_size_000317,visual_counterfact_size,dense,True,False,True,28.763139592409132,104.3487936258316
7b,random,visual_counterfact_size_000322,visual_counterfact_size,dense,False,False,False,37.02069941759109,132.7905636280775
7b,random,visual_counterfact_size_000325,visual_counterfact_size,dense,True,False,True,33.61871102571488,116.41817167401314
7b,random,visual_counterfact_size_000329,visual_counterfact_size,dense,True,False,True,36.743092682361606,126.17088481783867
7b,random,visual_counterfact_size_000330,visual_counterfact_size,dense,True,False,True,37.972573117017745,142.99022778868675
7b,random,visual_counterfact_size_000335,visual_counterfact_size,dense,True,False,True,35.071182814836504,131.8614762276411
7b,random,visual_counterfact_size_000342,visual_counterfact_size,dense,False,False,False,29.439819431304933,104.83702644705772
7b,random,visual_counterfact_size_000348,visual_counterfact_size,dense,True,False,True,29.162637691497803,104.62579131126404
7b,random,visual_counterfact_size_000362,visual_counterfact_size,dense,True,False,True,32.145940380096434,117.24279820919037
7b,random,visual_counterfact_size_000363,visual_counterfact_size,dense,False,False,False,31.730897803306583,116.79374612867832
7b,random,visual_counterfact_size_000368,visual_counterfact_size,dense,True,False,True,23.251219518184666,85.64077503979206
7b,random,visual_counterfact_size_000374,visual_counterfact_size,dense,True,False,True,30.531899350881577,100.09735263884068
7b,random,visual_counterfact_size_000375,visual_counterfact_size,dense,True,False,True,41.15511946558953,130.53139485418797
7b,random,visual_counterfact_size_000379,visual_counterfact_size,dense,False,False,False,39.45091685056686,114.9454116821289
7b,random,visual_counterfact_size_000388,visual_counterfact_size,dense,False,False,False,43.42226884841919,124.55282174050808
7b,random,visual_counterfact_size_000391,visual_counterfact_size,dense,False,False,False,47.71088990569115,135.429872199893
7b,random,visual_counterfact_size_000396,visual_counterfact_size,dense,True,False,True,36.485006380081174,102.25391760468483
7b,random,visual_counterfact_size_000399,visual_counterfact_size,dense,True,False,True,45.57755473136901,128.25533747673035
7b,random,visual_counterfact_size_000406,visual_counterfact_size,dense,True,False,True,35.284950816631316,99.40614551305771
7b,random,visual_counterfact_size_000411,visual_counterfact_size,dense,True,False,True,45.610986710786825,131.2160510569811
7b,random,visual_counterfact_size_000412,visual_counterfact_size,dense,True,False,True,42.07059579610825,121.86165153980255
7b,random,visual_counterfact_size_000414,visual_counterfact_size,dense,False,False,False,34.646345229148864,101.03093646466732
7b,random,visual_counterfact_size_000415,visual_counterfact_size,dense,True,False,True,34.88521877527237,102.47121006250381
7b,random,visual_counterfact_size_000418,visual_counterfact_size,dense,True,False,True,40.79750405073165,120.07644772529602
7b,random,visual_counterfact_size_000420,visual_counterfact_size,dense,True,False,True,44.05237493276596,128.74562107026577
7b,random,visual_counterfact_size_000423,visual_counterfact_size,dense,False,False,False,40.44858757495881,117.61579103767872
7b,random,visual_counterfact_size_000424,visual_counterfact_size,dense,True,False,True,34.93211225986481,101.0268796235323
7b,random,visual_counterfact_size_000433,visual_counterfact_size,dense,False,False,False,35.05293460249901,100.81931762397289
7b,random,visual_counterfact_size_000434,visual_counterfact_size,dense,True,False,True,34.978425878286366,100.39878264069557
7b,random,visual_counterfact_size_000435,visual_counterfact_size,dense,True,False,True,41.721305736303336,117.07840487360954
7b,random,visual_counterfact_size_000440,visual_counterfact_size,dense,False,False,False,40.637670391798025,114.10711333155632
7b,random,visual_counterfact_size_000448,visual_counterfact_size,dense,True,False,True,146.5473866736889,462.9638250917196
7b,random,visual_counterfact_size_000458,visual_counterfact_size,dense,True,False,True,24.815732824802396,90.6605701893568
7b,random,visual_counterfact_size_000464,visual_counterfact_size,dense,True,False,True,34.651957585811616,131.02108985185623
7b,random,visual_counterfact_size_000466,visual_counterfact_size,dense,True,False,True,32.12434919953346,123.80066514015198
7b,random,visual_counterfact_size_000468,visual_counterfact_size,dense,True,False,True,37.428557807207106,145.9960788488388
7b,random,visual_counterfact_size_000469,visual_counterfact_size,dense,True,False,True,30.045377464294432,115.61432667076588
7b,random,visual_counterfact_size_000476,visual_counterfact_size,dense,True,False,True,29.89513454437256,107.7151857316494
7b,random,visual_counterfact_size_000479,visual_counterfact_size,dense,True,False,True,32.662451968193054,110.19419506192207
7b,random,visual_counterfact_size_000484,visual_counterfact_size,dense,True,False,True,34.179435993432996,105.76827265322208
7b,random,visual_counterfact_size_000489,visual_counterfact_size,dense,True,False,True,38.68470205307007,116.0778384655714
7b,random,visual_counterfact_size_000490,visual_counterfact_size,dense,False,False,False,40.688410288095476,116.40853062272072
7b,random,visual_counterfact_size_000509,visual_counterfact_size,dense,False,False,False,39.8735117650032,113.22301812469959
7b,random,visual_counterfact_size_000510,visual_counterfact_size,dense,True,False,True,30.881391816139217,86.20492927730083
7b,random,visual_counterfact_size_000522,visual_counterfact_size,dense,True,False,True,42.855988237857815,119.66809630393982
7b,random,visual_counterfact_size_000524,visual_counterfact_size,dense,True,False,True,38.925929799079896,108.73779468238354
7b,random,visual_counterfact_size_000525,visual_counterfact_size,dense,False,False,False,37.8608669924736,105.93524388968945
7b,random,visual_counterfact_size_000526,visual_counterfact_size,dense,True,False,True,41.70977312088013,116.78475514054298
7b,random,visual_counterfact_size_000527,visual_counterfact_size,dense,True,False,True,33.34328358530998,91.74755774438381
7b,random,visual_counterfact_size_000532,visual_counterfact_size,dense,False,False,False,47.82124909162521,131.75705447793007
7b,random,visual_counterfact_size_000533,visual_counterfact_size,dense,True,False,True,31.341143281459804,86.70211024582386
7b,random,visual_counterfact_size_000534,visual_counterfact_size,dense,True,False,True,36.70840542078018,101.5996839851141
7b,random,visual_counterfact_size_000535,visual_counterfact_size,dense,False,False,False,46.66052292943001,129.3143779039383
7b,random,visual_counterfact_size_000540,visual_counterfact_size,dense,True,False,True,35.904358119964606,99.49261508882046
7b,random,visual_counterfact_size_000541,visual_counterfact_size,dense,True,False,True,32.21962913751602,89.24495056271553
7b,random,visual_counterfact_size_000542,visual_counterfact_size,dense,False,False,False,30.942875506877897,86.6407435387373
7b,random,visual_counterfact_size_000543,visual_counterfact_size,dense,True,False,True,35.98067510128021,101.266760379076
7b,random,visual_counterfact_size_000545,visual_counterfact_size,dense,True,False,True,36.26885941147804,102.28650830686092
7b,random,visual_counterfact_size_000550,visual_counterfact_size,dense,False,False,False,43.964550381898874,124.02635999023914
7b,random,visual_counterfact_size_000556,visual_counterfact_size,dense,True,False,True,47.28162841796875,132.11060874164104
7b,random,visual_counterfact_size_000560,visual_counterfact_size,dense,False,False,False,39.41819102287292,110.95557175576687
7b,random,visual_counterfact_size_000562,visual_counterfact_size,dense,False,False,False,45.9606256878376,130.32580353319645
7b,random,visual_counterfact_size_000565,visual_counterfact_size,dense,True,False,True,35.92266411781311,102.62452997267246
7b,random,visual_counterfact_size_000575,visual_counterfact_size,dense,True,False,True,40.77524429321289,116.2083875387907
7b,random,visual_counterfact_size_000578,visual_counterfact_size,dense,True,False,True,40.92004290103912,115.64651504158974
7b,random,visual_counterfact_size_000579,visual_counterfact_size,dense,True,False,True,43.864110891818996,125.01533329486847
7b,random,visual_counterfact_size_000610,visual_counterfact_size,dense,False,False,False,47.18109567642212,135.33268123865128
7b,random,visual_counterfact_size_000617,visual_counterfact_size,dense,False,False,False,44.98617354154587,129.97626140713692
7b,random,visual_counterfact_size_000623,visual_counterfact_size,dense,True,False,True,111.50468012809752,341.5152970701456
7b,random,visual_counterfact_size_000628,visual_counterfact_size,dense,False,False,False,35.10427192330361,115.75688421726227
7b,random,visual_counterfact_size_000632,visual_counterfact_size,dense,True,False,True,25.001182831525803,84.5938865095377
7b,random,visual_counterfact_size_000643,visual_counterfact_size,dense,True,False,False,38.449429087638855,129.99919429421425
7b,random,visual_counterfact_size_000644,visual_counterfact_size,dense,True,False,True,32.42898636460305,109.38782803714275
7b,random,visual_counterfact_size_000649,visual_counterfact_size,dense,True,False,True,33.650454390048985,114.49656449258327
7b,random,visual_counterfact_size_000656,visual_counterfact_size,dense,True,False,True,29.59163600206375,101.24858096241951
7b,random,visual_counterfact_size_000657,visual_counterfact_size,dense,True,False,True,27.15402061581612,88.90631794929504
7b,random,visual_counterfact_size_000662,visual_counterfact_size,dense,True,False,True,36.14570870399475,116.88619665801525
7b,random,visual_counterfact_size_000665,visual_counterfact_size,dense,False,False,False,39.95917490720749,116.70390330255032
7b,random,visual_counterfact_size_000666,visual_counterfact_size,dense,True,False,True,40.572687500715254,116.92016758024693
7b,random,visual_counterfact_size_000671,visual_counterfact_size,dense,True,False,True,34.079069763422005,95.80188989639282
7b,random,visual_counterfact_size_000681,visual_counterfact_size,dense,True,False,True,38.777675403356554,109.32078957557678
7b,random,visual_counterfact_size_000691,visual_counterfact_size,dense,True,False,True,38.418287780284885,108.69302414357662
7b,random,visual_counterfact_size_000692,visual_counterfact_size,dense,False,False,False,37.90771690368653,107.04133100807667
7b,random,visual_counterfact_size_000694,visual_counterfact_size,dense,True,False,True,36.23214658737183,102.46749967336655
7b,random,visual_counterfact_size_000696,visual_counterfact_size,dense,True,False,True,35.99739521741867,102.72996127605438
7b,random,visual_counterfact_size_000708,visual_counterfact_size,dense,False,False,False,35.29741714715958,101.0044664144516
7b,random,visual_counterfact_size_000710,visual_counterfact_size,dense,True,False,True,40.9085023188591,117.96410195529461
7b,random,visual_counterfact_size_000719,visual_counterfact_size,dense,True,False,True,43.37506042718887,124.9875370413065
7b,random,visual_counterfact_size_000720,visual_counterfact_size,dense,False,False,False,40.50298925161361,116.66623502969742
7b,random,visual_counterfact_size_000721,visual_counterfact_size,dense,True,False,True,36.125288118124004,102.55656950175762
13b,fastv,mmstar_000011,mmstar,432,False,False,False,30.108437943458558,150.72350576519966
13b,fastv,mmstar_000012,mmstar,432,True,False,True,30.193663840293887,140.98901487886906
13b,fastv,mmstar_000028,mmstar,432,True,False,False,106.72544596791268,381.1005875468254
13b,fastv,mmstar_000031,mmstar,432,True,False,True,51.71008635878563,145.0345441699028
13b,fastv,mmstar_000037,mmstar,432,False,False,False,56.9464581155777,146.20231091976166
13b,fastv,mmstar_000043,mmstar,432,True,False,False,159.3511193215847,379.7292299568653
13b,fastv,mmstar_000049,mmstar,dense,True,False,False,62.960947344303136,153.82773987948895
13b,fastv,mmstar_000054,mmstar,432,True,False,False,57.11307619094849,139.442203566432
13b,fastv,mmstar_000068,mmstar,dense,True,False,True,72.22583191394807,394.1707778722048
13b,fastv,mmstar_000089,mmstar,432,True,False,True,24.810692236423492,152.5837704539299
13b,fastv,mmstar_000091,mmstar,432,True,False,False,44.75262244939805,216.30181185901165
13b,fastv,mmstar_000092,mmstar,432,False,False,False,39.950199127197266,150.81864781677723
13b,fastv,mmstar_000094,mmstar,432,False,False,False,43.94649052619934,141.16068370640278
13b,fastv,mmstar_000103,mmstar,432,True,False,False,57.51032693386078,150.88730864226818
13b,fastv,mmstar_000105,mmstar,432,False,False,False,59.08245391368867,144.2385483533144
13b,fastv,mmstar_000113,mmstar,432,False,False,False,63.7519447183609,151.84768289327621
13b,fastv,mmstar_000124,mmstar,432,False,False,False,60.28575598239899,143.08064803481102
13b,fastv,mmstar_000131,mmstar,432,True,False,True,62.17151582241058,143.95313523709774
13b,fastv,mmstar_000139,mmstar,dense,False,False,False,61.41688453435898,142.77940802276134
13b,fastv,mmstar_000154,mmstar,dense,False,False,False,62.36867155075073,146.0391916334629
13b,fastv,mmstar_000155,mmstar,432,False,False,False,59.27522277832031,140.186520293355
13b,fastv,mmstar_000157,mmstar,dense,False,False,False,72.29178730010986,168.8123196363449
13b,fastv,mmstar_000160,mmstar,432,True,False,True,64.27618992447853,149.44441616535187
13b,fastv,mmstar_000163,mmstar,432,True,False,True,60.76493339538575,142.78819598257542
13b,fastv,mmstar_000166,mmstar,dense,True,False,False,62.88585392594338,149.5298072695732
13b,fastv,mmstar_000167,mmstar,dense,True,False,False,58.429976928234105,139.48407024145126
13b,fastv,mmstar_000174,mmstar,dense,True,False,True,68.34664558649064,160.54887883365154
13b,fastv,mmstar_000183,mmstar,432,True,False,False,58.12931073427201,162.4296735972166
13b,fastv,mmstar_000184,mmstar,432,True,False,False,48.97137644767761,141.0741563886404
13b,fastv,mmstar_000187,mmstar,dense,True,False,False,47.814647895097735,139.37043212354183
13b,fastv,mmstar_000192,mmstar,432,True,False,False,47.14852997660637,137.74292916059494
13b,fastv,mmstar_000193,mmstar,432,True,False,True,50.55025047540665,148.12087453901768
13b,fastv,mmstar_000196,mmstar,dense,True,False,False,57.86534317016602,161.09769232571125
13b,fastv,mmstar_000197,mmstar,dense,False,False,False,53.23902276277542,140.50752855837345
13b,fastv,mmstar_000205,mmstar,432,False,False,False,54.09398181319237,157.49633684754372
13b,fastv,mmstar_000207,mmstar,dense,True,False,False,45.74264956474305,140.27256704866886
13b,fastv,mmstar_000219,mmstar,432,True,False,False,48.860318498611456,153.000483289361
13b,fastv,mmstar_000243,mmstar,432,True,False,False,142.68753507733342,425.7072005420923
13b,fastv,mmstar_000244,mmstar,432,True,False,True,51.88709555864333,141.60585962235928
13b,fastv,mmstar_000248,mmstar,dense,True,False,True,81.18611233830453,203.5258263349533
13b,fastv,mmstar_000254,mmstar,432,False,False,False,60.26290523648262,147.61612191796303
13b,fastv,mmstar_000257,mmstar,dense,False,False,False,159.10463022708893,396.3901922106743
13b,fastv,mmstar_000267,mmstar,432,False,False,False,56.397106877565385,142.98135973513126
13b,fastv,mmstar_000270,mmstar,432,False,False,False,57.01350264430046,144.83413100242615
13b,fastv,mmstar_000274,mmstar,432,False,False,False,57.18248784542084,145.27580328285694
13b,fastv,mmstar_000275,mmstar,432,False,False,False,60.25026683211326,150.7931649684906
13b,fastv,mmstar_000283,mmstar,432,False,False,False,55.97445008158684,140.0270164012909
13b,fastv,mmstar_000284,mmstar,dense,True,False,False,88.16149311065674,218.77015940845013
13b,fastv,mmstar_000291,mmstar,432,False,False,False,58.57683917284011,142.01794005930424
13b,fastv,mmstar_000311,mmstar,432,False,False,False,73.05933082580566,173.687644302845
13b,fastv,mmstar_000313,mmstar,432,False,False,False,62.21177040338516,147.05132693052292
13b,fastv,mmstar_000320,mmstar,dense,False,False,False,165.9303251183033,432.10962042212486
13b,fastv,mmstar_000324,mmstar,432,False,False,False,141.0347749090195,399.58335645496845
13b,fastv,mmstar_000325,mmstar,dense,True,False,False,50.064180378913875,145.46767622232437
13b,fastv,mmstar_000335,mmstar,432,False,False,False,50.622335023880005,142.47453399002552
13b,fastv,mmstar_000344,mmstar,432,False,False,False,51.837413949966425,139.28041979670525
13b,fastv,mmstar_000354,mmstar,432,True,False,False,57.85828994750976,150.74818581342697
13b,fastv,mmstar_000360,mmstar,dense,True,False,False,67.77462795734405,177.24910005927086
13b,fastv,mmstar_000366,mmstar,dense,True,False,False,54.25026490569115,142.5864864140749
13b,fastv,mmstar_000367,mmstar,432,False,False,False,56.8007344841957,143.71436461806297
13b,fastv,mmstar_000369,mmstar,432,False,False,False,57.35756892442703,143.88987608253956
13b,fastv,mmstar_000370,mmstar,432,True,False,True,56.24686004400253,140.74276015162468
13b,fastv,mmstar_000375,mmstar,432,False,False,False,55.28254347920418,138.48804868757725
13b,fastv,mmstar_000379,mmstar,432,True,False,True,57.7491369509697,139.51283134520054
13b,fastv,mmstar_000384,mmstar,432,False,False,False,58.19751792669297,139.1541101038456
13b,fastv,mmstar_000386,mmstar,dense,False,False,False,61.0253307402134,145.02917230129242
13b,fastv,mmstar_000397,mmstar,dense,False,False,False,60.79474831223488,144.7627693414688
13b,fastv,mmstar_000400,mmstar,432,False,True,False,64.73921207785607,152.79120951890945
13b,fastv,mmstar_000405,mmstar,432,False,False,False,207.20699201107024,584.3869931995869
13b,fastv,mmstar_000407,mmstar,dense,False,False,False,55.11371521234513,190.6735710799694
13b,fastv,mmstar_000413,mmstar,432,False,False,False,39.568806364536286,140.05783572793007
13b,fastv,mmstar_000423,mmstar,dense,True,False,False,43.93508204460144,155.70951253175735
13b,fastv,mmstar_000427,mmstar,dense,False,False,False,44.293108692169184,145.96101827919483
13b,fastv,mmstar_000428,mmstar,432,False,False,False,56.42094267368317,156.38110786676407
13b,fastv,mmstar_000431,mmstar,432,False,False,False,54.58591947793961,139.88625444471836
13b,fastv,mmstar_000433,mmstar,432,False,False,False,59.73982187986374,146.66633494198322
13b,fastv,mmstar_000438,mmstar,dense,False,False,False,61.1604487645626,147.95993454754353
13b,fastv,mmstar_000440,mmstar,432,True,False,True,58.72609372973442,139.16200958192348
13b,fastv,mmstar_000444,mmstar,dense,False,False,False,59.590863658189775,142.17268116772175
13b,fastv,mmstar_000447,mmstar,432,True,False,True,60.79471666812897,146.10586874186993
13b,fastv,mmstar_000453,mmstar,432,True,False,False,57.5368883895874,139.14156146347523
13b,fastv,mmstar_000464,mmstar,432,False,False,False,65.09026783943176,154.944134876132
13b,fastv,mmstar_000466,mmstar,432,False,False,False,58.864783744812016,140.19447937607765
13b,fastv,mmstar_000470,mmstar,432,False,False,False,60.975922174453736,145.74229903519154
13b,fastv,mmstar_000473,mmstar,432,False,False,False,56.7048849773407,136.0192969441414
13b,fastv,mmstar_000479,mmstar,432,False,False,False,61.603497244119644,146.43047377467155
13b,fastv,mmstar_000481,mmstar,432,False,True,False,60.32646911144257,145.81957831978798
13b,fastv,mmstar_000485,mmstar,432,False,False,False,56.34345130205155,140.10989852249622
13b,fastv,mmstar_000491,mmstar,dense,True,False,False,111.54199726581574,280.73978796601295
13b,fastv,mmstar_000494,mmstar,dense,False,False,False,57.69105108499527,146.45868353545666
13b,fastv,mmstar_000495,mmstar,432,False,False,False,53.256409320831295,138.4662762284279
13b,fastv,mmstar_000500,mmstar,432,True,False,False,75.19569159746169,198.10091517865658
13b,fastv,mmstar_000501,mmstar,432,False,False,False,56.27913146138191,149.4330670684576
13b,fastv,mmstar_000508,mmstar,432,False,False,False,54.086584267616274,139.0786599367857
13b,fastv,mmstar_000509,mmstar,dense,False,False,False,57.94613624453545,146.7168554663658
13b,fastv,mmstar_000511,mmstar,dense,False,False,False,155.73320562124252,390.06595499813557
13b,fastv,mmstar_000512,mmstar,432,True,False,True,61.71216709375381,153.23812328279018
13b,fastv,mmstar_000519,mmstar,432,False,False,False,59.23731118440628,146.73953503370285
13b,fastv,mmstar_000521,mmstar,432,False,False,False,59.81594225168228,146.68995514512062
13b,fastv,mmstar_000538,mmstar,dense,False,False,False,62.973584628105165,154.72343377768993
13b,fastv,mmstar_000542,mmstar,dense,False,False,False,58.23474683642388,143.71340349316597
13b,fastv,mmstar_000553,mmstar,432,True,False,False,68.28341020941734,168.90956088900566
13b,fastv,mmstar_000563,mmstar,432,False,False,False,245.89411381244662,604.3183542788029
13b,fastv,mmstar_000564,mmstar,432,False,True,False,60.27547422885895,157.96753205358982
13b,fastv,mmstar_000567,mmstar,432,False,False,False,80.62612108707428,212.75575272738934
13b,fastv,mmstar_000572,mmstar,432,False,False,False,52.86654055118561,137.13639602065086
13b,fastv,mmstar_000575,mmstar,432,False,False,False,55.92548491239548,144.72337253391743
13b,fastv,mmstar_000577,mmstar,432,False,False,False,52.878370456695556,135.71817614138126
13b,fastv,mmstar_000578,mmstar,dense,False,False,False,54.656255745887755,138.123681768775
13b,fastv,mmstar_000581,mmstar,432,False,True,False,173.57558412909506,421.9703432172537
13b,fastv,mmstar_000582,mmstar,dense,False,False,False,86.21788076400756,220.46680003404617
13b,fastv,mmstar_000589,mmstar,432,True,False,True,63.11595743298531,165.75019620358944
13b,fastv,mmstar_000591,mmstar,432,False,False,False,67.52377779364586,181.32010102272034
13b,fastv,mmstar_000592,mmstar,432,False,False,False,57.353853656053545,156.2438439577818
13b,fastv,mmstar_000593,mmstar,432,False,False,False,54.22784571170807,147.7825827896595
13b,fastv,mmstar_000597,mmstar,432,False,False,False,53.31215886116028,137.71780021488667
13b,fastv,mmstar_000600,mmstar,dense,True,False,False,62.95082666635514,158.47710333764553
13b,fastv,mmstar_000602,mmstar,dense,False,False,False,55.44122566938401,138.9126479625702
13b,fastv,mmstar_000608,mmstar,dense,False,False,False,160.8961024129391,399.251876398921
13b,fastv,mmstar_000613,mmstar,dense,False,False,False,175.66122770309448,442.7078068256378
13b,fastv,mmstar_000614,mmstar,dense,False,False,False,55.64075195074082,145.53312584757805
13b,fastv,mmstar_000617,mmstar,432,True,True,False,63.37613727092743,167.3733275383711
13b,fastv,mmstar_000622,mmstar,dense,False,False,False,58.83142497539521,155.1146674901247
13b,fastv,mmstar_000631,mmstar,432,True,False,True,54.90496178627014,140.32265916466713
13b,fastv,mmstar_000634,mmstar,432,False,False,False,89.29966858506202,222.28743322193623
13b,fastv,mmstar_000635,mmstar,432,False,False,False,88.53516405224799,217.24542789161205
13b,fastv,mmstar_000636,mmstar,432,False,False,False,62.286052716970445,149.58877861499786
13b,fastv,mmstar_000657,mmstar,432,True,False,True,67.6692289185524,161.65510937571526
13b,fastv,mmstar_000673,mmstar,432,False,False,False,90.78755836725236,218.78193877637386
13b,fastv,mmstar_000680,mmstar,432,False,False,False,62.28122408986092,152.60880813002586
13b,fastv,mmstar_000683,mmstar,dense,True,False,False,159.7388763022423,392.2170326113701
13b,fastv,mmstar_000685,mmstar,432,False,False,False,57.825558729171746,144.89136449992657
13b,fastv,mmstar_000691,mmstar,432,False,False,False,65.56290436387062,188.78847546875477
13b,fastv,mmstar_000693,mmstar,432,True,False,True,45.52068926095962,138.31970281898975
13b,fastv,mmstar_000701,mmstar,432,True,False,True,45.5908894443512,137.583427131176
13b,fastv,mmstar_000703,mmstar,256,True,False,False,52.39242677569389,155.74529208242893
13b,fastv,mmstar_000705,mmstar,432,True,False,True,49.75023021697998,145.01240104436874
13b,fastv,mmstar_000711,mmstar,432,True,False,True,71.1062979722023,197.46888428926468
13b,fastv,mmstar_000720,mmstar,432,True,False,True,57.15046436309814,148.24060909450054
13b,fastv,mmstar_000723,mmstar,432,True,False,True,57.27478676795959,138.40566389262676
13b,fastv,mmstar_000731,mmstar,432,False,True,False,66.9904154086113,161.9226261973381
13b,fastv,mmstar_000732,mmstar,432,True,False,True,62.539728513956064,152.64512039721012
13b,fastv,mmstar_000736,mmstar,dense,True,False,False,120.82577834248544,295.69939710199833
13b,fastv,mmstar_000741,mmstar,432,False,False,False,67.80751077651978,164.2730049788952
13b,fastv,mmstar_000757,mmstar,dense,False,False,False,56.69174597024917,138.7781985104084
13b,fastv,mmstar_000769,mmstar,256,False,False,False,99.33000225782395,244.67227049171925
13b,fastv,mmstar_000777,mmstar,432,False,False,False,66.0763894200325,161.9285997003317
13b,fastv,mmstar_000778,mmstar,432,True,False,True,65.84855849027633,161.26098483800888
13b,fastv,mmstar_000782,mmstar,432,False,False,False,58.63624353647232,143.1566085666418
13b,fastv,mmstar_000783,mmstar,432,False,False,False,63.100218106508265,153.92682142555714
13b,fastv,mmstar_000784,mmstar,432,False,False,False,161.57010493159297,443.63226369023323
13b,fastv,mmstar_000786,mmstar,432,True,False,True,87.53582102298736,261.41984574496746
13b,fastv,mmstar_000788,mmstar,432,True,False,True,55.33367407917976,160.9177626669407
13b,fastv,mmstar_000789,mmstar,432,False,False,False,50.100604696273805,143.51229183375835
13b,fastv,mmstar_000794,mmstar,432,False,True,False,51.88265912532807,143.45096051692963
13b,fastv,mmstar_000796,mmstar,432,False,False,False,133.86204621434212,321.49697840213776
13b,fastv,mmstar_000797,mmstar,432,False,False,False,60.383946269750595,142.19031296670437
13b,fastv,mmstar_000803,mmstar,432,True,False,True,60.31672402381896,144.55641992390156
13b,fastv,mmstar_000811,mmstar,432,True,False,False,65.3327690565586,158.7924063205719
13b,fastv,mmstar_000823,mmstar,432,True,False,False,397.4880137217045,929.3783698230982
13b,fastv,mmstar_000828,mmstar,dense,False,False,False,59.883740059137345,145.30585519969463
13b,fastv,mmstar_000840,mmstar,432,False,False,False,83.97836661458015,211.07936091721058
13b,fastv,mmstar_000842,mmstar,432,True,False,False,59.29710282921791,153.8339089602232
13b,fastv,mmstar_000854,mmstar,432,False,False,False,58.08247812509537,151.37974172830582
13b,fastv,mmstar_000868,mmstar,256,True,False,False,333.72610996365546,808.5741046816111
13b,fastv,mmstar_000872,mmstar,432,False,False,False,60.039690532684325,150.37422254681587
13b,fastv,mmstar_000873,mmstar,432,True,False,False,59.13456821084023,149.40203540027142
13b,fastv,mmstar_000880,mmstar,432,True,False,False,88.80359622359276,225.05190409719944
13b,fastv,mmstar_000881,mmstar,432,True,False,False,85.02651069045066,211.91739849746227
13b,fastv,mmstar_000882,mmstar,432,True,False,True,60.672044385671626,144.20431479811668
13b,fastv,mmstar_000887,mmstar,432,True,False,True,58.94661935329437,137.45838962495327
13b,fastv,mmstar_000902,mmstar,256,False,False,False,64.34892591714859,148.4844721853733
13b,fastv,mmstar_000905,mmstar,dense,False,False,False,72.71803212165833,166.79649613797665
13b,fastv,mmstar_000909,mmstar,432,True,True,False,64.64006408214568,151.7131831496954
13b,fastv,mmstar_000911,mmstar,432,False,False,False,61.03343010306358,143.62123236060143
13b,fastv,mmstar_000920,mmstar,432,False,False,False,61.780793448686595,146.91780135035515
13b,fastv,mmstar_000928,mmstar,432,False,False,False,58.563415900468826,140.56439138948917
13b,fastv,mmstar_000934,mmstar,432,False,False,False,59.11517366766929,141.31480641663074
13b,fastv,mmstar_000936,mmstar,432,False,False,False,62.26530873775482,145.82984894514084
13b,fastv,mmstar_000942,mmstar,432,False,False,False,60.46816000461578,142.20385253429413
13b,fastv,mmstar_000945,mmstar,256,True,False,False,65.36964034557343,156.28990717232227
13b,fastv,mmstar_000950,mmstar,432,True,False,True,65.22779046058655,180.46246469020844
13b,fastv,mmstar_000951,mmstar,432,False,False,False,48.715896077156074,143.8805852085352
13b,fastv,mmstar_000953,mmstar,256,False,False,False,50.45877443313598,148.58932979404926
13b,fastv,mmstar_000959,mmstar,dense,False,False,False,48.93423617362976,143.7010057270527
13b,fastv,mmstar_000962,mmstar,432,True,False,False,51.66240854740143,151.08626708388329
13b,fastv,mmstar_000963,mmstar,432,False,False,False,143.50143569469452,420.5958340317011
13b,fastv,mmstar_000970,mmstar,432,False,False,False,47.910212328433985,145.81756852567196
13b,fastv,mmstar_000971,mmstar,432,False,False,False,51.24261685371398,160.00044345855713
13b,fastv,mmstar_000972,mmstar,256,False,True,False,57.79994871139526,187.31514737010002
13b,fastv,mmstar_000974,mmstar,432,False,False,False,43.98073234558105,142.35747419297695
13b,fastv,mmstar_000978,mmstar,256,False,False,False,51.18144552111625,142.50619523227215
13b,fastv,mmstar_000979,mmstar,432,False,False,False,299.33659420609473,734.8433490842581
13b,fastv,mmstar_000995,mmstar,432,True,False,True,62.9210306751728,159.88963283598423
13b,fastv,mmstar_000998,mmstar,432,False,False,False,80.60977119207382,253.765519708395
13b,fastv,mmstar_001005,mmstar,432,True,False,True,45.5246593606472,145.2538948506117
13b,fastv,mmstar_001006,mmstar,432,True,False,True,46.11396345496178,143.69691349565983
13b,fastv,mmstar_001012,mmstar,432,False,True,False,69.80316005706787,212.232181802392
13b,fastv,mmstar_001017,mmstar,432,False,False,False,52.18978369593621,154.7710169106722
13b,fastv,mmstar_001022,mmstar,432,True,False,True,58.96864471793174,155.7197906076908
13b,fastv,mmstar_001025,mmstar,432,False,False,False,208.97268540620803,508.2925222814083
13b,fastv,mmstar_001029,mmstar,432,False,False,False,101.89667045593262,251.5057511627674
13b,fastv,mmstar_001031,mmstar,432,False,False,False,67.84311213493348,171.40601016581059
13b,fastv,mmstar_001032,mmstar,432,False,False,False,58.136559609174725,150.22943168878555
13b,fastv,mmstar_001035,mmstar,432,True,False,False,182.04971683859824,465.94217978417873
13b,fastv,mmstar_001039,mmstar,432,False,False,False,200.50407128334047,502.387847751379
13b,fastv,mmstar_001044,mmstar,432,True,False,False,61.759635682106016,158.6423646658659
13b,fastv,mmstar_001048,mmstar,432,False,False,False,57.409649562835696,148.76580983400345
13b,fastv,mmstar_001059,mmstar,432,False,False,False,68.19945405006409,174.49548095464706
13b,fastv,mmstar_001061,mmstar,256,False,False,False,106.7178367471695,270.1266407966614
13b,fastv,mmstar_001066,mmstar,432,False,False,False,63.178942871093746,157.4918646365404
13b,fastv,mmstar_001068,mmstar,432,False,False,False,62.6901858341694,152.5956317782402
13b,fastv,mmstar_001069,mmstar,432,False,False,False,64.91715932965279,158.36837142705917
13b,fastv,mmstar_001083,mmstar,432,False,False,False,63.26622501015663,179.27519604563713
13b,fastv,mmstar_001094,mmstar,432,False,False,False,47.22677382946014,139.51153121888638
13b,fastv,mmstar_001097,mmstar,432,True,False,False,52.12501421928406,152.8854612261057
13b,fastv,mmstar_001103,mmstar,432,True,False,True,48.30082762718201,138.27649503946304
13b,fastv,mmstar_001104,mmstar,432,False,False,False,57.54940289855003,163.87000307440758
13b,fastv,mmstar_001112,mmstar,432,False,False,False,52.5302949821949,143.73386465013027
13b,fastv,mmstar_001115,mmstar,432,False,False,False,61.04457284212112,156.2629360705614
13b,fastv,mmstar_001121,mmstar,432,False,False,False,136.58642623782157,399.85670894384384
13b,fastv,mmstar_001122,mmstar,432,False,False,False,144.5100241971016,450.9114380925894
13b,fastv,mmstar_001126,mmstar,432,True,True,False,105.58810445666313,294.31086778640747
13b,fastv,mmstar_001131,mmstar,432,False,False,False,58.58578325390816,149.76576901972294
13b,fastv,mmstar_001133,mmstar,432,False,False,False,174.0682591891289,430.3133860230446
13b,fastv,mmstar_001137,mmstar,432,True,False,False,112.21722616434099,278.94229255616665
13b,fastv,mmstar_001146,mmstar,432,True,False,False,61.57380749702454,154.77867610752583
13b,fastv,mmstar_001159,mmstar,432,True,False,True,60.306617513895034,152.5634191930294
13b,fastv,mmstar_001160,mmstar,432,False,False,False,60.047691178321834,149.2354143410921
13b,fastv,mmstar_001169,mmstar,432,True,False,False,65.0216892838478,160.71297228336334
13b,fastv,mmstar_001188,mmstar,432,False,False,False,101.96973224520683,261.659175157547
13b,fastv,mmstar_001191,mmstar,432,True,False,True,107.19973783969878,293.81968453526497
13b,fastv,mmstar_001194,mmstar,432,False,False,False,55.08191029429435,153.08013558387756
13b,fastv,mmstar_001195,mmstar,432,True,False,True,51.44458661794662,145.2328246086836
13b,fastv,mmstar_001209,mmstar,432,False,False,False,51.250002311468116,144.25144717097282
13b,fastv,mmstar_001213,mmstar,432,True,False,True,95.53029492855073,243.846345692873
13b,fastv,mmstar_001221,mmstar,256,False,False,False,61.36937634825707,149.37298372387886
13b,fastv,mmstar_001224,mmstar,432,False,False,False,175.70521408557892,430.83588033914566
13b,fastv,mmstar_001226,mmstar,432,False,False,False,121.60654796600343,306.20075576007366
13b,fastv,mmstar_001227,mmstar,432,True,False,True,57.250709609985364,145.26153355836868
13b,fastv,mmstar_001228,mmstar,432,False,False,False,99.67220037698746,249.30622428655624
13b,fastv,mmstar_001230,mmstar,432,False,False,False,133.90564639806746,330.9786692261696
13b,fastv,mmstar_001241,mmstar,432,False,False,False,109.69836964845656,270.4038433730602
13b,fastv,mmstar_001246,mmstar,432,True,False,False,115.4182929766178,288.82396779954433
13b,fastv,mmstar_001247,mmstar,432,False,False,False,56.12027882695198,143.76657456159592
13b,fastv,mmstar_001249,mmstar,432,False,False,False,58.11221164226532,150.90647898614407
13b,fastv,mmstar_001251,mmstar,432,False,False,False,83.02986703276633,215.7473973929882
13b,fastv,mmstar_001261,mmstar,432,True,False,False,53.93899929285049,140.3130553662777
13b,fastv,mmstar_001276,mmstar,432,False,False,False,56.4498059129715,147.35063165426254
13b,fastv,mmstar_001280,mmstar,432,True,False,False,116.42598206996917,299.47479628026485
13b,fastv,mmstar_001285,mmstar,432,False,True,False,110.10751819610596,275.1804068684578
13b,fastv,mmstar_001287,mmstar,dense,True,False,False,118.7075686073303,296.35807313025
13b,fastv,mmstar_001288,mmstar,432,False,False,False,57.906991086006165,143.27919110655785
13b,fastv,mmstar_001289,mmstar,432,False,False,False,92.70147047996521,230.4835468530655
13b,fastv,mmstar_001290,mmstar,432,False,False,False,105.90360523223876,269.7438895702362
13b,fastv,mmstar_001293,mmstar,432,False,False,False,60.57020531892776,155.4971020668745
13b,fastv,mmstar_001298,mmstar,432,True,False,True,123.47412603974342,319.84278559684753
13b,fastv,mmstar_001304,mmstar,432,False,False,False,143.15259234666826,371.3954407721758
13b,fastv,mmstar_001307,mmstar,432,True,False,False,56.176554059982294,145.56365460157394
13b,fastv,mmstar_001320,mmstar,432,False,False,False,65.41705531835555,168.05848479270935
13b,fastv,mmstar_001326,mmstar,432,False,False,False,55.2494240796566,140.27777686715126
13b,fastv,mmstar_001331,mmstar,432,False,False,False,57.55170810580253,143.65314319729805
13b,fastv,mmstar_001346,mmstar,432,False,False,False,55.67607429623604,138.43605294823647
13b,fastv,mmstar_001347,mmstar,432,False,False,False,56.53851564288139,139.82794620096684
13b,fastv,mmstar_001350,mmstar,dense,True,False,False,57.47664558053017,140.91902412474155
13b,fastv,mmstar_001353,mmstar,dense,False,False,False,134.69367539525032,315.5344948172569
13b,fastv,mmstar_001366,mmstar,432,False,False,False,73.20119773864747,174.21999014914036
13b,fastv,mmstar_001371,mmstar,432,False,False,False,57.49138578653336,139.19471949338913
13b,fastv,mmstar_001378,mmstar,432,False,False,False,60.76664921760559,147.96328358352184
13b,fastv,mmstar_001379,mmstar,432,False,False,False,64.47407937288284,152.90950424969196
13b,fastv,mmstar_001382,mmstar,dense,True,False,False,61.39551696062088,146.0101120173931
13b,fastv,mmstar_001394,mmstar,432,True,False,False,62.78650873422623,150.24545975029469
13b,fastv,mmstar_001395,mmstar,432,True,False,False,58.75334824085236,141.3544248789549
13b,fastv,mmstar_001397,mmstar,432,True,False,False,82.17073824882507,198.0211455374956
13b,fastv,mmstar_001401,mmstar,dense,False,False,False,151.7803628194332,395.92129923403263
13b,fastv,mmstar_001402,mmstar,256,False,False,False,51.11459950923919,149.54490773379803
13b,fastv,mmstar_001410,mmstar,432,False,False,False,262.4132805347443,737.1978163719177
13b,fastv,mmstar_001412,mmstar,432,False,False,False,65.28694601297377,170.06132751703262
13b,fastv,mmstar_001420,mmstar,432,False,False,False,126.86462576627731,334.21943336725235
13b,fastv,mmstar_001421,mmstar,dense,True,False,False,72.37510610699653,195.70147804915905
13b,fastv,mmstar_001424,mmstar,256,True,False,False,200.07573771238327,522.3960038274527
13b,fastv,mmstar_001427,mmstar,432,True,False,False,59.84084451556206,155.236529186368
13b,fastv,mmstar_001432,mmstar,432,True,False,True,57.49549945354462,149.03652295470238
13b,fastv,mmstar_001434,mmstar,432,False,False,False,197.96428492307663,505.4873786866665
13b,fastv,mmstar_001436,mmstar,432,False,False,False,194.95630462408064,497.21687100827694
13b,fastv,mmstar_001440,mmstar,432,False,False,False,64.20788921952249,171.2344065308571
13b,fastv,mmstar_001444,mmstar,432,False,True,False,50.78288567304611,138.51935602724552
13b,fastv,mmstar_001446,mmstar,432,True,False,True,50.542151150703425,138.62806744873524
13b,fastv,mmstar_001448,mmstar,432,True,False,False,67.7001408112049,180.50319515168667
13b,fastv,mmstar_001451,mmstar,432,True,False,False,51.84900929093361,134.5503944903612
13b,fastv,mmstar_001452,mmstar,432,False,False,False,58.639304263591754,149.70820769667625
13b,fastv,mmstar_001455,mmstar,432,False,False,False,129.8520871043205,320.2506806701422
13b,fastv,mmstar_001467,mmstar,432,False,False,False,59.22431732177734,140.5529286712408
13b,fastv,mmstar_001470,mmstar,432,True,False,False,69.37679275512696,165.22403247654438
13b,fastv,mmstar_001477,mmstar,432,False,False,False,77.7321327972412,189.26717154681683
13b,fastv,mmstar_001484,mmstar,432,False,False,False,68.2870141530037,169.8523387312889
13b,fastv,mmstar_001490,mmstar,432,False,False,False,56.028186342716225,140.69177210330963
13b,fastv,mmstar_001491,mmstar,432,False,False,False,54.96759033918381,138.63756507635117
13b,fastv,mmstar_001492,mmstar,432,True,False,True,65.10129372596741,167.71235316991806
13b,fastv,mmstar_001496,mmstar,432,False,False,False,53.547446094751365,137.93974928557873
13b,fastv,pope_adversarial_000324,pope_adversarial,432,True,False,True,58.629461911916735,149.58741515874863
13b,fastv,pope_adversarial_000751,pope_adversarial,432,True,False,False,54.92244796276093,138.6772058904171
13b,fastv,pope_adversarial_000781,pope_adversarial,432,True,False,False,59.29692692756653,147.75978215038776
13b,fastv,pope_adversarial_000787,pope_adversarial,432,True,False,False,57.80133249759674,141.18079654872417
13b,fastv,pope_adversarial_000828,pope_adversarial,432,False,False,False,62.27069484829902,151.27401240170002
13b,fastv,pope_adversarial_000834,pope_adversarial,432,True,False,True,62.502977466583246,173.9561390131712
13b,fastv,pope_adversarial_000840,pope_adversarial,432,True,False,True,48.34696980595589,143.3047316968441
13b,fastv,pope_adversarial_000846,pope_adversarial,432,False,False,False,50.68699138522148,151.46895311772823
13b,fastv,pope_adversarial_000852,pope_adversarial,432,True,False,True,47.99189449548721,143.52351240813732
13b,fastv,pope_adversarial_000900,pope_adversarial,432,True,False,True,46.60631272435188,140.30883833765984
13b,fastv,pope_adversarial_000908,pope_adversarial,432,True,False,True,47.888603951931,139.73562605679035
13b,fastv,pope_adversarial_000919,pope_adversarial,432,True,False,False,51.92966916561127,140.98449610173702
13b,fastv,pope_adversarial_000930,pope_adversarial,432,True,False,True,59.91999554395675,145.38178592920303
13b,fastv,pope_adversarial_000942,pope_adversarial,432,False,False,False,58.07295296192169,141.7627800256014
13b,fastv,pope_adversarial_000984,pope_adversarial,432,True,False,True,57.366806819438935,141.5063664317131
13b,fastv,pope_adversarial_000990,pope_adversarial,432,False,False,False,56.35804273605347,140.5863631516695
13b,fastv,pope_adversarial_000997,pope_adversarial,432,True,False,False,57.65364891290665,140.75650088489056
13b,fastv,pope_adversarial_001014,pope_adversarial,432,True,False,True,59.20375115513801,143.16731691360474
13b,fastv,pope_adversarial_001020,pope_adversarial,432,True,False,True,57.817618290185926,140.42506739497185
13b,fastv,pope_adversarial_001032,pope_adversarial,432,True,False,True,58.802282813787464,144.20910738408566
13b,fastv,pope_adversarial_001038,pope_adversarial,432,True,False,True,56.76230803489685,136.78652234375477
13b,fastv,pope_adversarial_001045,pope_adversarial,432,True,False,False,59.0243609881401,140.60437120497227
13b,fastv,pope_adversarial_001056,pope_adversarial,432,True,True,False,59.262850005626674,140.95982536673546
13b,fastv,pope_adversarial_001080,pope_adversarial,432,True,False,True,59.23870215177536,141.7789813131094
13b,fastv,pope_adversarial_001134,pope_adversarial,432,True,False,True,67.9349995315075,166.48871265351772
13b,fastv,pope_adversarial_001206,pope_adversarial,432,True,False,True,56.70606676101684,140.16698859632015
13b,fastv,pope_adversarial_001254,pope_adversarial,432,True,False,True,57.322368993759156,143.4836331754923
13b,fastv,pope_adversarial_001302,pope_adversarial,432,True,False,True,62.36884599208832,159.9680557847023
13b,fastv,pope_adversarial_001308,pope_adversarial,432,True,False,True,129.22268216490744,363.6180404573679
13b,fastv,pope_adversarial_001320,pope_adversarial,432,True,False,True,46.45167342305184,142.8438350558281
13b,fastv,pope_adversarial_001338,pope_adversarial,432,True,False,True,47.19199662685394,141.88279956579208
13b,fastv,pope_adversarial_001344,pope_adversarial,432,True,False,True,49.158441040515896,147.8826031088829
13b,fastv,pope_adversarial_001386,pope_adversarial,432,True,False,True,46.96656292676926,139.99554701149464
13b,fastv,pope_adversarial_001392,pope_adversarial,432,True,False,True,47.52306817173958,139.42881114780903
13b,fastv,pope_adversarial_001410,pope_adversarial,432,True,False,True,54.515280447006226,141.22235588729382
13b,fastv,pope_adversarial_001519,pope_adversarial,432,True,False,False,56.72661118030548,140.71882888674736
13b,fastv,pope_adversarial_001530,pope_adversarial,432,True,False,True,66.48121543765069,165.9260280430317
13b,fastv,pope_adversarial_001566,pope_adversarial,432,False,False,False,55.46865781784058,141.14536345005035
13b,fastv,pope_adversarial_001584,pope_adversarial,432,True,False,True,55.82099345326424,142.40175485610962
13b,fastv,pope_adversarial_001596,pope_adversarial,432,True,False,True,48.03675981163978,138.87128792703152
13b,fastv,pope_adversarial_001716,pope_adversarial,432,True,False,True,47.50123453378677,164.97752256691456
13b,fastv,pope_adversarial_001759,pope_adversarial,432,True,False,False,41.04037647008896,146.36697247624397
13b,fastv,pope_adversarial_001782,pope_adversarial,432,True,False,True,41.48443394064903,147.2432278096676
13b,fastv,pope_adversarial_001830,pope_adversarial,432,True,False,True,42.751404232978814,146.73224464058876
13b,fastv,pope_adversarial_001854,pope_adversarial,432,False,False,False,45.18332018852233,139.9541161954403
13b,fastv,pope_adversarial_001885,pope_adversarial,432,True,False,True,50.870315682888034,147.24668115377426
13b,fastv,pope_adversarial_001890,pope_adversarial,432,False,False,False,52.14543877124786,141.4049081504345
13b,fastv,pope_adversarial_001897,pope_adversarial,432,True,False,False,58.33484100580216,147.23751321434975
13b,fastv,pope_adversarial_001908,pope_adversarial,432,True,False,True,57.895453838109965,139.50948044657707
13b,fastv,pope_adversarial_001914,pope_adversarial,432,True,False,True,63.11546899080275,152.40217745304108
13b,fastv,pope_adversarial_001932,pope_adversarial,432,True,False,True,66.91878180742263,166.20289161801338
13b,fastv,pope_adversarial_001951,pope_adversarial,432,True,False,False,54.913377131223676,138.67292553186417
13b,fastv,pope_adversarial_001956,pope_adversarial,432,True,False,True,57.829578298330304,145.64884640276432
13b,fastv,pope_adversarial_001969,pope_adversarial,432,True,False,False,55.03328590393066,137.21836730837822
13b,fastv,pope_adversarial_001981,pope_adversarial,432,True,False,False,54.68133081793785,139.53618332743645
13b,fastv,pope_adversarial_001999,pope_adversarial,432,True,False,False,57.98819553852081,149.25919473171234
13b,fastv,pope_adversarial_002016,pope_adversarial,432,True,False,True,55.08368852734566,141.69173687696457
13b,fastv,pope_adversarial_002022,pope_adversarial,432,False,False,False,57.42580572247505,143.13044026494026
13b,fastv,pope_adversarial_002029,pope_adversarial,432,True,False,False,58.527507959604264,143.63901503384113
13b,fastv,pope_adversarial_002052,pope_adversarial,432,True,False,True,59.814068948030474,148.00886437296867
13b,fastv,pope_adversarial_002082,pope_adversarial,432,True,False,True,56.26476039886475,140.13328775763512
13b,fastv,pope_adversarial_002088,pope_adversarial,432,True,False,True,59.441217517852785,146.27697318792343
13b,fastv,pope_adversarial_002136,pope_adversarial,432,True,False,True,59.0751916217804,142.28041470050812
13b,fastv,pope_adversarial_002142,pope_adversarial,432,True,False,True,61.514184279441835,147.92996644973755
13b,fastv,pope_adversarial_002160,pope_adversarial,432,True,False,True,58.73228612065315,141.5733490139246
13b,fastv,pope_adversarial_002191,pope_adversarial,432,True,False,True,57.9940846824646,139.1175463795662
13b,fastv,pope_adversarial_002221,pope_adversarial,432,True,False,False,59.95639669775963,142.2868650406599
13b,fastv,pope_adversarial_002328,pope_adversarial,432,True,False,True,59.07535936355591,139.9523038417101
13b,fastv,pope_adversarial_002341,pope_adversarial,432,True,False,True,58.381955169439316,138.75102810561657
13b,fastv,pope_adversarial_002347,pope_adversarial,432,True,False,True,60.41591598629952,143.30791868269444
13b,fastv,pope_adversarial_002394,pope_adversarial,432,True,False,True,59.21446028709411,140.0426160544157
13b,fastv,pope_adversarial_002400,pope_adversarial,432,True,False,True,58.688189506530755,138.79225589334965
13b,fastv,pope_adversarial_002466,pope_adversarial,432,True,False,True,61.66968291282654,146.4371643960476
13b,fastv,pope_adversarial_002472,pope_adversarial,432,False,False,False,59.17776353597641,139.96568508446217
13b,fastv,pope_adversarial_002478,pope_adversarial,432,True,False,True,62.918270297050476,149.12947081029415
13b,fastv,pope_adversarial_002502,pope_adversarial,432,True,False,True,59.81573549032212,142.59366691112518
13b,fastv,pope_adversarial_002514,pope_adversarial,432,True,False,True,62.535263824462895,151.51129849255085
13b,fastv,pope_adversarial_002526,pope_adversarial,432,True,False,True,58.87136281251908,141.68196730315685
13b,fastv,pope_adversarial_002532,pope_adversarial,432,True,False,True,60.642674673795696,145.9017489105463
13b,fastv,pope_adversarial_002575,pope_adversarial,432,True,False,True,56.72708068728447,136.63556054234505
13b,fastv,pope_adversarial_002592,pope_adversarial,432,True,False,True,60.05188972234726,145.49040608108044
13b,fastv,pope_adversarial_002610,pope_adversarial,432,False,False,False,57.83272458553314,138.80737870931625
13b,fastv,pope_adversarial_002623,pope_adversarial,432,True,False,True,58.5697510266304,139.6279763430357
13b,fastv,pope_adversarial_002634,pope_adversarial,432,True,False,True,59.75950540065765,141.45573787391186
13b,fastv,pope_adversarial_002664,pope_adversarial,432,True,False,True,60.38089960098267,141.77846908569336
13b,fastv,pope_adversarial_002689,pope_adversarial,432,True,False,False,59.07292516708374,138.67895677685738
13b,fastv,pope_adversarial_002696,pope_adversarial,432,True,False,True,58.78148359298706,138.1451115012169
13b,fastv,pope_adversarial_002724,pope_adversarial,432,True,False,True,62.34836578011513,147.0532212406397
13b,fastv,pope_adversarial_002730,pope_adversarial,432,True,False,True,58.58056074142456,137.5069785863161
13b,fastv,pope_adversarial_002761,pope_adversarial,432,False,False,False,62.283674275875086,146.92523702979088
13b,fastv,pope_adversarial_002772,pope_adversarial,432,True,False,True,59.94467777729034,142.8316980600357
13b,fastv,pope_adversarial_002790,pope_adversarial,432,True,False,True,57.48134634613991,139.2797101289034
13b,fastv,pope_adversarial_002808,pope_adversarial,432,True,False,True,57.99021419525147,139.3242720514536
13b,fastv,pope_adversarial_002840,pope_adversarial,432,True,False,True,62.110055621862415,149.61702935397625
13b,fastv,pope_adversarial_002850,pope_adversarial,432,True,False,True,56.793500182628634,137.58590072393417
13b,fastv,pope_adversarial_002875,pope_adversarial,432,True,False,False,62.22201797246933,152.80097909271717
13b,fastv,pope_adversarial_002894,pope_adversarial,432,True,False,True,58.13528959274292,140.40482975542545
13b,fastv,pope_adversarial_002910,pope_adversarial,432,True,False,True,63.46403717279435,153.8984477519989
13b,fastv,pope_adversarial_002923,pope_adversarial,432,True,False,True,49.75564113020897,139.86575417220592
13b,fastv,pope_adversarial_002952,pope_adversarial,432,True,False,True,47.405928192138674,139.76524397730827
13b,fastv,pope_popular_000324,pope_popular,432,True,False,True,49.42615576505661,141.5108386427164
13b,fastv,pope_popular_000751,pope_popular,432,True,False,False,47.60051414489746,137.75726035237312
13b,fastv,pope_popular_000757,pope_popular,432,True,False,True,48.430263338088984,140.9519836306572
13b,fastv,pope_popular_000768,pope_popular,432,True,False,True,49.810923516750336,145.0181845575571
13b,fastv,pope_popular_000787,pope_popular,432,True,False,False,54.27622699737549,139.14375938475132
13b,fastv,pope_popular_000792,pope_popular,432,False,False,False,70.18472125768662,171.9412710517645
13b,fastv,pope_popular_000799,pope_popular,432,True,False,True,54.63407996892929,140.5082680284977
13b,fastv,pope_popular_000811,pope_popular,432,True,False,True,54.317268097400664,140.82371070981026
13b,fastv,pope_popular_000816,pope_popular,432,True,False,True,54.641817845106125,142.05502904951572
13b,fastv,pope_popular_000864,pope_popular,432,True,False,True,55.777642478942866,145.17291635274887
13b,fastv,pope_popular_000876,pope_popular,432,True,False,True,54.57316685080528,141.86976104974747
13b,fastv,pope_popular_000882,pope_popular,432,False,False,False,73.2756733250618,186.85107305645943
13b,fastv,pope_popular_000888,pope_popular,432,True,False,True,56.402421803474425,142.40714348852634
13b,fastv,pope_popular_000895,pope_popular,432,True,False,True,55.774380627870556,140.79590141773224
13b,fastv,pope_popular_000900,pope_popular,432,True,False,True,54.6743083357811,138.67035694420338
13b,fastv,pope_popular_000919,pope_popular,432,True,False,True,56.720654375553124,140.05592465400696
13b,fastv,pope_popular_000960,pope_popular,432,True,False,True,62.14190066337586,154.6103749424219
13b,fastv,pope_popular_000984,pope_popular,432,True,False,True,55.28775509119034,138.50556313991547
13b,fastv,pope_popular_001002,pope_popular,432,True,False,True,55.73851962089538,139.66498151421547
13b,fastv,pope_popular_001014,pope_popular,432,True,False,True,59.32620642781257,142.46995374560356
13b,fastv,pope_popular_001045,pope_popular,432,True,False,False,59.61921301007271,142.92442053556442
13b,fastv,pope_popular_001056,pope_popular,432,True,True,False,58.56904189705849,141.25702530145645
13b,fastv,pope_popular_001068,pope_popular,432,True,False,True,56.838690241575236,139.3632423132658
13b,fastv,pope_popular_001075,pope_popular,432,True,False,False,59.48715654015541,144.04446631669998
13b,fastv,pope_popular_001086,pope_popular,432,True,False,True,58.88428764104843,141.97223260998726
13b,fastv,pope_popular_001098,pope_popular,432,True,False,True,57.07364724516869,138.612175360322
13b,fastv,pope_popular_001122,pope_popular,432,True,False,True,58.93609082221985,164.69421796500683
13b,fastv,pope_popular_001128,pope_popular,432,True,False,True,47.44062011837959,140.68264327943325
13b,fastv,pope_popular_001158,pope_popular,432,True,False,True,50.15111740231515,149.71064776182175
13b,fastv,pope_popular_001171,pope_popular,432,True,False,True,47.84205427408219,143.55426095426083
13b,fastv,pope_popular_001182,pope_popular,432,True,False,True,47.902341361045835,142.944797873497
13b,fastv,pope_popular_001188,pope_popular,432,True,False,True,48.352147579193115,141.2864252924919
13b,fastv,pope_popular_001195,pope_popular,432,True,False,False,53.48493141174316,139.36407305300236
13b,fastv,pope_popular_001224,pope_popular,432,False,False,False,58.089052195549016,143.6570305377245
13b,fastv,pope_popular_001272,pope_popular,432,False,False,False,58.55484540820122,141.19666442275047
13b,fastv,pope_popular_001278,pope_popular,432,True,False,True,60.42226788640022,146.85880951583385
13b,fastv,pope_popular_001332,pope_popular,432,False,False,False,59.902378671169274,142.61100441217422
13b,fastv,pope_popular_001356,pope_popular,432,False,False,False,60.37225363373756,143.1901566684246
13b,fastv,pope_popular_001369,pope_popular,432,True,False,False,58.24128429412842,139.3622811883688
13b,fastv,pope_popular_001392,pope_popular,432,True,False,True,63.204174120426174,157.80911594629288
13b,fastv,pope_popular_001458,pope_popular,432,True,False,True,56.688715149164196,143.42046901583672
13b,fastv,pope_popular_001500,pope_popular,432,True,False,True,56.524472209215155,139.259560033679
13b,fastv,pope_popular_001507,pope_popular,432,True,False,False,110.19627819299697,292.0556999742985
13b,fastv,pope_popular_001548,pope_popular,432,True,False,True,48.03389642000198,138.87766934931278
13b,fastv,pope_popular_001566,pope_popular,432,False,False,False,54.954133211374284,153.6035556346178
13b,fastv,pope_popular_001626,pope_popular,432,True,False,True,53.05278149962425,147.46541157364845
13b,fastv,pope_popular_001644,pope_popular,432,True,False,True,60.634968786239625,172.6026777178049
13b,fastv,pope_popular_001651,pope_popular,432,True,False,False,49.65287533283234,142.41238310933113
13b,fastv,pope_popular_001681,pope_popular,432,True,False,False,50.44649461269378,138.62900622189045
13b,fastv,pope_popular_001704,pope_popular,432,True,False,True,57.76158095359802,146.29452489316463
13b,fastv,pope_popular_001716,pope_popular,432,True,False,True,59.32404873013497,150.3259725868702
13b,fastv,pope_popular_001722,pope_popular,432,True,False,True,66.20773191094399,169.93563808500767
13b,fastv,pope_popular_001747,pope_popular,432,True,False,False,54.39309358954429,140.85731469094753
13b,fastv,pope_popular_001759,pope_popular,432,True,False,False,61.32051542758942,155.00722639262676
13b,fastv,pope_popular_001794,pope_popular,432,True,False,True,57.776425244808195,143.40360276401043
13b,fastv,pope_popular_001824,pope_popular,432,True,False,True,60.702301566600795,151.73226222395897
13b,fastv,pope_popular_001831,pope_popular,432,True,False,False,57.394656703472144,145.30798234045506
13b,fastv,pope_popular_001842,pope_popular,432,False,False,False,58.20884798169136,149.116775020957
13b,fastv,pope_popular_001861,pope_popular,432,True,False,False,55.77839406967163,138.93533684313297
13b,fastv,pope_popular_001866,pope_popular,432,True,False,True,57.083852673769,141.07583463191986
13b,fastv,pope_popular_001878,pope_popular,432,True,False,True,56.96155510306358,140.44417068362236
13b,fastv,pope_popular_001908,pope_popular,432,True,False,True,57.35808148384094,142.30066165328026
13b,fastv,pope_popular_001932,pope_popular,432,True,False,True,58.35399084448815,141.09334349632263
13b,fastv,pope_popular_002047,pope_popular,432,True,False,False,63.81901128768921,172.91780933737755
13b,fastv,pope_popular_002070,pope_popular,432,True,False,True,51.62161688566208,148.04976619780064
13b,fastv,pope_popular_002082,pope_popular,432,True,False,True,48.23841429948807,141.88514091074467
13b,fastv,pope_popular_002124,pope_popular,432,True,False,True,51.470330357551575,152.41287648677826
13b,fastv,pope_popular_002130,pope_popular,432,True,False,True,48.06916344285011,143.00779812037945
13b,fastv,pope_popular_002172,pope_popular,432,False,False,False,49.74584903478622,143.3165706694126
13b,fastv,pope_popular_002202,pope_popular,432,True,False,True,50.092928297519684,138.33404332399368
13b,fastv,pope_popular_002232,pope_popular,432,True,False,True,59.66892573833466,150.96962824463844
13b,fastv,pope_popular_002274,pope_popular,432,True,False,True,58.21733655929565,141.510758548975
13b,fastv,pope_popular_002304,pope_popular,432,True,False,True,58.135577471256255,140.69217257201672
13b,fastv,pope_popular_002310,pope_popular,432,True,False,True,59.292501335144046,144.6110289543867
13b,fastv,pope_popular_002328,pope_popular,432,True,False,True,58.325244617462154,144.7393298149109
13b,fastv,pope_popular_002365,pope_popular,432,True,False,True,57.145781753063204,139.2435822635889
13b,fastv,pope_popular_002370,pope_popular,432,True,False,True,58.23339962363244,141.45715907216072
13b,fastv,pope_popular_002425,pope_popular,432,True,False,True,59.92522254824638,145.7036081701517
13b,fastv,pope_popular_002430,pope_popular,432,True,False,True,58.01435548782348,142.34596490859985
13b,fastv,pope_popular_002436,pope_popular,432,True,False,True,59.10956850886345,142.2955635935068
13b,fastv,pope_popular_002449,pope_popular,432,True,False,True,59.0375214612484,141.24591648578644
13b,fastv,pope_popular_002460,pope_popular,432,True,False,True,59.144589521884924,141.3065865635872
13b,fastv,pope_popular_002478,pope_popular,432,True,False,True,58.04563173294068,139.6914627403021
13b,fastv,pope_popular_002490,pope_popular,432,True,False,True,58.94533810615539,141.07440412044525
13b,fastv,pope_popular_002496,pope_popular,432,True,False,True,61.58995500564575,148.6975308507681
13b,fastv,pope_popular_002539,pope_popular,432,True,False,False,65.48445839881896,162.78057545423508
13b,fastv,pope_popular_002575,pope_popular,432,True,False,False,120.25474632501603,321.1029954254627
13b,fastv,pope_popular_002640,pope_popular,432,True,False,True,49.87614764809608,143.20793189108372
13b,fastv,pope_popular_002658,pope_popular,432,True,False,True,47.98007062673568,139.89472575485706
13b,fastv,pope_popular_002670,pope_popular,432,True,False,True,52.216591101884845,153.59501913189888
13b,fastv,pope_popular_002683,pope_popular,432,True,False,True,49.20120299577713,143.83157156407833
13b,fastv,pope_popular_002689,pope_popular,432,True,False,False,52.777511501312254,147.93123491108418
13b,fastv,pope_popular_002724,pope_popular,432,True,False,True,52.9547986125946,140.16973599791527
13b,fastv,pope_popular_002737,pope_popular,432,True,False,False,60.550853590965275,155.130447819829
13b,fastv,pope_popular_002784,pope_popular,432,False,False,False,58.121778060197826,146.27287164330482
13b,fastv,pope_popular_002808,pope_popular,432,True,False,True,61.71342279434204,173.61359298229218
13b,fastv,pope_popular_002898,pope_popular,432,False,False,False,46.96978726387024,141.05728268623352
13b,fastv,pope_popular_002923,pope_popular,432,True,False,False,46.96568309783936,141.05701446533203
13b,fastv,pope_popular_002941,pope_popular,432,True,False,False,49.0001062142849,169.14581134915352
13b,fastv,pope_popular_002965,pope_popular,432,True,False,False,41.58874763727189,142.20511354506016
13b,fastv,pope_random_000751,pope_random,256,True,False,False,44.244137077331544,143.17077957093716
13b,fastv,pope_random_000774,pope_random,256,True,False,True,47.099581360816956,141.02327451109886
13b,fastv,pope_random_000792,pope_random,256,False,False,False,45.76105120182038,137.43835501372814
13b,fastv,pope_random_000800,pope_random,256,True,False,True,49.06895555496216,142.19635166227818
13b,fastv,pope_random_000816,pope_random,256,True,False,True,51.1151398909092,140.6773217022419
13b,fastv,pope_random_000822,pope_random,256,False,False,False,60.63842124938965,150.47121234238148
13b,fastv,pope_random_000828,pope_random,256,False,False,False,58.91368592977524,143.1334689259529
13b,fastv,pope_random_000846,pope_random,256,False,False,False,60.32622056007385,145.6589475274086
13b,fastv,pope_random_000852,pope_random,256,True,False,True,58.49388531446458,141.43982715904713
13b,fastv,pope_random_000870,pope_random,256,True,False,True,57.7739586353302,140.75997099280357
13b,fastv,pope_random_000876,pope_random,256,True,False,True,58.12831551432609,140.83138294517994
13b,fastv,pope_random_000882,pope_random,256,False,False,False,57.400132943391796,139.0936877578497
13b,fastv,pope_random_000888,pope_random,256,True,False,True,57.77532977342606,140.34434780478477
13b,fastv,pope_random_000900,pope_random,256,True,False,True,57.58097258210182,139.56831209361553
13b,fastv,pope_random_000907,pope_random,256,True,False,False,60.019571051597595,144.14005540311337
13b,fastv,pope_random_000912,pope_random,256,True,False,True,58.985570597648625,141.79095067083836
13b,fastv,pope_random_001020,pope_random,256,True,False,True,56.93235521316528,137.72534020245075
13b,fastv,pope_random_001050,pope_random,256,False,True,False,61.674677902460104,150.5835633724928
13b,fastv,pope_random_001086,pope_random,256,True,False,True,57.23226984858513,139.254130423069
13b,fastv,pope_random_001104,pope_random,256,True,False,True,61.38055720567703,149.17807467281818
13b,fastv,pope_random_001110,pope_random,256,False,False,False,58.01950979232788,141.02212339639664
13b,fastv,pope_random_001122,pope_random,256,True,False,True,66.04059924840928,162.0272472500801
13b,fastv,pope_random_001128,pope_random,256,True,False,True,59.116587007045744,144.94112320244312
13b,fastv,pope_random_001134,pope_random,256,True,False,True,144.26376371026038,385.39588265120983
13b,fastv,pope_random_001141,pope_random,256,True,False,False,47.602134182453156,141.63878932595253
13b,fastv,pope_random_001146,pope_random,256,True,False,True,49.01213884115219,148.00911583006382
13b,fastv,pope_random_001200,pope_random,256,True,False,True,47.957364227771755,143.66884343326092
13b,fastv,pope_random_001218,pope_random,256,False,True,False,46.58588569164276,138.84362019598484
13b,fastv,pope_random_001248,pope_random,256,False,False,False,48.42135084986686,139.02999833226204
13b,fastv,pope_random_001278,pope_random,256,True,False,True,50.648340114355086,138.48569616675377
13b,fastv,pope_random_001302,pope_random,256,True,False,True,60.34092561006546,148.39496836066246
13b,fastv,pope_random_001338,pope_random,256,True,False,True,57.61695342898369,138.7738287448883
13b,fastv,pope_random_001362,pope_random,256,True,False,True,58.27566792011261,139.81902413070202
13b,fastv,pope_random_001386,pope_random,256,True,False,True,58.4434268116951,141.29992574453354
13b,fastv,pope_random_001423,pope_random,256,True,False,False,56.57261132478715,139.77679423987865
13b,fastv,pope_random_001480,pope_random,256,True,False,True,56.589042429924014,139.20062966644764
13b,fastv,pope_random_001520,pope_random,256,True,False,True,56.46043705463409,138.75078596174717
13b,fastv,pope_random_001554,pope_random,256,True,False,True,56.98975985765457,140.030886977911
13b,fastv,pope_random_001574,pope_random,256,True,False,True,56.446764135360716,138.87545838952065
13b,fastv,pope_random_001620,pope_random,256,True,False,True,57.47024787902832,139.48910310864449
13b,fastv,pope_random_001674,pope_random,256,True,False,True,63.36362494945526,152.20346488058567
13b,fastv,pope_random_001682,pope_random,256,True,False,True,57.26668603420257,136.35195046663284
13b,fastv,pope_random_001740,pope_random,256,False,False,False,61.89816084980964,147.02598750591278
13b,fastv,pope_random_001754,pope_random,256,True,False,True,58.90798105835914,140.62824100255966
13b,fastv,pope_random_001764,pope_random,256,True,False,True,61.1410406255722,146.65556699037552
13b,fastv,pope_random_001801,pope_random,256,True,False,False,58.742006607055664,141.6326817125082
13b,fastv,pope_random_001814,pope_random,256,True,False,True,61.869021918773655,148.65779131650925
13b,fastv,pope_random_001832,pope_random,256,True,False,True,145.87771607875825,378.4943222999573
13b,fastv,pope_random_001842,pope_random,256,False,False,False,48.50707070469856,138.54619674384594
13b,fastv,pope_random_001854,pope_random,256,False,True,False,47.396916133165355,138.34693282842636
13b,fastv,pope_random_001872,pope_random,256,True,False,True,129.70501200914384,430.5359572172165
13b,fastv,pope_random_001878,pope_random,256,True,False,True,38.59838315725326,140.3723694384098
13b,fastv,pope_random_001921,pope_random,256,True,False,False,47.692780921459196,152.05281414091587
13b,fastv,pope_random_001938,pope_random,256,True,False,True,44.76605195045471,139.85011540353298
13b,fastv,pope_random_001963,pope_random,256,True,False,False,47.64742347478866,146.5643160045147
13b,fastv,pope_random_001982,pope_random,256,True,False,True,45.598769710063934,137.7197504043579
13b,fastv,pope_random_001992,pope_random,256,True,False,True,48.74716189861298,136.91875152289867
13b,fastv,pope_random_002036,pope_random,256,True,False,True,163.1228905904293,605.8040428906679
13b,fastv,pope_random_002082,pope_random,256,True,False,True,31.0310725235939,147.90765568614006
13b,fastv,pope_random_002088,pope_random,256,True,False,True,32.11829494953155,138.73804733157158
13b,fastv,pope_random_002094,pope_random,256,False,False,False,35.66036064743996,140.15666767954826
13b,fastv,pope_random_002100,pope_random,256,False,True,False,40.39749318122864,142.09785126149654
13b,fastv,pope_random_002114,pope_random,256,False,False,False,49.74845616221428,149.6097669005394
13b,fastv,pope_random_002124,pope_random,256,True,False,True,50.87576734900475,138.03763128817081
13b,fastv,pope_random_002136,pope_random,256,True,False,True,58.676291309595115,147.95084297657013
13b,fastv,pope_random_002166,pope_random,256,True,False,True,56.89495636224747,137.89581879973412
13b,fastv,pope_random_002214,pope_random,256,True,False,True,56.71269158124924,135.67635603249073
13b,fastv,pope_random_002238,pope_random,256,True,False,True,140.8781334757805,358.88805612921715
13b,fastv,pope_random_002250,pope_random,256,False,False,False,48.919542369842524,137.41951808333397
13b,fastv,pope_random_002347,pope_random,256,True,False,False,48.67149524211884,138.16195353865623
13b,fastv,pope_random_002358,pope_random,256,True,False,True,58.52762724876404,167.58517175912857
13b,fastv,pope_random_002370,pope_random,256,True,False,True,51.284167671203605,151.20290033519268
13b,fastv,pope_random_002400,pope_random,256,True,False,True,48.17330089092255,139.8678943514824
13b,fastv,pope_random_002420,pope_random,256,False,True,False,50.36497215270996,139.8838572204113
13b,fastv,pope_random_002430,pope_random,256,True,False,True,56.533375725746154,141.24086685478687
13b,fastv,pope_random_002449,pope_random,256,True,False,False,139.89847907423973,380.5752657353878
13b,fastv,pope_random_002466,pope_random,256,True,False,True,54.0888335287571,160.4314185678959
13b,fastv,pope_random_002520,pope_random,256,True,False,True,46.16615863680839,138.3741945028305
13b,fastv,pope_random_002540,pope_random,256,True,False,True,46.351041508913035,139.59110341966152
13b,fastv,pope_random_002551,pope_random,256,True,False,False,45.62378225326538,137.0973251760006
13b,fastv,pope_random_002562,pope_random,256,True,False,True,47.48412737846374,137.36126758158207
13b,fastv,pope_random_002568,pope_random,256,True,False,True,54.99405121088027,152.0127970725298
13b,fastv,pope_random_002592,pope_random,256,True,False,True,55.633512120246884,144.44731920957565
13b,fastv,pope_random_002652,pope_random,256,True,False,True,56.026583671569824,138.9368772506714
13b,fastv,pope_random_002730,pope_random,256,True,False,True,56.338424339294434,137.13211566209793
13b,fastv,pope_random_002742,pope_random,256,True,False,True,60.12786430120468,145.54251544177532
13b,fastv,pope_random_002756,pope_random,256,True,False,True,57.77424883246422,140.7079603523016
13b,fastv,pope_random_002766,pope_random,256,True,False,True,62.15938014388084,151.48846246302128
13b,fastv,pope_random_002790,pope_random,256,True,False,True,57.49240827918053,138.65643553435802
13b,fastv,pope_random_002826,pope_random,256,True,False,True,63.72238255262375,153.2935444265604
13b,fastv,pope_random_002832,pope_random,256,True,False,True,60.638108925819395,147.20522053539753
13b,fastv,pope_random_002850,pope_random,256,True,False,True,56.28251793503761,138.3629348129034
13b,fastv,pope_random_002856,pope_random,256,True,False,True,57.325118343830106,140.54141007363796
13b,fastv,pope_random_002862,pope_random,256,True,False,True,61.98396864771843,151.87399461865425
13b,fastv,pope_random_002894,pope_random,256,True,False,True,57.35179550051689,140.84426499903202
13b,fastv,pope_random_002928,pope_random,256,True,False,True,60.809560894966125,149.39965680241585
13b,fastv,pope_random_002966,pope_random,256,True,False,True,61.40476491451263,150.17659962177277
13b,fastv,pope_random_002970,pope_random,256,True,False,True,58.165939768552775,142.4021627753973
13b,fastv,pope_random_002982,pope_random,256,True,False,True,58.032004362344736,142.9110486060381
13b,fastv,pope_random_002994,pope_random,256,True,False,True,57.885657219886774,143.25376972556114
13b,fastv,visual_counterfact_color_000002,visual_counterfact_color,256,True,False,True,62.63677246093749,153.2567534595728
13b,fastv,visual_counterfact_color_000005,visual_counterfact_color,432,True,False,True,58.00296903371811,142.415476962924
13b,fastv,visual_counterfact_color_000014,visual_counterfact_color,256,True,False,True,65.32265352725983,162.6127827912569
13b,fastv,visual_counterfact_color_000016,visual_counterfact_color,432,True,False,True,59.61206011772155,151.26045793294907
13b,fastv,visual_counterfact_color_000023,visual_counterfact_color,256,True,False,True,55.41427920699119,137.95489072799683
13b,fastv,visual_counterfact_color_000024,visual_counterfact_color,432,True,False,True,59.959710174798964,148.51647801697254
13b,fastv,visual_counterfact_color_000026,visual_counterfact_color,256,True,False,True,56.58192917943002,140.67386090755463
13b,fastv,visual_counterfact_color_000027,visual_counterfact_color,256,True,False,True,56.236520218849186,141.39429666101933
13b,fastv,visual_counterfact_color_000034,visual_counterfact_color,432,True,False,True,57.23545249700546,141.7816672474146
13b,fastv,visual_counterfact_color_000035,visual_counterfact_color,432,True,False,True,57.180363804101944,139.12158086895943
13b,fastv,visual_counterfact_color_000038,visual_counterfact_color,256,True,False,True,60.994594688415525,147.21797965466976
13b,fastv,visual_counterfact_color_000049,visual_counterfact_color,432,True,False,True,61.834370861053465,149.78393726050854
13b,fastv,visual_counterfact_color_000053,visual_counterfact_color,256,True,False,True,56.52681359767914,137.7146579325199
13b,fastv,visual_counterfact_color_000055,visual_counterfact_color,256,True,False,True,79.81289800286294,194.3370569497347
13b,fastv,visual_counterfact_color_000056,visual_counterfact_color,256,True,False,True,58.37679533600807,144.23921518027782
13b,fastv,visual_counterfact_color_000058,visual_counterfact_color,432,True,False,True,62.61917513251304,158.11732970178127
13b,fastv,visual_counterfact_color_000063,visual_counterfact_color,432,True,False,True,62.514268677234654,161.96665912866592
13b,fastv,visual_counterfact_color_000064,visual_counterfact_color,256,True,False,True,53.0581685256958,139.1464602202177
13b,fastv,visual_counterfact_color_000065,visual_counterfact_color,432,True,False,True,57.36900070905685,152.9865711927414
13b,fastv,visual_counterfact_color_000069,visual_counterfact_color,432,True,False,True,54.44450956583023,143.88723485171795
13b,fastv,visual_counterfact_color_000071,visual_counterfact_color,432,True,False,True,54.548594502210605,159.51316058635712
13b,fastv,visual_counterfact_color_000072,visual_counterfact_color,256,True,False,True,48.245754162073126,146.81103639304638
13b,fastv,visual_counterfact_color_000077,visual_counterfact_color,432,True,False,True,50.00098812699318,153.21523509919643
13b,fastv,visual_counterfact_color_000081,visual_counterfact_color,432,True,False,True,47.34549364805222,144.5736400783062
13b,fastv,visual_counterfact_color_000087,visual_counterfact_color,432,True,False,True,55.13243200302124,169.6501150727272
13b,fastv,visual_counterfact_color_000089,visual_counterfact_color,432,True,False,True,54.37210650205613,160.01270525157452
13b,fastv,visual_counterfact_color_000090,visual_counterfact_color,432,True,False,True,52.2871308517456,144.98895592987537
13b,fastv,visual_counterfact_color_000097,visual_counterfact_color,256,True,False,True,54.12243530869483,143.7821425497532
13b,fastv,visual_counterfact_color_000098,visual_counterfact_color,432,True,False,True,53.743058375120164,140.53635857999325
13b,fastv,visual_counterfact_color_000099,visual_counterfact_color,432,True,False,True,79.67307748198509,214.86814133822918
13b,fastv,visual_counterfact_color_000101,visual_counterfact_color,432,True,False,True,50.028543984889986,136.56488060951233
13b,fastv,visual_counterfact_color_000102,visual_counterfact_color,432,True,False,True,53.97585353970528,143.3209404349327
13b,fastv,visual_counterfact_color_000104,visual_counterfact_color,256,True,False,True,56.45138033151626,148.58780801296234
13b,fastv,visual_counterfact_color_000107,visual_counterfact_color,256,True,False,True,71.29400044202805,187.89025954902172
13b,fastv,visual_counterfact_color_000113,visual_counterfact_color,256,True,False,True,136.29020605921744,384.5225162804127
13b,fastv,visual_counterfact_color_000114,visual_counterfact_color,256,True,False,True,51.88034692049026,162.50649467110634
13b,fastv,visual_counterfact_color_000115,visual_counterfact_color,432,True,False,True,67.69556436300277,222.56034053862095
13b,fastv,visual_counterfact_color_000116,visual_counterfact_color,256,True,False,True,110.6574579179287,410.51920875906944
13b,fastv,visual_counterfact_color_000124,visual_counterfact_color,432,True,False,True,99.74896699666976,390.827352181077
13b,fastv,visual_counterfact_color_000131,visual_counterfact_color,256,True,False,True,32.827005457878116,138.14755342900753
13b,fastv,visual_counterfact_color_000134,visual_counterfact_color,432,True,False,True,35.373169384002686,140.59527218341827
13b,fastv,visual_counterfact_color_000137,visual_counterfact_color,256,True,False,True,40.3754731798172,142.97684840857983
13b,fastv,visual_counterfact_color_000140,visual_counterfact_color,432,True,False,True,70.42295474529267,222.4096953868866
13b,fastv,visual_counterfact_color_000147,visual_counterfact_color,432,True,False,True,51.35344606161118,151.80581249296665
13b,fastv,visual_counterfact_color_000149,visual_counterfact_color,432,True,False,True,51.7373792386055,143.07058788836002
13b,fastv,visual_counterfact_color_000152,visual_counterfact_color,432,True,False,True,53.132934216260914,139.86026495695114
13b,fastv,visual_counterfact_color_000153,visual_counterfact_color,432,True,False,True,56.56044179916382,148.4368685632944
13b,fastv,visual_counterfact_color_000156,visual_counterfact_color,256,True,False,True,97.52862723231316,269.3852037191391
13b,fastv,visual_counterfact_color_000159,visual_counterfact_color,256,True,False,True,119.2539934360981,368.10041405260563
13b,fastv,visual_counterfact_color_000168,visual_counterfact_color,432,True,False,True,41.170702078342444,136.70256361365318
13b,fastv,visual_counterfact_color_000171,visual_counterfact_color,432,True,False,True,42.38283992767334,138.68399523198605
13b,fastv,visual_counterfact_color_000173,visual_counterfact_color,432,True,False,True,44.88997983813285,144.10913735628128
13b,fastv,visual_counterfact_color_000176,visual_counterfact_color,432,True,False,True,49.59986482143402,153.89643050730228
13b,fastv,visual_counterfact_color_000180,visual_counterfact_color,432,True,False,True,59.344822430610655,168.36070641875267
13b,fastv,visual_counterfact_color_000182,visual_counterfact_color,432,True,False,True,56.449851684570305,146.20820060372353
13b,fastv,visual_counterfact_color_000186,visual_counterfact_color,432,True,False,True,57.794601325988765,143.52918229997158
13b,fastv,visual_counterfact_color_000189,visual_counterfact_color,256,False,True,False,149.7897341418266,398.37907813489437
13b,fastv,visual_counterfact_color_000190,visual_counterfact_color,432,True,False,True,50.19182964682579,148.96219223737717
13b,fastv,visual_counterfact_color_000191,visual_counterfact_color,256,True,False,True,46.15915402173996,139.10908065736294
13b,fastv,visual_counterfact_color_000198,visual_counterfact_color,432,True,False,True,49.628219785690305,150.20284987986088
13b,fastv,visual_counterfact_color_000200,visual_counterfact_color,432,True,False,True,51.14032061338425,154.03106063604355
13b,fastv,visual_counterfact_color_000201,visual_counterfact_color,432,True,False,True,47.69075921058655,139.89752903580666
13b,fastv,visual_counterfact_color_000206,visual_counterfact_color,432,True,False,True,50.77284545898437,141.24826341867447
13b,fastv,visual_counterfact_color_000207,visual_counterfact_color,432,True,False,True,56.06754263877869,139.00106959044933
13b,fastv,visual_counterfact_color_000217,visual_counterfact_color,256,True,False,True,61.11360858678818,148.948660120368
13b,fastv,visual_counterfact_color_000220,visual_counterfact_color,432,True,False,True,60.84706771612167,148.1921263039112
13b,fastv,visual_counterfact_color_000221,visual_counterfact_color,432,True,False,True,60.827045040130606,151.0385274887085
13b,fastv,visual_counterfact_color_000223,visual_counterfact_color,256,True,False,True,59.018752696514134,146.47914469242096
13b,fastv,visual_counterfact_color_000227,visual_counterfact_color,432,True,False,True,63.93336991071701,156.39160573482513
13b,fastv,visual_counterfact_color_000228,visual_counterfact_color,432,True,False,True,164.3114879322052,455.56109212338924
13b,fastv,visual_counterfact_color_000233,visual_counterfact_color,256,True,False,True,49.82206536412238,160.5925802141428
13b,fastv,visual_counterfact_color_000236,visual_counterfact_color,432,True,False,True,43.81260607719421,143.49194057285786
13b,fastv,visual_counterfact_color_000239,visual_counterfact_color,256,True,False,True,47.27457137584686,157.18773193657398
13b,fastv,visual_counterfact_color_000246,visual_counterfact_color,432,True,False,True,41.87447530508041,141.01465232670307
13b,fastv,visual_counterfact_color_000252,visual_counterfact_color,432,True,False,True,177.5640880382061,576.1553142219782
13b,fastv,visual_counterfact_color_000260,visual_counterfact_color,256,True,False,True,37.41436687111855,136.863823980093
13b,fastv,visual_counterfact_color_000263,visual_counterfact_color,432,True,False,True,39.50543928384781,143.70117336511612
13b,fastv,visual_counterfact_color_000265,visual_counterfact_color,432,True,False,True,41.947894163131714,151.44241973757744
13b,fastv,visual_counterfact_color_000266,visual_counterfact_color,432,True,False,True,48.25937070369721,168.90908032655716
13b,fastv,visual_counterfact_color_000270,visual_counterfact_color,432,True,False,True,47.55723590373992,152.9740747064352
13b,fastv,visual_counterfact_color_000271,visual_counterfact_color,256,True,False,True,65.95303812742232,181.67933449149132
13b,fastv,visual_counterfact_color_000272,visual_counterfact_color,432,True,False,True,55.25035383343697,144.9471227824688
13b,fastv,visual_counterfact_color_000278,visual_counterfact_color,432,True,False,True,56.40984022498131,148.719672113657
13b,fastv,visual_counterfact_color_000281,visual_counterfact_color,432,True,False,True,57.45964399933814,151.83473378419876
13b,fastv,visual_counterfact_color_000282,visual_counterfact_color,256,True,False,True,61.85917114615441,161.9261372834444
13b,fastv,visual_counterfact_color_000285,visual_counterfact_color,432,True,False,True,54.68371802330017,138.66727612912655
13b,fastv,visual_counterfact_color_000286,visual_counterfact_color,256,True,False,True,73.20010581970215,180.293345823884
13b,fastv,visual_counterfact_color_000289,visual_counterfact_color,432,True,False,True,55.10629145264625,139.41216096282005
13b,fastv,visual_counterfact_color_000294,visual_counterfact_color,256,True,False,True,62.2126924943924,159.56507250666618
13b,fastv,visual_counterfact_color_000299,visual_counterfact_color,256,True,False,True,61.04271894335747,159.02565605938435
13b,fastv,visual_counterfact_color_000309,visual_counterfact_color,432,True,False,True,55.143828803300856,165.9390665590763
13b,fastv,visual_counterfact_color_000312,visual_counterfact_color,432,True,False,True,45.226946485042575,146.5302873402834
13b,fastv,visual_counterfact_color_000314,visual_counterfact_color,256,True,False,True,49.53905390739441,159.35794077813625
13b,fastv,visual_counterfact_color_000316,visual_counterfact_color,256,True,False,True,42.81590259552002,138.32929357886314
13b,fastv,visual_counterfact_color_000319,visual_counterfact_color,432,True,False,True,49.83069609284401,157.04899467527866
13b,fastv,visual_counterfact_color_000321,visual_counterfact_color,432,True,False,True,45.14033066034317,135.97331754863262
13b,fastv,visual_counterfact_color_000326,visual_counterfact_color,256,True,False,True,79.85170139193535,241.45577661693096
13b,fastv,visual_counterfact_color_000327,visual_counterfact_color,432,True,False,True,46.90664063692093,150.75492300093174
13b,fastv,visual_counterfact_color_000329,visual_counterfact_color,432,True,False,True,44.119080977439886,143.791064620018
13b,fastv,visual_counterfact_color_000330,visual_counterfact_color,432,True,False,True,51.326201540231715,167.01548732817173
13b,fastv,visual_counterfact_color_000333,visual_counterfact_color,256,True,True,False,44.939701035022736,139.6885234862566
13b,fastv,visual_counterfact_color_000341,visual_counterfact_color,256,True,False,True,47.16623773813248,138.08550126850605
13b,fastv,visual_counterfact_color_000354,visual_counterfact_color,432,True,False,True,53.90287325382232,148.4557781368494
13b,fastv,visual_counterfact_color_000358,visual_counterfact_color,432,True,False,True,145.92423343300817,395.516287535429
13b,fastv,visual_counterfact_color_000359,visual_counterfact_color,432,True,False,True,52.99323859453201,166.0991683602333
13b,fastv,visual_counterfact_color_000361,visual_counterfact_color,432,True,False,True,42.44895495414734,136.460080742836
13b,fastv,visual_counterfact_color_000363,visual_counterfact_color,432,True,False,True,49.622707109451284,156.4194280654192
13b,fastv,visual_counterfact_color_000364,visual_counterfact_color,256,True,False,True,45.415897016525264,140.80433174967766
13b,fastv,visual_counterfact_color_000368,visual_counterfact_color,256,True,False,True,49.12798814535141,147.7588228881359
13b,fastv,visual_counterfact_color_000374,visual_counterfact_color,256,True,False,True,50.49450938344002,137.3188178986311
13b,fastv,visual_counterfact_color_000375,visual_counterfact_color,432,True,False,True,64.30330673336982,159.44130718708038
13b,fastv,visual_counterfact_color_000376,visual_counterfact_color,432,True,False,True,58.87170448303222,142.9336480796337
13b,fastv,visual_counterfact_color_000382,visual_counterfact_color,432,True,False,True,59.8240871834755,145.86259238421917
13b,fastv,visual_counterfact_color_000384,visual_counterfact_color,432,True,False,True,62.142916440963745,153.99781987071037
13b,fastv,visual_counterfact_color_000385,visual_counterfact_color,432,True,False,True,59.56500516533852,145.0639758259058
13b,fastv,visual_counterfact_color_000386,visual_counterfact_color,256,True,False,True,144.69578742861748,382.34851881861687
13b,fastv,visual_counterfact_color_000390,visual_counterfact_color,432,True,False,True,48.45087200760842,142.2005034983158
13b,fastv,visual_counterfact_color_000391,visual_counterfact_color,432,True,False,True,113.63673976540566,371.36933021247387
13b,fastv,visual_counterfact_color_000392,visual_counterfact_color,432,True,False,True,36.60316316962242,139.2112709581852
13b,fastv,visual_counterfact_color_000393,visual_counterfact_color,256,True,False,True,39.992010647058486,138.46366479992867
13b,fastv,visual_counterfact_color_000394,visual_counterfact_color,432,True,False,True,43.62066430449485,139.96463641524315
13b,fastv,visual_counterfact_color_000395,visual_counterfact_color,432,True,False,True,45.9215846312046,138.30260559916496
13b,fastv,visual_counterfact_color_000398,visual_counterfact_color,432,True,False,True,51.198824576139444,149.69864673912525
13b,fastv,visual_counterfact_color_000400,visual_counterfact_color,432,True,True,False,59.05907647252083,155.66746145486832
13b,fastv,visual_counterfact_color_000403,visual_counterfact_color,256,True,False,True,55.13014664411545,137.09240593016148
13b,fastv,visual_counterfact_color_000410,visual_counterfact_color,432,True,False,True,57.96817718625069,141.31646417081356
13b,fastv,visual_counterfact_color_000412,visual_counterfact_color,432,True,False,True,90.55319414734839,228.9148848503828
13b,fastv,visual_counterfact_color_000420,visual_counterfact_color,432,True,False,True,59.541944350004194,153.82091514766216
13b,fastv,visual_counterfact_color_000422,visual_counterfact_color,256,True,False,True,56.69765730500222,146.1529191583395
13b,fastv,visual_counterfact_color_000431,visual_counterfact_color,256,True,False,True,56.172805989980695,143.59986409544945
13b,fastv,visual_counterfact_color_000432,visual_counterfact_color,432,True,False,True,60.96442047119141,156.34673833847046
13b,fastv,visual_counterfact_color_000433,visual_counterfact_color,256,True,False,True,56.14236376285553,144.36306059360504
13b,fastv,visual_counterfact_color_000434,visual_counterfact_color,432,True,False,True,58.89778994798661,151.29795856773853
13b,fastv,visual_counterfact_color_000440,visual_counterfact_color,256,True,False,True,60.47357924342156,150.16780234873295
13b,fastv,visual_counterfact_color_000442,visual_counterfact_color,432,True,False,True,154.42861473202706,417.1930272132158
13b,fastv,visual_counterfact_color_000447,visual_counterfact_color,256,True,False,True,48.55997883558273,149.25316534936428
13b,fastv,visual_counterfact_color_000448,visual_counterfact_color,256,True,False,True,44.49110394001007,137.54680752754211
13b,fastv,visual_counterfact_color_000449,visual_counterfact_color,432,True,False,True,48.3582321035862,148.52103032171726
13b,fastv,visual_counterfact_color_000454,visual_counterfact_color,432,True,False,True,44.667386322021486,136.2730786204338
13b,fastv,visual_counterfact_color_000465,visual_counterfact_color,432,True,False,True,48.105703544616695,137.8026008605957
13b,fastv,visual_counterfact_color_000467,visual_counterfact_color,432,True,False,True,65.64525044560432,193.28036159276962
13b,fastv,visual_counterfact_color_000468,visual_counterfact_color,432,True,False,True,48.3434778368473,149.12848360836506
13b,fastv,visual_counterfact_color_000476,visual_counterfact_color,432,True,False,True,48.15890055298805,151.73638425767422
13b,fastv,visual_counterfact_color_000477,visual_counterfact_color,432,True,False,True,46.03406000852585,147.40699157118797
13b,fastv,visual_counterfact_color_000480,visual_counterfact_color,256,True,False,True,44.503231657743456,144.64248903095722
13b,fastv,visual_counterfact_color_000481,visual_counterfact_color,256,True,False,False,50.02893259406089,149.10428412258625
13b,fastv,visual_counterfact_color_000482,visual_counterfact_color,256,True,False,True,50.25460057854652,138.99152912199497
13b,fastv,visual_counterfact_color_000484,visual_counterfact_color,432,True,False,True,61.18663047671318,158.58442522585392
13b,fastv,visual_counterfact_color_000487,visual_counterfact_color,432,True,False,True,68.41793795704842,174.23535138368607
13b,fastv,visual_counterfact_color_000491,visual_counterfact_color,432,True,False,True,56.289469283819194,141.2228439003229
13b,fastv,visual_counterfact_size_000000,visual_counterfact_size,dense,True,False,True,136.9441228735447,369.39106322824955
13b,fastv,visual_counterfact_size_000001,visual_counterfact_size,dense,True,False,True,70.5227298784256,208.01065117120743
13b,fastv,visual_counterfact_size_000002,visual_counterfact_size,dense,True,False,True,65.806797478199,190.90111553668976
13b,fastv,visual_counterfact_size_000014,visual_counterfact_size,dense,True,False,True,56.11035559296607,164.47813808918
13b,fastv,visual_counterfact_size_000015,visual_counterfact_size,dense,False,False,False,55.89192935585975,162.69881278276443
13b,fastv,visual_counterfact_size_000020,visual_counterfact_size,dense,False,False,False,67.59299701929092,186.81177869439125
13b,fastv,visual_counterfact_size_000031,visual_counterfact_size,dense,True,False,True,71.88300181746482,187.20999732613564
13b,fastv,visual_counterfact_size_000033,visual_counterfact_size,dense,True,False,True,81.70143357753753,209.94683541357517
13b,fastv,visual_counterfact_size_000041,visual_counterfact_size,dense,True,False,True,85.46878689408302,216.81714244186878
13b,fastv,visual_counterfact_size_000044,visual_counterfact_size,dense,True,False,True,64.343737950325,160.3399571031332
13b,fastv,visual_counterfact_size_000049,visual_counterfact_size,dense,True,False,True,65.68629863739014,163.71837258338928
13b,fastv,visual_counterfact_size_000050,visual_counterfact_size,dense,True,False,True,148.79707237005235,404.1256196796894
13b,fastv,visual_counterfact_size_000061,visual_counterfact_size,dense,True,False,True,57.661951873302456,177.56258323788643
13b,fastv,visual_counterfact_size_000064,visual_counterfact_size,dense,False,False,False,53.69027644515038,165.4126662760973
13b,fastv,visual_counterfact_size_000065,visual_counterfact_size,dense,True,False,True,54.47439641714096,163.14375959336758
13b,fastv,visual_counterfact_size_000070,visual_counterfact_size,dense,True,False,True,54.917410191297535,159.9633116275072
13b,fastv,visual_counterfact_size_000075,visual_counterfact_size,dense,True,False,False,59.802325350046154,160.07524356245995
13b,fastv,visual_counterfact_size_000081,visual_counterfact_size,dense,True,False,True,52.81712782979011,133.88247229158878
13b,fastv,visual_counterfact_size_000089,visual_counterfact_size,dense,True,False,True,65.40978368282317,161.046102643013
13b,fastv,visual_counterfact_size_000112,visual_counterfact_size,dense,True,False,True,61.40919676303863,151.41892060637474
13b,fastv,visual_counterfact_size_000120,visual_counterfact_size,dense,True,False,True,75.48716384887695,185.47784350812435
13b,fastv,visual_counterfact_size_000122,visual_counterfact_size,dense,False,False,False,65.34292352676393,160.32658517360687
13b,fastv,visual_counterfact_size_000131,visual_counterfact_size,dense,True,False,True,68.3481684088707,166.99460335075855
13b,fastv,visual_counterfact_size_000136,visual_counterfact_size,dense,False,False,False,55.810655635595324,136.0747255384922
13b,fastv,visual_counterfact_size_000137,visual_counterfact_size,dense,True,False,True,58.35636550664902,141.92944206297398
13b,fastv,visual_counterfact_size_000140,visual_counterfact_size,dense,True,False,True,88.90296157479285,211.87567710876465
13b,fastv,visual_counterfact_size_000146,visual_counterfact_size,dense,True,False,True,79.95465423941613,189.48249332606792
13b,fastv,visual_counterfact_size_000147,visual_counterfact_size,dense,True,False,True,97.90740784287452,237.47384548187256
13b,fastv,visual_counterfact_size_000155,visual_counterfact_size,dense,True,False,True,89.38066598415375,219.85631808638573
13b,fastv,visual_counterfact_size_000156,visual_counterfact_size,dense,True,False,True,65.21165261387824,161.14355437457561
13b,fastv,visual_counterfact_size_000157,visual_counterfact_size,dense,True,False,True,58.24487759113312,144.7618529200554
13b,fastv,visual_counterfact_size_000160,visual_counterfact_size,dense,True,False,True,154.04724412679673,416.59405268728733
13b,fastv,visual_counterfact_size_000165,visual_counterfact_size,dense,True,False,True,63.71717056632042,187.61378712952137
13b,fastv,visual_counterfact_size_000166,visual_counterfact_size,dense,True,False,True,72.80902012586593,210.3714868426323
13b,fastv,visual_counterfact_size_000171,visual_counterfact_size,dense,True,False,True,64.27558752417565,185.24225056171417
13b,fastv,visual_counterfact_size_000173,visual_counterfact_size,dense,True,False,True,66.43019836425782,184.66436490416527
13b,fastv,visual_counterfact_size_000174,visual_counterfact_size,dense,True,False,True,65.31010874390603,165.4562335461378
13b,fastv,visual_counterfact_size_000181,visual_counterfact_size,dense,True,False,True,84.8975873029232,208.9218758046627
13b,fastv,visual_counterfact_size_000186,visual_counterfact_size,dense,False,False,False,65.63030142188072,162.60248236358166
13b,fastv,visual_counterfact_size_000187,visual_counterfact_size,dense,True,False,True,63.9246521794796,159.90978479385376
13b,fastv,visual_counterfact_size_000190,visual_counterfact_size,dense,True,False,True,65.16364766836166,162.4473612755537
13b,fastv,visual_counterfact_size_000193,visual_counterfact_size,dense,False,False,False,75.44233498334884,186.55901029706
13b,fastv,visual_counterfact_size_000197,visual_counterfact_size,dense,True,False,True,67.55724925160408,166.03451780974865
13b,fastv,visual_counterfact_size_000198,visual_counterfact_size,dense,True,False,True,65.57143180727958,160.12853384017944
13b,fastv,visual_counterfact_size_000203,visual_counterfact_size,dense,True,False,True,70.53272651910781,170.77215388417244
13b,fastv,visual_counterfact_size_000212,visual_counterfact_size,dense,True,False,False,65.75132927298544,158.58235210180283
13b,fastv,visual_counterfact_size_000226,visual_counterfact_size,dense,True,False,True,76.34818544626236,185.04778668284416
13b,fastv,visual_counterfact_size_000235,visual_counterfact_size,dense,True,False,True,57.274311292171475,138.29295337200165
13b,fastv,visual_counterfact_size_000247,visual_counterfact_size,dense,True,False,True,58.48465554237366,140.3511706739664
13b,fastv,visual_counterfact_size_000258,visual_counterfact_size,dense,True,False,True,57.41647976875305,136.28744892776012
13b,fastv,visual_counterfact_size_000260,visual_counterfact_size,dense,True,False,True,60.05074173927307,169.4550234824419
13b,fastv,visual_counterfact_size_000264,visual_counterfact_size,dense,True,False,True,55.94103275537491,161.24166175723076
13b,fastv,visual_counterfact_size_000272,visual_counterfact_size,dense,True,False,True,47.623874226808546,137.8014273941517
13b,fastv,visual_counterfact_size_000284,visual_counterfact_size,dense,True,False,True,65.45503655314445,190.9744217991829
13b,fastv,visual_counterfact_size_000289,visual_counterfact_size,dense,True,False,True,65.51617516517639,186.37946993112564
13b,fastv,visual_counterfact_size_000290,visual_counterfact_size,dense,True,False,True,50.62068962693214,135.73236390948296
13b,fastv,visual_counterfact_size_000295,visual_counterfact_size,dense,False,False,False,69.01171538591385,169.12713088095188
13b,fastv,visual_counterfact_size_000296,visual_counterfact_size,dense,True,False,True,78.8043361210823,188.05277161300182
13b,fastv,visual_counterfact_size_000310,visual_counterfact_size,dense,False,False,False,77.49852613329887,184.22702327370644
13b,fastv,visual_counterfact_size_000311,visual_counterfact_size,dense,True,False,True,79.5835219335556,188.8221688568592
13b,fastv,visual_counterfact_size_000317,visual_counterfact_size,dense,True,False,True,66.57845554709435,159.87522527575493
13b,fastv,visual_counterfact_size_000322,visual_counterfact_size,dense,True,False,True,86.62776886224746,211.94544062018394
13b,fastv,visual_counterfact_size_000325,visual_counterfact_size,dense,True,False,True,76.07195311427115,188.75796720385551
13b,fastv,visual_counterfact_size_000329,visual_counterfact_size,dense,True,False,True,75.15064190030098,187.07206472754478
13b,fastv,visual_counterfact_size_000330,visual_counterfact_size,dense,True,False,True,74.30323432207108,185.35709194839
13b,fastv,visual_counterfact_size_000335,visual_counterfact_size,dense,True,False,True,86.13593532562257,214.6386206150055
13b,fastv,visual_counterfact_size_000342,visual_counterfact_size,dense,True,False,True,55.21858605027199,135.96132770180702
13b,fastv,visual_counterfact_size_000348,visual_counterfact_size,dense,True,False,True,66.35055251002312,161.35788522660732
13b,fastv,visual_counterfact_size_000362,visual_counterfact_size,dense,True,False,True,78.49902182340622,188.0627442151308
13b,fastv,visual_counterfact_size_000363,visual_counterfact_size,dense,False,False,False,79.32680634617805,188.93778882920742
13b,fastv,visual_counterfact_size_000368,visual_counterfact_size,dense,True,False,True,67.87928843975067,161.56766563653946
13b,fastv,visual_counterfact_size_000374,visual_counterfact_size,dense,True,False,False,72.8741483259201,173.9833950996399
13b,fastv,visual_counterfact_size_000375,visual_counterfact_size,dense,True,False,True,86.88541751146317,210.30989848077297
13b,fastv,visual_counterfact_size_000379,visual_counterfact_size,dense,True,False,True,65.50469452142715,161.598177626729
13b,fastv,visual_counterfact_size_000388,visual_counterfact_size,dense,True,False,True,64.58396141767503,162.2609719634056
13b,fastv,visual_counterfact_size_000391,visual_counterfact_size,dense,False,False,False,85.08412830352782,214.01087380945683
13b,fastv,visual_counterfact_size_000396,visual_counterfact_size,dense,True,False,True,63.60257971048355,159.68750230967999
13b,fastv,visual_counterfact_size_000399,visual_counterfact_size,dense,True,False,True,76.10077726960182,191.39805436134338
13b,fastv,visual_counterfact_size_000406,visual_counterfact_size,dense,True,False,True,74.23646924853324,185.7721358537674
13b,fastv,visual_counterfact_size_000411,visual_counterfact_size,dense,True,False,True,85.17815749049187,211.14926226437092
13b,fastv,visual_counterfact_size_000412,visual_counterfact_size,dense,True,False,True,65.85954366087914,162.70767338573933
13b,fastv,visual_counterfact_size_000414,visual_counterfact_size,dense,False,False,False,68.8153894174099,168.9732614904642
13b,fastv,visual_counterfact_size_000415,visual_counterfact_size,dense,True,False,True,66.50570309042931,161.52224875986576
13b,fastv,visual_counterfact_size_000418,visual_counterfact_size,dense,True,False,True,79.51913498520851,190.7344851642847
13b,fastv,visual_counterfact_size_000420,visual_counterfact_size,dense,True,False,True,77.4975678896904,185.44958345592022
13b,fastv,visual_counterfact_size_000423,visual_counterfact_size,dense,True,False,True,87.21077203512192,210.4162946343422
13b,fastv,visual_counterfact_size_000424,visual_counterfact_size,dense,True,False,True,55.78427715182305,135.3205405175686
13b,fastv,visual_counterfact_size_000433,visual_counterfact_size,dense,True,False,True,62.96057340502739,154.6370554715395
13b,fastv,visual_counterfact_size_000434,visual_counterfact_size,dense,True,False,True,62.75062795400619,158.1018604338169
13b,fastv,visual_counterfact_size_000435,visual_counterfact_size,dense,True,False,True,122.6953593111038,342.32306107878685
13b,fastv,visual_counterfact_size_000440,visual_counterfact_size,dense,False,False,False,58.37655261158943,168.90037059783936
13b,fastv,visual_counterfact_size_000448,visual_counterfact_size,dense,True,False,True,56.47475802898408,160.4931578040123
13b,fastv,visual_counterfact_size_000458,visual_counterfact_size,dense,True,False,True,49.33809058070183,138.41494545340538
13b,fastv,visual_counterfact_size_000464,visual_counterfact_size,dense,True,False,True,66.93337494134904,184.62485820055008
13b,fastv,visual_counterfact_size_000466,visual_counterfact_size,dense,True,False,True,72.07847938776015,184.7012471407652
13b,fastv,visual_counterfact_size_000468,visual_counterfact_size,dense,True,False,True,101.9767868411541,249.07628260552883
13b,fastv,visual_counterfact_size_000469,visual_counterfact_size,dense,True,False,True,73.55915608882904,183.9753482490778
13b,fastv,visual_counterfact_size_000476,visual_counterfact_size,dense,True,False,True,63.50539041757584,161.96558065712452
13b,fastv,visual_counterfact_size_000479,visual_counterfact_size,dense,True,False,True,53.53382916212082,138.61500658094883
13b,fastv,visual_counterfact_size_000484,visual_counterfact_size,dense,True,False,True,61.37710957050324,161.13698296248913
13b,fastv,visual_counterfact_size_000489,visual_counterfact_size,dense,True,False,True,58.229526953697196,211.24575287103653
13b,fastv,visual_counterfact_size_000490,visual_counterfact_size,dense,True,False,True,44.0845440852642,164.4564475864172
13b,fastv,visual_counterfact_size_000509,visual_counterfact_size,dense,False,False,False,43.78051476716995,163.34706731140614
13b,fastv,visual_counterfact_size_000510,visual_counterfact_size,dense,True,False,True,40.98773075819015,143.6733417212963
13b,fastv,visual_counterfact_size_000522,visual_counterfact_size,dense,True,False,True,51.18267065167427,159.71609205007553
13b,fastv,visual_counterfact_size_000524,visual_counterfact_size,dense,True,False,True,51.06093000054359,134.5376968383789
13b,fastv,visual_counterfact_size_000525,visual_counterfact_size,dense,False,False,False,68.07412986040116,169.24452409148216
13b,fastv,visual_counterfact_size_000526,visual_counterfact_size,dense,True,False,True,73.4071511220932,206.83498308062553
13b,fastv,visual_counterfact_size_000527,visual_counterfact_size,dense,True,False,True,46.37318074226379,133.95420461893082
13b,fastv,visual_counterfact_size_000532,visual_counterfact_size,dense,False,False,False,71.95279081463812,210.58434806764126
13b,fastv,visual_counterfact_size_000533,visual_counterfact_size,dense,True,False,True,49.72193234443664,146.47537283599377
13b,fastv,visual_counterfact_size_000534,visual_counterfact_size,dense,True,False,True,52.756262066364286,152.5605283677578
13b,fastv,visual_counterfact_size_000535,visual_counterfact_size,dense,True,False,True,61.538716511726385,161.06345131993294
13b,fastv,visual_counterfact_size_000540,visual_counterfact_size,dense,True,False,True,66.92520181775093,161.44627518951893
13b,fastv,visual_counterfact_size_000541,visual_counterfact_size,dense,True,False,True,55.831599261760715,135.16015000641346
13b,fastv,visual_counterfact_size_000542,visual_counterfact_size,dense,True,False,True,59.820677479505534,144.007483497262
13b,fastv,visual_counterfact_size_000543,visual_counterfact_size,dense,True,False,False,67.27753554821014,159.53689068555832
13b,fastv,visual_counterfact_size_000545,visual_counterfact_size,dense,True,False,True,62.1048439025879,146.35939337313175
13b,fastv,visual_counterfact_size_000550,visual_counterfact_size,dense,True,False,True,79.62084659337998,191.1921426653862
13b,fastv,visual_counterfact_size_000556,visual_counterfact_size,dense,True,False,True,81.3553315615654,238.9596812427044
13b,fastv,visual_counterfact_size_000560,visual_counterfact_size,dense,True,False,True,48.898061418533324,148.85462075471878
13b,fastv,visual_counterfact_size_000562,visual_counterfact_size,dense,True,False,True,62.64589615106583,195.25214843451977
13b,fastv,visual_counterfact_size_000565,visual_counterfact_size,dense,True,False,True,53.94041375994683,186.2107589840889
13b,fastv,visual_counterfact_size_000575,visual_counterfact_size,dense,True,False,True,58.952489867210396,187.3530764132738
13b,fastv,visual_counterfact_size_000578,visual_counterfact_size,dense,True,False,True,68.91831844806671,211.22934482991695
13b,fastv,visual_counterfact_size_000579,visual_counterfact_size,dense,True,False,True,61.54238033533096,185.22837944328785
13b,fastv,visual_counterfact_size_000610,visual_counterfact_size,dense,True,False,True,56.035908448696134,158.93871895968914
13b,fastv,visual_counterfact_size_000617,visual_counterfact_size,dense,True,False,True,63.29735579490661,159.82814319431782
13b,fastv,visual_counterfact_size_000623,visual_counterfact_size,dense,True,False,True,65.37030163526535,160.52635945379734
13b,fastv,visual_counterfact_size_000628,visual_counterfact_size,dense,True,False,True,65.91725056648254,160.25596670806408
13b,fastv,visual_counterfact_size_000632,visual_counterfact_size,dense,True,False,True,55.278255361318585,133.63869860768318
13b,fastv,visual_counterfact_size_000643,visual_counterfact_size,dense,True,False,False,88.00110695719718,208.83936621248722
13b,fastv,visual_counterfact_size_000644,visual_counterfact_size,dense,True,False,True,67.90676255702972,160.1247563958168
13b,fastv,visual_counterfact_size_000649,visual_counterfact_size,dense,True,False,True,71.44960186958313,168.73573698103428
13b,fastv,visual_counterfact_size_000656,visual_counterfact_size,dense,True,False,True,79.00659427165985,186.53135932981968
13b,fastv,visual_counterfact_size_000657,visual_counterfact_size,dense,True,False,False,57.443381805419925,137.60541751980782
13b,fastv,visual_counterfact_size_000662,visual_counterfact_size,dense,True,False,True,75.74131371617317,185.8140155673027
13b,fastv,visual_counterfact_size_000665,visual_counterfact_size,dense,False,False,False,73.71257370710373,184.17669087648392
13b,fastv,visual_counterfact_size_000666,visual_counterfact_size,dense,True,False,True,66.90959553837777,166.6480004787445
13b,fastv,visual_counterfact_size_000671,visual_counterfact_size,dense,True,False,True,55.246403651237486,136.21352799236774
13b,fastv,visual_counterfact_size_000681,visual_counterfact_size,dense,True,False,False,67.36415952801704,163.66313211619854
13b,fastv,visual_counterfact_size_000691,visual_counterfact_size,dense,True,False,False,70.83248257994653,170.1919287443161
13b,fastv,visual_counterfact_size_000692,visual_counterfact_size,dense,True,False,True,77.08285039067269,184.20866131782532
13b,fastv,visual_counterfact_size_000694,visual_counterfact_size,dense,True,False,True,68.04559810042382,162.26963140070438
13b,fastv,visual_counterfact_size_000696,visual_counterfact_size,dense,True,False,True,66.83320875048638,159.60102528333664
13b,fastv,visual_counterfact_size_000708,visual_counterfact_size,dense,False,False,False,66.07038982629776,158.14611315727234
13b,fastv,visual_counterfact_size_000710,visual_counterfact_size,dense,True,False,True,70.84075149774552,169.80412788689137
13b,fastv,visual_counterfact_size_000719,visual_counterfact_size,dense,True,False,True,78.25464215159417,187.01834417879581
13b,fastv,visual_counterfact_size_000720,visual_counterfact_size,dense,True,False,True,88.05022557854652,209.50883999466896
13b,fastv,visual_counterfact_size_000721,visual_counterfact_size,dense,True,False,True,68.99069279670715,164.84970040619373
13b,scope,mmstar_000011,mmstar,dense,False,False,False,39.28749720215798,138.50518502295017
13b,scope,mmstar_000012,mmstar,dense,True,False,True,46.361531095504766,137.39780895411968
13b,scope,mmstar_000028,mmstar,dense,True,False,False,151.81974074721336,377.78967060148716
13b,scope,mmstar_000031,mmstar,dense,True,False,True,57.01408622503281,142.82279834151268
13b,scope,mmstar_000037,mmstar,dense,False,False,False,53.06940588831901,134.0743526816368
13b,scope,mmstar_000043,mmstar,dense,True,False,False,145.72937115550042,366.2427645176649
13b,scope,mmstar_000049,mmstar,dense,True,False,False,53.132585155963895,135.44775359332561
13b,scope,mmstar_000054,mmstar,dense,True,False,False,53.76336324214935,138.56866396963596
13b,scope,mmstar_000068,mmstar,dense,True,False,True,133.38853039860726,377.0438637584448
13b,scope,mmstar_000089,mmstar,dense,True,False,True,49.63979616403579,152.07818895578384
13b,scope,mmstar_000091,mmstar,dense,True,False,False,69.04456586480141,209.31779220700264
13b,scope,mmstar_000092,mmstar,dense,False,False,False,45.53066533327103,135.04317216575146
13b,scope,mmstar_000094,mmstar,dense,False,False,False,49.86136345148086,144.88400518894196
13b,scope,mmstar_000103,mmstar,dense,True,False,False,50.83571367263794,134.97472926974297
13b,scope,mmstar_000105,mmstar,dense,False,False,False,56.449534373283385,140.46563021838665
13b,scope,mmstar_000113,mmstar,dense,False,False,False,57.43077899217605,143.09277944266796
13b,scope,mmstar_000124,mmstar,dense,False,False,False,54.74712690234184,136.35929115116596
13b,scope,mmstar_000131,mmstar,dense,True,False,True,54.52428038835525,136.0000353306532
13b,scope,mmstar_000139,mmstar,dense,False,False,False,53.27319445610046,135.6409341096878
13b,scope,mmstar_000154,mmstar,dense,False,False,False,52.4051198387146,161.28058917820454
13b,scope,mmstar_000155,mmstar,dense,False,False,False,47.791992783546455,152.12607756257057
13b,scope,mmstar_000157,mmstar,dense,False,False,False,41.56841773033142,135.98394766449928
13b,scope,mmstar_000160,mmstar,dense,True,False,True,40.78442642211914,132.18798860907555
13b,scope,mmstar_000163,mmstar,dense,True,False,True,42.132244796752936,132.98503682017326
13b,scope,mmstar_000166,mmstar,dense,True,False,False,45.89243843078613,132.5844917446375
13b,scope,mmstar_000167,mmstar,dense,True,False,False,50.12186056852341,132.51449167728424
13b,scope,mmstar_000174,mmstar,dense,True,False,True,62.76225435733795,160.34504771232605
13b,scope,mmstar_000183,mmstar,dense,True,False,False,53.226482514142994,132.75651633739471
13b,scope,mmstar_000184,mmstar,dense,True,False,False,64.22483811855317,159.25760939717293
13b,scope,mmstar_000187,mmstar,dense,True,False,False,52.6102038860321,133.58988985419273
13b,scope,mmstar_000192,mmstar,dense,True,False,False,53.096915894746786,135.82484424114227
13b,scope,mmstar_000193,mmstar,dense,True,False,True,52.78517409920693,134.25629399716854
13b,scope,mmstar_000196,mmstar,dense,True,False,False,56.05762632727623,141.4092406630516
13b,scope,mmstar_000197,mmstar,dense,False,False,False,53.57613306641579,135.82379557192326
13b,scope,mmstar_000205,mmstar,dense,False,False,False,52.641585216522216,130.96565008163452
13b,scope,mmstar_000207,mmstar,dense,True,False,False,54.667815361022946,134.73032787442207
13b,scope,mmstar_000219,mmstar,dense,True,False,False,56.14127059221267,155.08214756846428
13b,scope,mmstar_000243,mmstar,dense,True,False,False,141.5152422451973,407.52471052110195
13b,scope,mmstar_000244,mmstar,dense,True,False,True,45.4300388944149,136.86750456690788
13b,scope,mmstar_000248,mmstar,dense,True,False,True,62.60762586116791,182.4125237762928
13b,scope,mmstar_000254,mmstar,dense,False,False,False,48.79921964645386,132.21626169979572
13b,scope,mmstar_000257,mmstar,dense,False,False,False,154.3850538921356,388.8301830738783
13b,scope,mmstar_000267,mmstar,dense,False,False,False,56.1748230779171,140.65061137080193
13b,scope,mmstar_000270,mmstar,dense,False,False,False,54.98372948884964,136.3238301128149
13b,scope,mmstar_000274,mmstar,dense,False,False,False,53.86556551456451,132.7408030629158
13b,scope,mmstar_000275,mmstar,dense,False,False,False,58.54545713305473,143.7379326671362
13b,scope,mmstar_000283,mmstar,dense,False,False,False,57.13440186500549,140.48231951892376
13b,scope,mmstar_000284,mmstar,dense,True,False,False,86.09107177495957,211.4066183567047
13b,scope,mmstar_000291,mmstar,dense,False,False,False,54.465286476612086,133.6296908557415
13b,scope,mmstar_000311,mmstar,dense,False,False,False,71.35021493434905,175.85319466888905
13b,scope,mmstar_000313,mmstar,dense,False,False,False,55.331912761926645,135.72513684630394
13b,scope,mmstar_000320,mmstar,dense,False,False,False,86.64062759160996,212.1871802955866
13b,scope,mmstar_000324,mmstar,dense,False,False,False,153.16647921442984,384.76244919002056
13b,scope,mmstar_000325,mmstar,dense,True,False,False,59.09445338010788,152.4946093559265
13b,scope,mmstar_000335,mmstar,dense,False,False,False,51.961405696868894,134.29546542465687
13b,scope,mmstar_000344,mmstar,dense,False,False,False,51.762250379323966,134.58698615431786
13b,scope,mmstar_000354,mmstar,dense,True,False,False,36.97140516161919,172.05814644694328
13b,scope,mmstar_000360,mmstar,dense,True,False,False,29.636942121982575,145.50408720970154
13b,scope,mmstar_000366,mmstar,dense,True,False,False,30.370211813449856,141.31126925349236
13b,scope,mmstar_000367,mmstar,dense,False,False,False,34.227442364692685,142.09059253335
13b,scope,mmstar_000369,mmstar,dense,False,False,False,49.87552496194839,167.47999377548695
13b,scope,mmstar_000370,mmstar,dense,True,False,True,42.70783937573433,133.79885256290436
13b,scope,mmstar_000375,mmstar,dense,False,False,False,46.99826528787613,144.19809728860855
13b,scope,mmstar_000379,mmstar,dense,True,False,True,44.33678617596627,135.5239748954773
13b,scope,mmstar_000384,mmstar,dense,False,False,False,43.538199287652965,133.69342125952244
13b,scope,mmstar_000386,mmstar,dense,False,False,False,122.586394854784,373.2765056192875
13b,scope,mmstar_000397,mmstar,dense,False,False,False,46.2769844019413,139.2123531550169
13b,scope,mmstar_000400,mmstar,dense,False,False,False,46.211499482393265,143.47593486309052
13b,scope,mmstar_000405,mmstar,dense,False,False,False,110.38766345143317,379.241980612278
13b,scope,mmstar_000407,mmstar,dense,False,False,False,55.00249139785767,183.33003669977188
13b,scope,mmstar_000413,mmstar,dense,False,False,False,43.50438296556472,132.7524334192276
13b,scope,mmstar_000423,mmstar,dense,True,False,False,46.21152411222458,136.1148077994585
13b,scope,mmstar_000427,mmstar,dense,False,False,False,50.76713487148285,145.88703028857708
13b,scope,mmstar_000428,mmstar,dense,False,False,False,47.803424068689345,131.32008537650108
13b,scope,mmstar_000431,mmstar,dense,False,False,False,52.421940804719924,132.81000405550003
13b,scope,mmstar_000433,mmstar,dense,False,False,False,56.98394774556159,136.40376180410385
13b,scope,mmstar_000438,mmstar,dense,False,False,False,57.37876176476478,136.31919026374817
13b,scope,mmstar_000440,mmstar,dense,True,False,True,59.43274300217628,141.77493005990982
13b,scope,mmstar_000444,mmstar,dense,False,False,False,63.55592655181884,152.9496032744646
13b,scope,mmstar_000447,mmstar,dense,True,False,True,55.52468249320984,136.96276396512985
13b,scope,mmstar_000453,mmstar,dense,True,False,False,53.66254105210304,133.1853847950697
13b,scope,mmstar_000464,mmstar,dense,False,False,False,55.22312502861023,137.7748493105173
13b,scope,mmstar_000466,mmstar,dense,False,False,False,54.39345832824707,136.0596977174282
13b,scope,mmstar_000470,mmstar,dense,False,False,False,57.08062027454376,143.50596070289612
13b,scope,mmstar_000473,mmstar,dense,False,False,False,53.95781954169273,135.28019189834595
13b,scope,mmstar_000479,mmstar,dense,False,False,False,59.733179247379304,148.15232902765274
13b,scope,mmstar_000481,mmstar,dense,False,False,False,57.27748106479645,139.853248372674
13b,scope,mmstar_000485,mmstar,dense,False,False,False,61.26541751861573,150.04883892834187
13b,scope,mmstar_000491,mmstar,dense,True,False,False,105.85553011894227,260.79966500401497
13b,scope,mmstar_000494,mmstar,dense,False,False,False,137.7168591976166,385.32727397978306
13b,scope,mmstar_000495,mmstar,dense,False,False,False,45.10891568660737,141.00145362317562
13b,scope,mmstar_000500,mmstar,dense,True,False,False,57.628547379970556,184.0899121016264
13b,scope,mmstar_000501,mmstar,dense,False,False,False,48.54118146061897,166.10535979270935
13b,scope,mmstar_000508,mmstar,dense,False,False,False,46.681168190240854,152.5653824210167
13b,scope,mmstar_000509,mmstar,dense,False,False,False,43.085761371850964,131.85259699821472
13b,scope,mmstar_000511,mmstar,dense,False,False,False,138.63965112209323,377.75407917797565
13b,scope,mmstar_000512,mmstar,dense,True,False,True,55.15568071007729,144.11451667547226
13b,scope,mmstar_000519,mmstar,dense,False,False,False,52.44227147817611,133.62615182995796
13b,scope,mmstar_000521,mmstar,dense,False,False,False,54.10361763596535,136.99102587997913
13b,scope,mmstar_000538,mmstar,dense,False,False,False,68.21082693696022,172.36250825226307
13b,scope,mmstar_000542,mmstar,dense,False,False,False,55.78958705544472,141.44321531057358
13b,scope,mmstar_000553,mmstar,dense,True,False,False,56.96655994772911,142.4630954861641
13b,scope,mmstar_000563,mmstar,dense,False,False,False,225.74484947562217,557.4279110878706
13b,scope,mmstar_000564,mmstar,dense,False,False,False,130.52251636624337,367.80407652258873
13b,scope,mmstar_000567,mmstar,dense,False,False,False,68.79970734715462,213.35330791771412
13b,scope,mmstar_000572,mmstar,dense,False,False,False,42.52637137770653,132.7026542276144
13b,scope,mmstar_000575,mmstar,dense,False,False,False,45.91002170801163,163.48313353955746
13b,scope,mmstar_000577,mmstar,dense,False,False,False,40.13140617370606,132.4310190975666
13b,scope,mmstar_000578,mmstar,dense,False,False,False,44.23454468727111,137.36158795654774
13b,scope,mmstar_000581,mmstar,dense,False,False,False,132.61320022344592,403.25143560767174
13b,scope,mmstar_000582,mmstar,dense,False,False,False,86.28248148798943,239.01725187897682
13b,scope,mmstar_000589,mmstar,dense,True,False,True,60.32065529346466,158.51743519306183
13b,scope,mmstar_000591,mmstar,dense,False,False,False,64.45398352265357,172.89160192012787
13b,scope,mmstar_000592,mmstar,dense,False,False,False,49.01526873588561,133.25068727135658
13b,scope,mmstar_000593,mmstar,dense,False,False,False,50.42691843032837,136.5490835160017
13b,scope,mmstar_000597,mmstar,dense,False,False,False,50.14647404193878,132.10145011544228
13b,scope,mmstar_000600,mmstar,dense,True,False,False,53.44732489347457,136.04848831892014
13b,scope,mmstar_000602,mmstar,dense,False,False,False,51.91915595769882,130.40314614772797
13b,scope,mmstar_000608,mmstar,dense,False,False,False,156.3517667102814,384.6719916909933
13b,scope,mmstar_000613,mmstar,dense,False,False,False,177.02514707803726,440.51529467105865
13b,scope,mmstar_000614,mmstar,dense,False,False,False,51.68765138864517,133.10169614851475
13b,scope,mmstar_000617,mmstar,dense,False,False,False,50.991508433818815,133.6322594434023
13b,scope,mmstar_000622,mmstar,dense,False,False,False,55.04807987451554,143.76182481646538
13b,scope,mmstar_000631,mmstar,dense,True,False,True,51.004101306200035,132.12074898183346
13b,scope,mmstar_000634,mmstar,dense,False,False,False,80.96355280280113,208.44200439751148
13b,scope,mmstar_000635,mmstar,dense,False,False,False,70.19618594527245,205.60677163302898
13b,scope,mmstar_000636,mmstar,dense,False,False,False,45.330626176595686,136.26314885914326
13b,scope,mmstar_000657,mmstar,dense,True,False,True,51.26821007251739,153.29433605074883
13b,scope,mmstar_000673,mmstar,dense,False,False,False,69.89141497969628,205.01899905502796
13b,scope,mmstar_000680,mmstar,dense,False,False,False,54.40128388404846,153.19275483489037
13b,scope,mmstar_000683,mmstar,dense,True,False,False,132.33608965277674,392.424238845706
13b,scope,mmstar_000685,mmstar,dense,False,False,False,50.724946618080146,160.37330962717533
13b,scope,mmstar_000691,mmstar,dense,False,False,False,47.24474544525147,154.0327500551939
13b,scope,mmstar_000693,mmstar,dense,True,False,True,45.34653705358505,138.38714361190796
13b,scope,mmstar_000701,mmstar,dense,True,False,True,45.467369735240936,131.29299134016037
13b,scope,mmstar_000703,mmstar,dense,True,False,False,52.0317022061348,139.8467756807804
13b,scope,mmstar_000705,mmstar,dense,True,False,True,61.18728317379952,162.96237707138062
13b,scope,mmstar_000711,mmstar,dense,True,False,True,69.01221974253653,214.8020025342703
13b,scope,mmstar_000720,mmstar,dense,True,False,True,43.96644770503044,141.46223850548267
13b,scope,mmstar_000723,mmstar,dense,True,False,True,40.131211391687394,132.38607347011566
13b,scope,mmstar_000731,mmstar,dense,False,False,False,50.997042324543,167.83654503524303
13b,scope,mmstar_000732,mmstar,dense,True,False,True,44.057059408426284,139.9948876351118
13b,scope,mmstar_000736,mmstar,dense,True,False,False,125.93727075457574,363.6542949825525
13b,scope,mmstar_000741,mmstar,dense,False,False,False,62.60246986627579,168.2796385139227
13b,scope,mmstar_000757,mmstar,dense,False,False,False,57.51066208839416,154.200853779912
13b,scope,mmstar_000769,mmstar,dense,False,False,False,88.688027009964,235.3711538016796
13b,scope,mmstar_000777,mmstar,dense,False,False,False,60.00464980125428,154.76346388459206
13b,scope,mmstar_000778,mmstar,dense,True,False,True,58.398302508592614,150.88583901524544
13b,scope,mmstar_000782,mmstar,dense,False,False,False,135.72886245012282,386.45484298467636
13b,scope,mmstar_000783,mmstar,dense,False,False,False,45.97553312659264,140.9748923033476
13b,scope,mmstar_000784,mmstar,dense,False,False,False,59.62974568009376,184.48198772966862
13b,scope,mmstar_000786,mmstar,dense,True,False,True,64.15702823638915,194.37667913734913
13b,scope,mmstar_000788,mmstar,dense,True,False,True,50.205242613554006,140.9765239804983
13b,scope,mmstar_000789,mmstar,dense,False,False,False,50.796949878931045,134.44004766643047
13b,scope,mmstar_000794,mmstar,dense,False,False,False,55.59550953626633,136.58656366169453
13b,scope,mmstar_000796,mmstar,dense,False,False,False,129.60858260631562,311.42349913716316
13b,scope,mmstar_000797,mmstar,dense,False,False,False,56.20210102319717,133.62370990216732
13b,scope,mmstar_000803,mmstar,dense,True,False,True,56.65301740169525,137.9186436533928
13b,scope,mmstar_000811,mmstar,dense,True,False,False,55.95346651911736,137.03504391014576
13b,scope,mmstar_000823,mmstar,dense,True,False,False,337.0028090965748,793.7143407762051
13b,scope,mmstar_000828,mmstar,dense,False,False,False,58.54672526717185,141.19875617325306
13b,scope,mmstar_000840,mmstar,dense,False,False,False,86.00498990535736,211.75465919077396
13b,scope,mmstar_000842,mmstar,dense,True,False,False,56.72079190135002,143.1789230555296
13b,scope,mmstar_000854,mmstar,dense,False,False,False,51.779711067676544,133.80232080817223
13b,scope,mmstar_000868,mmstar,dense,True,False,False,300.2318923056126,737.4584749341011
13b,scope,mmstar_000872,mmstar,dense,False,False,False,55.72077246189117,141.12421497702599
13b,scope,mmstar_000873,mmstar,dense,True,False,False,55.8002362203598,141.98829233646393
13b,scope,mmstar_000880,mmstar,dense,True,False,False,67.81567130088806,173.2837650924921
13b,scope,mmstar_000881,mmstar,dense,True,False,False,65.33559019923212,165.56385904550552
13b,scope,mmstar_000882,mmstar,dense,True,False,True,56.41479050278664,138.86026665568352
13b,scope,mmstar_000887,mmstar,dense,True,False,True,53.719616458415985,128.6313235759735
13b,scope,mmstar_000902,mmstar,dense,False,False,False,57.87803082466126,135.0107602775097
13b,scope,mmstar_000905,mmstar,dense,False,False,False,68.21973417162896,155.8616328984499
13b,scope,mmstar_000909,mmstar,dense,True,False,True,53.633454352617264,158.66457484662533
13b,scope,mmstar_000911,mmstar,dense,False,False,False,45.045828297138215,134.91853699088097
13b,scope,mmstar_000920,mmstar,dense,False,False,False,46.75952179908752,140.14550670981407
13b,scope,mmstar_000928,mmstar,dense,False,False,False,47.520808585882186,141.35145768523216
13b,scope,mmstar_000934,mmstar,dense,False,False,False,44.825746387243264,133.86615179479122
13b,scope,mmstar_000936,mmstar,dense,False,False,False,50.76381036281585,142.72963628172874
13b,scope,mmstar_000942,mmstar,dense,False,False,False,50.96562320113181,134.39016416668892
13b,scope,mmstar_000945,mmstar,dense,True,False,False,61.653353158235554,147.20957167446613
13b,scope,mmstar_000950,mmstar,dense,True,False,True,106.44051518797876,255.45278377830982
13b,scope,mmstar_000951,mmstar,dense,False,False,False,55.367294778823855,135.3443916887045
13b,scope,mmstar_000953,mmstar,dense,False,False,False,54.31799423217774,134.1908648610115
13b,scope,mmstar_000959,mmstar,dense,False,False,False,59.455454730987555,148.58308993279934
13b,scope,mmstar_000962,mmstar,dense,True,False,False,55.857365612983706,140.76581224799156
13b,scope,mmstar_000963,mmstar,dense,False,False,False,54.86943016052246,138.23967427015305
13b,scope,mmstar_000970,mmstar,dense,False,False,False,55.3343360388279,137.18843646347523
13b,scope,mmstar_000971,mmstar,dense,False,False,False,59.25253330230713,146.00745216012
13b,scope,mmstar_000972,mmstar,dense,False,False,False,59.99458715438843,145.9353119134903
13b,scope,mmstar_000974,mmstar,dense,False,False,False,60.822317290306096,144.74159851670265
13b,scope,mmstar_000978,mmstar,dense,False,False,False,70.51999476194382,167.45997220277786
13b,scope,mmstar_000979,mmstar,dense,False,False,False,314.06235532045366,935.6049112975597
13b,scope,mmstar_000995,mmstar,dense,True,False,True,50.541523566246035,158.43648463487625
13b,scope,mmstar_000998,mmstar,dense,False,False,False,82.77193884968759,238.62699046730995
13b,scope,mmstar_001005,mmstar,dense,True,False,True,50.28318461179734,137.4171581119299
13b,scope,mmstar_001006,mmstar,dense,True,False,True,50.14681600213051,135.3119406849146
13b,scope,mmstar_001012,mmstar,dense,False,False,False,70.23556875109672,184.85566042363644
13b,scope,mmstar_001017,mmstar,dense,False,False,False,54.80253067016601,139.6454144269228
13b,scope,mmstar_001022,mmstar,dense,True,False,True,59.04131575584411,147.99790643155575
13b,scope,mmstar_001025,mmstar,dense,False,False,False,159.85435166835785,496.78788147866726
13b,scope,mmstar_001029,mmstar,dense,False,False,False,78.41790325641632,257.8761298209429
13b,scope,mmstar_001031,mmstar,dense,False,False,False,51.30474148035049,154.76522594690323
13b,scope,mmstar_001032,mmstar,dense,False,False,False,49.742513402700425,139.15102370083332
13b,scope,mmstar_001035,mmstar,dense,True,False,False,165.79180468916894,433.27593989670277
13b,scope,mmstar_001039,mmstar,dense,True,False,True,191.26115998983383,487.8041334450245
13b,scope,mmstar_001044,mmstar,dense,True,False,False,58.34204142332077,149.414936080575
13b,scope,mmstar_001048,mmstar,dense,False,False,False,51.712777984142306,136.0210757702589
13b,scope,mmstar_001059,mmstar,dense,False,False,False,62.655980660915375,162.79426775872707
13b,scope,mmstar_001061,mmstar,dense,False,False,False,100.13487791538239,255.06563112139702
13b,scope,mmstar_001066,mmstar,dense,False,False,False,57.3088106572628,144.74968239665031
13b,scope,mmstar_001068,mmstar,dense,False,False,False,56.239827361106876,140.0319766253233
13b,scope,mmstar_001069,mmstar,dense,False,False,False,61.834806749820714,150.27437545359135
13b,scope,mmstar_001083,mmstar,dense,False,False,False,111.08424399614334,262.2472830116749
13b,scope,mmstar_001094,mmstar,dense,False,False,False,95.00625024437905,225.47944076359272
13b,scope,mmstar_001097,mmstar,dense,True,False,False,58.95944087982177,141.1129329353571
13b,scope,mmstar_001103,mmstar,dense,True,False,True,54.54828994631767,130.58078847825527
13b,scope,mmstar_001104,mmstar,dense,False,False,False,57.81642010092735,139.80870693922043
13b,scope,mmstar_001112,mmstar,dense,False,False,False,60.2111475944519,149.73055943846703
13b,scope,mmstar_001115,mmstar,dense,False,False,False,126.86079446315767,338.11531588435173
13b,scope,mmstar_001121,mmstar,dense,False,False,False,132.65064222455027,367.7634932100773
13b,scope,mmstar_001122,mmstar,dense,False,False,False,149.9311712503433,423.732029274106
13b,scope,mmstar_001126,mmstar,dense,False,False,False,111.83370543718337,295.9350422024727
13b,scope,mmstar_001131,mmstar,dense,False,False,False,55.63693502664566,149.16391484439373
13b,scope,mmstar_001133,mmstar,dense,False,False,False,137.00617938160894,436.3819509744644
13b,scope,mmstar_001137,mmstar,dense,True,False,False,136.03736015081407,511.5943718701601
13b,scope,mmstar_001146,mmstar,dense,True,False,False,41.19150697469711,146.57010696828365
13b,scope,mmstar_001159,mmstar,dense,True,False,True,105.36289237499237,409.75584648549557
13b,scope,mmstar_001160,mmstar,dense,False,False,False,42.50653630018235,151.86701342463493
13b,scope,mmstar_001169,mmstar,dense,True,False,False,43.93685949563981,143.00978928804398
13b,scope,mmstar_001188,mmstar,dense,False,False,False,94.64892930746079,309.83264558017254
13b,scope,mmstar_001191,mmstar,dense,True,False,True,75.72234899163247,233.4570586681366
13b,scope,mmstar_001194,mmstar,dense,False,False,False,53.12425163269043,147.93677628040314
13b,scope,mmstar_001195,mmstar,dense,True,False,True,48.58958482861519,137.41086795926094
13b,scope,mmstar_001209,mmstar,dense,False,False,False,53.09461034655571,148.46061915159225
13b,scope,mmstar_001213,mmstar,dense,True,False,True,88.35729516863822,233.2113180309534
13b,scope,mmstar_001221,mmstar,dense,False,False,False,54.47215553283691,136.90304569900036
13b,scope,mmstar_001224,mmstar,dense,False,False,False,162.4055480980873,399.3575591593981
13b,scope,mmstar_001226,mmstar,dense,False,False,False,117.92577429652214,289.0812512487173
13b,scope,mmstar_001227,mmstar,dense,True,False,True,56.22689057707787,139.82280530035496
13b,scope,mmstar_001228,mmstar,dense,False,False,False,94.63296366095543,236.94824613630772
13b,scope,mmstar_001230,mmstar,dense,False,False,False,127.13631025075912,330.6506909430027
13b,scope,mmstar_001241,mmstar,dense,False,False,False,100.81931367278099,267.0675180852413
13b,scope,mmstar_001246,mmstar,dense,True,False,False,106.1194243824482,277.9091689735651
13b,scope,mmstar_001247,mmstar,dense,False,False,False,85.09297342777253,225.43727979063988
13b,scope,mmstar_001249,mmstar,dense,False,False,False,132.4101076924801,391.27785712480545
13b,scope,mmstar_001251,mmstar,dense,False,False,False,65.64678106546401,220.7285761833191
13b,scope,mmstar_001261,mmstar,dense,True,False,False,41.24366864204407,139.81793634593487
13b,scope,mmstar_001276,mmstar,dense,False,False,False,39.148342435359964,130.73403015732765
13b,scope,mmstar_001280,mmstar,dense,True,False,False,92.58311813592911,280.98635375499725
13b,scope,mmstar_001285,mmstar,dense,False,False,False,67.76173431634902,185.49670279026031
13b,scope,mmstar_001287,mmstar,dense,True,False,False,110.45480533480644,281.5111167728901
13b,scope,mmstar_001288,mmstar,dense,False,False,False,128.18949276804923,372.1170760691166
13b,scope,mmstar_001289,mmstar,dense,False,False,False,65.15420021891593,205.50230145454407
13b,scope,mmstar_001290,mmstar,dense,False,False,False,83.82164326548578,255.62669523060322
13b,scope,mmstar_001293,mmstar,dense,False,False,False,46.32551164627075,141.33281633257866
13b,scope,mmstar_001298,mmstar,dense,True,False,True,109.70412097692488,294.84438709914684
13b,scope,mmstar_001304,mmstar,dense,False,False,False,143.38088675379754,359.67278480529785
13b,scope,mmstar_001307,mmstar,dense,True,False,False,52.430843585729605,132.70313292741776
13b,scope,mmstar_001320,mmstar,dense,False,False,False,61.759986720085145,157.8121092170477
13b,scope,mmstar_001326,mmstar,dense,False,False,False,51.55322562932968,154.95547652244568
13b,scope,mmstar_001331,mmstar,dense,False,False,False,48.28821664214134,147.2951602190733
13b,scope,mmstar_001346,mmstar,dense,False,False,False,44.53796880722046,134.88912023603916
13b,scope,mmstar_001347,mmstar,dense,False,False,False,43.34002895355224,130.54899871349335
13b,scope,mmstar_001350,mmstar,dense,True,False,False,44.32657663106919,131.31246343255043
13b,scope,mmstar_001353,mmstar,dense,False,False,False,111.12369622111319,304.63493801653385
13b,scope,mmstar_001366,mmstar,dense,False,False,False,147.2885630118847,402.90994569659233
13b,scope,mmstar_001371,mmstar,dense,False,False,False,47.23232281208038,139.96153511106968
13b,scope,mmstar_001378,mmstar,dense,False,False,False,43.96011772274971,131.61473535001278
13b,scope,mmstar_001379,mmstar,dense,False,False,False,49.407260595560075,147.76545576751232
13b,scope,mmstar_001382,mmstar,dense,True,False,False,46.66440395712853,138.84016871452332
13b,scope,mmstar_001394,mmstar,dense,True,False,False,129.0713493680954,378.25028225779533
13b,scope,mmstar_001395,mmstar,dense,True,False,False,47.48927596926689,137.59279064834118
13b,scope,mmstar_001397,mmstar,dense,True,False,False,58.37072005987167,166.87504760921001
13b,scope,mmstar_001401,mmstar,dense,False,False,False,55.117132090330124,155.01276962459087
13b,scope,mmstar_001402,mmstar,dense,False,False,False,47.42815712928772,131.63494504988194
13b,scope,mmstar_001410,mmstar,dense,False,False,False,286.6871153509617,698.2424445450306
13b,scope,mmstar_001412,mmstar,dense,False,False,False,62.98486643791199,158.43666344881058
13b,scope,mmstar_001420,mmstar,dense,False,False,False,56.01057191729545,144.5801518857479
13b,scope,mmstar_001421,mmstar,dense,True,False,False,72.0263890182972,186.99420429766178
13b,scope,mmstar_001424,mmstar,dense,True,False,False,196.2422314083576,500.6341002881527
13b,scope,mmstar_001427,mmstar,dense,True,False,False,59.787183775901795,150.5886558443308
13b,scope,mmstar_001432,mmstar,dense,True,False,True,52.646853780746454,132.54524394869804
13b,scope,mmstar_001434,mmstar,dense,False,False,False,241.5245678317547,722.794808447361
13b,scope,mmstar_001436,mmstar,dense,False,False,False,160.6317319214344,490.3053008019924
13b,scope,mmstar_001440,mmstar,dense,False,False,False,52.08041032791137,143.66731606423855
13b,scope,mmstar_001444,mmstar,dense,False,False,False,48.493618705272674,131.44270330667496
13b,scope,mmstar_001446,mmstar,dense,True,False,True,50.310684630870824,133.70302878320217
13b,scope,mmstar_001448,mmstar,dense,True,False,False,66.68437822937965,170.84565572440624
13b,scope,mmstar_001451,mmstar,dense,True,False,False,56.99893723726272,145.13383619487286
13b,scope,mmstar_001452,mmstar,dense,False,False,False,53.094327642917634,137.38912902772427
13b,scope,mmstar_001455,mmstar,dense,False,False,False,119.8498310315609,306.5983112901449
13b,scope,mmstar_001467,mmstar,dense,False,False,False,51.40500086545944,130.22751361131668
13b,scope,mmstar_001470,mmstar,dense,True,False,False,60.28778926134109,155.32951056957245
13b,scope,mmstar_001477,mmstar,dense,False,False,False,59.361986969709406,180.59387803077698
13b,scope,mmstar_001484,mmstar,dense,False,False,False,49.714453777074816,153.85407023131847
13b,scope,mmstar_001490,mmstar,dense,False,False,False,42.41328148365021,135.00759936869144
13b,scope,mmstar_001491,mmstar,dense,False,False,False,34.700753653049475,173.12953248620033
13b,scope,mmstar_001492,mmstar,dense,True,False,True,25.49590702533722,133.25178809463978
13b,scope,mmstar_001496,mmstar,dense,False,False,False,26.36126242518425,132.37929344177246
13b,scope,pope_adversarial_000324,pope_adversarial,432,True,False,True,71.66761775493622,311.9801413267851
13b,scope,pope_adversarial_000751,pope_adversarial,432,True,False,False,40.219665780067444,148.99321272969246
13b,scope,pope_adversarial_000781,pope_adversarial,432,True,False,False,50.675621073246006,176.21135525405407
13b,scope,pope_adversarial_000787,pope_adversarial,432,True,False,False,45.08754350066185,159.20869819819927
13b,scope,pope_adversarial_000828,pope_adversarial,432,True,True,False,40.20068088531494,149.86665174365044
13b,scope,pope_adversarial_000834,pope_adversarial,432,True,False,True,56.938871653079985,213.34967203438282
13b,scope,pope_adversarial_000840,pope_adversarial,432,True,False,True,42.94927381277084,156.25534765422344
13b,scope,pope_adversarial_000846,pope_adversarial,432,False,False,False,42.06343076705932,149.04953353106976
13b,scope,pope_adversarial_000852,pope_adversarial,432,True,False,True,47.953671705722805,162.44418360292912
13b,scope,pope_adversarial_000900,pope_adversarial,432,True,False,True,51.32295368313789,195.19979692995548
13b,scope,pope_adversarial_000908,pope_adversarial,432,True,False,True,44.69411190032959,170.28963193297386
13b,scope,pope_adversarial_000919,pope_adversarial,432,True,False,False,38.34199120521546,149.11732450127602
13b,scope,pope_adversarial_000930,pope_adversarial,432,True,False,True,36.61684566736221,148.20360951125622
13b,scope,pope_adversarial_000942,pope_adversarial,432,False,False,False,41.13942074775696,162.2846145182848
13b,scope,pope_adversarial_000984,pope_adversarial,432,True,False,True,40.16544523835182,150.2062138170004
13b,scope,pope_adversarial_000990,pope_adversarial,432,False,False,False,56.19541161537171,223.31464290618896
13b,scope,pope_adversarial_000997,pope_adversarial,432,True,False,False,36.30785273551941,148.8326322287321
13b,scope,pope_adversarial_001014,pope_adversarial,432,True,False,True,37.44944339394569,148.1376476585865
13b,scope,pope_adversarial_001020,pope_adversarial,432,True,False,True,39.82847668766975,152.998773381114
13b,scope,pope_adversarial_001032,pope_adversarial,432,True,False,True,38.62290091753006,147.28098176419735
13b,scope,pope_adversarial_001038,pope_adversarial,432,False,True,False,42.67340318441391,154.89730797708035
13b,scope,pope_adversarial_001045,pope_adversarial,432,True,False,False,49.005485179424284,163.26572000980377
13b,scope,pope_adversarial_001056,pope_adversarial,432,True,False,True,48.44110248327256,148.85885268449783
13b,scope,pope_adversarial_001080,pope_adversarial,432,True,False,True,56.89970460176468,179.76419255137444
13b,scope,pope_adversarial_001134,pope_adversarial,432,True,False,True,49.536930541992184,164.24479894340038
13b,scope,pope_adversarial_001206,pope_adversarial,432,True,False,True,153.8914990210533,622.3176810890436
13b,scope,pope_adversarial_001254,pope_adversarial,432,True,False,True,32.10939332842827,157.5998868793249
13b,scope,pope_adversarial_001302,pope_adversarial,432,True,False,True,30.689917380809785,149.9489601701498
13b,scope,pope_adversarial_001308,pope_adversarial,432,True,False,True,32.91664548277855,154.87116016447544
13b,scope,pope_adversarial_001320,pope_adversarial,432,True,False,True,37.1839733850956,158.34173373878002
13b,scope,pope_adversarial_001338,pope_adversarial,432,True,False,True,40.416662114858624,151.51677280664444
13b,scope,pope_adversarial_001344,pope_adversarial,432,True,True,False,45.872394769191736,152.1594077348709
13b,scope,pope_adversarial_001386,pope_adversarial,432,True,False,True,45.920241758823394,148.45265075564384
13b,scope,pope_adversarial_001392,pope_adversarial,432,True,False,True,51.068517925739286,167.07698069512844
13b,scope,pope_adversarial_001410,pope_adversarial,432,True,False,True,46.680684196949,153.78892049193382
13b,scope,pope_adversarial_001519,pope_adversarial,432,True,False,False,52.66523123979569,175.45879259705544
13b,scope,pope_adversarial_001530,pope_adversarial,432,True,False,True,46.84239477753639,157.92208909988403
13b,scope,pope_adversarial_001566,pope_adversarial,432,False,False,False,44.63218621969223,151.49426460266113
13b,scope,pope_adversarial_001584,pope_adversarial,432,True,False,True,44.13986158490181,148.6027706414461
13b,scope,pope_adversarial_001596,pope_adversarial,432,True,False,True,49.09999411106109,190.54607301950455
13b,scope,pope_adversarial_001716,pope_adversarial,432,True,False,True,38.45357433080673,150.77736787497997
13b,scope,pope_adversarial_001759,pope_adversarial,432,True,False,False,37.7482620549202,146.54858596622944
13b,scope,pope_adversarial_001782,pope_adversarial,432,True,False,True,36.97426971316337,149.09840375185013
13b,scope,pope_adversarial_001830,pope_adversarial,432,True,False,True,46.399859493970865,194.46200132369995
13b,scope,pope_adversarial_001854,pope_adversarial,432,False,True,False,91.85396964311599,409.4991236925125
13b,scope,pope_adversarial_001885,pope_adversarial,432,True,False,True,31.541340101957317,158.36812183260918
13b,scope,pope_adversarial_001890,pope_adversarial,432,False,False,False,80.08309148073195,406.35999105870724
13b,scope,pope_adversarial_001897,pope_adversarial,432,True,False,False,82.91283579587936,417.5572842359543
13b,scope,pope_adversarial_001908,pope_adversarial,432,True,False,True,32.49728786230087,159.36150960624218
13b,scope,pope_adversarial_001914,pope_adversarial,432,True,False,True,32.32807823538781,150.97523853182793
13b,scope,pope_adversarial_001932,pope_adversarial,432,True,False,True,35.85651109814644,147.66028337180614
13b,scope,pope_adversarial_001951,pope_adversarial,432,True,False,False,39.871574721336366,148.43126013875008
13b,scope,pope_adversarial_001956,pope_adversarial,432,True,False,True,47.715693269968035,166.82839579880238
13b,scope,pope_adversarial_001969,pope_adversarial,432,True,False,False,46.10561852574349,152.6107918471098
13b,scope,pope_adversarial_001981,pope_adversarial,432,True,False,False,44.52701656579972,149.54118058085442
13b,scope,pope_adversarial_001999,pope_adversarial,432,True,False,False,44.81895547151566,181.10551312565804
13b,scope,pope_adversarial_002016,pope_adversarial,432,True,False,True,36.355241746902465,149.49730597436428
13b,scope,pope_adversarial_002022,pope_adversarial,432,False,False,False,37.00261571645737,149.40384775400162
13b,scope,pope_adversarial_002029,pope_adversarial,432,True,False,False,40.06306409597397,157.10954368114471
13b,scope,pope_adversarial_002052,pope_adversarial,432,True,False,True,48.12864870309829,193.78753565251827
13b,scope,pope_adversarial_002082,pope_adversarial,432,True,False,True,41.036848858594894,186.59966252744198
13b,scope,pope_adversarial_002088,pope_adversarial,432,False,True,False,32.47213379740715,181.48918449878693
13b,scope,pope_adversarial_002136,pope_adversarial,432,True,False,True,29.199806890487668,149.41026642918587
13b,scope,pope_adversarial_002142,pope_adversarial,432,True,False,True,33.45403317451477,150.97784996032715
13b,scope,pope_adversarial_002160,pope_adversarial,432,True,False,True,36.0764665222168,149.45409446954727
13b,scope,pope_adversarial_002191,pope_adversarial,432,True,False,True,99.42263700962067,399.08794686198235
13b,scope,pope_adversarial_002221,pope_adversarial,432,True,False,False,38.31489289522171,181.76577799022198
13b,scope,pope_adversarial_002328,pope_adversarial,432,True,False,True,72.81609878778457,389.8626882582903
13b,scope,pope_adversarial_002341,pope_adversarial,432,True,False,True,29.909100759029386,151.9647166132927
13b,scope,pope_adversarial_002347,pope_adversarial,432,True,False,True,37.364536188840866,172.27223701775074
13b,scope,pope_adversarial_002394,pope_adversarial,432,True,True,False,35.04395525813103,148.73520471155643
13b,scope,pope_adversarial_002400,pope_adversarial,432,True,False,True,40.24680287241936,153.9224125444889
13b,scope,pope_adversarial_002466,pope_adversarial,432,True,False,True,48.45233942389488,169.83682848513126
13b,scope,pope_adversarial_002472,pope_adversarial,432,False,False,False,44.734274446964264,148.9636544138193
13b,scope,pope_adversarial_002478,pope_adversarial,432,True,False,True,46.39374641656876,153.69388833642006
13b,scope,pope_adversarial_002502,pope_adversarial,432,True,False,True,45.224460632801055,148.93007092177868
13b,scope,pope_adversarial_002514,pope_adversarial,432,True,False,True,45.15241849899292,149.52810667455196
13b,scope,pope_adversarial_002526,pope_adversarial,432,True,False,True,49.63444282770158,189.48846496641636
13b,scope,pope_adversarial_002532,pope_adversarial,432,True,False,True,38.45956470131874,150.61873756349087
13b,scope,pope_adversarial_002575,pope_adversarial,432,True,False,True,39.503676179647435,151.68834291398525
13b,scope,pope_adversarial_002592,pope_adversarial,432,True,False,True,40.91081280469895,159.02922116219997
13b,scope,pope_adversarial_002610,pope_adversarial,432,False,False,False,38.74798545360565,149.79351870715618
13b,scope,pope_adversarial_002623,pope_adversarial,432,True,False,True,40.99647966861725,149.81495961546898
13b,scope,pope_adversarial_002634,pope_adversarial,432,True,False,True,39.76205536603928,188.92746977508068
13b,scope,pope_adversarial_002664,pope_adversarial,432,True,False,True,30.857234416007998,150.09143203496933
13b,scope,pope_adversarial_002689,pope_adversarial,432,True,False,False,31.564954004287724,148.77751097083092
13b,scope,pope_adversarial_002696,pope_adversarial,432,True,False,True,33.928287184238435,151.12227201461792
13b,scope,pope_adversarial_002724,pope_adversarial,432,True,False,True,37.88089074492455,150.62465704977512
13b,scope,pope_adversarial_002730,pope_adversarial,432,True,False,True,42.314700721502305,149.34751577675343
13b,scope,pope_adversarial_002761,pope_adversarial,432,False,False,False,46.40944735050201,154.65819649398327
13b,scope,pope_adversarial_002772,pope_adversarial,432,True,False,True,49.40895895957947,158.9593794196844
13b,scope,pope_adversarial_002790,pope_adversarial,432,True,False,True,46.36156492233276,147.44769223034382
13b,scope,pope_adversarial_002808,pope_adversarial,432,True,False,True,49.942247558832165,160.42404994368553
13b,scope,pope_adversarial_002840,pope_adversarial,432,True,False,True,46.04915636062622,149.8708799481392
13b,scope,pope_adversarial_002850,pope_adversarial,432,True,True,False,46.4893427503109,151.96219645440578
13b,scope,pope_adversarial_002875,pope_adversarial,432,True,False,False,46.833118686676016,152.07927860319614
13b,scope,pope_adversarial_002894,pope_adversarial,432,True,False,True,48.32462064743042,155.41726537048817
13b,scope,pope_adversarial_002910,pope_adversarial,432,True,False,True,47.50845680236817,152.0785093307495
13b,scope,pope_adversarial_002923,pope_adversarial,432,False,True,False,51.108051381111146,168.39852929115295
13b,scope,pope_adversarial_002952,pope_adversarial,432,True,False,True,44.666909641027445,148.7800721079111
13b,scope,pope_popular_000324,pope_popular,432,True,False,True,105.83830500125885,384.25799645483494
13b,scope,pope_popular_000751,pope_popular,432,True,False,False,38.50483164191246,153.0900839716196
13b,scope,pope_popular_000757,pope_popular,432,True,False,True,37.57683142185211,149.46690760552883
13b,scope,pope_popular_000768,pope_popular,432,True,False,True,37.66218971014023,148.32833036780357
13b,scope,pope_popular_000787,pope_popular,432,True,False,False,44.37200257778167,177.06643231213093
13b,scope,pope_popular_000792,pope_popular,432,False,False,False,39.08640368461609,147.84995652735233
13b,scope,pope_popular_000799,pope_popular,432,True,False,True,40.430269815921775,151.8448069691658
13b,scope,pope_popular_000811,pope_popular,432,True,False,True,41.43193614006042,178.2724503427744
13b,scope,pope_popular_000816,pope_popular,432,True,True,False,35.39052073478699,149.14324507117271
13b,scope,pope_popular_000864,pope_popular,432,True,False,True,37.33456779241561,148.83449114859104
13b,scope,pope_popular_000876,pope_popular,432,True,False,True,38.90463229417801,148.0964757502079
13b,scope,pope_popular_000882,pope_popular,432,False,False,False,43.946724152565004,165.30953347682953
13b,scope,pope_popular_000888,pope_popular,432,True,False,True,47.83963200569153,166.58479534089565
13b,scope,pope_popular_000895,pope_popular,432,True,False,True,47.80440690159798,158.17316435277462
13b,scope,pope_popular_000900,pope_popular,432,True,False,True,45.01025696516037,150.79551748931408
13b,scope,pope_popular_000919,pope_popular,432,True,False,True,46.53084047555923,156.48487024009228
13b,scope,pope_popular_000960,pope_popular,432,True,False,True,44.428129835128786,148.3787801116705
13b,scope,pope_popular_000984,pope_popular,432,True,False,True,49.105304377079015,161.7239974439144
13b,scope,pope_popular_001002,pope_popular,432,True,False,True,45.430390312671655,149.63509887456894
13b,scope,pope_popular_001014,pope_popular,432,True,False,True,45.497953087091446,148.82527105510235
13b,scope,pope_popular_001045,pope_popular,432,True,False,False,51.60756923794746,195.05351595580578
13b,scope,pope_popular_001056,pope_popular,432,True,False,True,38.11328258752823,149.8838011175394
13b,scope,pope_popular_001068,pope_popular,432,True,False,True,41.025398858785636,160.5317872017622
13b,scope,pope_popular_001075,pope_popular,432,True,False,False,38.73215924620629,148.38434010744095
13b,scope,pope_popular_001086,pope_popular,432,True,False,True,39.56771436691284,148.00366759300232
13b,scope,pope_popular_001098,pope_popular,432,True,False,True,45.4850156891346,157.64972753822803
13b,scope,pope_popular_001122,pope_popular,432,True,False,True,45.718423084020614,151.32239274680614
13b,scope,pope_popular_001128,pope_popular,432,True,False,True,46.29142566561699,149.3113748729229
13b,scope,pope_popular_001158,pope_popular,432,True,False,True,47.64760613322258,153.12616527080536
13b,scope,pope_popular_001171,pope_popular,432,True,False,True,49.21500702857971,187.98160180449486
13b,scope,pope_popular_001182,pope_popular,432,True,False,True,38.38529020786285,150.42718686163425
13b,scope,pope_popular_001188,pope_popular,432,True,False,True,52.98931489348412,212.6624658703804
13b,scope,pope_popular_001195,pope_popular,432,True,False,False,36.04901488184929,148.3257282525301
13b,scope,pope_popular_001224,pope_popular,432,False,False,False,40.745653159618385,156.93673118948936
13b,scope,pope_popular_001272,pope_popular,432,False,False,False,42.262103002071385,150.1491442322731
13b,scope,pope_popular_001278,pope_popular,432,True,False,True,45.18137041926384,152.9676765203476
13b,scope,pope_popular_001332,pope_popular,432,False,False,False,45.69342785716057,149.44978803396225
13b,scope,pope_popular_001356,pope_popular,432,False,False,False,47.42531377315521,148.74818548560143
13b,scope,pope_popular_001369,pope_popular,432,True,False,False,55.12335603594779,170.46833410859108
13b,scope,pope_popular_001392,pope_popular,432,True,False,True,46.60504336833954,148.86995404958725
13b,scope,pope_popular_001458,pope_popular,432,True,False,True,45.616091594696044,149.47006665170193
13b,scope,pope_popular_001500,pope_popular,432,True,False,True,48.50545816302299,158.98557007312775
13b,scope,pope_popular_001507,pope_popular,432,True,False,False,45.94384420633316,149.38814751803875
13b,scope,pope_popular_001548,pope_popular,432,True,False,True,46.50746140837669,150.2271145582199
13b,scope,pope_popular_001566,pope_popular,432,False,False,False,45.99864110469818,149.61905032396317
13b,scope,pope_popular_001626,pope_popular,432,True,False,True,46.999263644218445,151.28277987241745
13b,scope,pope_popular_001644,pope_popular,432,True,False,True,47.16866380095482,148.6699227243662
13b,scope,pope_popular_001651,pope_popular,432,True,False,False,49.2542421913147,149.46293830871582
13b,scope,pope_popular_001681,pope_popular,432,True,False,False,75.71669238448143,246.2905254215002
13b,scope,pope_popular_001704,pope_popular,432,True,False,True,43.295588333606716,148.80013279616833
13b,scope,pope_popular_001716,pope_popular,432,True,False,True,44.236890188455575,150.04747174680233
13b,scope,pope_popular_001722,pope_popular,432,True,False,True,44.60923395633697,151.01823769509792
13b,scope,pope_popular_001747,pope_popular,432,True,False,False,44.65471314430238,157.01814368367195
13b,scope,pope_popular_001759,pope_popular,432,True,False,False,42.674797242879876,148.444551974535
13b,scope,pope_popular_001794,pope_popular,432,True,False,True,48.324371938705454,164.8350115865469
13b,scope,pope_popular_001824,pope_popular,432,True,False,True,52.06270302772522,178.09597216546535
13b,scope,pope_popular_001831,pope_popular,432,True,False,False,44.792710037231444,156.8626519292593
13b,scope,pope_popular_001842,pope_popular,432,False,False,False,43.17802716732025,149.73442070186138
13b,scope,pope_popular_001861,pope_popular,432,True,False,False,44.28526231765747,148.38701859116554
13b,scope,pope_popular_001866,pope_popular,432,True,False,True,52.43163820981978,174.8849768191576
13b,scope,pope_popular_001878,pope_popular,432,True,False,True,46.352084227800376,154.18832562863827
13b,scope,pope_popular_001908,pope_popular,432,True,False,True,107.60725540280343,388.18660750985146
13b,scope,pope_popular_001932,pope_popular,432,True,False,True,88.33337978601456,397.81200885772705
13b,scope,pope_popular_002047,pope_popular,432,True,False,False,75.61603525161743,401.38999558985233
13b,scope,pope_popular_002070,pope_popular,432,True,False,True,30.4890073633194,150.59317462146282
13b,scope,pope_popular_002082,pope_popular,432,True,False,True,32.55596487522125,148.06385897099972
13b,scope,pope_popular_002124,pope_popular,432,True,False,True,35.56764972090721,149.9292403459549
13b,scope,pope_popular_002130,pope_popular,432,True,False,True,43.59441041111946,174.44472014904022
13b,scope,pope_popular_002172,pope_popular,432,False,False,False,39.978690333366394,150.199381634593
13b,scope,pope_popular_002202,pope_popular,432,True,False,True,95.18136138319969,396.199356764555
13b,scope,pope_popular_002232,pope_popular,432,True,False,True,33.812216598987575,148.51175993680954
13b,scope,pope_popular_002274,pope_popular,432,True,False,True,35.88075214862823,148.2575610280037
13b,scope,pope_popular_002304,pope_popular,432,True,False,True,39.301821079254154,155.44448979198933
13b,scope,pope_popular_002310,pope_popular,432,True,False,True,39.28447853803635,151.80335380136967
13b,scope,pope_popular_002328,pope_popular,432,True,False,True,40.54830101013183,151.75290405750275
13b,scope,pope_popular_002365,pope_popular,432,True,False,True,40.16771927118301,150.9488094598055
13b,scope,pope_popular_002370,pope_popular,432,True,False,True,39.36841788649559,148.11094850301743
13b,scope,pope_popular_002425,pope_popular,432,True,False,True,39.666004955768585,149.3126880377531
13b,scope,pope_popular_002430,pope_popular,432,True,False,True,42.80988146185874,161.12478449940681
13b,scope,pope_popular_002436,pope_popular,432,True,False,True,49.064174075126644,193.44129413366318
13b,scope,pope_popular_002449,pope_popular,432,True,False,True,37.92289442300796,150.47335252165794
13b,scope,pope_popular_002460,pope_popular,432,True,False,True,39.65950138092041,150.2852328121662
13b,scope,pope_popular_002478,pope_popular,432,True,False,True,40.178588697910314,149.44412000477314
13b,scope,pope_popular_002490,pope_popular,432,True,False,True,41.37150079965592,152.9796328395605
13b,scope,pope_popular_002496,pope_popular,432,False,True,False,48.605891215801236,182.1798998862505
13b,scope,pope_popular_002539,pope_popular,432,True,False,False,42.87425006628037,169.80010084807873
13b,scope,pope_popular_002575,pope_popular,432,True,False,False,87.1663204407692,398.1354907155037
13b,scope,pope_popular_002640,pope_popular,432,True,False,True,30.45230062007904,149.98837001621723
13b,scope,pope_popular_002658,pope_popular,432,True,False,True,30.320085917711257,149.8778611421585
13b,scope,pope_popular_002670,pope_popular,432,True,False,True,39.185786328315736,193.73204372823238
13b,scope,pope_popular_002683,pope_popular,432,True,False,True,37.148614370822905,173.40144328773022
13b,scope,pope_popular_002689,pope_popular,432,True,False,False,34.51793938159942,150.67246556282043
13b,scope,pope_popular_002724,pope_popular,432,True,False,True,40.606492813825604,167.13475808501244
13b,scope,pope_popular_002737,pope_popular,432,True,False,False,37.88243790626526,150.71231685578823
13b,scope,pope_popular_002784,pope_popular,432,False,False,False,42.7972166633606,150.75330808758736
13b,scope,pope_popular_002808,pope_popular,432,True,False,True,53.22866963267326,198.28299805521965
13b,scope,pope_popular_002898,pope_popular,432,False,False,False,41.77525913000107,156.24665468931198
13b,scope,pope_popular_002923,pope_popular,432,True,False,False,38.98648640632629,149.5856959372759
13b,scope,pope_popular_002941,pope_popular,432,True,False,False,37.66288369297981,148.57226237654686
13b,scope,pope_popular_002965,pope_popular,432,True,False,False,40.40196101069451,159.66517105698586
13b,scope,pope_random_000751,pope_random,128,True,False,False,30.432234742641445,113.84745128452778
13b,scope,pope_random_000774,pope_random,128,True,False,True,38.71196508407593,136.72643341124058
13b,scope,pope_random_000792,pope_random,128,False,False,False,32.183587443828586,113.38386125862598
13b,scope,pope_random_000800,pope_random,128,True,False,True,27.846032741069795,98.52598793804646
13b,scope,pope_random_000816,pope_random,128,True,False,True,27.65128648161888,99.05529394745827
13b,scope,pope_random_000822,pope_random,128,False,False,False,24.781736578941345,150.35035461187363
13b,scope,pope_random_000828,pope_random,128,False,False,False,16.021228895187377,100.89521668851376
13b,scope,pope_random_000846,pope_random,128,False,False,False,16.1448415517807,99.31579604744911
13b,scope,pope_random_000852,pope_random,128,True,False,True,16.839381922483444,101.82749107480049
13b,scope,pope_random_000870,pope_random,128,True,False,True,18.415254871845246,99.25426729023457
13b,scope,pope_random_000876,pope_random,128,True,False,True,20.452528160810473,99.51031766831875
13b,scope,pope_random_000882,pope_random,128,False,False,False,22.32053152561188,100.33171437680721
13b,scope,pope_random_000888,pope_random,128,True,False,True,85.73287701010705,360.1500764489174
13b,scope,pope_random_000900,pope_random,128,True,False,True,74.15725519061088,346.598906442523
13b,scope,pope_random_000907,pope_random,128,True,False,False,20.93472244977951,104.58788461983204
13b,scope,pope_random_000912,pope_random,128,True,False,True,21.151989047527312,106.7759096622467
13b,scope,pope_random_001020,pope_random,128,True,False,True,19.70174403309822,99.18651357293129
13b,scope,pope_random_001050,pope_random,128,False,True,False,21.380095697641377,100.3972738981247
13b,scope,pope_random_001086,pope_random,128,True,False,True,21.624308110475543,99.80875812470913
13b,scope,pope_random_001104,pope_random,128,True,False,True,24.524386380910876,101.74666531383991
13b,scope,pope_random_001110,pope_random,128,False,False,False,24.898004424571994,100.58249533176422
13b,scope,pope_random_001122,pope_random,128,True,False,True,27.632572456598282,102.49239951372147
13b,scope,pope_random_001128,pope_random,128,True,False,True,27.997185754775998,100.93511827290058
13b,scope,pope_random_001134,pope_random,128,True,False,True,33.39523276209831,118.96508187055588
13b,scope,pope_random_001141,pope_random,128,True,False,False,27.779957373142242,100.3935243934393
13b,scope,pope_random_001146,pope_random,128,True,False,True,28.222178802490234,101.58789157867432
13b,scope,pope_random_001200,pope_random,128,False,True,False,27.432891536951065,97.96083718538284
13b,scope,pope_random_001218,pope_random,128,True,False,True,34.51683205723763,124.7167456895113
13b,scope,pope_random_001248,pope_random,128,False,False,False,28.15783261537552,102.1722462028265
13b,scope,pope_random_001278,pope_random,128,True,False,True,26.94786303639412,99.01612438261509
13b,scope,pope_random_001302,pope_random,128,True,False,True,27.320457694530486,99.92350079119205
13b,scope,pope_random_001338,pope_random,128,True,False,True,27.87378869652748,99.37343560159206
13b,scope,pope_random_001362,pope_random,128,True,False,True,92.0130025947094,349.3578191846609
13b,scope,pope_random_001386,pope_random,128,True,False,True,24.11486003637314,100.78410618007183
13b,scope,pope_random_001423,pope_random,128,True,False,False,24.18230139732361,100.22731311619282
13b,scope,pope_random_001480,pope_random,128,True,False,True,25.170624108314513,104.24232296645641
13b,scope,pope_random_001520,pope_random,128,True,False,True,24.198072395324708,99.59276765584946
13b,scope,pope_random_001554,pope_random,128,True,False,True,24.84271076440811,102.42247767746449
13b,scope,pope_random_001574,pope_random,128,True,False,True,23.59559965491295,97.66135364770889
13b,scope,pope_random_001620,pope_random,128,True,False,True,24.607760852575304,98.42103905975819
13b,scope,pope_random_001674,pope_random,128,True,False,True,26.571941614150997,99.9402217566967
13b,scope,pope_random_001682,pope_random,128,True,True,False,26.390331184864046,99.95217993855476
13b,scope,pope_random_001740,pope_random,128,False,False,False,24.841389350891113,96.0837621241808
13b,scope,pope_random_001754,pope_random,128,True,False,True,29.96295987725258,139.96754586696625
13b,scope,pope_random_001764,pope_random,128,True,False,True,20.893916826248173,99.95374083518982
13b,scope,pope_random_001801,pope_random,128,True,False,False,20.718602503538133,102.14695893228054
13b,scope,pope_random_001814,pope_random,128,True,False,True,21.42549721956253,132.61618465185165
13b,scope,pope_random_001832,pope_random,128,True,False,True,18.805253734588625,114.00137469172478
13b,scope,pope_random_001842,pope_random,128,True,True,False,16.839258780479433,98.65063242614269
13b,scope,pope_random_001854,pope_random,128,False,True,False,16.84672688007355,98.52731972932816
13b,scope,pope_random_001872,pope_random,128,True,False,True,18.287745456695557,97.58997149765491
13b,scope,pope_random_001878,pope_random,128,True,False,True,18.734228186607364,98.8127589225769
13b,scope,pope_random_001921,pope_random,128,True,False,False,22.364015030860898,98.6781008541584
13b,scope,pope_random_001938,pope_random,128,True,False,True,23.58412845134735,100.45968554913998
13b,scope,pope_random_001963,pope_random,128,True,False,False,26.59780015230179,99.56952929496765
13b,scope,pope_random_001982,pope_random,128,True,False,True,27.087562048435217,98.72398152947426
13b,scope,pope_random_001992,pope_random,128,True,False,True,29.146558778285982,101.22274979948997
13b,scope,pope_random_002036,pope_random,128,True,False,True,30.355958454608917,106.21890611946583
13b,scope,pope_random_002082,pope_random,128,True,False,True,17.72600396633148,148.02956767380238
13b,scope,pope_random_002088,pope_random,128,False,True,False,12.779504706859589,102.13121771812439
13b,scope,pope_random_002094,pope_random,128,True,True,False,14.044509422779084,100.32111220061779
13b,scope,pope_random_002100,pope_random,128,False,True,False,16.342440493106842,101.59670375287533
13b,scope,pope_random_002114,pope_random,128,False,False,False,18.54137328028679,100.32287240028381
13b,scope,pope_random_002124,pope_random,128,True,False,True,20.888240032196045,99.845627322793
13b,scope,pope_random_002136,pope_random,128,True,False,True,22.2044965839386,96.72653675079346
13b,scope,pope_random_002166,pope_random,128,False,True,False,25.48478694677353,100.4401445388794
13b,scope,pope_random_002214,pope_random,128,True,False,True,26.498941749334335,97.74488396942616
13b,scope,pope_random_002238,pope_random,128,True,False,True,28.743163664340972,102.18176804482937
13b,scope,pope_random_002250,pope_random,128,False,False,False,88.70947366833687,320.9994677454233
13b,scope,pope_random_002347,pope_random,128,True,False,False,25.468604965209966,98.27238880097866
13b,scope,pope_random_002358,pope_random,128,True,False,True,24.933018400669102,96.41772508621216
13b,scope,pope_random_002370,pope_random,128,True,False,True,24.99665785431862,98.90177473425865
13b,scope,pope_random_002400,pope_random,128,True,False,True,33.25462966561318,132.27123208343983
13b,scope,pope_random_002420,pope_random,128,True,False,True,25.45831561088562,102.16008871793747
13b,scope,pope_random_002430,pope_random,128,True,False,True,87.41648813724518,361.0685970634222
13b,scope,pope_random_002449,pope_random,128,True,False,False,25.51467752456665,105.82265630364418
13b,scope,pope_random_002466,pope_random,128,True,False,True,24.48456196308136,100.40047205984592
13b,scope,pope_random_002520,pope_random,128,True,False,True,25.946745824813846,106.49157874286175
13b,scope,pope_random_002540,pope_random,128,True,False,True,23.72950729370117,97.45721146464348
13b,scope,pope_random_002551,pope_random,128,True,False,False,24.4700929582119,100.97693651914597
13b,scope,pope_random_002562,pope_random,128,True,False,True,23.74540854692459,98.00092317163944
13b,scope,pope_random_002568,pope_random,128,True,False,True,25.622118916511536,99.37738627195358
13b,scope,pope_random_002592,pope_random,128,True,False,True,25.507371616363525,98.5996387898922
13b,scope,pope_random_002652,pope_random,128,True,False,True,27.683383140563965,99.19105656445026
13b,scope,pope_random_002730,pope_random,128,True,False,True,91.47772115707397,351.4045551419258
13b,scope,pope_random_002742,pope_random,128,True,False,True,25.80455642938614,107.7779196202755
13b,scope,pope_random_002756,pope_random,128,True,False,True,26.550352871418,108.83360542356968
13b,scope,pope_random_002766,pope_random,128,True,False,True,24.170750230550766,98.62598031759262
13b,scope,pope_random_002790,pope_random,128,True,False,True,24.509452352523805,97.76411205530167
13b,scope,pope_random_002826,pope_random,128,True,False,True,24.86736186504364,99.13220256567001
13b,scope,pope_random_002832,pope_random,128,True,False,True,25.338509929180145,99.4223989546299
13b,scope,pope_random_002850,pope_random,128,True,True,False,25.89045457243919,100.53795576095581
13b,scope,pope_random_002856,pope_random,128,True,False,True,27.55486298561096,98.94297271966934
13b,scope,pope_random_002862,pope_random,128,True,False,True,29.196320880651474,103.34460437297821
13b,scope,pope_random_002894,pope_random,128,True,False,True,29.966365551948545,100.57628713548183
13b,scope,pope_random_002928,pope_random,128,True,False,True,29.7743504679203,99.89269077777863
13b,scope,pope_random_002966,pope_random,128,True,False,True,29.72645794391632,99.64379854500294
13b,scope,pope_random_002970,pope_random,128,True,False,True,29.445955302715298,98.69622066617012
13b,scope,pope_random_002982,pope_random,128,True,False,True,29.720637178421022,99.60737824440002
13b,scope,pope_random_002994,pope_random,128,True,False,True,29.82505531311035,99.90530088543892
13b,scope,visual_counterfact_color_000002,visual_counterfact_color,432,True,False,True,50.41942102432251,169.47365552186966
13b,scope,visual_counterfact_color_000005,visual_counterfact_color,432,True,False,True,50.660612356662746,198.62231239676476
13b,scope,visual_counterfact_color_000014,visual_counterfact_color,432,True,False,True,42.34771964788437,172.13042452931404
13b,scope,visual_counterfact_color_000016,visual_counterfact_color,432,True,False,True,48.469727816581724,201.6007248312235
13b,scope,visual_counterfact_color_000023,visual_counterfact_color,432,True,False,True,39.13559317588806,162.35507279634476
13b,scope,visual_counterfact_color_000024,visual_counterfact_color,432,True,False,True,41.004108631610876,159.2712290585041
13b,scope,visual_counterfact_color_000026,visual_counterfact_color,432,True,False,True,44.085020303726196,150.41610412299633
13b,scope,visual_counterfact_color_000027,visual_counterfact_color,432,True,False,True,47.342966413497926,155.5957943201065
13b,scope,visual_counterfact_color_000034,visual_counterfact_color,432,True,False,True,46.84007582664489,149.869067594409
13b,scope,visual_counterfact_color_000035,visual_counterfact_color,432,True,False,True,51.349025545120234,161.6564877331257
13b,scope,visual_counterfact_color_000038,visual_counterfact_color,432,True,False,True,58.468006023168556,186.6922527551651
13b,scope,visual_counterfact_color_000049,visual_counterfact_color,432,True,False,True,48.75837589502335,162.8408059477806
13b,scope,visual_counterfact_color_000053,visual_counterfact_color,432,True,False,True,43.33513490319252,146.34172432124615
13b,scope,visual_counterfact_color_000055,visual_counterfact_color,432,True,False,True,111.49731095790864,410.1245179772377
13b,scope,visual_counterfact_color_000056,visual_counterfact_color,432,True,False,True,41.08650199174881,159.14845280349255
13b,scope,visual_counterfact_color_000058,visual_counterfact_color,432,True,False,True,44.52101436018943,165.5036173760891
13b,scope,visual_counterfact_color_000063,visual_counterfact_color,432,True,False,True,41.93187213420868,158.57438370585442
13b,scope,visual_counterfact_color_000064,visual_counterfact_color,432,True,False,True,40.302292715311054,151.44657343626022
13b,scope,visual_counterfact_color_000065,visual_counterfact_color,432,True,False,True,47.22435356020927,169.161943718791
13b,scope,visual_counterfact_color_000069,visual_counterfact_color,432,True,False,True,45.17573829293251,149.04491417109966
13b,scope,visual_counterfact_color_000071,visual_counterfact_color,432,True,False,True,47.8815258026123,150.47700516879559
13b,scope,visual_counterfact_color_000072,visual_counterfact_color,432,True,False,True,50.202139673233035,159.92940589785576
13b,scope,visual_counterfact_color_000077,visual_counterfact_color,432,True,False,True,47.87945601463318,152.4665504693985
13b,scope,visual_counterfact_color_000081,visual_counterfact_color,432,True,False,True,51.8670065498352,163.81885297596455
13b,scope,visual_counterfact_color_000087,visual_counterfact_color,432,True,False,True,55.82660475730896,174.77158643305302
13b,scope,visual_counterfact_color_000089,visual_counterfact_color,432,True,False,True,46.940091793537135,147.73069508373737
13b,scope,visual_counterfact_color_000090,visual_counterfact_color,432,True,False,True,49.924536219835275,160.27663834393024
13b,scope,visual_counterfact_color_000097,visual_counterfact_color,432,True,True,False,46.61725569605828,150.50680376589298
13b,scope,visual_counterfact_color_000098,visual_counterfact_color,432,True,False,True,46.93301844596863,151.97347663342953
13b,scope,visual_counterfact_color_000099,visual_counterfact_color,432,True,False,True,68.51594211101532,224.7158233076334
13b,scope,visual_counterfact_color_000101,visual_counterfact_color,432,True,False,True,48.86445443272591,165.92410765588284
13b,scope,visual_counterfact_color_000102,visual_counterfact_color,432,True,False,True,43.34894890904427,149.90604296326637
13b,scope,visual_counterfact_color_000104,visual_counterfact_color,432,True,False,True,46.282547653913504,160.626033321023
13b,scope,visual_counterfact_color_000107,visual_counterfact_color,432,True,False,True,55.24958108186721,185.13716012239456
13b,scope,visual_counterfact_color_000113,visual_counterfact_color,432,True,False,True,46.01125110626221,155.481381341815
13b,scope,visual_counterfact_color_000114,visual_counterfact_color,432,True,False,True,53.55530203700065,176.49072781205177
13b,scope,visual_counterfact_color_000115,visual_counterfact_color,432,True,False,True,73.7950067961216,246.13113142549992
13b,scope,visual_counterfact_color_000116,visual_counterfact_color,432,True,False,True,47.98733426332474,171.12863808870316
13b,scope,visual_counterfact_color_000124,visual_counterfact_color,432,True,False,True,42.75504321098328,153.01520563662052
13b,scope,visual_counterfact_color_000131,visual_counterfact_color,432,True,False,True,45.12344687223434,159.6673931926489
13b,scope,visual_counterfact_color_000134,visual_counterfact_color,432,True,False,True,51.96488319635391,184.97856333851814
13b,scope,visual_counterfact_color_000137,visual_counterfact_color,432,True,False,True,47.33712888240814,165.78334011137486
13b,scope,visual_counterfact_color_000140,visual_counterfact_color,432,True,False,True,70.83103636741637,240.21692015230656
13b,scope,visual_counterfact_color_000147,visual_counterfact_color,432,False,True,False,46.824263869523996,165.08409567177296
13b,scope,visual_counterfact_color_000149,visual_counterfact_color,432,True,False,True,46.96024978756904,169.75077614188194
13b,scope,visual_counterfact_color_000152,visual_counterfact_color,432,True,False,True,40.86861491203308,148.93226511776447
13b,scope,visual_counterfact_color_000153,visual_counterfact_color,432,True,False,True,44.54215386390686,162.44217194616795
13b,scope,visual_counterfact_color_000156,visual_counterfact_color,432,True,False,True,60.01574084997177,242.8854014724493
13b,scope,visual_counterfact_color_000159,visual_counterfact_color,432,True,False,True,85.46288600444795,394.3744320422411
13b,scope,visual_counterfact_color_000168,visual_counterfact_color,432,True,False,True,32.31267329931259,156.0582648962736
13b,scope,visual_counterfact_color_000171,visual_counterfact_color,432,True,False,True,32.18214017391205,147.34287187457085
13b,scope,visual_counterfact_color_000173,visual_counterfact_color,432,True,False,True,37.71701908946037,159.12244655191898
13b,scope,visual_counterfact_color_000176,visual_counterfact_color,432,True,False,True,43.38671325683595,167.9980829358101
13b,scope,visual_counterfact_color_000180,visual_counterfact_color,432,True,False,True,50.85245710372925,177.47789435088634
13b,scope,visual_counterfact_color_000182,visual_counterfact_color,432,True,False,True,47.49875608921051,152.8554055839777
13b,scope,visual_counterfact_color_000186,visual_counterfact_color,432,True,False,True,46.709042736291885,149.61235970258713
13b,scope,visual_counterfact_color_000189,visual_counterfact_color,432,True,False,True,48.05554061889648,152.44478732347488
13b,scope,visual_counterfact_color_000190,visual_counterfact_color,432,True,False,True,49.88346470832825,156.49433992803097
13b,scope,visual_counterfact_color_000191,visual_counterfact_color,432,True,False,True,50.58509757518769,192.3878751695156
13b,scope,visual_counterfact_color_000198,visual_counterfact_color,432,True,False,True,41.22949157714844,164.61108811199665
13b,scope,visual_counterfact_color_000200,visual_counterfact_color,432,True,False,True,40.93732130527496,159.03956815600395
13b,scope,visual_counterfact_color_000201,visual_counterfact_color,432,True,False,True,39.012969982624064,149.56722781062126
13b,scope,visual_counterfact_color_000206,visual_counterfact_color,432,True,False,True,39.79512259364128,150.5973767489195
13b,scope,visual_counterfact_color_000207,visual_counterfact_color,432,True,False,True,41.27518883943558,148.86670373380184
13b,scope,visual_counterfact_color_000217,visual_counterfact_color,432,True,False,True,48.64998813509941,161.1329559236765
13b,scope,visual_counterfact_color_000220,visual_counterfact_color,432,True,False,True,49.88903514266014,152.57862024009228
13b,scope,visual_counterfact_color_000221,visual_counterfact_color,432,True,False,True,50.79461104393005,157.27975592017174
13b,scope,visual_counterfact_color_000223,visual_counterfact_color,432,True,False,True,62.82465558528901,199.06585663557053
13b,scope,visual_counterfact_color_000227,visual_counterfact_color,432,True,False,True,51.463584764003755,166.2480104714632
13b,scope,visual_counterfact_color_000228,visual_counterfact_color,432,True,False,True,52.58481372833252,171.9379834830761
13b,scope,visual_counterfact_color_000233,visual_counterfact_color,432,True,False,True,49.7762091934681,165.21425172686577
13b,scope,visual_counterfact_color_000236,visual_counterfact_color,432,True,False,True,48.675189993381494,164.34129513800144
13b,scope,visual_counterfact_color_000239,visual_counterfact_color,432,True,False,True,47.6776219034195,161.34324669837952
13b,scope,visual_counterfact_color_000246,visual_counterfact_color,432,True,False,True,45.90978209972381,151.67569555342197
13b,scope,visual_counterfact_color_000252,visual_counterfact_color,432,True,False,True,46.40504391670227,150.6094243377447
13b,scope,visual_counterfact_color_000260,visual_counterfact_color,432,True,False,True,46.334027531147,149.23779480159283
13b,scope,visual_counterfact_color_000263,visual_counterfact_color,432,True,False,True,48.294966541528694,154.3830968439579
13b,scope,visual_counterfact_color_000265,visual_counterfact_color,432,True,False,True,50.8204184794426,161.0364057123661
13b,scope,visual_counterfact_color_000266,visual_counterfact_color,432,True,False,True,47.2888729929924,148.22562783956528
13b,scope,visual_counterfact_color_000270,visual_counterfact_color,432,True,False,True,50.78731437087058,160.05494818091393
13b,scope,visual_counterfact_color_000271,visual_counterfact_color,432,True,False,True,58.898137768507,190.09283930063248
13b,scope,visual_counterfact_color_000272,visual_counterfact_color,432,True,False,True,47.81281583786011,156.37807920575142
13b,scope,visual_counterfact_color_000278,visual_counterfact_color,432,True,False,True,46.827749814987186,153.73092889785767
13b,scope,visual_counterfact_color_000281,visual_counterfact_color,432,True,False,True,46.16725750207901,154.37976457178593
13b,scope,visual_counterfact_color_000282,visual_counterfact_color,432,True,False,True,53.91405525803566,186.8037637323141
13b,scope,visual_counterfact_color_000285,visual_counterfact_color,432,True,False,True,45.18935400485993,158.27341191470623
13b,scope,visual_counterfact_color_000286,visual_counterfact_color,432,True,False,True,55.82686872959137,185.37166342139244
13b,scope,visual_counterfact_color_000289,visual_counterfact_color,432,True,False,True,49.89229294300079,166.49370454251766
13b,scope,visual_counterfact_color_000294,visual_counterfact_color,432,True,False,True,51.734631798267365,171.4558731764555
13b,scope,visual_counterfact_color_000299,visual_counterfact_color,432,True,False,True,49.31807666301727,160.83546169102192
13b,scope,visual_counterfact_color_000309,visual_counterfact_color,432,True,False,True,47.05341210365296,155.34627065062523
13b,scope,visual_counterfact_color_000312,visual_counterfact_color,432,True,False,True,46.823947590589526,156.1764758080244
13b,scope,visual_counterfact_color_000314,visual_counterfact_color,432,True,False,True,44.636953520774846,148.6719213426113
13b,scope,visual_counterfact_color_000316,visual_counterfact_color,432,True,False,True,47.32346046686173,152.59134210646152
13b,scope,visual_counterfact_color_000319,visual_counterfact_color,432,True,False,True,52.12826483011246,164.5761802792549
13b,scope,visual_counterfact_color_000321,visual_counterfact_color,432,True,False,True,48.261869039535526,153.9308186620474
13b,scope,visual_counterfact_color_000326,visual_counterfact_color,432,True,False,True,76.03000858664514,283.5771720856428
13b,scope,visual_counterfact_color_000327,visual_counterfact_color,432,True,True,False,36.66658876538277,149.8633213341236
13b,scope,visual_counterfact_color_000329,visual_counterfact_color,432,True,False,True,41.19744513273239,175.62423087656498
13b,scope,visual_counterfact_color_000330,visual_counterfact_color,432,True,False,True,40.64419950127602,176.87934264540672
13b,scope,visual_counterfact_color_000333,visual_counterfact_color,432,True,True,False,38.956912572383885,152.63652056455612
13b,scope,visual_counterfact_color_000341,visual_counterfact_color,432,True,False,True,107.76492983937264,408.65190885961056
13b,scope,visual_counterfact_color_000354,visual_counterfact_color,432,True,False,True,39.065866979360585,180.74780888855457
13b,scope,visual_counterfact_color_000358,visual_counterfact_color,432,True,False,True,33.762204920053485,161.45065613090992
13b,scope,visual_counterfact_color_000359,visual_counterfact_color,432,True,False,True,36.658803316354756,164.29338604211807
13b,scope,visual_counterfact_color_000361,visual_counterfact_color,432,True,False,True,37.65789658308029,156.90796449780464
13b,scope,visual_counterfact_color_000363,visual_counterfact_color,432,True,False,True,40.72468395709991,160.27865558862686
13b,scope,visual_counterfact_color_000364,visual_counterfact_color,432,True,False,True,40.66867009997368,150.7231667637825
13b,scope,visual_counterfact_color_000368,visual_counterfact_color,432,True,False,True,43.43959354162216,152.36211940646172
13b,scope,visual_counterfact_color_000374,visual_counterfact_color,432,True,False,True,44.03522592782974,147.13026769459248
13b,scope,visual_counterfact_color_000375,visual_counterfact_color,432,True,False,True,48.446786484718324,157.6338391751051
13b,scope,visual_counterfact_color_000376,visual_counterfact_color,432,True,False,True,46.550699683427816,151.78522653877735
13b,scope,visual_counterfact_color_000382,visual_counterfact_color,432,True,False,True,46.748694103956225,153.02793495357037
13b,scope,visual_counterfact_color_000384,visual_counterfact_color,432,True,False,True,49.89187094211579,163.4135488420725
13b,scope,visual_counterfact_color_000385,visual_counterfact_color,432,True,False,True,51.82964936971665,168.84568147361279
13b,scope,visual_counterfact_color_000386,visual_counterfact_color,432,True,False,True,48.55997773170471,156.7414328455925
13b,scope,visual_counterfact_color_000390,visual_counterfact_color,432,True,False,True,47.02321920871735,151.81343629956245
13b,scope,visual_counterfact_color_000391,visual_counterfact_color,432,True,False,True,48.995289777517314,158.634627237916
13b,scope,visual_counterfact_color_000392,visual_counterfact_color,432,True,False,True,46.965864386558536,151.85297466814518
13b,scope,visual_counterfact_color_000393,visual_counterfact_color,432,True,False,True,50.4835151898861,162.69180551171303
13b,scope,visual_counterfact_color_000394,visual_counterfact_color,432,True,False,True,57.433913874626164,187.3339880257845
13b,scope,visual_counterfact_color_000395,visual_counterfact_color,432,True,False,True,48.647998979091646,161.72796674072742
13b,scope,visual_counterfact_color_000398,visual_counterfact_color,432,True,False,True,46.24681267261505,154.97419051826
13b,scope,visual_counterfact_color_000400,visual_counterfact_color,432,True,False,True,53.1264634346962,212.17921376228333
13b,scope,visual_counterfact_color_000403,visual_counterfact_color,432,True,False,True,37.42040790081024,150.44747292995453
13b,scope,visual_counterfact_color_000410,visual_counterfact_color,432,True,False,True,39.50804853916168,152.3788794875145
13b,scope,visual_counterfact_color_000412,visual_counterfact_color,432,True,False,True,59.53214138507843,280.0994459539652
13b,scope,visual_counterfact_color_000420,visual_counterfact_color,432,True,False,True,36.99738468647003,160.65938957035542
13b,scope,visual_counterfact_color_000422,visual_counterfact_color,432,True,False,True,35.62577530026436,151.76784433424473
13b,scope,visual_counterfact_color_000431,visual_counterfact_color,432,True,False,True,44.0542211663723,202.26735807955265
13b,scope,visual_counterfact_color_000432,visual_counterfact_color,432,True,False,True,42.54997561693192,178.43826301395893
13b,scope,visual_counterfact_color_000433,visual_counterfact_color,432,True,False,True,40.94939875602722,157.70107880234718
13b,scope,visual_counterfact_color_000434,visual_counterfact_color,432,True,False,True,44.219264729022974,165.7319962978363
13b,scope,visual_counterfact_color_000440,visual_counterfact_color,432,True,False,True,44.75169272541999,163.6028215289116
13b,scope,visual_counterfact_color_000442,visual_counterfact_color,432,True,True,False,46.80988375425339,162.1654126793146
13b,scope,visual_counterfact_color_000447,visual_counterfact_color,432,True,False,True,46.27515206098557,152.39591151475906
13b,scope,visual_counterfact_color_000448,visual_counterfact_color,432,True,False,True,47.360707831382754,150.33230371773243
13b,scope,visual_counterfact_color_000449,visual_counterfact_color,432,True,False,True,47.15502578020096,148.9041019231081
13b,scope,visual_counterfact_color_000454,visual_counterfact_color,432,True,False,True,47.009156682491295,149.06581677496433
13b,scope,visual_counterfact_color_000465,visual_counterfact_color,432,True,False,True,49.39353632569313,158.46462361514568
13b,scope,visual_counterfact_color_000467,visual_counterfact_color,432,True,False,True,50.219157053232195,162.04243898391724
13b,scope,visual_counterfact_color_000468,visual_counterfact_color,432,True,False,True,47.09969878435135,150.82653798162937
13b,scope,visual_counterfact_color_000476,visual_counterfact_color,432,True,False,True,52.13381809711457,164.10882771015167
13b,scope,visual_counterfact_color_000477,visual_counterfact_color,432,True,False,True,47.08520224094391,150.4728253930807
13b,scope,visual_counterfact_color_000480,visual_counterfact_color,432,True,False,True,53.59273353219032,197.14421965181828
13b,scope,visual_counterfact_color_000481,visual_counterfact_color,432,True,False,False,40.76116450190545,152.51171216368675
13b,scope,visual_counterfact_color_000482,visual_counterfact_color,432,True,False,True,41.26318345665932,158.78617763519287
13b,scope,visual_counterfact_color_000484,visual_counterfact_color,432,True,False,True,39.617227576971054,156.78724274039268
13b,scope,visual_counterfact_color_000487,visual_counterfact_color,432,True,False,True,42.31409262776375,167.0062690973282
13b,scope,visual_counterfact_color_000491,visual_counterfact_color,432,True,True,False,45.26465582489968,166.26151278614998
13b,scope,visual_counterfact_size_000000,visual_counterfact_size,dense,True,False,True,41.979792234897616,156.2446877360344
13b,scope,visual_counterfact_size_000001,visual_counterfact_size,dense,True,False,True,67.71734155178069,209.50863137841225
13b,scope,visual_counterfact_size_000002,visual_counterfact_size,dense,True,False,True,71.44821420550345,184.42033417522907
13b,scope,visual_counterfact_size_000014,visual_counterfact_size,dense,True,False,True,57.25710770249366,139.48259316384792
13b,scope,visual_counterfact_size_000015,visual_counterfact_size,dense,False,False,False,68.26386684417724,165.6356081366539
13b,scope,visual_counterfact_size_000020,visual_counterfact_size,dense,False,False,False,74.51716650485993,182.44259245693684
13b,scope,visual_counterfact_size_000031,visual_counterfact_size,dense,True,False,True,74.72717492341995,181.96938559412956
13b,scope,visual_counterfact_size_000033,visual_counterfact_size,dense,True,False,True,86.2350019288063,208.90662632882595
13b,scope,visual_counterfact_size_000041,visual_counterfact_size,dense,True,False,True,84.1526394701004,205.52556030452251
13b,scope,visual_counterfact_size_000044,visual_counterfact_size,dense,True,False,True,66.30845681428909,162.039989605546
13b,scope,visual_counterfact_size_000049,visual_counterfact_size,dense,True,False,True,65.48245063781738,158.11903029680252
13b,scope,visual_counterfact_size_000050,visual_counterfact_size,dense,True,False,True,70.62875978946686,166.9282242655754
13b,scope,visual_counterfact_size_000061,visual_counterfact_size,dense,True,False,True,66.46445375680923,156.52251988649368
13b,scope,visual_counterfact_size_000064,visual_counterfact_size,dense,False,False,False,66.14269435405731,156.43491968512535
13b,scope,visual_counterfact_size_000065,visual_counterfact_size,dense,True,False,True,83.60194739341736,200.03698207437992
13b,scope,visual_counterfact_size_000070,visual_counterfact_size,dense,True,False,True,68.85960258007049,168.2021263986826
13b,scope,visual_counterfact_size_000075,visual_counterfact_size,dense,True,False,False,62.44193283081055,156.41165897250175
13b,scope,visual_counterfact_size_000081,visual_counterfact_size,dense,True,False,True,52.01586456298829,132.13453628122807
13b,scope,visual_counterfact_size_000089,visual_counterfact_size,dense,True,False,True,61.35047604084016,153.93872745335102
13b,scope,visual_counterfact_size_000112,visual_counterfact_size,dense,True,False,True,53.537787576913836,153.76222878694534
13b,scope,visual_counterfact_size_000120,visual_counterfact_size,dense,True,False,True,63.806723871231085,187.67549097537994
13b,scope,visual_counterfact_size_000122,visual_counterfact_size,dense,False,False,False,53.307551133632664,157.75047801434994
13b,scope,visual_counterfact_size_000131,visual_counterfact_size,dense,True,False,True,53.718065934181226,160.2007858455181
13b,scope,visual_counterfact_size_000136,visual_counterfact_size,dense,False,False,False,43.98924211621285,133.24405625462532
13b,scope,visual_counterfact_size_000137,visual_counterfact_size,dense,True,False,True,47.0629321038723,132.50917941331863
13b,scope,visual_counterfact_size_000140,visual_counterfact_size,dense,True,False,True,79.82438688397407,206.92832209169865
13b,scope,visual_counterfact_size_000146,visual_counterfact_size,dense,True,False,True,76.71102431297302,187.40986846387386
13b,scope,visual_counterfact_size_000147,visual_counterfact_size,dense,True,False,True,94.12999168634414,230.46598583459854
13b,scope,visual_counterfact_size_000155,visual_counterfact_size,dense,True,False,True,75.23973539829254,220.0454492121935
13b,scope,visual_counterfact_size_000156,visual_counterfact_size,dense,True,False,True,50.62592589974403,158.92618522047997
13b,scope,visual_counterfact_size_000157,visual_counterfact_size,dense,True,False,True,45.46133997440339,143.59484240412712
13b,scope,visual_counterfact_size_000160,visual_counterfact_size,dense,True,False,True,24.3451260638237,220.1912272721529
13b,scope,visual_counterfact_size_000165,visual_counterfact_size,dense,True,False,True,29.568163987398147,193.299463018775
13b,scope,visual_counterfact_size_000166,visual_counterfact_size,dense,True,False,True,45.35350637674332,218.14704686403275
13b,scope,visual_counterfact_size_000171,visual_counterfact_size,dense,True,False,True,45.21601166129112,181.95925652980804
13b,scope,visual_counterfact_size_000173,visual_counterfact_size,dense,True,False,True,49.152994518280025,180.78534863889217
13b,scope,visual_counterfact_size_000174,visual_counterfact_size,dense,True,False,True,52.32756918668747,170.7813236862421
13b,scope,visual_counterfact_size_000181,visual_counterfact_size,dense,True,False,True,73.5650975561142,203.9502989500761
13b,scope,visual_counterfact_size_000186,visual_counterfact_size,dense,False,False,False,61.411070870161055,157.06905536353588
13b,scope,visual_counterfact_size_000187,visual_counterfact_size,dense,True,False,True,60.0002967953682,154.80510890483856
13b,scope,visual_counterfact_size_000190,visual_counterfact_size,dense,True,False,True,64.00479503154754,169.22607086598873
13b,scope,visual_counterfact_size_000193,visual_counterfact_size,dense,False,False,False,65.85318518042564,198.7067386507988
13b,scope,visual_counterfact_size_000197,visual_counterfact_size,dense,True,False,True,48.58001541376114,154.432475566864
13b,scope,visual_counterfact_size_000198,visual_counterfact_size,dense,True,False,True,49.730217952728275,154.3031446635723
13b,scope,visual_counterfact_size_000203,visual_counterfact_size,dense,True,False,True,51.75895153760911,154.0321484208107
13b,scope,visual_counterfact_size_000212,visual_counterfact_size,dense,True,False,False,53.85489804148675,155.2454773336649
13b,scope,visual_counterfact_size_000226,visual_counterfact_size,dense,True,False,True,66.31063761353494,179.63365651667118
13b,scope,visual_counterfact_size_000235,visual_counterfact_size,dense,True,False,True,53.55853519082069,136.28645613789558
13b,scope,visual_counterfact_size_000247,visual_counterfact_size,dense,True,False,True,53.37825462222099,130.78939728438854
13b,scope,visual_counterfact_size_000258,visual_counterfact_size,dense,True,False,True,52.569979753494266,131.2030330300331
13b,scope,visual_counterfact_size_000260,visual_counterfact_size,dense,True,False,True,62.057924872636804,155.7284314185381
13b,scope,visual_counterfact_size_000264,visual_counterfact_size,dense,True,False,True,61.87465721964837,155.89655190706253
13b,scope,visual_counterfact_size_000272,visual_counterfact_size,dense,True,False,True,52.10115493655206,131.38465210795403
13b,scope,visual_counterfact_size_000284,visual_counterfact_size,dense,True,False,True,72.16762745738029,180.399926379323
13b,scope,visual_counterfact_size_000289,visual_counterfact_size,dense,True,False,True,78.81180272221566,193.42357106506824
13b,scope,visual_counterfact_size_000290,visual_counterfact_size,dense,True,False,True,57.480305092334746,140.6823731958866
13b,scope,visual_counterfact_size_000295,visual_counterfact_size,dense,False,False,False,38.74288439512253,187.34770640730858
13b,scope,visual_counterfact_size_000296,visual_counterfact_size,dense,True,False,True,33.0287237071991,179.69606816768646
13b,scope,visual_counterfact_size_000310,visual_counterfact_size,dense,False,False,False,40.284328725337986,196.22349180281162
13b,scope,visual_counterfact_size_000311,visual_counterfact_size,dense,True,False,True,45.95686304807663,181.9410677999258
13b,scope,visual_counterfact_size_000317,visual_counterfact_size,dense,True,False,True,53.67767807841302,175.4094995558262
13b,scope,visual_counterfact_size_000322,visual_counterfact_size,dense,True,False,True,75.71753604054452,213.97347375750542
13b,scope,visual_counterfact_size_000325,visual_counterfact_size,dense,True,False,True,76.42617980718612,210.47347784042358
13b,scope,visual_counterfact_size_000329,visual_counterfact_size,dense,True,False,True,68.58061458468437,190.31514041125774
13b,scope,visual_counterfact_size_000330,visual_counterfact_size,dense,True,False,True,67.11704741239548,181.92885629832745
13b,scope,visual_counterfact_size_000335,visual_counterfact_size,dense,True,False,True,77.26797063469887,206.12668804824352
13b,scope,visual_counterfact_size_000342,visual_counterfact_size,dense,True,False,True,54.133622120618824,144.65645886957645
13b,scope,visual_counterfact_size_000348,visual_counterfact_size,dense,True,False,True,58.26852892756462,155.86506389081478
13b,scope,visual_counterfact_size_000362,visual_counterfact_size,dense,True,False,True,69.31101431369781,182.72813968360424
13b,scope,visual_counterfact_size_000363,visual_counterfact_size,dense,False,False,False,70.67737028360366,182.4128720909357
13b,scope,visual_counterfact_size_000368,visual_counterfact_size,dense,True,False,True,62.05167407512665,158.44550356268883
13b,scope,visual_counterfact_size_000374,visual_counterfact_size,dense,True,False,False,62.74486208558082,158.43501314520836
13b,scope,visual_counterfact_size_000375,visual_counterfact_size,dense,True,False,True,85.23284827232361,211.3976925611496
13b,scope,visual_counterfact_size_000379,visual_counterfact_size,dense,True,False,True,73.60334229707718,183.63132700324059
13b,scope,visual_counterfact_size_000388,visual_counterfact_size,dense,True,False,True,60.47968017339707,157.42011554539204
13b,scope,visual_counterfact_size_000391,visual_counterfact_size,dense,False,False,False,102.29151659488679,287.6442391425371
13b,scope,visual_counterfact_size_000396,visual_counterfact_size,dense,True,False,True,59.383704172372816,175.04948936402798
13b,scope,visual_counterfact_size_000399,visual_counterfact_size,dense,True,False,True,66.7006051504612,198.6347008496523
13b,scope,visual_counterfact_size_000406,visual_counterfact_size,dense,True,False,True,64.62264273762703,188.958290964365
13b,scope,visual_counterfact_size_000411,visual_counterfact_size,dense,True,False,True,72.60174723744393,203.5700287669897
13b,scope,visual_counterfact_size_000412,visual_counterfact_size,dense,True,False,True,61.870187044143684,166.15299880504608
13b,scope,visual_counterfact_size_000414,visual_counterfact_size,dense,False,False,False,37.83456651687622,180.40316365659237
13b,scope,visual_counterfact_size_000415,visual_counterfact_size,dense,True,False,True,30.935214146375657,158.58364291489124
13b,scope,visual_counterfact_size_000418,visual_counterfact_size,dense,True,False,True,38.991293069124225,189.67890366911888
13b,scope,visual_counterfact_size_000420,visual_counterfact_size,dense,True,False,True,46.40268560290336,188.33005614578724
13b,scope,visual_counterfact_size_000423,visual_counterfact_size,dense,True,False,True,63.877882268428806,207.67006650567055
13b,scope,visual_counterfact_size_000424,visual_counterfact_size,dense,True,False,True,48.779800857305524,138.72253708541393
13b,scope,visual_counterfact_size_000433,visual_counterfact_size,dense,True,False,True,53.026656439304354,137.74953968822956
13b,scope,visual_counterfact_size_000434,visual_counterfact_size,dense,True,False,True,69.00990296959878,175.8588906377554
13b,scope,visual_counterfact_size_000435,visual_counterfact_size,dense,True,False,True,70.58685999870299,178.89485321938992
13b,scope,visual_counterfact_size_000440,visual_counterfact_size,dense,False,False,False,61.5593808734417,154.43740226328373
13b,scope,visual_counterfact_size_000448,visual_counterfact_size,dense,True,False,True,61.331676765680314,153.89521978795528
13b,scope,visual_counterfact_size_000458,visual_counterfact_size,dense,True,False,True,51.470159928798665,129.53762896358967
13b,scope,visual_counterfact_size_000464,visual_counterfact_size,dense,True,False,True,71.29152677059174,178.10476757586002
13b,scope,visual_counterfact_size_000466,visual_counterfact_size,dense,True,False,True,64.71295254468917,184.99627895653248
13b,scope,visual_counterfact_size_000468,visual_counterfact_size,dense,True,False,True,61.59565866827965,221.97238355875015
13b,scope,visual_counterfact_size_000469,visual_counterfact_size,dense,True,False,True,46.63251519203185,178.67104150354862
13b,scope,visual_counterfact_size_000476,visual_counterfact_size,dense,True,False,True,42.067508870363234,154.81575578451157
13b,scope,visual_counterfact_size_000479,visual_counterfact_size,dense,True,False,True,41.03661704659462,129.81414049863815
13b,scope,visual_counterfact_size_000484,visual_counterfact_size,dense,True,False,True,53.20113169550896,157.28424489498138
13b,scope,visual_counterfact_size_000489,visual_counterfact_size,dense,True,False,True,65.7368023276329,179.84632030129433
13b,scope,visual_counterfact_size_000490,visual_counterfact_size,dense,True,False,True,63.93153943777084,164.58112932741642
13b,scope,visual_counterfact_size_000509,visual_counterfact_size,dense,False,False,False,62.71182184219361,155.67048452794552
13b,scope,visual_counterfact_size_000510,visual_counterfact_size,dense,True,False,True,53.2390250480175,130.73303923010826
13b,scope,visual_counterfact_size_000522,visual_counterfact_size,dense,True,False,True,62.62849337697029,153.54823879897594
13b,scope,visual_counterfact_size_000524,visual_counterfact_size,dense,True,False,True,52.23051896572113,129.27100621163845
13b,scope,visual_counterfact_size_000525,visual_counterfact_size,dense,False,False,False,69.44558462381363,178.97178418934345
13b,scope,visual_counterfact_size_000526,visual_counterfact_size,dense,True,False,True,68.09091972231866,178.04650776088238
13b,scope,visual_counterfact_size_000527,visual_counterfact_size,dense,True,False,True,49.80440565109252,131.00028969347477
13b,scope,visual_counterfact_size_000532,visual_counterfact_size,dense,False,False,False,77.12601591348647,205.14856651425362
13b,scope,visual_counterfact_size_000533,visual_counterfact_size,dense,True,False,True,48.01672311544418,129.4492408633232
13b,scope,visual_counterfact_size_000534,visual_counterfact_size,dense,True,False,True,52.95028675913811,140.37169702351093
13b,scope,visual_counterfact_size_000535,visual_counterfact_size,dense,True,False,True,72.35167171478273,187.85621039569378
13b,scope,visual_counterfact_size_000540,visual_counterfact_size,dense,True,False,True,59.77087461948395,153.91852892935276
13b,scope,visual_counterfact_size_000541,visual_counterfact_size,dense,True,False,True,50.67814158916474,130.01133129000664
13b,scope,visual_counterfact_size_000542,visual_counterfact_size,dense,True,False,True,50.60475482940674,129.3237768113613
13b,scope,visual_counterfact_size_000543,visual_counterfact_size,dense,True,False,False,64.10809069633484,162.28901036083698
13b,scope,visual_counterfact_size_000545,visual_counterfact_size,dense,True,False,True,50.965843110084535,129.42757830023766
13b,scope,visual_counterfact_size_000550,visual_counterfact_size,dense,True,False,True,72.48625864624978,184.85411442816257
13b,scope,visual_counterfact_size_000556,visual_counterfact_size,dense,True,False,True,85.79088080048561,218.21623668074608
13b,scope,visual_counterfact_size_000560,visual_counterfact_size,dense,True,False,True,32.27004647254944,148.17959628999233
13b,scope,visual_counterfact_size_000562,visual_counterfact_size,dense,True,False,True,37.852400009632106,188.27691115438938
13b,scope,visual_counterfact_size_000565,visual_counterfact_size,dense,True,False,True,33.582587673664094,159.31547991931438
13b,scope,visual_counterfact_size_000575,visual_counterfact_size,dense,True,False,True,45.66204008102417,186.96113303303719
13b,scope,visual_counterfact_size_000578,visual_counterfact_size,dense,True,False,True,64.90274655103684,213.9963712543249
13b,scope,visual_counterfact_size_000579,visual_counterfact_size,dense,True,False,True,138.54494330525398,413.30350935459137
13b,scope,visual_counterfact_size_000610,visual_counterfact_size,dense,True,False,True,51.4681324160099,160.71154922246933
13b,scope,visual_counterfact_size_000617,visual_counterfact_size,dense,True,False,True,52.41121319174766,163.70351240038872
13b,scope,visual_counterfact_size_000623,visual_counterfact_size,dense,True,False,True,49.636114099025725,154.43273074924946
13b,scope,visual_counterfact_size_000628,visual_counterfact_size,dense,True,False,True,51.31084805727006,156.6019169986248
13b,scope,visual_counterfact_size_000632,visual_counterfact_size,dense,True,False,True,46.70421619057656,130.26147335767746
13b,scope,visual_counterfact_size_000643,visual_counterfact_size,dense,True,False,False,79.68311811566353,204.99961636960506
13b,scope,visual_counterfact_size_000644,visual_counterfact_size,dense,True,False,True,64.7679041326046,162.3553205281496
13b,scope,visual_counterfact_size_000649,visual_counterfact_size,dense,True,False,True,61.718511847257616,154.9299992620945
13b,scope,visual_counterfact_size_000656,visual_counterfact_size,dense,True,False,True,73.24468880653382,186.07651628553867
13b,scope,visual_counterfact_size_000657,visual_counterfact_size,dense,True,False,False,50.49455788135529,130.27561083436012
13b,scope,visual_counterfact_size_000662,visual_counterfact_size,dense,True,False,True,67.76423984527588,179.0031436830759
13b,scope,visual_counterfact_size_000665,visual_counterfact_size,dense,False,False,False,25.43311128139496,206.24575577676296
13b,scope,visual_counterfact_size_000666,visual_counterfact_size,dense,True,False,True,23.209998852014543,155.44266998767853
13b,scope,visual_counterfact_size_000671,visual_counterfact_size,dense,True,False,True,23.849871585369108,132.40643963217735
13b,scope,visual_counterfact_size_000681,visual_counterfact_size,dense,True,False,False,54.81508250713348,233.04111696779728
13b,scope,visual_counterfact_size_000691,visual_counterfact_size,dense,True,False,False,44.06966359972954,156.62078745663166
13b,scope,visual_counterfact_size_000692,visual_counterfact_size,dense,True,False,True,61.007054195404045,183.417409658432
13b,scope,visual_counterfact_size_000694,visual_counterfact_size,dense,True,False,True,61.543539955616,169.2646313458681
13b,scope,visual_counterfact_size_000696,visual_counterfact_size,dense,True,False,True,56.97639101982117,172.73887991905212
13b,scope,visual_counterfact_size_000708,visual_counterfact_size,dense,False,False,False,54.955349885225296,178.3896405249834
13b,scope,visual_counterfact_size_000710,visual_counterfact_size,dense,True,False,True,47.71668461322785,157.0019330829382
13b,scope,visual_counterfact_size_000719,visual_counterfact_size,dense,True,False,True,58.42360380291938,190.45433029532433
13b,scope,visual_counterfact_size_000720,visual_counterfact_size,dense,True,False,True,67.89435888171197,212.27895095944405
13b,scope,visual_counterfact_size_000721,visual_counterfact_size,dense,True,False,True,55.84858764767647,154.48637306690216
13b,random,mmstar_000011,mmstar,dense,False,False,False,44.511711678504945,153.28733436763287
13b,random,mmstar_000012,mmstar,dense,True,False,True,47.0126287150383,143.064359202981
13b,random,mmstar_000028,mmstar,dense,True,False,False,151.95067800283434,387.75111734867096
13b,random,mmstar_000031,mmstar,dense,True,False,True,65.25551594734192,162.66638226807117
13b,random,mmstar_000037,mmstar,dense,False,False,False,57.77888294219971,141.9980190694332
13b,random,mmstar_000043,mmstar,dense,True,False,False,153.92915718078615,370.89768424630165
13b,random,mmstar_000049,mmstar,dense,True,False,False,57.54937690854073,144.27641965448856
13b,random,mmstar_000054,mmstar,dense,True,False,False,54.9885844218731,138.12571950256824
13b,random,mmstar_000068,mmstar,dense,True,False,True,64.03739475488662,159.30191799998283
13b,random,mmstar_000089,mmstar,dense,True,False,True,59.5581685757637,145.72978764772415
13b,random,mmstar_000091,mmstar,dense,True,False,False,92.63863071799278,230.46589270234108
13b,random,mmstar_000092,mmstar,dense,False,False,False,138.4974953186512,378.6002304404974
13b,random,mmstar_000094,mmstar,dense,False,False,False,47.49012725830078,139.85977321863174
13b,random,mmstar_000103,mmstar,dense,True,False,False,50.35532015919686,150.8779637515545
13b,random,mmstar_000105,mmstar,dense,False,False,False,49.629036247730255,150.29765106737614
13b,random,mmstar_000113,mmstar,dense,False,False,False,49.16861548542977,148.33787828683853
13b,random,mmstar_000124,mmstar,dense,False,False,False,52.54275662899017,153.89198809862137
13b,random,mmstar_000131,mmstar,dense,True,False,True,51.70660102844238,151.6140792518854
13b,random,mmstar_000139,mmstar,dense,False,False,False,50.60774597167969,149.21288192272186
13b,random,mmstar_000154,mmstar,dense,False,False,False,47.63368100762368,162.53544203937054
13b,random,mmstar_000155,mmstar,dense,False,False,False,42.997159105539325,138.30833323299885
13b,random,mmstar_000157,mmstar,dense,False,False,False,46.06486989140511,139.2364576458931
13b,random,mmstar_000160,mmstar,dense,True,False,True,48.977444493770605,137.47200556099415
13b,random,mmstar_000163,mmstar,dense,True,False,True,47.77324065446853,135.8877755701542
13b,random,mmstar_000166,mmstar,dense,True,False,False,53.630695643424986,147.43150025606155
13b,random,mmstar_000167,mmstar,dense,True,False,False,53.50649088144302,138.89947906136513
13b,random,mmstar_000174,mmstar,dense,True,False,True,68.86315777897835,163.16133737564087
13b,random,mmstar_000183,mmstar,dense,True,False,False,58.65622831821441,138.4749338030815
13b,random,mmstar_000184,mmstar,dense,True,False,False,58.652590823173526,139.72010277211666
13b,random,mmstar_000187,mmstar,dense,True,False,False,60.78105050683021,146.88802510499954
13b,random,mmstar_000192,mmstar,dense,True,False,False,64.02418516397476,167.07243584096432
13b,random,mmstar_000193,mmstar,dense,True,False,True,55.303482306003566,148.43802526593208
13b,random,mmstar_000196,mmstar,dense,True,False,False,50.685351095199586,137.60144636034966
13b,random,mmstar_000197,mmstar,dense,False,False,False,59.405493264198306,161.22337989509106
13b,random,mmstar_000205,mmstar,dense,False,False,False,52.59307958364487,142.3371024429798
13b,random,mmstar_000207,mmstar,dense,True,False,False,57.019316871166225,149.70077760517597
13b,random,mmstar_000219,mmstar,dense,True,False,False,54.99469084739685,139.5429316908121
13b,random,mmstar_000243,mmstar,dense,True,False,False,180.4941823875904,435.7659127563238
13b,random,mmstar_000244,mmstar,dense,True,False,True,58.326090043783196,142.80919544398785
13b,random,mmstar_000248,mmstar,dense,True,False,True,76.3542419540882,188.70488367974758
13b,random,mmstar_000254,mmstar,dense,False,False,False,56.673851065635674,138.31987231969833
13b,random,mmstar_000257,mmstar,dense,False,False,False,159.20625299334523,394.2048829048872
13b,random,mmstar_000267,mmstar,dense,False,False,False,57.34377700567246,167.30596870183945
13b,random,mmstar_000270,mmstar,dense,False,False,False,48.940639951229095,149.37444403767586
13b,random,mmstar_000274,mmstar,dense,False,False,False,44.0471937918663,137.40361668169498
13b,random,mmstar_000275,mmstar,dense,False,False,False,51.38787657380103,161.3670252263546
13b,random,mmstar_000283,mmstar,dense,False,False,False,45.104304834604264,137.89482973515987
13b,random,mmstar_000284,mmstar,dense,True,False,False,28.036015199422838,265.61166532337666
13b,random,mmstar_000291,mmstar,dense,False,False,False,26.946110817193983,162.35068999230862
13b,random,mmstar_000311,mmstar,dense,False,False,False,36.29246771812439,174.17287826538086
13b,random,mmstar_000313,mmstar,dense,False,False,False,43.62868691802025,173.44969138503075
13b,random,mmstar_000320,mmstar,dense,False,False,False,59.32416788816451,219.63157318532467
13b,random,mmstar_000324,mmstar,dense,False,False,False,129.85390248537064,407.7452253550291
13b,random,mmstar_000325,mmstar,dense,True,False,False,47.445865399837494,137.86750100553036
13b,random,mmstar_000335,mmstar,dense,False,False,False,50.47718767166138,137.28467375040054
13b,random,mmstar_000344,mmstar,dense,False,False,False,56.76166696548462,147.22892828285694
13b,random,mmstar_000354,mmstar,dense,True,False,False,54.369332494735715,137.6513447612524
13b,random,mmstar_000360,mmstar,dense,True,False,False,56.94209559917451,164.82296958565712
13b,random,mmstar_000366,mmstar,dense,True,False,False,50.77271907567979,146.74807712435722
13b,random,mmstar_000367,mmstar,dense,False,False,False,48.990424287319186,139.89686593413353
13b,random,mmstar_000369,mmstar,dense,False,False,False,52.46595471382142,147.27244898676872
13b,random,mmstar_000370,mmstar,dense,True,False,True,50.656247397661204,142.8655032068491
13b,random,mmstar_000375,mmstar,dense,False,False,False,52.6458276605606,144.51939798891544
13b,random,mmstar_000379,mmstar,dense,True,False,True,35.42508272409439,168.05037297308445
13b,random,mmstar_000384,mmstar,dense,False,False,False,29.573762111663818,149.04863946139812
13b,random,mmstar_000386,mmstar,dense,False,False,False,28.750102603435515,139.0546690672636
13b,random,mmstar_000397,mmstar,dense,False,False,False,36.26407562255859,154.28668074309826
13b,random,mmstar_000400,mmstar,dense,False,False,False,42.26756366729736,138.1766013801098
13b,random,mmstar_000405,mmstar,dense,False,False,False,51.236113812923435,146.42149209976196
13b,random,mmstar_000407,mmstar,dense,False,False,False,72.12489606618881,188.20367939770222
13b,random,mmstar_000413,mmstar,dense,False,False,False,58.43741235852241,144.27981711924076
13b,random,mmstar_000423,mmstar,dense,True,False,False,60.661171417236325,146.4821621775627
13b,random,mmstar_000427,mmstar,dense,False,False,False,61.147583427429204,144.67374049127102
13b,random,mmstar_000428,mmstar,dense,False,False,False,58.268450050354005,139.34542052447796
13b,random,mmstar_000431,mmstar,dense,False,False,False,57.62382537603378,138.14504072070122
13b,random,mmstar_000433,mmstar,dense,False,False,False,60.74196077108384,145.22703550755978
13b,random,mmstar_000438,mmstar,dense,False,False,False,63.48893252849579,171.97272181510925
13b,random,mmstar_000440,mmstar,dense,True,False,True,49.33420094966889,140.79825207591057
13b,random,mmstar_000444,mmstar,dense,False,False,False,42.32467787027359,153.6979954689741
13b,random,mmstar_000447,mmstar,dense,True,False,True,38.39123748660087,139.7856641560793
13b,random,mmstar_000453,mmstar,dense,True,False,False,37.44520784854889,146.3925912976265
13b,random,mmstar_000464,mmstar,dense,False,False,False,41.313896203041075,156.22778609395027
13b,random,mmstar_000466,mmstar,dense,False,False,False,38.886384867429726,137.05149665474892
13b,random,mmstar_000470,mmstar,dense,False,False,False,46.78203791856765,145.31580358743668
13b,random,mmstar_000473,mmstar,dense,False,False,False,46.202172566652294,136.36887446045876
13b,random,mmstar_000479,mmstar,dense,False,False,False,55.318006172180176,154.7254640609026
13b,random,mmstar_000481,mmstar,dense,False,False,False,54.81723677992821,144.30165477097034
13b,random,mmstar_000485,mmstar,dense,False,False,False,62.96226203680039,155.31505085527897
13b,random,mmstar_000491,mmstar,dense,True,False,False,118.09873836636544,287.3758766800165
13b,random,mmstar_000494,mmstar,dense,False,False,False,57.606962767839434,172.37741500139236
13b,random,mmstar_000495,mmstar,dense,False,False,False,44.22341483473778,139.00992833077908
13b,random,mmstar_000500,mmstar,dense,True,False,False,61.0431783938408,195.99908031523228
13b,random,mmstar_000501,mmstar,dense,False,False,False,44.49432722449303,147.58600294589996
13b,random,mmstar_000508,mmstar,432,False,False,False,123.83936886429787,415.1478111743927
13b,random,mmstar_000509,mmstar,dense,False,False,False,47.180428647994994,151.946771889925
13b,random,mmstar_000511,mmstar,dense,False,False,False,128.98479565143583,391.9039089232683
13b,random,mmstar_000512,mmstar,dense,True,False,True,53.15645352482795,157.58980624377728
13b,random,mmstar_000519,mmstar,dense,False,False,False,52.311461162567134,142.57762394845486
13b,random,mmstar_000521,mmstar,dense,False,False,False,56.148346133232124,147.13037759065628
13b,random,mmstar_000538,mmstar,dense,False,False,False,61.34849467992784,157.90375880897045
13b,random,mmstar_000542,mmstar,dense,False,False,False,57.11240739822388,147.95905351638794
13b,random,mmstar_000553,mmstar,dense,True,False,False,68.64503970503806,177.34286934137344
13b,random,mmstar_000563,mmstar,dense,False,False,False,226.46386586308478,587.2665513306856
13b,random,mmstar_000564,mmstar,dense,False,False,False,52.34457272291184,141.8374478816986
13b,random,mmstar_000567,mmstar,dense,False,False,False,152.64415843963624,467.9724108427763
13b,random,mmstar_000572,mmstar,dense,False,False,False,42.531320745944974,140.2171179652214
13b,random,mmstar_000575,mmstar,dense,False,False,False,47.86497335672379,154.90860678255558
13b,random,mmstar_000577,mmstar,432,False,False,False,44.31615175247193,135.8013041317463
13b,random,mmstar_000578,mmstar,dense,False,False,False,49.12255258798599,144.28304880857468
13b,random,mmstar_000581,mmstar,dense,False,False,False,161.01188415288925,419.1692303866148
13b,random,mmstar_000582,mmstar,dense,False,False,False,91.98367660760879,232.8195720911026
13b,random,mmstar_000589,mmstar,dense,True,False,True,21.794443491697315,198.11068661510944
13b,random,mmstar_000591,mmstar,dense,False,False,False,25.90948924303055,168.63574646413326
13b,random,mmstar_000592,mmstar,dense,False,False,False,27.311532018184664,137.27227598428726
13b,random,mmstar_000593,mmstar,dense,False,False,False,36.65931262731552,139.07590694725513
13b,random,mmstar_000597,mmstar,dense,False,False,False,49.99297920465469,169.5172619074583
13b,random,mmstar_000600,mmstar,dense,True,False,False,58.03644469857216,167.25710779428482
13b,random,mmstar_000602,mmstar,dense,False,False,False,55.37046214461327,145.78449726104736
13b,random,mmstar_000608,mmstar,dense,False,False,False,136.03136713862418,415.14534689486027
13b,random,mmstar_000613,mmstar,dense,False,False,False,146.81626220583914,449.0520004183054
13b,random,mmstar_000614,mmstar,dense,False,False,False,52.432397859096525,149.64347891509533
13b,random,mmstar_000617,mmstar,dense,False,False,False,51.51411152362824,142.607094720006
13b,random,mmstar_000622,mmstar,dense,False,False,False,36.86686113357544,182.12205916643143
13b,random,mmstar_000631,mmstar,dense,True,False,True,28.31200140476227,148.02789688110352
13b,random,mmstar_000634,mmstar,dense,False,False,False,90.24382510900497,444.30223666131496
13b,random,mmstar_000635,mmstar,dense,False,False,False,59.67673330783844,213.54649029672146
13b,random,mmstar_000636,mmstar,dense,False,False,False,47.54152692556381,148.09530414640903
13b,random,mmstar_000657,mmstar,dense,True,False,True,52.747147740125655,158.88257510960102
13b,random,mmstar_000673,mmstar,dense,False,False,False,75.56351872205735,212.28387020528316
13b,random,mmstar_000680,mmstar,dense,False,False,False,60.19310706615448,153.99865806102753
13b,random,mmstar_000683,mmstar,dense,True,False,False,156.22355810642242,391.7567264288664
13b,random,mmstar_000685,mmstar,dense,False,False,False,57.35890957593918,144.69503238797188
13b,random,mmstar_000691,mmstar,dense,False,False,False,64.04915924429893,161.14255972206593
13b,random,mmstar_000693,mmstar,dense,True,False,True,61.96628989219665,153.90848740935326
13b,random,mmstar_000701,mmstar,dense,True,False,True,54.87410527706146,136.4644467830658
13b,random,mmstar_000703,mmstar,432,True,False,False,59.15362460255623,146.51400223374367
13b,random,mmstar_000705,mmstar,dense,True,False,True,56.511513600349424,139.0029452741146
13b,random,mmstar_000711,mmstar,dense,True,False,True,80.11860857486725,191.0433117300272
13b,random,mmstar_000720,mmstar,dense,True,False,True,60.58850455760956,143.45589093863964
13b,random,mmstar_000723,mmstar,dense,True,False,True,56.970864603519445,137.83905655145645
13b,random,mmstar_000731,mmstar,dense,False,False,False,65.78807158231736,163.76416943967342
13b,random,mmstar_000732,mmstar,dense,True,False,True,60.660275473594666,153.82630936801434
13b,random,mmstar_000736,mmstar,dense,True,False,False,111.64709856748581,290.8800505101681
13b,random,mmstar_000741,mmstar,dense,False,False,False,62.855588862895964,165.89660570025444
13b,random,mmstar_000757,mmstar,dense,False,False,False,52.898494251966476,138.4053211659193
13b,random,mmstar_000769,mmstar,432,False,False,False,95.76872444987296,246.26494012773037
13b,random,mmstar_000777,mmstar,dense,False,False,False,67.81115871071815,172.72274568676949
13b,random,mmstar_000778,mmstar,dense,True,False,True,62.37420383930206,158.42579118907452
13b,random,mmstar_000782,mmstar,dense,False,False,False,60.652793161869056,154.3769109994173
13b,random,mmstar_000783,mmstar,dense,False,False,False,62.348871345520024,159.16533768177032
13b,random,mmstar_000784,mmstar,dense,False,False,False,65.17650465965272,166.33104719221592
13b,random,mmstar_000786,mmstar,dense,True,False,True,106.14166998147964,261.8152555078268
13b,random,mmstar_000788,mmstar,dense,True,False,True,63.980991015434256,152.334276586771
13b,random,mmstar_000789,mmstar,dense,False,False,False,62.20658002138138,147.7495525032282
13b,random,mmstar_000794,mmstar,dense,False,False,False,60.87875933527947,144.5549800992012
13b,random,mmstar_000796,mmstar,dense,False,False,False,143.96416250228881,331.60235174000263
13b,random,mmstar_000797,mmstar,dense,False,False,False,61.6060462129116,145.3883145004511
13b,random,mmstar_000803,mmstar,dense,True,False,True,60.684477994441984,145.4189270734787
13b,random,mmstar_000811,mmstar,dense,True,False,False,61.35957964420319,147.9704435914755
13b,random,mmstar_000823,mmstar,432,True,False,False,223.36783962011336,966.4872083812952
13b,random,mmstar_000828,mmstar,dense,False,False,False,53.47728125810623,141.98608696460724
13b,random,mmstar_000840,mmstar,dense,False,False,False,87.72276406764985,227.3844424635172
13b,random,mmstar_000842,mmstar,dense,True,False,False,55.88667147159576,174.16340485215187
13b,random,mmstar_000854,mmstar,dense,False,False,False,45.95391633749008,142.17769354581833
13b,random,mmstar_000868,mmstar,dense,True,False,False,174.9328990280628,840.0743920356035
13b,random,mmstar_000872,mmstar,dense,False,False,False,46.98447115898132,144.5505302399397
13b,random,mmstar_000873,mmstar,dense,True,False,False,59.35985650062562,161.36343404650688
13b,random,mmstar_000880,mmstar,dense,True,False,False,85.86135617613792,223.5536240041256
13b,random,mmstar_000881,mmstar,dense,True,False,False,78.27739300251007,229.96955178678036
13b,random,mmstar_000882,mmstar,dense,True,False,True,49.0376078736782,145.35139687359333
13b,random,mmstar_000887,mmstar,dense,True,False,True,41.47296871185303,172.5305560976267
13b,random,mmstar_000902,mmstar,432,False,False,False,36.05127809524536,142.24245212972164
13b,random,mmstar_000905,mmstar,dense,False,False,False,45.300991210937504,167.4958486109972
13b,random,mmstar_000909,mmstar,dense,True,False,True,40.91120653152466,147.438770160079
13b,random,mmstar_000911,mmstar,dense,False,False,False,50.95290964365005,162.66722232103348
13b,random,mmstar_000920,mmstar,dense,False,False,False,54.586740068197244,164.24457170069218
13b,random,mmstar_000928,mmstar,dense,False,False,False,48.17421906828881,139.94985446333885
13b,random,mmstar_000934,mmstar,dense,False,False,False,48.684229291677475,140.09195566177368
13b,random,mmstar_000936,mmstar,dense,False,False,False,49.42216320037842,142.34611205756664
13b,random,mmstar_000942,mmstar,dense,False,False,False,51.40616323947906,141.77712984383106
13b,random,mmstar_000945,mmstar,432,True,False,False,55.90410307765008,146.2598592042923
13b,random,mmstar_000950,mmstar,dense,True,False,True,108.89866530537606,264.34361562132835
13b,random,mmstar_000951,mmstar,dense,False,False,False,63.655759893655784,153.90782803297043
13b,random,mmstar_000953,mmstar,432,False,False,False,59.129166482687,143.46945099532604
13b,random,mmstar_000959,mmstar,dense,False,False,False,63.87376752018929,153.1910952180624
13b,random,mmstar_000962,mmstar,dense,True,False,False,61.88425956845284,147.45580218732357
13b,random,mmstar_000963,mmstar,dense,False,False,False,64.37115823745728,154.1773695498705
13b,random,mmstar_000970,mmstar,dense,False,False,False,60.34869225144386,145.34040354192257
13b,random,mmstar_000971,mmstar,dense,False,False,False,59.30891955375671,143.37185956537724
13b,random,mmstar_000972,mmstar,432,False,True,False,153.47085871219633,406.75591491162777
13b,random,mmstar_000974,mmstar,dense,False,False,False,50.865362548828124,151.92155353724957
13b,random,mmstar_000978,mmstar,432,False,False,False,113.37134911656379,377.80704349279404
13b,random,mmstar_000979,mmstar,dense,False,False,False,194.44704492092131,754.1990354657173
13b,random,mmstar_000995,mmstar,dense,True,False,True,45.9182901763916,148.52168783545494
13b,random,mmstar_000998,mmstar,dense,False,False,False,91.3466595685482,251.55204720795155
13b,random,mmstar_001005,mmstar,dense,True,False,True,56.682466273307796,151.85102447867393
13b,random,mmstar_001006,mmstar,dense,True,False,True,53.36848012447357,143.0678367614746
13b,random,mmstar_001012,mmstar,dense,False,False,False,79.61461824893951,205.8934811502695
13b,random,mmstar_001017,mmstar,dense,False,False,False,58.785702252388006,147.5062072277069
13b,random,mmstar_001022,mmstar,dense,True,False,True,61.68845710754394,152.54765562713146
13b,random,mmstar_001025,mmstar,dense,False,False,False,202.6041806411743,499.4190912693739
13b,random,mmstar_001029,mmstar,dense,False,False,False,100.32387109518052,258.58522206544876
13b,random,mmstar_001031,mmstar,dense,False,False,False,64.02345566511154,196.87729515135288
13b,random,mmstar_001032,mmstar,dense,False,False,False,48.96385466694832,157.86605514585972
13b,random,mmstar_001035,mmstar,dense,True,False,False,148.49306495189666,455.32376877963543
13b,random,mmstar_001039,mmstar,dense,True,False,True,190.77162755727767,507.7349338680506
13b,random,mmstar_001044,mmstar,dense,True,False,False,56.90662879943848,147.52730913460255
13b,random,mmstar_001048,mmstar,dense,False,False,False,55.62376300096512,145.82685753703117
13b,random,mmstar_001059,mmstar,dense,False,False,False,141.6268024325371,404.1661396622658
13b,random,mmstar_001061,mmstar,dense,False,False,False,78.66690357089043,298.75173047184944
13b,random,mmstar_001066,mmstar,dense,False,False,False,41.799668579101564,159.57247279584408
13b,random,mmstar_001068,mmstar,dense,False,False,False,41.76768381118774,147.94620499014854
13b,random,mmstar_001069,mmstar,dense,False,False,False,52.4307203578949,163.44298794865608
13b,random,mmstar_001083,mmstar,dense,False,False,False,102.16321528434754,275.1494441181421
13b,random,mmstar_001094,mmstar,dense,False,False,False,95.06906722664834,238.07387240231037
13b,random,mmstar_001097,mmstar,dense,True,False,False,60.16836822509765,148.88162910938263
13b,random,mmstar_001103,mmstar,dense,True,False,True,55.243949308395386,137.11538538336754
13b,random,mmstar_001104,mmstar,dense,False,False,False,60.95810570120811,152.92268060147762
13b,random,mmstar_001112,mmstar,dense,False,False,False,60.64192137956619,152.00907364487648
13b,random,mmstar_001115,mmstar,dense,False,False,False,55.83301928520203,155.30172735452652
13b,random,mmstar_001121,mmstar,dense,False,False,False,180.15263285398484,596.4780393987894
13b,random,mmstar_001122,mmstar,dense,False,False,False,136.45613513469698,446.41229324042797
13b,random,mmstar_001126,mmstar,dense,False,False,False,109.05437681078911,298.77834022045135
13b,random,mmstar_001131,mmstar,dense,False,False,False,57.0522447490692,148.00522662699223
13b,random,mmstar_001133,mmstar,dense,False,False,False,169.4410971450806,429.41999435424805
13b,random,mmstar_001137,mmstar,dense,True,False,False,109.6641721367836,278.9787221699953
13b,random,mmstar_001146,mmstar,dense,True,False,False,61.336795288324346,154.545022174716
13b,random,mmstar_001159,mmstar,dense,True,False,True,57.56647057056426,145.23808471858501
13b,random,mmstar_001160,mmstar,dense,False,False,False,59.41375121355057,149.6305949985981
13b,random,mmstar_001169,mmstar,dense,True,False,False,59.526050665378584,148.83043989539146
13b,random,mmstar_001188,mmstar,dense,False,False,False,104.6938632798195,260.50698570907116
13b,random,mmstar_001191,mmstar,dense,True,False,True,94.63247613906861,244.13752369582653
13b,random,mmstar_001194,mmstar,dense,False,False,False,57.18520206570625,146.9945851713419
13b,random,mmstar_001195,mmstar,dense,True,False,True,56.78742359638214,145.25729417800903
13b,random,mmstar_001209,mmstar,dense,False,False,False,57.001315770149226,144.77070048451424
13b,random,mmstar_001213,mmstar,dense,True,False,True,100.61669192075729,245.14021165668964
13b,random,mmstar_001221,mmstar,432,False,True,False,69.09619450688362,168.209383264184
13b,random,mmstar_001224,mmstar,dense,False,False,False,220.5028525996208,632.1834828704596
13b,random,mmstar_001226,mmstar,dense,False,False,False,99.56870307683945,315.3430111706257
13b,random,mmstar_001227,mmstar,dense,True,False,True,121.98060061693192,386.90196350216866
13b,random,mmstar_001228,mmstar,dense,False,False,False,78.51745493888856,241.9916782528162
13b,random,mmstar_001230,mmstar,dense,False,False,False,107.84365599155427,321.81964069604874
13b,random,mmstar_001241,mmstar,dense,False,False,False,97.31833661675452,271.75268717110157
13b,random,mmstar_001246,mmstar,dense,True,False,False,115.21304492712021,293.56358014047146
13b,random,mmstar_001247,mmstar,dense,False,False,False,90.11538148522376,237.5422567129135
13b,random,mmstar_001249,mmstar,dense,False,False,False,54.739477932453156,144.6406003087759
13b,random,mmstar_001251,mmstar,dense,False,False,False,79.51848286151886,214.9646282196045
13b,random,mmstar_001261,mmstar,dense,True,False,False,52.33031865596771,145.31678333878517
13b,random,mmstar_001276,mmstar,dense,False,False,False,51.85942767858506,142.36631989479065
13b,random,mmstar_001280,mmstar,dense,True,False,False,113.380652936697,303.052531555295
13b,random,mmstar_001285,mmstar,432,False,True,False,108.13272441387176,277.3882783949375
13b,random,mmstar_001287,mmstar,dense,True,False,False,117.04687626600266,296.35776206851006
13b,random,mmstar_001288,mmstar,dense,False,False,False,60.66577476024628,153.4364726394415
13b,random,mmstar_001289,mmstar,dense,False,False,False,77.16332015991212,235.46115309000015
13b,random,mmstar_001290,mmstar,dense,False,False,False,88.93848165869713,275.5905967205763
13b,random,mmstar_001293,mmstar,dense,False,False,False,50.01989662885666,159.59553234279156
13b,random,mmstar_001298,mmstar,dense,True,False,True,165.8478216266632,542.8874641656876
13b,random,mmstar_001304,mmstar,dense,False,False,False,121.78350971102715,377.18540802598
13b,random,mmstar_001307,mmstar,dense,True,False,False,47.97298273086548,144.44096758961678
13b,random,mmstar_001320,mmstar,dense,False,False,False,56.22953105330467,160.26817448437214
13b,random,mmstar_001326,mmstar,432,False,False,False,57.271906151771546,153.81458774209023
13b,random,mmstar_001331,mmstar,dense,False,False,False,55.83520873069762,143.12406070530415
13b,random,mmstar_001346,mmstar,dense,False,False,False,58.718605003356934,147.35206961631775
13b,random,mmstar_001347,mmstar,dense,False,False,False,55.846386156082154,138.15881870687008
13b,random,mmstar_001350,mmstar,dense,True,False,False,59.33143371343613,144.8588017374277
13b,random,mmstar_001353,mmstar,dense,False,False,False,134.7065298163891,320.44206745922565
13b,random,mmstar_001366,mmstar,dense,False,False,False,154.83400076150895,415.21748900413513
13b,random,mmstar_001371,mmstar,dense,False,False,False,43.32835926890373,156.6002368927002
13b,random,mmstar_001378,mmstar,dense,False,False,False,35.629602503776546,160.27194634079933
13b,random,mmstar_001379,mmstar,dense,False,False,False,38.56311047077179,158.21879915893078
13b,random,mmstar_001382,mmstar,dense,True,False,False,42.21611073970794,167.240709066391
13b,random,mmstar_001394,mmstar,dense,True,False,False,40.67413561820984,148.74854870140553
13b,random,mmstar_001395,mmstar,dense,True,False,False,42.633826665878296,141.48770831525326
13b,random,mmstar_001397,mmstar,dense,True,False,False,60.430973684787745,184.8671454936266
13b,random,mmstar_001401,mmstar,dense,False,False,False,67.44038113117217,196.19501195847988
13b,random,mmstar_001402,mmstar,432,False,False,False,56.52696048855781,153.72736752033234
13b,random,mmstar_001410,mmstar,dense,False,False,False,281.60295320630075,740.9223578870296
13b,random,mmstar_001412,mmstar,dense,False,False,False,62.54129454612731,203.75734753906727
13b,random,mmstar_001420,mmstar,dense,False,False,False,43.7735751748085,157.70106576383114
13b,random,mmstar_001421,mmstar,dense,True,False,False,47.63499526619911,194.69564780592918
13b,random,mmstar_001424,mmstar,432,True,False,False,156.99722588539123,521.7628479003906
13b,random,mmstar_001427,mmstar,dense,True,False,False,60.154721599817265,202.85666175186634
13b,random,mmstar_001432,mmstar,432,True,False,True,40.24970145821571,138.826547190547
13b,random,mmstar_001434,mmstar,dense,False,False,False,150.6136304807663,503.3585522323847
13b,random,mmstar_001436,mmstar,dense,False,False,False,182.84351704597475,492.0244291424751
13b,random,mmstar_001440,mmstar,dense,False,False,False,56.224605499506,150.44157207012177
13b,random,mmstar_001444,mmstar,dense,False,False,False,50.433857781887056,136.39280758798122
13b,random,mmstar_001446,mmstar,dense,True,False,True,127.42631375312806,378.1374841928482
13b,random,mmstar_001448,mmstar,dense,True,False,False,57.38482122302055,186.59311905503273
13b,random,mmstar_001451,mmstar,dense,True,False,False,42.93112802863121,133.62789899110794
13b,random,mmstar_001452,mmstar,dense,False,False,False,47.82418612718582,148.50381948053837
13b,random,mmstar_001455,mmstar,dense,False,False,False,109.76854716658593,327.8333228081465
13b,random,mmstar_001467,mmstar,dense,False,False,False,56.043335736989974,148.19851517677307
13b,random,mmstar_001470,mmstar,dense,True,False,False,64.48715368270874,162.76957467198372
13b,random,mmstar_001477,mmstar,dense,False,False,False,64.96736356973648,163.8508103787899
13b,random,mmstar_001484,mmstar,dense,False,False,False,64.31142886638641,162.13632002472878
13b,random,mmstar_001490,mmstar,dense,False,False,False,60.65831745386124,152.17198431491852
13b,random,mmstar_001491,mmstar,dense,False,False,False,55.58780460834503,138.4170949459076
13b,random,mmstar_001492,mmstar,dense,True,False,True,56.24750238656998,138.74533586204052
13b,random,mmstar_001496,mmstar,dense,False,False,False,55.581347942352295,137.31550611555576
13b,random,pope_adversarial_000324,pope_adversarial,432,True,False,True,59.375228621959685,146.94908633828163
13b,random,pope_adversarial_000751,pope_adversarial,432,True,False,False,55.87276870727539,138.5808363556862
13b,random,pope_adversarial_000781,pope_adversarial,432,True,False,False,63.46669423103333,153.3694565296173
13b,random,pope_adversarial_000787,pope_adversarial,432,True,False,False,33.4626525402069,165.07369093596935
13b,random,pope_adversarial_000828,pope_adversarial,432,False,False,False,26.012563824653625,143.57757195830345
13b,random,pope_adversarial_000834,pope_adversarial,432,True,False,True,28.41702348828316,138.6073362082243
13b,random,pope_adversarial_000840,pope_adversarial,432,True,False,True,32.9358306324482,139.99096304178238
13b,random,pope_adversarial_000846,pope_adversarial,432,False,False,False,37.197541230916976,136.94198243319988
13b,random,pope_adversarial_000852,pope_adversarial,432,True,False,True,47.93394451141358,140.20809717476368
13b,random,pope_adversarial_000900,pope_adversarial,432,True,False,True,53.84911057472229,154.10644002258778
13b,random,pope_adversarial_000908,pope_adversarial,432,True,False,True,44.32513934612275,163.07863593101501
13b,random,pope_adversarial_000919,pope_adversarial,432,True,False,False,34.37027112007141,136.60273142158985
13b,random,pope_adversarial_000930,pope_adversarial,432,True,False,True,84.23479898929597,394.19866539537907
13b,random,pope_adversarial_000942,pope_adversarial,432,False,False,False,33.26308744311333,151.10348910093307
13b,random,pope_adversarial_000984,pope_adversarial,432,True,False,True,49.63751055836678,209.46999453008175
13b,random,pope_adversarial_000990,pope_adversarial,432,False,False,False,35.52237547874451,148.4612189233303
13b,random,pope_adversarial_000997,pope_adversarial,432,True,False,False,39.77589835882187,141.0169843584299
13b,random,pope_adversarial_001014,pope_adversarial,432,True,False,True,48.17945568442344,147.10412733256817
13b,random,pope_adversarial_001020,pope_adversarial,432,True,False,True,49.60698601484298,137.96753995120525
13b,random,pope_adversarial_001032,pope_adversarial,432,True,False,True,52.41554537892341,140.0914080440998
13b,random,pope_adversarial_001038,pope_adversarial,432,True,True,False,54.73295419931412,164.5179856568575
13b,random,pope_adversarial_001045,pope_adversarial,432,True,False,False,42.879884067773816,139.66924138367176
13b,random,pope_adversarial_001056,pope_adversarial,432,True,True,False,43.24211161494255,141.0300713032484
13b,random,pope_adversarial_001080,pope_adversarial,432,True,False,True,46.7230196428299,148.8023791462183
13b,random,pope_adversarial_001134,pope_adversarial,432,True,False,True,45.33351098060608,141.2345040589571
13b,random,pope_adversarial_001206,pope_adversarial,432,True,False,True,47.146344769001004,140.60309901833534
13b,random,pope_adversarial_001254,pope_adversarial,432,True,False,True,51.72786104679108,140.55092073976994
13b,random,pope_adversarial_001302,pope_adversarial,432,True,False,True,58.218095090389255,143.59617233276367
13b,random,pope_adversarial_001308,pope_adversarial,432,True,False,True,57.239878531694416,140.09513705968857
13b,random,pope_adversarial_001320,pope_adversarial,432,True,False,True,59.50789251327515,174.14511740207672
13b,random,pope_adversarial_001338,pope_adversarial,432,True,False,True,44.96811929225922,138.21121118962765
13b,random,pope_adversarial_001344,pope_adversarial,432,True,False,True,50.04198279976845,158.69033336639404
13b,random,pope_adversarial_001386,pope_adversarial,432,True,False,True,50.77030486106873,168.05723309516907
13b,random,pope_adversarial_001392,pope_adversarial,432,True,False,True,42.68041417121887,139.82387073338032
13b,random,pope_adversarial_001410,pope_adversarial,432,True,False,True,48.911287229061124,146.87836542725563
13b,random,pope_adversarial_001519,pope_adversarial,432,True,False,False,38.82665905952454,178.92168276011944
13b,random,pope_adversarial_001530,pope_adversarial,432,True,False,True,27.196895205974577,137.05222308635712
13b,random,pope_adversarial_001566,pope_adversarial,432,False,False,False,28.140712665319445,140.58605022728443
13b,random,pope_adversarial_001584,pope_adversarial,432,True,False,True,31.905225781202315,139.68883082270622
13b,random,pope_adversarial_001596,pope_adversarial,432,True,False,True,39.87296744346619,138.66815529763699
13b,random,pope_adversarial_001716,pope_adversarial,432,True,False,True,45.58643996238709,141.23648405075073
13b,random,pope_adversarial_001759,pope_adversarial,432,True,False,False,18.00837268352509,177.34193243086338
13b,random,pope_adversarial_001782,pope_adversarial,432,True,False,True,21.043947563171383,163.84487226605415
13b,random,pope_adversarial_001830,pope_adversarial,432,True,False,True,25.91620887517929,141.9200412929058
13b,random,pope_adversarial_001854,pope_adversarial,432,False,False,False,80.37905317306519,384.30988043546677
13b,random,pope_adversarial_001885,pope_adversarial,432,True,False,True,38.987805926799766,152.24962309002876
13b,random,pope_adversarial_001890,pope_adversarial,432,False,False,False,44.494168159961696,149.46849644184113
13b,random,pope_adversarial_001897,pope_adversarial,432,True,False,False,47.346205203533174,142.96344853937626
13b,random,pope_adversarial_001908,pope_adversarial,432,True,False,True,47.21102335453034,141.82408712804317
13b,random,pope_adversarial_001914,pope_adversarial,432,True,False,True,49.23306449174881,140.56089147925377
13b,random,pope_adversarial_001932,pope_adversarial,432,True,False,True,52.09521145820618,141.47527515888214
13b,random,pope_adversarial_001951,pope_adversarial,432,True,False,False,53.63665347337724,138.99825885891914
13b,random,pope_adversarial_001956,pope_adversarial,432,True,False,True,56.62922882080078,141.25642366707325
13b,random,pope_adversarial_001969,pope_adversarial,432,True,False,False,59.80473269581795,146.03086933493614
13b,random,pope_adversarial_001981,pope_adversarial,432,True,False,False,57.69203907251358,140.57054743170738
13b,random,pope_adversarial_001999,pope_adversarial,432,True,False,False,57.209137992858885,139.99793492257595
13b,random,pope_adversarial_002016,pope_adversarial,432,True,False,True,57.49831076145173,142.56642386317253
13b,random,pope_adversarial_002022,pope_adversarial,432,False,False,False,57.392981241941456,139.52094316482544
13b,random,pope_adversarial_002029,pope_adversarial,432,True,False,False,136.03381063818932,1096.4980479329824
13b,random,pope_adversarial_002052,pope_adversarial,432,True,False,True,122.08902867078781,918.0222880095243
13b,random,pope_adversarial_002082,pope_adversarial,432,True,False,True,140.79544658541678,1005.5805146694183
13b,random,pope_adversarial_002088,pope_adversarial,432,True,True,False,92.69231844902039,650.808060541749
13b,random,pope_adversarial_002136,pope_adversarial,432,True,False,True,96.28866968035697,602.0281407982111
13b,random,pope_adversarial_002142,pope_adversarial,432,True,False,True,152.39192970514299,997.4689688533545
13b,random,pope_adversarial_002160,pope_adversarial,432,True,False,True,85.872689037323,618.7339071184397
13b,random,pope_adversarial_002191,pope_adversarial,432,True,False,True,156.09601827979085,1027.215713635087
13b,random,pope_adversarial_002221,pope_adversarial,432,True,False,False,79.55741242766379,577.2764571011066
13b,random,pope_adversarial_002328,pope_adversarial,432,True,False,True,95.00474515080452,740.1738334447145
13b,random,pope_adversarial_002341,pope_adversarial,432,True,False,True,78.64726974368095,666.47026874125
13b,random,pope_adversarial_002347,pope_adversarial,432,True,False,True,113.0691349172592,832.620857283473
13b,random,pope_adversarial_002394,pope_adversarial,432,True,True,False,100.92069923758507,665.7261308282614
13b,random,pope_adversarial_002400,pope_adversarial,432,True,False,True,106.89970842003822,670.7218065857887
13b,random,pope_adversarial_002466,pope_adversarial,432,True,False,True,114.11207414627074,706.9442290812731
13b,random,pope_adversarial_002472,pope_adversarial,432,False,False,False,99.48211976408959,637.5071816146374
13b,random,pope_adversarial_002478,pope_adversarial,432,True,False,True,144.06739843964579,924.7212652117014
13b,random,pope_adversarial_002502,pope_adversarial,432,True,False,True,89.12971287250518,620.386766269803
13b,random,pope_adversarial_002514,pope_adversarial,432,True,False,True,115.09119274139405,754.4835414737463
13b,random,pope_adversarial_002526,pope_adversarial,432,True,False,True,71.85092374324799,443.1627467274666
13b,random,pope_adversarial_002532,pope_adversarial,432,True,False,True,121.7071181845665,692.3559494316578
13b,random,pope_adversarial_002575,pope_adversarial,432,False,False,True,140.1232440173626,977.8722189366817
13b,random,pope_adversarial_002592,pope_adversarial,432,True,False,True,184.67285117149353,1503.7929974496365
13b,random,pope_adversarial_002610,pope_adversarial,432,False,False,False,164.6231633734703,1338.990742340684
13b,random,pope_adversarial_002623,pope_adversarial,432,True,False,True,134.11853569149972,1063.8289358466864
13b,random,pope_adversarial_002634,pope_adversarial,432,True,False,True,19.797533210515976,140.2318887412548
13b,random,pope_adversarial_002664,pope_adversarial,432,True,False,True,24.69375325679779,140.59008099138737
13b,random,pope_adversarial_002689,pope_adversarial,432,True,False,False,30.679675178527834,141.92800037562847
13b,random,pope_adversarial_002696,pope_adversarial,432,True,False,True,38.92178401947021,137.82376050949097
13b,random,pope_adversarial_002724,pope_adversarial,432,True,False,True,45.47378266572952,142.80679635703564
13b,random,pope_adversarial_002730,pope_adversarial,432,True,False,True,48.27304699063301,138.87287862598896
13b,random,pope_adversarial_002761,pope_adversarial,432,False,False,False,95.55095999002455,247.17110767960548
13b,random,pope_adversarial_002772,pope_adversarial,432,True,False,True,81.11484177470206,212.94751577079296
13b,random,pope_adversarial_002790,pope_adversarial,432,True,False,True,84.83761147260665,257.5065027922392
13b,random,pope_adversarial_002808,pope_adversarial,432,True,False,True,74.05304110646247,256.45892322063446
13b,random,pope_adversarial_002840,pope_adversarial,432,True,False,True,52.997244892120364,188.2000621408224
13b,random,pope_adversarial_002850,pope_adversarial,432,True,False,True,122.33366825819016,511.2833119928837
13b,random,pope_adversarial_002875,pope_adversarial,432,True,False,False,29.525070158243178,141.0890333354473
13b,random,pope_adversarial_002894,pope_adversarial,432,True,False,True,32.879865299463276,143.2413887232542
13b,random,pope_adversarial_002910,pope_adversarial,432,True,False,True,35.32144822716713,142.93130859732628
13b,random,pope_adversarial_002923,pope_adversarial,432,True,False,True,194.79390655994416,714.7263754159212
13b,random,pope_adversarial_002952,pope_adversarial,432,True,False,True,32.660049955844876,142.35619083046913
13b,random,pope_popular_000324,pope_popular,432,True,False,True,34.848520352840424,151.28720737993717
13b,random,pope_popular_000751,pope_popular,432,True,False,False,33.194137028455735,139.40827921032906
13b,random,pope_popular_000757,pope_popular,432,True,True,False,91.63197521686554,331.8583443760872
13b,random,pope_popular_000768,pope_popular,432,True,False,True,47.16107797980308,144.96339298784733
13b,random,pope_popular_000787,pope_popular,432,True,False,False,116.00489839196203,367.55596846342087
13b,random,pope_popular_000792,pope_popular,432,False,False,False,26.70835693359375,163.52231800556183
13b,random,pope_popular_000799,pope_popular,432,True,False,True,25.739997935295108,163.62380981445312
13b,random,pope_popular_000811,pope_popular,432,True,False,True,30.52783298969269,172.43587411940098
13b,random,pope_popular_000816,pope_popular,432,True,False,True,51.07043529629707,228.62973250448704
13b,random,pope_popular_000864,pope_popular,432,True,False,True,44.9370072388649,172.3509170114994
13b,random,pope_popular_000876,pope_popular,432,True,False,True,117.03140568971635,424.23304729163647
13b,random,pope_popular_000882,pope_popular,432,False,False,False,90.87908533334732,384.2027001082897
13b,random,pope_popular_000888,pope_popular,432,True,False,True,31.293961832523348,155.34384921193123
13b,random,pope_popular_000895,pope_popular,432,True,False,True,34.02311815023422,140.36430045962334
13b,random,pope_popular_000900,pope_popular,432,True,False,True,165.93984168887138,679.3148629367352
13b,random,pope_popular_000919,pope_popular,432,True,False,True,34.543211196661,144.96402069926262
13b,random,pope_popular_000960,pope_popular,432,True,False,True,33.1485315155983,138.72291520237923
13b,random,pope_popular_000984,pope_popular,432,True,False,True,120.33673299074175,500.8288621902466
13b,random,pope_popular_001002,pope_popular,432,False,False,True,37.19410695552826,139.68048244714737
13b,random,pope_popular_001014,pope_popular,432,True,False,True,111.58782666802406,439.2317980527878
13b,random,pope_popular_001045,pope_popular,432,True,False,False,33.11592314600944,143.4845719486475
13b,random,pope_popular_001056,pope_popular,432,True,True,False,38.39469323635101,141.9881507754326
13b,random,pope_popular_001068,pope_popular,432,True,True,False,60.59962750911712,207.1869634091854
13b,random,pope_popular_001075,pope_popular,432,True,False,False,43.644320940971376,147.08381704986095
13b,random,pope_popular_001086,pope_popular,432,True,False,True,48.99490272283554,145.2536340802908
13b,random,pope_popular_001098,pope_popular,432,True,True,False,74.36397715568543,203.42989452183247
13b,random,pope_popular_001122,pope_popular,432,True,False,True,113.36170234918596,325.08913427591324
13b,random,pope_popular_001128,pope_popular,432,True,False,True,58.04127941966057,177.47083120048046
13b,random,pope_popular_001158,pope_popular,432,True,False,True,45.88228526711464,142.10692048072815
13b,random,pope_popular_001171,pope_popular,432,True,False,True,98.02465683937072,330.9806268662214
13b,random,pope_popular_001182,pope_popular,432,True,False,True,59.18335308551788,207.24421180784702
13b,random,pope_popular_001188,pope_popular,432,True,False,True,41.30405569076538,141.30950532853603
13b,random,pope_popular_001195,pope_popular,432,True,False,False,47.24735937595367,154.8052653670311
13b,random,pope_popular_001224,pope_popular,432,False,False,False,240.92395992994307,1011.4450976252556
13b,random,pope_popular_001272,pope_popular,432,False,False,False,45.24584680914879,311.72843649983406
13b,random,pope_popular_001278,pope_popular,432,True,False,True,27.470690622329712,150.38680285215378
13b,random,pope_popular_001332,pope_popular,432,False,False,False,30.652197256088254,141.1962639540434
13b,random,pope_popular_001356,pope_popular,432,False,False,False,201.5393981194496,841.6005112230778
13b,random,pope_popular_001369,pope_popular,432,True,False,False,26.89456141471863,141.81295968592167
13b,random,pope_popular_001392,pope_popular,432,True,False,True,27.231650650501248,141.59809798002243
13b,random,pope_popular_001458,pope_popular,432,True,False,True,33.464778448343274,141.61152951419353
13b,random,pope_popular_001500,pope_popular,432,True,False,True,38.53651170134544,138.9441154897213
13b,random,pope_popular_001507,pope_popular,432,True,False,False,67.02338951349257,203.00919003784657
13b,random,pope_popular_001548,pope_popular,432,True,False,True,84.00738544940948,229.51851785182953
13b,random,pope_popular_001566,pope_popular,432,False,False,False,56.425470299720764,155.80001287162304
13b,random,pope_popular_001626,pope_popular,432,True,False,True,54.540133893489845,155.1776472479105
13b,random,pope_popular_001644,pope_popular,432,True,False,True,69.3583313369751,211.20388060808182
13b,random,pope_popular_001651,pope_popular,432,True,False,False,75.18955323934556,249.89697895944118
13b,random,pope_popular_001681,pope_popular,432,True,False,False,117.95880855441094,459.9488899111748
13b,random,pope_popular_001704,pope_popular,432,True,False,True,33.04084965229034,151.7906617373228
13b,random,pope_popular_001716,pope_popular,432,True,False,True,34.92941726565361,140.66761918365955
13b,random,pope_popular_001722,pope_popular,432,True,False,True,91.56465023875236,359.2712767422199
13b,random,pope_popular_001747,pope_popular,432,True,False,False,40.252914905548096,145.87350003421307
13b,random,pope_popular_001759,pope_popular,432,True,False,False,43.256609902381896,138.55594582855701
13b,random,pope_popular_001794,pope_popular,432,True,False,True,48.58122839212418,140.38378931581974
13b,random,pope_popular_001824,pope_popular,432,True,False,True,134.68121900081636,432.28801898658276
13b,random,pope_popular_001831,pope_popular,432,True,False,False,42.83911686897277,138.3124627172947
13b,random,pope_popular_001842,pope_popular,432,False,False,False,45.42956889986992,143.1103479117155
13b,random,pope_popular_001861,pope_popular,432,True,False,False,45.00264138698577,140.5660007148981
13b,random,pope_popular_001866,pope_popular,432,True,False,True,46.86875677108765,149.82296526432037
13b,random,pope_popular_001878,pope_popular,432,True,False,True,69.84863761901855,215.57540446519852
13b,random,pope_popular_001908,pope_popular,432,True,False,True,45.36527746200561,145.0656708329916
13b,random,pope_popular_001932,pope_popular,432,True,False,True,63.912491505146036,218.95022876560688
13b,random,pope_popular_002047,pope_popular,432,True,False,False,41.97105268478394,145.9442898631096
13b,random,pope_popular_002070,pope_popular,432,True,False,True,53.663229389190676,179.9552235752344
13b,random,pope_popular_002082,pope_popular,432,True,False,True,102.55405812382699,318.4521645307541
13b,random,pope_popular_002124,pope_popular,432,True,False,True,112.31984697818757,375.9368695318699
13b,random,pope_popular_002130,pope_popular,432,True,False,True,164.48034069061282,877.4332068860531
13b,random,pope_popular_002172,pope_popular,432,False,False,False,21.418746447563173,145.51231637597084
13b,random,pope_popular_002202,pope_popular,432,True,False,True,24.026352922916413,142.39074103534222
13b,random,pope_popular_002232,pope_popular,432,True,False,True,34.89486393094062,155.88155388832092
13b,random,pope_popular_002274,pope_popular,432,True,False,True,38.597304352521896,139.74695466458797
13b,random,pope_popular_002304,pope_popular,432,True,False,True,47.88036449670791,150.69280564785004
13b,random,pope_popular_002310,pope_popular,432,True,False,True,49.81875698804855,140.0013566017151
13b,random,pope_popular_002328,pope_popular,432,True,False,True,58.06294053196907,149.83511716127396
13b,random,pope_popular_002365,pope_popular,432,True,False,True,58.6804315340519,146.5669833123684
13b,random,pope_popular_002370,pope_popular,432,True,False,True,58.602505251169205,162.82799653708935
13b,random,pope_popular_002425,pope_popular,432,True,False,True,50.90152560949325,150.2843201160431
13b,random,pope_popular_002430,pope_popular,432,True,False,True,45.74964720249176,138.72120529413223
13b,random,pope_popular_002436,pope_popular,432,True,False,True,48.50925786852836,146.46763168275356
13b,random,pope_popular_002449,pope_popular,432,True,False,True,48.273169384002685,144.9144035577774
13b,random,pope_popular_002460,pope_popular,432,True,False,True,51.893144646883016,151.1485781520605
13b,random,pope_popular_002478,pope_popular,432,True,False,True,49.79248206853867,138.9016378670931
13b,random,pope_popular_002490,pope_popular,432,True,False,True,58.76727782249451,150.11237934231758
13b,random,pope_popular_002496,pope_popular,432,False,False,True,56.58168292164803,140.15613496303558
13b,random,pope_popular_002539,pope_popular,432,True,False,False,61.71615726113319,175.7960394024849
13b,random,pope_popular_002575,pope_popular,432,True,False,False,47.26847728610039,143.27419362962246
13b,random,pope_popular_002640,pope_popular,432,True,False,True,45.72958950281143,142.29354448616505
13b,random,pope_popular_002658,pope_popular,432,True,False,True,42.85382870435714,154.93669547140598
13b,random,pope_popular_002670,pope_popular,432,True,False,True,41.20808553695679,151.5676211565733
13b,random,pope_popular_002683,pope_popular,432,True,False,True,44.91963622331619,144.78930085897446
13b,random,pope_popular_002689,pope_popular,432,True,False,False,211.63083697438242,1395.371487364173
13b,random,pope_popular_002724,pope_popular,432,True,False,True,22.118545874357224,162.69488260149956
13b,random,pope_popular_002737,pope_popular,432,True,False,False,38.43669130325318,210.4684431105852
13b,random,pope_popular_002784,pope_popular,432,False,False,False,39.28508557677269,192.43299402296543
13b,random,pope_popular_002808,pope_popular,432,True,False,True,32.87924804568291,146.82176522910595
13b,random,pope_popular_002898,pope_popular,432,False,False,False,58.35754780292511,221.851559355855
13b,random,pope_popular_002923,pope_popular,432,True,False,False,56.469521645307545,178.88476140797138
13b,random,pope_popular_002941,pope_popular,432,True,False,False,47.068838146924975,141.49482548236847
13b,random,pope_popular_002965,pope_popular,432,True,False,False,68.34379680633545,197.73494265973568
13b,random,pope_random_000751,pope_random,432,True,False,False,48.99303340435028,138.46948370337486
13b,random,pope_random_000774,pope_random,432,True,False,True,193.88090067625046,865.3201274573803
13b,random,pope_random_000792,pope_random,432,False,False,False,27.924934005737306,187.0261039584875
13b,random,pope_random_000800,pope_random,432,True,False,True,108.15591601490974,567.6187872886658
13b,random,pope_random_000816,pope_random,432,True,False,True,73.42511394619942,370.4719189554453
13b,random,pope_random_000822,pope_random,432,False,True,False,32.41152992367744,151.613999158144
13b,random,pope_random_000828,pope_random,432,False,False,False,36.12556337952614,143.12153682112694
13b,random,pope_random_000846,pope_random,432,False,False,False,42.70024721264839,149.28566478192806
13b,random,pope_random_000852,pope_random,432,True,False,True,44.8076471042633,142.18575321137905
13b,random,pope_random_000870,pope_random,432,True,False,True,232.1740290725231,1135.3302523493767
13b,random,pope_random_000876,pope_random,432,True,False,True,20.904737615585326,145.62583714723587
13b,random,pope_random_000882,pope_random,432,False,False,False,35.77063394069672,175.31462758779526
13b,random,pope_random_000888,pope_random,432,True,False,True,76.05556655526162,314.47035633027554
13b,random,pope_random_000900,pope_random,432,True,False,True,39.545705342292784,149.2714248597622
13b,random,pope_random_000907,pope_random,432,True,False,False,66.86459258079529,267.2580163925886
13b,random,pope_random_000912,pope_random,432,True,False,True,39.51327734470367,141.5991187095642
13b,random,pope_random_001020,pope_random,432,True,False,True,41.200946509838104,138.0758211016655
13b,random,pope_random_001050,pope_random,432,False,False,True,43.877927206754684,138.3750308305025
13b,random,pope_random_001086,pope_random,432,True,False,True,142.71667771101,507.4578709900379
13b,random,pope_random_001104,pope_random,432,True,False,True,39.171980659961704,146.20451256632805
13b,random,pope_random_001110,pope_random,432,False,False,False,71.95818975806236,346.62398137152195
13b,random,pope_random_001122,pope_random,432,True,False,True,226.60069280028344,1503.1959172338247
13b,random,pope_random_001128,pope_random,432,True,False,True,22.533402979373932,143.69402267038822
13b,random,pope_random_001134,pope_random,432,True,False,True,32.27263155698776,154.7989659011364
13b,random,pope_random_001141,pope_random,432,True,False,False,120.02225890874863,523.9825248718262
13b,random,pope_random_001146,pope_random,432,True,False,True,37.23124204397202,144.45900730788708
13b,random,pope_random_001200,pope_random,432,True,False,True,41.21723385810852,147.29364030063152
13b,random,pope_random_001218,pope_random,432,False,False,True,41.63829497337341,147.36166037619114
13b,random,pope_random_001248,pope_random,432,False,False,False,56.69468281507491,183.87171998620033
13b,random,pope_random_001278,pope_random,432,True,False,True,50.98454738497735,155.31416982412338
13b,random,pope_random_001302,pope_random,432,True,False,True,47.32559944748879,141.99847914278507
13b,random,pope_random_001338,pope_random,432,True,False,True,47.63359131693841,142.82267726957798
13b,random,pope_random_001362,pope_random,432,True,False,True,48.0643156182766,143.40952038764954
13b,random,pope_random_001386,pope_random,432,True,False,True,201.78862882375716,694.3991035223007
13b,random,pope_random_001423,pope_random,432,True,False,False,52.12552757263184,251.89636275172234
13b,random,pope_random_001480,pope_random,432,True,False,True,31.92449680566788,152.3959692567587
13b,random,pope_random_001520,pope_random,432,True,False,True,53.391429320573806,209.05445702373981
13b,random,pope_random_001554,pope_random,432,True,False,True,40.868800983428955,142.5983253866434
13b,random,pope_random_001574,pope_random,432,True,False,True,47.943220441341396,153.83151732385159
13b,random,pope_random_001620,pope_random,432,True,False,True,44.428181433677665,138.09718936681747
13b,random,pope_random_001674,pope_random,432,True,False,True,51.2048560988903,166.21726006269455
13b,random,pope_random_001682,pope_random,432,True,True,False,45.18865447998047,138.77872377634048
13b,random,pope_random_001740,pope_random,432,False,False,False,46.03404418945312,140.96304215490818
13b,random,pope_random_001754,pope_random,432,True,False,True,47.22476726531982,143.98956298828125
13b,random,pope_random_001764,pope_random,432,True,False,True,46.46353927612304,140.95344580709934
13b,random,pope_random_001801,pope_random,432,True,False,False,145.7458165705204,454.57552932202816
13b,random,pope_random_001814,pope_random,432,True,False,True,46.45823088169097,151.81950107216835
13b,random,pope_random_001832,pope_random,432,True,False,True,101.2214531135559,389.53913003206253
13b,random,pope_random_001842,pope_random,432,False,False,False,45.49973322749138,181.56416155397892
13b,random,pope_random_001854,pope_random,432,False,False,False,121.0219925749302,713.2761739194393
13b,random,pope_random_001872,pope_random,432,True,False,True,22.16683079838753,142.19960011541843
13b,random,pope_random_001878,pope_random,432,True,False,True,39.02838135957718,198.6462790518999
13b,random,pope_random_001921,pope_random,432,True,False,False,52.16750938177109,215.4053319245577
13b,random,pope_random_001938,pope_random,432,True,False,True,55.64348881244659,190.61211869120598
13b,random,pope_random_001963,pope_random,432,True,False,False,44.70835852146149,139.22179862856865
13b,random,pope_random_001982,pope_random,432,True,False,True,46.68699362754822,164.60922732949257
13b,random,pope_random_001992,pope_random,432,True,False,True,56.4377137851715,196.95411808788776
13b,random,pope_random_002036,pope_random,432,True,False,True,42.65978559494018,142.98763684928417
13b,random,pope_random_002082,pope_random,432,True,False,True,45.26594152212142,148.52148666977882
13b,random,pope_random_002088,pope_random,432,True,True,False,179.6311610913277,894.6292456239462
13b,random,pope_random_002094,pope_random,432,False,False,False,60.56059957146644,399.7944239526987
13b,random,pope_random_002100,pope_random,432,True,False,True,31.69002175569534,154.22162041068077
13b,random,pope_random_002114,pope_random,432,False,False,False,36.46104902148247,140.73953218758106
13b,random,pope_random_002124,pope_random,432,True,False,True,38.501210850477214,139.41200263798237
13b,random,pope_random_002136,pope_random,432,True,False,True,175.30478835940363,647.737780585885
13b,random,pope_random_002166,pope_random,432,True,False,True,33.23387574672699,173.20273257791996
13b,random,pope_random_002214,pope_random,432,True,False,True,198.11582902193072,1325.6671912968159
13b,random,pope_random_002238,pope_random,432,True,False,True,26.723367216587064,169.0594870597124
13b,random,pope_random_002250,pope_random,432,False,False,False,46.34601139426231,220.97908332943916
13b,random,pope_random_002347,pope_random,432,True,False,False,34.534968227148056,139.8447435349226
13b,random,pope_random_002358,pope_random,432,True,False,True,41.66304184556008,147.20331877470016
13b,random,pope_random_002370,pope_random,432,True,False,True,41.24251461148262,138.87028954923153
13b,random,pope_random_002400,pope_random,432,True,False,True,69.1823241519928,216.3634616881609
13b,random,pope_random_002420,pope_random,432,True,False,True,47.79815626859666,141.98478870093822
13b,random,pope_random_002430,pope_random,432,True,False,True,133.27160931468012,428.70714142918587
13b,random,pope_random_002449,pope_random,432,True,False,False,92.05621819138527,362.5076301395893
13b,random,pope_random_002466,pope_random,432,True,False,True,165.48706706166269,1225.9199563413858
13b,random,pope_random_002520,pope_random,432,True,False,True,22.35378239393234,153.96871604025364
13b,random,pope_random_002540,pope_random,432,True,False,True,205.69857169985772,1314.397606998682
13b,random,pope_random_002551,pope_random,432,True,False,False,24.620587716102598,153.00999954342842
13b,random,pope_random_002562,pope_random,432,True,False,True,28.490776586532593,140.2927879244089
13b,random,pope_random_002568,pope_random,432,True,False,True,39.161255154609684,158.11726078391075
13b,random,pope_random_002592,pope_random,432,True,False,True,43.43330991625786,145.25156281888485
13b,random,pope_random_002652,pope_random,432,True,False,True,46.33657621979713,138.1308026611805
13b,random,pope_random_002730,pope_random,432,True,False,True,212.7372179281712,1039.442002773285
13b,random,pope_random_002742,pope_random,432,True,False,True,43.87558529376984,283.08338299393654
13b,random,pope_random_002756,pope_random,432,True,False,True,27.99424682378769,145.47855593264103
13b,random,pope_random_002766,pope_random,432,True,False,True,35.256563470363616,141.54108799993992
13b,random,pope_random_002790,pope_random,432,True,False,True,38.21001349449158,137.8939487040043
13b,random,pope_random_002826,pope_random,432,True,False,True,41.44343829751015,139.05795849859715
13b,random,pope_random_002832,pope_random,432,True,False,True,73.87025382041932,223.00396859645844
13b,random,pope_random_002850,pope_random,432,True,False,True,177.26646240472795,605.6617684662342
13b,random,pope_random_002856,pope_random,432,True,False,True,32.75092878818512,141.75680838525295
13b,random,pope_random_002862,pope_random,432,True,False,True,35.82517187356949,161.19406186044216
13b,random,pope_random_002894,pope_random,432,True,False,True,36.05799763441086,150.19720047712326
13b,random,pope_random_002928,pope_random,432,True,False,True,40.93704741954804,137.3378038406372
13b,random,pope_random_002966,pope_random,432,True,False,True,47.72395491361618,146.41857147216797
13b,random,pope_random_002970,pope_random,432,True,False,True,33.14526786804199,168.71084086596966
13b,random,pope_random_002982,pope_random,432,True,False,True,27.99354903459549,147.04252779483795
13b,random,pope_random_002994,pope_random,432,True,False,True,29.82280370593071,142.86460727453232
13b,random,visual_counterfact_color_000002,visual_counterfact_color,432,True,False,True,46.80171580195427,189.3548797816038
13b,random,visual_counterfact_color_000005,visual_counterfact_color,432,True,False,True,40.900654581785204,138.94731737673283
13b,random,visual_counterfact_color_000014,visual_counterfact_color,432,True,False,True,54.212791013717656,158.38670916855335
13b,random,visual_counterfact_color_000016,visual_counterfact_color,432,True,False,True,146.4187768614292,697.3841171711683
13b,random,visual_counterfact_color_000023,visual_counterfact_color,432,True,False,True,21.822792263031005,139.23710025846958
13b,random,visual_counterfact_color_000024,visual_counterfact_color,432,True,False,True,31.155341327190396,147.9161437600851
13b,random,visual_counterfact_color_000026,visual_counterfact_color,432,True,False,True,43.11068937420845,170.2387072145939
13b,random,visual_counterfact_color_000027,visual_counterfact_color,432,True,False,True,87.00045781373977,329.7298587858677
13b,random,visual_counterfact_color_000034,visual_counterfact_color,432,True,False,True,34.856471046209336,138.42415437102318
13b,random,visual_counterfact_color_000035,visual_counterfact_color,432,True,False,True,35.08979927659034,140.02778381109238
13b,random,visual_counterfact_color_000038,visual_counterfact_color,432,True,False,True,39.47074250221253,156.30344487726688
13b,random,visual_counterfact_color_000049,visual_counterfact_color,432,True,False,True,41.756178238391875,152.04559452831745
13b,random,visual_counterfact_color_000053,visual_counterfact_color,432,True,False,True,182.86330404758453,806.7811373621225
13b,random,visual_counterfact_color_000055,visual_counterfact_color,432,True,False,True,34.85724431157112,186.73190101981163
13b,random,visual_counterfact_color_000056,visual_counterfact_color,432,True,False,True,75.36852585077284,385.10919734835625
13b,random,visual_counterfact_color_000058,visual_counterfact_color,432,True,False,True,42.50615815520287,174.69652369618416
13b,random,visual_counterfact_color_000063,visual_counterfact_color,432,True,False,True,46.51503783702851,163.4006481617689
13b,random,visual_counterfact_color_000064,visual_counterfact_color,432,True,False,True,114.93164014697075,410.49277409911156
13b,random,visual_counterfact_color_000065,visual_counterfact_color,432,True,False,True,49.61269312024116,207.00822956860065
13b,random,visual_counterfact_color_000069,visual_counterfact_color,432,True,False,True,32.845700157880785,146.30435034632683
13b,random,visual_counterfact_color_000071,visual_counterfact_color,432,True,False,True,116.65563138246537,507.1352384984493
13b,random,visual_counterfact_color_000072,visual_counterfact_color,432,True,False,True,34.59665438175201,141.8946571648121
13b,random,visual_counterfact_color_000077,visual_counterfact_color,432,True,False,True,82.75397695422173,403.053330257535
13b,random,visual_counterfact_color_000081,visual_counterfact_color,432,True,False,True,35.87499925374985,154.68014404177666
13b,random,visual_counterfact_color_000087,visual_counterfact_color,432,True,False,True,40.22755097270012,160.6328058987856
13b,random,visual_counterfact_color_000089,visual_counterfact_color,432,True,False,True,38.58087366342544,148.28826487064362
13b,random,visual_counterfact_color_000090,visual_counterfact_color,432,True,False,True,182.89075476646423,679.5044336467981
13b,random,visual_counterfact_color_000097,visual_counterfact_color,432,True,False,True,33.60613357424736,142.1651616692543
13b,random,visual_counterfact_color_000098,visual_counterfact_color,432,True,False,True,75.53862071037292,353.6405134946108
13b,random,visual_counterfact_color_000099,visual_counterfact_color,432,True,False,True,94.8581132745743,461.22985891997814
13b,random,visual_counterfact_color_000101,visual_counterfact_color,432,True,False,True,27.826872906684873,142.80817657709122
13b,random,visual_counterfact_color_000102,visual_counterfact_color,432,True,False,True,40.94882447004318,177.5990016758442
13b,random,visual_counterfact_color_000104,visual_counterfact_color,432,True,False,True,39.498747868537905,152.8011318296194
13b,random,visual_counterfact_color_000107,visual_counterfact_color,432,True,False,True,128.41902356624604,444.6229077875614
13b,random,visual_counterfact_color_000113,visual_counterfact_color,432,True,False,True,141.00512571215629,651.4005959033966
13b,random,visual_counterfact_color_000114,visual_counterfact_color,432,True,False,True,30.517449442148205,164.68285582959652
13b,random,visual_counterfact_color_000115,visual_counterfact_color,432,True,False,True,48.6867390537262,222.40459360182285
13b,random,visual_counterfact_color_000116,visual_counterfact_color,432,True,False,True,38.3411377632618,158.2379713654518
13b,random,visual_counterfact_color_000124,visual_counterfact_color,432,True,False,True,134.74433943629265,485.1106461137533
13b,random,visual_counterfact_color_000131,visual_counterfact_color,432,True,False,True,51.74401622772217,198.9766415208578
13b,random,visual_counterfact_color_000134,visual_counterfact_color,432,True,False,True,38.607712975740434,149.0371637046337
13b,random,visual_counterfact_color_000137,visual_counterfact_color,432,True,False,True,39.81586641073227,144.12570372223854
13b,random,visual_counterfact_color_000140,visual_counterfact_color,432,True,False,True,65.05761260867119,215.3132390230894
13b,random,visual_counterfact_color_000147,visual_counterfact_color,432,True,False,True,171.35590608000754,1128.879588097334
13b,random,visual_counterfact_color_000149,visual_counterfact_color,432,True,False,True,21.377444953918456,145.0791023671627
13b,random,visual_counterfact_color_000152,visual_counterfact_color,432,True,False,True,28.854787330627445,154.65190447866917
13b,random,visual_counterfact_color_000153,visual_counterfact_color,432,True,False,True,51.381579664945605,223.55765104293823
13b,random,visual_counterfact_color_000156,visual_counterfact_color,432,True,False,True,131.60926516175272,621.7391882091761
13b,random,visual_counterfact_color_000159,visual_counterfact_color,432,True,False,True,35.04381986141205,177.14602127671242
13b,random,visual_counterfact_color_000168,visual_counterfact_color,432,True,False,True,32.295956027507785,144.04565282166004
13b,random,visual_counterfact_color_000171,visual_counterfact_color,432,True,False,True,136.66649839758873,556.1472848057747
13b,random,visual_counterfact_color_000173,visual_counterfact_color,432,True,False,True,39.756354173421855,141.7573969811201
13b,random,visual_counterfact_color_000176,visual_counterfact_color,432,True,False,True,107.37273066163064,444.24908235669136
13b,random,visual_counterfact_color_000180,visual_counterfact_color,432,True,False,True,43.371866726875304,172.79648780822754
13b,random,visual_counterfact_color_000182,visual_counterfact_color,432,True,False,True,32.02216884970665,176.2494519352913
13b,random,visual_counterfact_color_000186,visual_counterfact_color,432,True,False,True,25.68259153366089,141.6060458868742
13b,random,visual_counterfact_color_000189,visual_counterfact_color,432,False,False,True,34.414216725826265,163.57463225722313
13b,random,visual_counterfact_color_000190,visual_counterfact_color,432,True,False,True,114.37008621096612,458.5060402750969
13b,random,visual_counterfact_color_000191,visual_counterfact_color,432,True,False,True,43.11142424941063,148.2703685760498
13b,random,visual_counterfact_color_000198,visual_counterfact_color,432,True,False,True,127.0595198059082,510.05967147648335
13b,random,visual_counterfact_color_000200,visual_counterfact_color,432,True,False,True,101.30239616274834,447.5152101367712
13b,random,visual_counterfact_color_000201,visual_counterfact_color,432,True,False,True,31.041830539703373,140.77396132051945
13b,random,visual_counterfact_color_000206,visual_counterfact_color,432,True,False,True,42.36407974720001,167.69935004413128
13b,random,visual_counterfact_color_000207,visual_counterfact_color,432,True,False,True,281.41024905681616,1670.369179919362
13b,random,visual_counterfact_color_000217,visual_counterfact_color,432,True,False,True,45.208984076976776,316.1305356770754
13b,random,visual_counterfact_color_000220,visual_counterfact_color,432,True,False,True,25.68423414468765,150.18734149634838
13b,random,visual_counterfact_color_000221,visual_counterfact_color,432,True,False,True,30.84182562828064,149.0901242941618
13b,random,visual_counterfact_color_000223,visual_counterfact_color,432,True,False,True,34.22113826751709,140.20856656134129
13b,random,visual_counterfact_color_000227,visual_counterfact_color,432,True,False,True,168.48501715660095,607.0966683328152
13b,random,visual_counterfact_color_000228,visual_counterfact_color,432,True,False,True,43.393923487663265,169.92787644267082
13b,random,visual_counterfact_color_000233,visual_counterfact_color,432,True,False,True,70.07119027614594,305.0378244370222
13b,random,visual_counterfact_color_000236,visual_counterfact_color,432,True,False,True,36.833277878761294,144.58847977221012
13b,random,visual_counterfact_color_000239,visual_counterfact_color,432,True,False,True,45.3891787815094,156.16437420248985
13b,random,visual_counterfact_color_000246,visual_counterfact_color,432,True,False,True,45.46484779596328,139.54348489642143
13b,random,visual_counterfact_color_000252,visual_counterfact_color,432,True,False,True,50.155405411720274,141.7863480746746
13b,random,visual_counterfact_color_000260,visual_counterfact_color,432,True,False,True,52.644603471755985,144.29902844130993
13b,random,visual_counterfact_color_000263,visual_counterfact_color,432,True,False,True,57.649527955055234,154.10706028342247
13b,random,visual_counterfact_color_000265,visual_counterfact_color,432,True,False,True,142.28745590925217,582.4816357344389
13b,random,visual_counterfact_color_000266,visual_counterfact_color,432,True,False,True,65.90212897062302,437.0759092271328
13b,random,visual_counterfact_color_000270,visual_counterfact_color,432,True,False,True,36.19501970410347,176.48327350616455
13b,random,visual_counterfact_color_000271,visual_counterfact_color,432,True,True,False,82.13553124785423,391.9918015599251
13b,random,visual_counterfact_color_000272,visual_counterfact_color,432,True,False,True,38.67664450407029,150.81005543470383
13b,random,visual_counterfact_color_000278,visual_counterfact_color,432,True,False,True,41.00720245957375,144.34336684644222
13b,random,visual_counterfact_color_000281,visual_counterfact_color,432,True,False,True,53.03354039430618,179.8054799437523
13b,random,visual_counterfact_color_000282,visual_counterfact_color,432,True,False,True,179.92180386424064,770.2041547745466
13b,random,visual_counterfact_color_000285,visual_counterfact_color,432,True,False,True,26.620029249191287,156.3094276934862
13b,random,visual_counterfact_color_000286,visual_counterfact_color,432,True,False,True,41.412231945991515,205.01151494681835
13b,random,visual_counterfact_color_000289,visual_counterfact_color,432,True,False,True,63.43313127160073,262.4385003000498
13b,random,visual_counterfact_color_000294,visual_counterfact_color,432,True,False,True,48.68150742173195,170.3828200697899
13b,random,visual_counterfact_color_000299,visual_counterfact_color,432,True,False,True,44.07970525741577,190.32982736825943
13b,random,visual_counterfact_color_000309,visual_counterfact_color,432,True,False,True,31.895932402610775,137.26277463138103
13b,random,visual_counterfact_color_000312,visual_counterfact_color,432,True,False,True,37.02620951652526,156.7053496837616
13b,random,visual_counterfact_color_000314,visual_counterfact_color,432,True,False,True,36.13719888806342,144.30677518248558
13b,random,visual_counterfact_color_000316,visual_counterfact_color,432,True,False,True,46.196905869245526,162.00497932732105
13b,random,visual_counterfact_color_000319,visual_counterfact_color,432,True,False,True,54.35384454727173,161.59163415431976
13b,random,visual_counterfact_color_000321,visual_counterfact_color,432,True,False,True,54.56780351400376,146.09608054161072
13b,random,visual_counterfact_color_000326,visual_counterfact_color,432,True,False,True,86.4965435576439,231.03512823581696
13b,random,visual_counterfact_color_000327,visual_counterfact_color,432,True,True,False,122.01693952798844,373.17403964698315
13b,random,visual_counterfact_color_000329,visual_counterfact_color,432,True,False,True,40.96196660399437,137.95875199139118
13b,random,visual_counterfact_color_000330,visual_counterfact_color,432,True,False,True,50.01257206916809,171.21582850813866
13b,random,visual_counterfact_color_000333,visual_counterfact_color,432,True,True,False,22.16215426325798,173.99417608976364
13b,random,visual_counterfact_color_000341,visual_counterfact_color,432,True,False,True,55.46321118712425,362.80547082424164
13b,random,visual_counterfact_color_000354,visual_counterfact_color,432,True,False,True,29.88240868806839,149.27438274025917
13b,random,visual_counterfact_color_000358,visual_counterfact_color,432,True,False,True,37.3182317507267,150.86692571640015
13b,random,visual_counterfact_color_000359,visual_counterfact_color,432,True,False,True,251.41986784338954,1387.795202434063
13b,random,visual_counterfact_color_000361,visual_counterfact_color,432,True,False,True,23.104015964269635,144.35217529535294
13b,random,visual_counterfact_color_000363,visual_counterfact_color,432,True,False,True,29.840468657016753,150.48786252737045
13b,random,visual_counterfact_color_000364,visual_counterfact_color,432,True,False,True,120.67909717082978,525.1967813819647
13b,random,visual_counterfact_color_000368,visual_counterfact_color,432,True,False,True,34.1798863196373,139.23365995287895
13b,random,visual_counterfact_color_000374,visual_counterfact_color,432,True,False,True,38.477461063861846,138.83566856384277
13b,random,visual_counterfact_color_000375,visual_counterfact_color,432,True,False,True,42.335639369487765,151.32783725857735
13b,random,visual_counterfact_color_000376,visual_counterfact_color,432,True,False,True,123.92008409500123,429.3175656348467
13b,random,visual_counterfact_color_000382,visual_counterfact_color,432,True,False,True,35.94515770077705,140.02233557403088
13b,random,visual_counterfact_color_000384,visual_counterfact_color,432,True,False,True,53.539167394638056,218.83287653326988
13b,random,visual_counterfact_color_000385,visual_counterfact_color,432,True,False,True,40.637467277050014,156.79396130144596
13b,random,visual_counterfact_color_000386,visual_counterfact_color,432,True,False,True,71.67894073724747,255.12550584971905
13b,random,visual_counterfact_color_000390,visual_counterfact_color,432,True,False,True,42.550982129573825,138.14285956323147
13b,random,visual_counterfact_color_000391,visual_counterfact_color,432,True,False,True,116.06733217716217,387.7102676779032
13b,random,visual_counterfact_color_000392,visual_counterfact_color,432,True,False,True,142.70095742464065,737.6907840371132
13b,random,visual_counterfact_color_000393,visual_counterfact_color,432,True,False,True,25.64219460964203,145.11510357260704
13b,random,visual_counterfact_color_000394,visual_counterfact_color,432,True,False,True,35.07106726408005,165.21986201405525
13b,random,visual_counterfact_color_000395,visual_counterfact_color,432,True,False,True,34.81294143557549,140.62446728348732
13b,random,visual_counterfact_color_000398,visual_counterfact_color,432,True,False,True,181.89305642962458,785.1647846400738
13b,random,visual_counterfact_color_000400,visual_counterfact_color,432,True,False,True,38.12884882807732,239.66964334249496
13b,random,visual_counterfact_color_000403,visual_counterfact_color,432,True,False,True,202.23582430005075,1402.8940945863724
13b,random,visual_counterfact_color_000410,visual_counterfact_color,432,True,False,True,20.048421902656553,143.6113826930523
13b,random,visual_counterfact_color_000412,visual_counterfact_color,432,True,False,True,46.99768186926842,234.0229693800211
13b,random,visual_counterfact_color_000420,visual_counterfact_color,432,True,False,True,53.771279381513594,221.12835384905338
13b,random,visual_counterfact_color_000422,visual_counterfact_color,432,True,False,True,38.63305437088013,140.47370851039886
13b,random,visual_counterfact_color_000431,visual_counterfact_color,432,True,False,True,50.25686305999756,155.38441948592663
13b,random,visual_counterfact_color_000432,visual_counterfact_color,432,True,False,True,70.74824382185936,213.58558908104897
13b,random,visual_counterfact_color_000433,visual_counterfact_color,432,True,False,True,46.66851998805999,144.19235661625862
13b,random,visual_counterfact_color_000434,visual_counterfact_color,432,True,False,True,61.04418869018555,178.33752930164337
13b,random,visual_counterfact_color_000440,visual_counterfact_color,432,True,False,True,57.10742300987244,165.06608948111534
13b,random,visual_counterfact_color_000442,visual_counterfact_color,432,True,False,True,51.02882533669472,149.04139190912247
13b,random,visual_counterfact_color_000447,visual_counterfact_color,432,True,False,True,50.037768999338155,142.30536110699177
13b,random,visual_counterfact_color_000448,visual_counterfact_color,432,True,False,True,73.67346893191336,203.9317488670349
13b,random,visual_counterfact_color_000449,visual_counterfact_color,432,True,False,True,53.09057420969009,146.28539234399796
13b,random,visual_counterfact_color_000454,visual_counterfact_color,432,True,False,True,187.80898368120194,627.9919818043709
13b,random,visual_counterfact_color_000465,visual_counterfact_color,432,True,False,True,31.942234845161437,163.0030069500208
13b,random,visual_counterfact_color_000467,visual_counterfact_color,432,True,False,True,30.82758406281471,154.08662892878056
13b,random,visual_counterfact_color_000468,visual_counterfact_color,432,True,False,True,145.70277247190475,659.4648454338312
13b,random,visual_counterfact_color_000476,visual_counterfact_color,432,True,False,True,35.84156296491623,154.45996262133121
13b,random,visual_counterfact_color_000477,visual_counterfact_color,432,True,False,True,35.20890476822853,148.2073962688446
13b,random,visual_counterfact_color_000480,visual_counterfact_color,432,True,False,True,238.85682319521902,1263.6064738035202
13b,random,visual_counterfact_color_000481,visual_counterfact_color,432,True,False,False,21.596689558029176,144.3903986364603
13b,random,visual_counterfact_color_000482,visual_counterfact_color,432,True,False,True,32.6442931330204,168.644605204463
13b,random,visual_counterfact_color_000484,visual_counterfact_color,432,True,False,True,34.17268286466599,144.82280239462852
13b,random,visual_counterfact_color_000487,visual_counterfact_color,432,True,False,True,43.74251955628395,155.66015057265759
13b,random,visual_counterfact_color_000491,visual_counterfact_color,432,True,True,False,46.1343951356411,137.83076964318752
13b,random,visual_counterfact_size_000000,visual_counterfact_size,dense,True,False,True,49.4347825229168,137.39185594022274
13b,random,visual_counterfact_size_000001,visual_counterfact_size,dense,True,False,True,83.39583094716073,219.89848837256432
13b,random,visual_counterfact_size_000002,visual_counterfact_size,dense,True,False,True,107.41611721396447,285.544291138649
13b,random,visual_counterfact_size_000014,visual_counterfact_size,dense,True,False,True,80.36457388758659,235.92841625213623
13b,random,visual_counterfact_size_000015,visual_counterfact_size,dense,False,False,False,55.80770790696144,170.74166238307953
13b,random,visual_counterfact_size_000020,visual_counterfact_size,dense,False,False,False,61.928393523693074,188.9946572482586
13b,random,visual_counterfact_size_000031,visual_counterfact_size,dense,True,False,True,200.03275414466856,704.5125979930162
13b,random,visual_counterfact_size_000033,visual_counterfact_size,dense,True,False,True,56.85009828090668,244.83477883040905
13b,random,visual_counterfact_size_000041,visual_counterfact_size,dense,True,False,True,51.34130240321159,212.37998083233833
13b,random,visual_counterfact_size_000044,visual_counterfact_size,dense,True,False,True,206.87381509184837,841.0060964524746
13b,random,visual_counterfact_size_000049,visual_counterfact_size,dense,True,False,True,34.07355008602143,187.5347476452589
13b,random,visual_counterfact_size_000050,visual_counterfact_size,dense,True,False,True,33.104606266021726,163.2508672773838
13b,random,visual_counterfact_size_000061,visual_counterfact_size,dense,True,False,True,45.56477308869362,176.39688402414322
13b,random,visual_counterfact_size_000064,visual_counterfact_size,dense,False,False,False,167.30891778588295,593.414269387722
13b,random,visual_counterfact_size_000065,visual_counterfact_size,dense,True,False,True,44.442895290851595,163.82091119885445
13b,random,visual_counterfact_size_000070,visual_counterfact_size,dense,True,False,True,94.97126779079437,426.27934366464615
13b,random,visual_counterfact_size_000075,visual_counterfact_size,dense,True,False,False,81.85822023987771,361.63147166371346
13b,random,visual_counterfact_size_000081,visual_counterfact_size,dense,True,False,True,30.032174819707873,139.32831212878227
13b,random,visual_counterfact_size_000089,visual_counterfact_size,dense,True,False,True,43.56404724121094,162.22533024847507
13b,random,visual_counterfact_size_000112,visual_counterfact_size,dense,True,False,True,43.68074067831039,148.5051978379488
13b,random,visual_counterfact_size_000120,visual_counterfact_size,dense,True,False,True,58.76757399082183,185.62624044716358
13b,random,visual_counterfact_size_000122,visual_counterfact_size,dense,False,False,False,188.41063960075377,600.8228417485952
13b,random,visual_counterfact_size_000131,visual_counterfact_size,dense,True,False,True,44.796716369390495,167.6096599549055
13b,random,visual_counterfact_size_000136,visual_counterfact_size,dense,False,False,False,36.13892344832421,135.65136305987835
13b,random,visual_counterfact_size_000137,visual_counterfact_size,dense,True,False,True,154.89842323184016,625.9702667593956
13b,random,visual_counterfact_size_000140,visual_counterfact_size,dense,True,False,True,93.74516316890717,437.94060684740543
13b,random,visual_counterfact_size_000146,visual_counterfact_size,dense,True,False,True,39.00016018629074,220.23745998740196
13b,random,visual_counterfact_size_000147,visual_counterfact_size,dense,True,False,True,58.36529268503189,318.6864145100117
13b,random,visual_counterfact_size_000155,visual_counterfact_size,dense,True,False,True,76.84324022769928,313.7724604457617
13b,random,visual_counterfact_size_000156,visual_counterfact_size,dense,True,False,True,47.793656873703,165.18442146480083
13b,random,visual_counterfact_size_000157,visual_counterfact_size,dense,True,False,True,47.89049751400947,151.96042507886887
13b,random,visual_counterfact_size_000160,visual_counterfact_size,dense,True,False,True,67.77205447912216,202.07886397838593
13b,random,visual_counterfact_size_000165,visual_counterfact_size,dense,True,False,True,118.26381474137304,350.8833236992359
13b,random,visual_counterfact_size_000166,visual_counterfact_size,dense,True,False,True,72.5547271668911,211.2585250288248
13b,random,visual_counterfact_size_000171,visual_counterfact_size,dense,True,False,True,231.1470825314522,1198.7500432878733
13b,random,visual_counterfact_size_000173,visual_counterfact_size,dense,True,False,True,33.622008205652236,194.81851160526276
13b,random,visual_counterfact_size_000174,visual_counterfact_size,dense,True,False,True,66.5276375222206,296.3414192199707
13b,random,visual_counterfact_size_000181,visual_counterfact_size,dense,True,False,True,58.56650851249695,211.85538917779922
13b,random,visual_counterfact_size_000186,visual_counterfact_size,dense,False,False,False,55.306195080280304,177.25672014057636
13b,random,visual_counterfact_size_000187,visual_counterfact_size,dense,True,False,True,28.215154806375505,188.10018338263035
13b,random,visual_counterfact_size_000190,visual_counterfact_size,dense,True,False,True,118.90542551636695,780.5581018328667
13b,random,visual_counterfact_size_000193,visual_counterfact_size,dense,False,False,False,89.30645135164261,541.4990242570639
13b,random,visual_counterfact_size_000197,visual_counterfact_size,dense,True,False,True,39.760555000305175,173.15812967717648
13b,random,visual_counterfact_size_000198,visual_counterfact_size,dense,True,False,True,209.6959607720375,1120.490774512291
13b,random,visual_counterfact_size_000203,visual_counterfact_size,dense,True,False,True,26.890896452665327,178.10765467584133
13b,random,visual_counterfact_size_000212,visual_counterfact_size,dense,True,False,False,100.92271329402924,485.1695578545332
13b,random,visual_counterfact_size_000226,visual_counterfact_size,dense,True,False,True,50.759050093889236,188.1984919309616
13b,random,visual_counterfact_size_000235,visual_counterfact_size,dense,True,False,True,41.27705262780189,138.20942118763924
13b,random,visual_counterfact_size_000247,visual_counterfact_size,dense,True,False,True,40.95562060236931,137.3989675194025
13b,random,visual_counterfact_size_000258,visual_counterfact_size,dense,True,False,True,96.51964111566544,314.1196109354496
13b,random,visual_counterfact_size_000260,visual_counterfact_size,dense,True,False,True,42.12054650902748,186.3677892833948
13b,random,visual_counterfact_size_000264,visual_counterfact_size,dense,True,False,True,38.69633237838746,180.5411223322153
13b,random,visual_counterfact_size_000272,visual_counterfact_size,dense,True,False,True,33.81211405992508,142.4279436469078
13b,random,visual_counterfact_size_000284,visual_counterfact_size,dense,True,False,True,55.57918510317803,205.5500689893961
13b,random,visual_counterfact_size_000289,visual_counterfact_size,dense,True,False,True,61.73696397423744,186.51737086474895
13b,random,visual_counterfact_size_000290,visual_counterfact_size,dense,True,False,True,49.462480819225306,138.11332918703556
13b,random,visual_counterfact_size_000295,visual_counterfact_size,dense,False,False,False,58.93694944381714,159.5553196966648
13b,random,visual_counterfact_size_000296,visual_counterfact_size,dense,True,False,True,71.72348734378815,188.5376162827015
13b,random,visual_counterfact_size_000310,visual_counterfact_size,dense,False,False,False,72.99121538639068,189.322330057621
13b,random,visual_counterfact_size_000311,visual_counterfact_size,dense,True,False,True,66.84389163255692,206.31005614995956
13b,random,visual_counterfact_size_000317,visual_counterfact_size,dense,True,False,True,29.717889919281006,193.10392811894417
13b,random,visual_counterfact_size_000322,visual_counterfact_size,dense,True,False,True,39.211217947006226,232.95872285962105
13b,random,visual_counterfact_size_000325,visual_counterfact_size,dense,True,False,True,42.120147051811216,189.25266154110432
13b,random,visual_counterfact_size_000329,visual_counterfact_size,dense,True,False,True,52.78630278587342,187.0432123541832
13b,random,visual_counterfact_size_000330,visual_counterfact_size,dense,True,False,True,62.53834022283554,191.7196474969387
13b,random,visual_counterfact_size_000335,visual_counterfact_size,dense,True,False,True,76.06884192466735,213.16773630678654
13b,random,visual_counterfact_size_000342,visual_counterfact_size,dense,True,False,True,62.23009977340698,160.86610034108162
13b,random,visual_counterfact_size_000348,visual_counterfact_size,dense,True,False,True,62.21952672243118,161.83187812566757
13b,random,visual_counterfact_size_000362,visual_counterfact_size,dense,True,False,True,71.63813334226609,188.25653940439224
13b,random,visual_counterfact_size_000363,visual_counterfact_size,dense,False,False,False,72.12169281721116,189.57739137113094
13b,random,visual_counterfact_size_000368,visual_counterfact_size,dense,True,False,True,65.22818518519401,171.65611870586872
13b,random,visual_counterfact_size_000374,visual_counterfact_size,dense,True,False,False,61.77887639284134,162.34947182238102
13b,random,visual_counterfact_size_000375,visual_counterfact_size,dense,True,False,True,82.6032081925869,213.61467987298965
13b,random,visual_counterfact_size_000379,visual_counterfact_size,dense,True,False,True,66.89769923686981,171.00864462554455
13b,random,visual_counterfact_size_000388,visual_counterfact_size,dense,True,False,True,63.129508683681486,161.26910224556923
13b,random,visual_counterfact_size_000391,visual_counterfact_size,dense,False,False,False,85.3384425830841,213.90178427100182
13b,random,visual_counterfact_size_000396,visual_counterfact_size,dense,True,False,True,70.45897151947021,176.8058780580759
13b,random,visual_counterfact_size_000399,visual_counterfact_size,dense,True,False,True,78.75333146810533,201.36141031980515
13b,random,visual_counterfact_size_000406,visual_counterfact_size,dense,True,False,True,148.30686066269874,414.3412448465824
13b,random,visual_counterfact_size_000411,visual_counterfact_size,dense,True,False,True,70.08776395559312,221.20901569724083
13b,random,visual_counterfact_size_000412,visual_counterfact_size,dense,True,False,True,52.40814082622528,184.0890534222126
13b,random,visual_counterfact_size_000414,visual_counterfact_size,dense,False,False,False,44.95560410737991,160.8268991112709
13b,random,visual_counterfact_size_000415,visual_counterfact_size,dense,True,False,True,50.134047052860254,164.52818736433983
13b,random,visual_counterfact_size_000418,visual_counterfact_size,dense,True,False,True,62.70847720146179,194.71834041178226
13b,random,visual_counterfact_size_000420,visual_counterfact_size,dense,True,False,True,63.866097927093506,194.345498457551
13b,random,visual_counterfact_size_000423,visual_counterfact_size,dense,True,False,True,83.56389765143395,248.91811050474644
13b,random,visual_counterfact_size_000424,visual_counterfact_size,dense,True,False,True,43.73854503512382,134.991267696023
13b,random,visual_counterfact_size_000433,visual_counterfact_size,dense,True,False,True,47.16604705810546,144.50892806053162
13b,random,visual_counterfact_size_000434,visual_counterfact_size,dense,True,False,True,53.02566101074218,158.6653608828783
13b,random,visual_counterfact_size_000435,visual_counterfact_size,dense,True,False,True,64.88016884922982,205.9874627739191
13b,random,visual_counterfact_size_000440,visual_counterfact_size,dense,False,False,False,55.11265442967415,168.49300637841225
13b,random,visual_counterfact_size_000448,visual_counterfact_size,dense,True,False,True,53.686411052942276,160.0253414362669
13b,random,visual_counterfact_size_000458,visual_counterfact_size,dense,True,False,True,48.89436974406242,145.00650204718113
13b,random,visual_counterfact_size_000464,visual_counterfact_size,dense,True,False,True,64.23711963176729,186.9268026202917
13b,random,visual_counterfact_size_000466,visual_counterfact_size,dense,True,False,True,68.2391564822197,185.57596020400524
13b,random,visual_counterfact_size_000468,visual_counterfact_size,dense,True,False,True,84.57481422781945,212.34560012817383
13b,random,visual_counterfact_size_000469,visual_counterfact_size,dense,True,False,True,77.8183610701561,191.464489325881
13b,random,visual_counterfact_size_000476,visual_counterfact_size,dense,True,False,True,68.65494495034217,171.91747948527336
13b,random,visual_counterfact_size_000479,visual_counterfact_size,dense,True,False,True,53.63916270017624,135.8666643500328
13b,random,visual_counterfact_size_000484,visual_counterfact_size,dense,True,False,True,64.08513835191727,162.88112476468086
13b,random,visual_counterfact_size_000489,visual_counterfact_size,dense,True,False,True,74.98944208741189,188.21079842746258
13b,random,visual_counterfact_size_000490,visual_counterfact_size,dense,True,False,True,65.33588655471802,161.63752600550652
13b,random,visual_counterfact_size_000509,visual_counterfact_size,dense,False,False,False,148.43890128374096,400.3901407122612
13b,random,visual_counterfact_size_000510,visual_counterfact_size,dense,True,False,True,46.53052916049957,136.93546503782272
13b,random,visual_counterfact_size_000522,visual_counterfact_size,dense,True,False,True,54.170157558918,160.5826262384653
13b,random,visual_counterfact_size_000524,visual_counterfact_size,dense,True,False,True,45.45394018292427,135.37338189780712
13b,random,visual_counterfact_size_000525,visual_counterfact_size,dense,False,False,False,53.85717117905617,161.78423538804054
13b,random,visual_counterfact_size_000526,visual_counterfact_size,dense,True,False,True,73.43629091620446,211.53387241065502
13b,random,visual_counterfact_size_000527,visual_counterfact_size,dense,True,False,True,55.529476357698435,151.0266177356243
13b,random,visual_counterfact_size_000532,visual_counterfact_size,dense,False,False,False,81.1659348154068,210.80794744193554
13b,random,visual_counterfact_size_000533,visual_counterfact_size,dense,True,False,True,52.21446138620376,135.69226115942
13b,random,visual_counterfact_size_000534,visual_counterfact_size,dense,True,False,True,53.24903069853784,136.9987614452839
13b,random,visual_counterfact_size_000535,visual_counterfact_size,dense,True,False,True,63.279010992050175,160.13667359948158
13b,random,visual_counterfact_size_000540,visual_counterfact_size,dense,True,False,True,70.52828258514404,175.77122151851654
13b,random,visual_counterfact_size_000541,visual_counterfact_size,dense,True,False,True,56.52599758505821,142.93484576046467
13b,random,visual_counterfact_size_000542,visual_counterfact_size,dense,True,False,True,53.58439755201339,137.652775272727
13b,random,visual_counterfact_size_000543,visual_counterfact_size,dense,True,False,False,63.75065714120865,163.935961201787
13b,random,visual_counterfact_size_000545,visual_counterfact_size,dense,True,False,True,52.41680197000504,157.91725553572178
13b,random,visual_counterfact_size_000550,visual_counterfact_size,dense,True,False,True,55.948450987339015,207.5103335082531
13b,random,visual_counterfact_size_000556,visual_counterfact_size,dense,True,False,True,40.61084242105484,234.0949811041355
13b,random,visual_counterfact_size_000560,visual_counterfact_size,dense,True,False,True,27.559783821105956,142.97423511743546
13b,random,visual_counterfact_size_000562,visual_counterfact_size,dense,True,False,True,41.75829375863076,191.24878384172916
13b,random,visual_counterfact_size_000565,visual_counterfact_size,dense,True,False,True,42.26580277681351,162.77531161904335
13b,random,visual_counterfact_size_000575,visual_counterfact_size,dense,True,False,True,59.42785965800286,186.76955252885818
13b,random,visual_counterfact_size_000578,visual_counterfact_size,dense,True,False,True,77.60128920912743,211.24799363315105
13b,random,visual_counterfact_size_000579,visual_counterfact_size,dense,True,False,True,73.42852073192597,188.37670236825943
13b,random,visual_counterfact_size_000610,visual_counterfact_size,dense,True,False,True,65.43096873521804,167.14823618531227
13b,random,visual_counterfact_size_000617,visual_counterfact_size,dense,True,False,True,65.16446229457856,167.104234918952
13b,random,visual_counterfact_size_000623,visual_counterfact_size,dense,True,False,True,65.48767691850662,166.68564267456532
13b,random,visual_counterfact_size_000628,visual_counterfact_size,dense,True,False,True,65.32137746810913,160.207225009799
13b,random,visual_counterfact_size_000632,visual_counterfact_size,dense,True,False,True,134.7523859167099,375.9595602750778
13b,random,visual_counterfact_size_000643,visual_counterfact_size,dense,True,False,False,69.73107837677003,218.92658807337284
13b,random,visual_counterfact_size_000644,visual_counterfact_size,dense,True,False,True,51.47621795654297,160.17303615808487
13b,random,visual_counterfact_size_000649,visual_counterfact_size,dense,True,False,True,50.24123588085174,159.6771590411663
13b,random,visual_counterfact_size_000656,visual_counterfact_size,dense,True,False,True,65.72528938651085,213.49656768143177
13b,random,visual_counterfact_size_000657,visual_counterfact_size,dense,True,False,False,45.08117744207382,147.48390763998032
13b,random,visual_counterfact_size_000662,visual_counterfact_size,dense,True,False,True,57.84639996528626,185.9748736023903
13b,random,visual_counterfact_size_000665,visual_counterfact_size,dense,False,False,False,58.282724817991266,183.77823755145073
13b,random,visual_counterfact_size_000666,visual_counterfact_size,dense,True,False,True,55.08034487605095,163.72792981565
13b,random,visual_counterfact_size_000671,visual_counterfact_size,dense,True,False,True,51.81106036901474,136.94029301404953
13b,random,visual_counterfact_size_000681,visual_counterfact_size,dense,True,False,False,64.43725095152855,159.71403196454048
13b,random,visual_counterfact_size_000691,visual_counterfact_size,dense,True,False,False,153.38810694098473,407.1180019527674
13b,random,visual_counterfact_size_000692,visual_counterfact_size,dense,True,False,True,61.33869890213012,185.50166301429272
13b,random,visual_counterfact_size_000694,visual_counterfact_size,dense,True,False,True,52.27850549340248,161.90236620604992
13b,random,visual_counterfact_size_000696,visual_counterfact_size,dense,True,False,True,18.764298861026763,191.60492531955242
13b,random,visual_counterfact_size_000708,visual_counterfact_size,dense,False,False,False,19.88889525771141,163.98092173039913
13b,random,visual_counterfact_size_000710,visual_counterfact_size,dense,True,False,True,26.170232092142104,171.13232612609863
13b,random,visual_counterfact_size_000719,visual_counterfact_size,dense,True,False,True,34.99949847459793,189.5290296524763
13b,random,visual_counterfact_size_000720,visual_counterfact_size,dense,True,False,True,60.34972373723984,213.490167632699
13b,random,visual_counterfact_size_000721,visual_counterfact_size,dense,True,False,True,64.73125116348268,179.34668436646461
