dataset,dense_gpu_energy_joule,gpu_energy_joule,latency_ms,method,model,provenance,sample_id,seed,selected_budget,supported_correct,task_correct,unsafe_acceptance
pope_popular,19.697034606933595,13.70293653011322,96.61040600622073,fastv,7b,development,pope_popular_000502,2101,432,True,True,False
visual_counterfact_size,22.517462134361267,16.145328998565674,92.44344900071155,fastv,7b,prospective,visual_counterfact_size_000657,2101,dense,True,True,False
pope_adversarial,26.29942813396454,18.014920706748963,96.38201899360865,fastv,7b,prospective,pope_adversarial_002894,2101,432,True,True,False
pope_adversarial,31.3794100522995,19.8071279668808,92.60112700576428,fastv,7b,development,pope_adversarial_000419,2101,432,False,True,False
visual_counterfact_size,40.31047733783723,28.11626732587814,118.64165200677235,fastv,7b,prospective,visual_counterfact_size_000325,2101,dense,True,True,False
pope_adversarial,32.63905189037323,28.94768262863159,107.39732699585147,fastv,7b,prospective,pope_adversarial_002029,2101,432,False,True,False
pope_adversarial,31.60006404876709,29.64957447528839,91.81030599575024,fastv,7b,prospective,pope_adversarial_000781,2101,432,False,True,False
pope_adversarial,34.77466578841209,33.18907952308655,96.09950099547859,fastv,7b,prospective,pope_adversarial_001020,2101,432,True,True,False
pope_adversarial,31.86554884076119,37.28609911084175,96.63839699351229,fastv,7b,development,pope_adversarial_000028,2101,432,True,True,False
visual_counterfact_size,38.45964538335801,48.62844802737236,121.38421399868093,fastv,7b,prospective,visual_counterfact_size_000329,2101,dense,True,True,False
pope_random,32.85251096129417,38.71689077854157,93.72805598832201,fastv,7b,prospective,pope_random_002094,2101,432,False,False,False
mmstar,29.626811752319338,38.65442260146141,93.58438699564431,fastv,7b,development,mmstar_000146,2101,432,False,False,False
visual_counterfact_color,34.53634873867035,41.89793264865875,106.07528999389615,fastv,7b,development,visual_counterfact_color_000257,2101,432,True,True,False
pope_popular,32.15617754340172,36.1097436439991,91.52062899374869,fastv,7b,prospective,pope_popular_001644,2101,432,True,True,False
visual_counterfact_size,37.95271597981453,36.4083972465992,102.04667098878417,fastv,7b,prospective,visual_counterfact_size_000050,2101,dense,False,False,False
mmstar,31.30617815494537,26.579770624637604,91.57089798827656,fastv,7b,prospective,mmstar_000131,2101,dense,True,True,False
pope_random,37.47441231608391,23.140357865095137,97.5014980067499,fastv,7b,development,pope_random_000355,2101,432,False,True,False
visual_counterfact_color,35.76227766275406,20.716436952352524,90.03207299974747,fastv,7b,development,visual_counterfact_color_000268,2101,432,True,True,False
mmstar,40.730680865049365,17.988433748483658,98.54445699602365,fastv,7b,development,mmstar_001053,2101,432,False,True,False
mmstar,86.64869023084641,36.16873996257782,206.66458600317128,fastv,7b,development,mmstar_001013,2101,432,False,False,False
pope_adversarial,35.46394041180611,15.867333755493163,92.32147999864537,fastv,7b,development,pope_adversarial_000411,2101,432,False,True,False
pope_adversarial,35.65301059961319,15.612848174571992,88.54836899263319,fastv,7b,development,pope_adversarial_000608,2101,432,True,True,False
visual_counterfact_color,37.4135545539856,16.131278014183046,91.24418099236209,fastv,7b,prospective,visual_counterfact_color_000382,2101,432,True,True,False
mmstar,35.63547296524048,16.68810531616211,92.73808599391486,fastv,7b,development,mmstar_000610,2101,dense,False,False,False
mmstar,35.27631806135178,15.983135089874267,88.75499699206557,fastv,7b,development,mmstar_000249,2101,dense,True,True,False
pope_popular,35.40169712424279,17.080111026763916,88.69137699366547,fastv,7b,prospective,pope_popular_000888,2101,432,True,True,False
pope_random,35.11716480970383,18.797319412231445,97.61830698698759,fastv,7b,prospective,pope_random_002894,2101,432,True,True,False
visual_counterfact_color,43.218842087984086,19.651783645153046,110.4921549995197,fastv,7b,development,visual_counterfact_color_000100,2101,432,True,True,False
pope_adversarial,37.78483259677887,17.65237111568451,97.13268099585548,fastv,7b,development,pope_adversarial_000303,2101,432,False,True,False
pope_popular,40.00314922451973,20.735327011346815,109.29276800015941,fastv,7b,prospective,pope_popular_002047,2101,432,False,True,False
mmstar,42.628056446313856,24.793110263347625,112.76423200615682,fastv,7b,development,mmstar_000861,2101,dense,False,False,False
mmstar,46.983275928497314,27.09744029998779,111.66365300596226,fastv,7b,development,mmstar_001058,2101,432,False,False,False
visual_counterfact_color,41.11519667744636,27.32365672588348,92.08578300604131,fastv,7b,development,visual_counterfact_color_000421,2101,432,True,True,False
visual_counterfact_size,36.99290460348129,33.70544164896011,110.68934301147237,fastv,7b,development,visual_counterfact_size_000353,2101,dense,False,False,False
pope_random,31.512211391925813,38.0438177204132,112.95131999941077,fastv,7b,development,pope_random_000659,2101,432,False,True,False
visual_counterfact_color,34.934333777427675,38.954197024106975,114.25194700132124,fastv,7b,development,visual_counterfact_color_000028,2101,432,True,True,False
mmstar,30.82637558460236,31.821754610538477,90.61404700332787,fastv,7b,prospective,mmstar_000369,2101,dense,False,False,False
mmstar,39.61209741592407,51.308417025804516,145.861385986791,fastv,7b,prospective,mmstar_001012,2101,dense,False,False,False
mmstar,126.21385438203811,67.65357445001602,199.58210799086373,fastv,7b,prospective,mmstar_001031,2101,432,False,False,False
visual_counterfact_size,25.139641703367232,60.36957082033157,193.27061300282367,fastv,7b,prospective,visual_counterfact_size_000545,2101,dense,True,True,False
mmstar,29.678789303302764,41.14754847049713,134.73928801249713,fastv,7b,development,mmstar_000488,2101,432,False,False,False
mmstar,88.38243522047996,70.24473152279855,220.44716599339154,fastv,7b,prospective,mmstar_000089,2101,dense,False,True,False
mmstar,25.861540442705152,33.3685319852829,100.33890898921527,fastv,7b,development,mmstar_000252,2101,dense,False,False,False
mmstar,25.34735312461853,33.40727594852447,95.0570019922452,fastv,7b,prospective,mmstar_000092,2101,dense,False,True,False
visual_counterfact_size,32.07998991608619,38.664004027843475,107.90079199068714,fastv,7b,development,visual_counterfact_size_000645,2101,dense,False,False,False
mmstar,56.78985991477966,62.56563700556756,165.88704100286122,fastv,7b,development,mmstar_001028,2101,dense,False,False,False
pope_popular,30.48323409318924,37.91822340250016,94.79114499117713,fastv,7b,prospective,pope_popular_001272,2101,432,False,False,False
visual_counterfact_color,31.556942439079286,39.099104028940204,94.99461301311385,fastv,7b,development,visual_counterfact_color_000128,2101,432,True,True,False
mmstar,32.99754495859146,42.92398662209511,97.45660799671896,fastv,7b,prospective,mmstar_001467,2101,dense,False,False,False
mmstar,36.573868718147274,40.48558781147003,89.195081993239,fastv,7b,prospective,mmstar_000495,2101,432,False,False,False
visual_counterfact_color,41.857740986347196,49.12632909297943,103.08438100037165,fastv,7b,prospective,visual_counterfact_color_000024,2101,432,True,True,False
pope_adversarial,68.24496245980262,45.61445099115372,93.89819399802946,fastv,7b,development,pope_adversarial_000342,2101,432,True,True,False
visual_counterfact_color,76.20403475642205,47.17312868237495,97.2852389968466,fastv,7b,prospective,visual_counterfact_color_000341,2101,432,True,True,False
visual_counterfact_color,70.08658554911614,42.32085531234741,87.35313100623898,fastv,7b,development,visual_counterfact_color_000162,2101,432,True,True,False
visual_counterfact_color,57.14988131642341,55.048996895551674,118.37884499982465,fastv,7b,prospective,visual_counterfact_color_000049,2101,432,True,True,False
pope_adversarial,46.00180685043335,41.47297379136085,91.10930300084874,fastv,7b,prospective,pope_adversarial_001038,2101,432,False,False,False
mmstar,39.694282662868495,36.72187960386277,91.4343289914541,fastv,7b,prospective,mmstar_000428,2101,432,False,False,False
mmstar,45.45842069268227,35.90060547590256,89.41575999779161,fastv,7b,prospective,mmstar_000012,2101,dense,False,False,False
pope_popular,50.50168349266052,33.733150749206544,98.36302901385352,fastv,7b,development,pope_popular_000596,2101,432,True,True,False
pope_adversarial,39.24138458251953,31.185929052829742,93.90386400627904,fastv,7b,prospective,pope_adversarial_001854,2101,432,False,False,False
visual_counterfact_size,47.748332507610314,30.264674742221832,100.02110099594574,fastv,7b,development,visual_counterfact_size_000108,2101,dense,False,False,False
pope_random,45.899909341335295,27.339247417449954,93.12531199248042,fastv,7b,prospective,pope_random_002400,2101,432,True,True,False
pope_popular,54.72255822300911,24.902814292907713,91.85225500550587,fastv,7b,development,pope_popular_000276,2101,432,False,False,False
pope_random,55.38673959374428,24.299543437957766,90.6343270034995,fastv,7b,development,pope_random_000749,2101,432,False,True,False
mmstar,55.85753321170807,27.11751297950745,106.0199400089914,fastv,7b,development,mmstar_001180,2101,dense,True,True,False
visual_counterfact_color,53.824500360488884,26.254434757232666,94.0675620076945,fastv,7b,development,visual_counterfact_color_000444,2101,432,True,True,False
visual_counterfact_color,30.09128617286682,28.866389517784118,99.40064798865933,fastv,7b,development,visual_counterfact_color_000342,2101,432,True,True,False
pope_adversarial,22.733063436746598,32.14083694219589,93.96730300795753,fastv,7b,development,pope_adversarial_000334,2101,432,True,True,False
pope_random,21.659614984989165,35.126572387218474,96.82903399516363,fastv,7b,development,pope_random_000570,2101,432,True,True,False
visual_counterfact_color,31.71787692427635,38.09305074334144,94.34154999325983,fastv,7b,development,visual_counterfact_color_000303,2101,432,True,True,False
visual_counterfact_size,30.81844944000244,49.856451112031934,119.07430799328722,fastv,7b,development,visual_counterfact_size_000287,2101,dense,True,True,False
mmstar,25.423194254636762,39.47245560765266,92.30689000105485,fastv,7b,development,mmstar_000533,2101,432,False,False,False
mmstar,26.348009250164033,39.04693277001381,92.33164999750443,fastv,7b,development,mmstar_001254,2101,dense,False,False,False
visual_counterfact_size,29.39830203771591,41.313317403793334,102.16044999833684,fastv,7b,development,visual_counterfact_size_000218,2101,dense,True,True,False
visual_counterfact_color,24.883071975708013,37.46455648899078,93.74335600296035,fastv,7b,prospective,visual_counterfact_color_000071,2101,432,True,True,False
mmstar,31.653772029876716,42.07890433073044,109.13297899242025,fastv,7b,development,mmstar_000787,2101,432,False,True,False
mmstar,27.847519340515138,39.12902690887451,101.90552299900446,fastv,7b,prospective,mmstar_001490,2101,dense,False,True,False
mmstar,42.904719864130016,58.141440010070795,152.480917997309,fastv,7b,prospective,mmstar_000589,2101,dense,False,False,False
mmstar,30.323254357576367,31.652706241607664,92.80422600568272,fastv,7b,development,mmstar_000903,2101,432,False,False,False
mmstar,30.157185055017464,31.160016651153562,91.3604000088526,fastv,7b,prospective,mmstar_000597,2101,dense,True,True,False
visual_counterfact_color,32.91298824310302,28.83585864186287,98.71725499397144,fastv,7b,development,visual_counterfact_color_000464,2101,432,True,True,False
mmstar,31.94352240085602,27.71989145278931,95.10614200553391,fastv,7b,development,mmstar_001008,2101,dense,False,False,False
pope_popular,32.5765263748169,25.60355160474777,92.12206199299544,fastv,7b,prospective,pope_popular_002430,2101,432,True,True,False
mmstar,35.526943368911745,25.6805538713932,92.4211289966479,fastv,7b,development,mmstar_000714,2101,dense,True,True,False
pope_popular,36.97174403309822,20.859728170633314,103.27372800384182,fastv,7b,development,pope_popular_000581,2101,432,False,True,False
mmstar,42.632247986793516,20.490352307558062,101.45529800502118,fastv,7b,development,mmstar_000568,2101,dense,False,False,False
visual_counterfact_size,52.29795886039734,25.64109971046448,126.94701799773611,fastv,7b,development,visual_counterfact_size_000275,2101,dense,True,True,False
pope_random,38.10859442710876,22.032077335119247,92.33695000875741,fastv,7b,prospective,pope_random_001278,2101,432,True,True,False
mmstar,39.608283348083496,21.322885051965713,89.38456000760198,fastv,7b,development,mmstar_001459,2101,dense,True,True,False
pope_adversarial,33.844168709516524,24.128987134695056,91.62596700480208,fastv,7b,prospective,pope_adversarial_002790,2101,432,False,False,False
visual_counterfact_size,37.86650516271591,26.9538676071167,101.56017600093037,fastv,7b,prospective,visual_counterfact_size_000049,2101,dense,True,True,False
pope_random,27.25470054149628,27.76094712972641,90.6361470115371,fastv,7b,prospective,pope_random_000876,2101,432,True,True,False
pope_popular,26.90310269594193,29.104542083740235,94.11450200423133,fastv,7b,development,pope_popular_000588,2101,432,True,True,False
mmstar,22.93368097305298,31.007380412817,90.6606969947461,fastv,7b,development,mmstar_000201,2101,432,False,True,False
mmstar,22.21349240541458,32.471114255189896,93.47462900041137,fastv,7b,prospective,mmstar_000166,2101,432,False,True,False
mmstar,56.72826949238777,33.54045030355453,94.96313300041948,fastv,7b,prospective,mmstar_000757,2101,432,False,False,False
mmstar,13.817059621810914,33.36666040420532,94.09406199119985,fastv,7b,prospective,mmstar_000207,2101,432,False,True,False
pope_random,15.06564683675766,32.62281743884086,91.13862300000619,fastv,7b,development,pope_random_000033,2101,432,False,True,False
mmstar,21.28983141541481,44.02226617336273,122.66247099614702,fastv,7b,development,mmstar_000096,2101,dense,False,True,False
visual_counterfact_color,18.054685292243956,33.49557862520218,91.72168700024486,fastv,7b,development,visual_counterfact_color_000405,2101,432,True,True,False
mmstar,32.42102244973182,50.62812345027923,138.61292900401168,fastv,7b,development,mmstar_001233,2101,dense,False,False,False
mmstar,27.334283399581906,37.37481041669845,102.15590998996049,fastv,7b,development,mmstar_001273,2101,dense,False,False,False
mmstar,33.93434745669365,40.3047420167923,106.94133100332692,fastv,7b,prospective,mmstar_000438,2101,432,False,False,False
pope_random,32.955880151987074,37.43445726633072,96.68802600936033,fastv,7b,development,pope_random_000540,2101,432,False,False,False
visual_counterfact_size,35.316925978660585,42.84163449764252,107.59211399999913,fastv,7b,prospective,visual_counterfact_size_000064,2101,dense,False,False,False
pope_popular,32.999497700929645,38.308440284729,94.97082300367765,fastv,7b,prospective,pope_popular_001369,2101,432,False,True,False
mmstar,36.404885609149936,39.76716604948044,100.57528599281795,fastv,7b,development,mmstar_000977,2101,dense,False,False,False
mmstar,43.20863737940788,35.84427841186523,91.66653700231109,fastv,7b,prospective,mmstar_001470,2101,dense,False,True,False
mmstar,42.88522188186646,32.68904163360596,87.37374100019224,fastv,7b,prospective,mmstar_001261,2101,dense,False,True,False
pope_random,37.46779306411744,34.39125789642334,91.90654499980155,fastv,7b,development,pope_random_000152,2101,432,True,True,False
mmstar,49.493266334533686,30.842672731876373,91.25514100014698,fastv,7b,development,mmstar_001328,2101,dense,True,True,False
mmstar,163.9355789363384,78.47091469287872,250.3574520087568,fastv,7b,prospective,mmstar_001122,2101,256,False,True,False
pope_popular,27.647403800487517,26.249552682638168,94.27967999363318,fastv,7b,development,pope_popular_000455,2101,432,False,True,False
visual_counterfact_size,40.33070187568665,36.15502209663391,133.61504999920726,fastv,7b,prospective,visual_counterfact_size_000015,2101,dense,True,True,False
pope_popular,27.737117195129393,22.393943452835085,91.03102399967611,fastv,7b,prospective,pope_popular_002425,2101,432,True,True,False
pope_popular,28.452316269874572,21.640706405639648,88.40603000135161,fastv,7b,development,pope_popular_000334,2101,432,True,True,False
pope_adversarial,25.19368347287178,22.044346815347673,92.96373400138691,fastv,7b,development,pope_adversarial_000165,2101,432,False,True,False
pope_popular,24.45447213292122,21.496429789066315,90.40535999520216,fastv,7b,prospective,pope_popular_001086,2101,432,True,True,False
visual_counterfact_size,31.29897714495659,29.43336435556412,117.50714399386197,fastv,7b,development,visual_counterfact_size_000364,2101,dense,True,True,False
pope_random,28.44408539056778,26.521506999731066,101.45493700110819,fastv,7b,prospective,pope_random_002766,2101,432,True,True,False
visual_counterfact_color,28.946571762561796,30.437035894393922,107.00825099775102,fastv,7b,development,visual_counterfact_color_000004,2101,432,True,True,False
pope_random,27.747983820438385,29.75793435096741,98.13135099830106,fastv,7b,prospective,pope_random_001520,2101,432,True,True,False
mmstar,29.71032217741013,37.06935905456543,114.08946900337469,fastv,7b,development,mmstar_001428,2101,432,False,True,False
visual_counterfact_color,33.053871529102324,34.81060728669166,103.06671098805964,fastv,7b,prospective,visual_counterfact_color_000442,2101,432,True,True,False
visual_counterfact_size,39.45879414796829,41.17372624516487,119.4676439918112,fastv,7b,prospective,visual_counterfact_size_000171,2101,dense,True,True,False
mmstar,99.17143772363661,99.83862669467925,275.77421299065463,fastv,7b,prospective,mmstar_001035,2101,dense,True,True,False
mmstar,33.76871448278427,33.793307609558106,90.90905499760993,fastv,7b,development,mmstar_000009,2101,432,False,False,True
mmstar,35.2865518605709,33.055494389534,90.35427999333479,fastv,7b,prospective,mmstar_000741,2101,dense,False,True,False
pope_adversarial,35.885707426071164,32.774680283069614,89.68743700825144,fastv,7b,development,pope_adversarial_000434,2101,432,False,False,False
visual_counterfact_color,36.82750800490379,32.15832957386971,95.64441599650308,fastv,7b,development,visual_counterfact_color_000093,2101,432,True,True,False
pope_popular,38.4770497751236,31.764964352846143,96.56452700437512,fastv,7b,development,pope_popular_000351,2101,432,False,True,False
visual_counterfact_size,42.19777989864349,32.49742260813713,104.70693399838638,fastv,7b,development,visual_counterfact_size_000100,2101,dense,True,True,False
visual_counterfact_size,139.38113669514655,40.15122459053993,130.17453500651754,fastv,7b,prospective,visual_counterfact_size_000155,2101,dense,True,True,False
visual_counterfact_size,43.380316982269285,32.46338408112526,102.08494999096729,fastv,7b,development,visual_counterfact_size_000233,2101,dense,True,True,False
mmstar,35.791319591999056,29.5126320374012,91.96056298969779,fastv,7b,prospective,mmstar_000797,2101,432,False,False,False
visual_counterfact_color,38.39451003074646,30.349438505172728,92.218801000854,fastv,7b,development,visual_counterfact_color_000255,2101,432,True,True,False
mmstar,37.64354357242584,29.217065992355348,88.76828700886108,fastv,7b,development,mmstar_000832,2101,dense,True,True,False
visual_counterfact_size,53.11720593214035,42.7179647564888,129.55799100745935,fastv,7b,prospective,visual_counterfact_size_000033,2101,dense,True,True,False
visual_counterfact_size,45.88136311531067,42.052025328874585,125.96702699374873,fastv,7b,development,visual_counterfact_size_000518,2101,dense,True,True,False
pope_random,35.711121081113816,31.8103738451004,94.48957799759228,fastv,7b,prospective,pope_random_001814,2101,432,True,True,False
visual_counterfact_size,54.81746380925179,51.082711095809934,147.42534900142346,fastv,7b,development,visual_counterfact_size_000361,2101,dense,True,True,False
mmstar,35.84035586714745,38.316620287895205,107.77765199600253,fastv,7b,development,mmstar_000686,2101,dense,False,False,False
visual_counterfact_size,42.03782872915268,43.12061855792999,117.11403800291009,fastv,7b,prospective,visual_counterfact_size_000540,2101,dense,True,True,False
pope_popular,37.8136372423172,35.87642387747765,91.82364500884432,fastv,7b,prospective,pope_popular_000960,2101,432,True,True,False
visual_counterfact_color,40.386052402257924,37.95577869176865,93.84157400927506,fastv,7b,prospective,visual_counterfact_color_000186,2101,432,True,True,False
visual_counterfact_color,48.265385354757306,50.332792588472365,119.1061669960618,fastv,7b,prospective,visual_counterfact_color_000055,2101,432,True,True,False
mmstar,33.02883905649185,39.420620326995845,91.50111899361946,fastv,7b,prospective,mmstar_001350,2101,432,False,True,False
visual_counterfact_size,40.05649663209915,48.516237843036656,114.49128499953076,fastv,7b,development,visual_counterfact_size_000676,2101,dense,True,True,False
visual_counterfact_color,46.0769969522953,56.40670106410981,132.42399199225474,fastv,7b,prospective,visual_counterfact_color_000107,2101,432,True,True,False
pope_popular,31.414211761951446,42.540342795848844,103.55497599812225,fastv,7b,development,pope_popular_000407,2101,432,False,True,False
visual_counterfact_color,30.84280396103859,39.55770583510399,94.99284299090505,fastv,7b,development,visual_counterfact_color_000133,2101,432,True,True,False
pope_adversarial,32.61154789686203,41.79008102178574,98.77588500967249,fastv,7b,development,pope_adversarial_000551,2101,432,False,True,False
pope_random,33.42545100688935,34.41711027383804,90.42467900144402,fastv,7b,prospective,pope_random_002370,2101,432,False,False,False
pope_random,35.15126231074333,32.77060843706131,88.23056200344581,fastv,7b,prospective,pope_random_001872,2101,432,False,False,False
visual_counterfact_size,39.051131573915484,38.11238204956055,98.99677299836185,fastv,7b,development,visual_counterfact_size_000254,2101,dense,False,False,False
visual_counterfact_color,40.169643332958216,40.30561939716339,102.37491800216958,fastv,7b,development,visual_counterfact_color_000323,2101,432,True,True,False
mmstar,34.3657428586483,37.566530396938326,91.39353899809066,fastv,7b,prospective,mmstar_001326,2101,432,True,True,False
visual_counterfact_size,36.11274000167847,42.21750391125679,100.74040500330739,fastv,7b,development,visual_counterfact_size_000421,2101,dense,True,True,False
pope_adversarial,26.432730388641353,36.16118172287941,90.68644599756226,fastv,7b,prospective,pope_adversarial_001254,2101,432,False,False,False
mmstar,28.144662129878995,37.61583510279655,94.48318800423294,fastv,7b,development,mmstar_000548,2101,432,False,False,False
mmstar,25.28109490871429,39.24932292580605,107.06288999062963,fastv,7b,prospective,mmstar_000777,2101,dense,False,False,False
pope_random,27.167172454595562,33.80808766722679,92.93241400155239,fastv,7b,development,pope_random_000404,2101,432,True,True,False
visual_counterfact_color,28.192208496332167,38.920487408638,112.31186700752005,fastv,7b,prospective,visual_counterfact_color_000319,2101,432,True,True,False
visual_counterfact_color,27.74538123130798,38.46603110074997,116.06044799555093,fastv,7b,prospective,visual_counterfact_color_000176,2101,432,True,True,False
visual_counterfact_color,26.881427164077756,35.18314754605293,113.38503599108662,fastv,7b,development,visual_counterfact_color_000262,2101,432,True,True,False
mmstar,25.196103966236112,30.478882802724833,100.44472801382653,fastv,7b,development,mmstar_000606,2101,432,False,False,False
mmstar,64.17433769106864,75.87040759801864,253.35270100913476,fastv,7b,prospective,mmstar_000613,2101,432,False,False,False
mmstar,27.80488421916962,27.01591469407082,88.41441999538802,fastv,7b,prospective,mmstar_000691,2101,dense,True,True,False
visual_counterfact_color,42.169522193670275,48.50882112979889,142.42534000368323,fastv,7b,development,visual_counterfact_color_000436,2101,432,True,True,False
pope_adversarial,25.857585228681565,35.74140176296234,96.70765600458253,fastv,7b,prospective,pope_adversarial_001830,2101,432,False,False,False
pope_adversarial,23.876305243968964,35.26327031135559,91.2773699965328,fastv,7b,prospective,pope_adversarial_001392,2101,432,True,True,False
mmstar,31.156704946756363,55.02255316615105,136.81152800563723,fastv,7b,prospective,mmstar_000732,2101,dense,True,True,False
pope_random,24.358207149505617,37.10709010720253,91.02983299817424,fastv,7b,development,pope_random_000047,2101,432,False,True,False
visual_counterfact_size,31.538214645385743,47.666252390146255,125.8842690003803,fastv,7b,prospective,visual_counterfact_size_000575,2101,dense,True,True,False
mmstar,28.139263701438907,39.40850484132767,104.92765200615395,fastv,7b,development,mmstar_001034,2101,dense,False,False,False
visual_counterfact_color,25.662878022193908,36.1633249092102,97.75003499817103,fastv,7b,prospective,visual_counterfact_color_000309,2101,432,True,True,False
visual_counterfact_size,35.22567447900772,49.37405284166336,126.56899099238217,fastv,7b,development,visual_counterfact_size_000621,2101,dense,True,True,False
mmstar,26.955500507354735,37.25841312408447,91.70201599772554,fastv,7b,development,mmstar_000168,2101,432,False,True,False
visual_counterfact_color,29.96730774641037,40.59007477760315,97.96052200545091,fastv,7b,prospective,visual_counterfact_color_000056,2101,432,True,True,False
pope_popular,26.998562341928483,39.181853152513504,93.75355600786861,fastv,7b,development,pope_popular_000220,2101,432,True,True,False
pope_random,26.58410817742348,37.66914370298386,89.00134399300441,fastv,7b,development,pope_random_000243,2101,432,False,True,False
visual_counterfact_color,26.993471848964692,38.10130579948425,89.66292699915357,fastv,7b,prospective,visual_counterfact_color_000173,2101,432,True,True,False
visual_counterfact_size,30.174553288221354,51.84452384710312,117.36874499183614,fastv,7b,prospective,visual_counterfact_size_000203,2101,dense,False,False,False
pope_random,22.979263985157015,41.41447837114334,92.29927998967469,fastv,7b,development,pope_random_000674,2101,432,True,True,False
visual_counterfact_color,18.715320168733598,40.03985264539719,88.71603700390551,fastv,7b,development,visual_counterfact_color_000409,2101,432,True,True,False
mmstar,22.455621218681337,50.10360193490982,110.87793100159615,fastv,7b,prospective,mmstar_000979,2101,432,True,True,False
pope_adversarial,17.666592025756838,38.494468535184865,91.53078800591175,fastv,7b,development,pope_adversarial_000612,2101,432,True,True,False
visual_counterfact_size,21.93836807370186,48.08594287633896,115.5616239993833,fastv,7b,development,visual_counterfact_size_000601,2101,dense,True,True,False
pope_adversarial,21.443156824111938,31.203496742248536,87.17674200306647,fastv,7b,development,pope_adversarial_000658,2101,432,False,False,False
mmstar,22.44769342184067,31.56558952331543,88.19237200077623,fastv,7b,development,mmstar_000476,2101,432,False,False,False
pope_popular,33.06637159466743,29.21403365731239,89.98665399849415,fastv,7b,development,pope_popular_000394,2101,432,True,True,False
visual_counterfact_size,28.885715360641477,39.076677488088606,122.7638010022929,fastv,7b,development,visual_counterfact_size_000132,2101,dense,True,True,False
visual_counterfact_size,22.735357427597044,43.4934131360054,143.62564698967617,fastv,7b,development,visual_counterfact_size_000487,2101,dense,True,True,False
mmstar,24.982459545135498,56.07072154283524,195.65429899375886,fastv,7b,development,mmstar_000118,2101,dense,True,True,False
pope_adversarial,24.553176760673523,57.44384060025215,212.4387369985925,fastv,7b,development,pope_adversarial_000278,2101,432,False,False,False
pope_adversarial,25.387603117227552,43.990862606763834,162.61126499739476,fastv,7b,development,pope_adversarial_000179,2101,432,False,True,False
pope_random,24.08539622426033,26.36215970873833,93.72540599724744,fastv,7b,development,pope_random_000143,2101,432,False,True,False
mmstar,33.26546095132828,35.22413119792939,119.59110300813336,fastv,7b,development,mmstar_001089,2101,432,False,True,False
visual_counterfact_color,27.166032018661497,27.15101148724556,88.7133069918491,fastv,7b,prospective,visual_counterfact_color_000448,2101,432,True,True,False
pope_popular,28.045175703763963,27.463096647262574,88.56647799257189,fastv,7b,development,pope_popular_000551,2101,432,False,True,False
mmstar,28.358479391336438,29.773794145584105,92.97690300445538,fastv,7b,development,mmstar_000421,2101,dense,False,False,False
mmstar,28.95944871902466,28.044453630447386,86.08802300295793,fastv,7b,development,mmstar_000222,2101,432,True,True,False
visual_counterfact_size,36.5222158908844,35.09725602507591,102.16702001343947,fastv,7b,development,visual_counterfact_size_000345,2101,dense,False,False,False
pope_popular,34.23980023860932,35.79050688028335,100.01482199004386,fastv,7b,prospective,pope_popular_002124,2101,432,True,True,False
visual_counterfact_size,53.87933896541596,50.43984938144684,131.93900699843653,fastv,7b,prospective,visual_counterfact_size_000391,2101,dense,False,False,False
pope_random,40.21760697603226,35.416721971035,90.4321990092285,fastv,7b,development,pope_random_000311,2101,432,False,True,False
pope_popular,43.71495606780052,33.25684142827988,90.23867100768257,fastv,7b,development,pope_popular_000660,2101,432,True,True,False
visual_counterfact_size,66.61651614427566,53.14067698001861,146.47573899128474,fastv,7b,development,visual_counterfact_size_000494,2101,dense,True,True,False
mmstar,51.90377829670906,32.459800171852116,92.71957600140013,fastv,7b,development,mmstar_001220,2101,dense,False,False,False
mmstar,36.49704978942871,30.42820182800293,86.87435601314064,fastv,7b,development,mmstar_000144,2101,432,False,False,False
visual_counterfact_size,22.517462134361267,14.34239249944687,85.7886769954348,scope,7b,prospective,visual_counterfact_size_000657,2101,dense,True,True,False
visual_counterfact_size,40.31047733783723,22.444296963214875,124.51915300334804,scope,7b,prospective,visual_counterfact_size_000325,2101,dense,True,True,False
visual_counterfact_size,38.45964538335801,24.187964152097702,119.2624160030391,scope,7b,prospective,visual_counterfact_size_000329,2101,dense,True,True,False
mmstar,29.626811752319338,22.122557924985884,88.7073869962478,scope,7b,development,mmstar_000146,2101,dense,False,False,False
visual_counterfact_color,34.53634873867035,25.862492947578428,100.01285199541599,scope,7b,development,visual_counterfact_color_000257,2101,dense,True,True,False
visual_counterfact_size,37.95271597981453,27.414673248529436,105.92315100075211,scope,7b,prospective,visual_counterfact_size_000050,2101,dense,False,False,False
mmstar,31.30617815494537,22.041457040309908,85.87331599846948,scope,7b,prospective,mmstar_000131,2101,dense,True,True,False
visual_counterfact_color,35.76227766275406,20.13407232284546,84.75555700715631,scope,7b,development,visual_counterfact_color_000268,2101,dense,True,True,False
mmstar,40.730680865049365,22.509733510017394,94.74416499142535,scope,7b,development,mmstar_001053,2101,dense,False,True,False
mmstar,86.64869023084641,53.854291731119154,207.36673900682945,scope,7b,development,mmstar_001013,2101,dense,False,False,False
visual_counterfact_color,37.4135545539856,27.78156001567841,95.36590900097508,scope,7b,prospective,visual_counterfact_color_000382,2101,dense,True,True,False
mmstar,35.63547296524048,29.871334075927738,98.55436701036524,scope,7b,development,mmstar_000610,2101,dense,False,False,False
mmstar,35.27631806135178,29.03410901427269,90.39684999152087,scope,7b,development,mmstar_000249,2101,dense,True,True,False
visual_counterfact_color,43.218842087984086,34.946609447002416,101.58480600512121,scope,7b,development,visual_counterfact_color_000100,2101,dense,True,True,False
mmstar,42.628056446313856,30.21877380371094,86.77809700020589,scope,7b,development,mmstar_000861,2101,dense,False,False,False
mmstar,46.983275928497314,32.208172224760055,104.13931999937631,scope,7b,development,mmstar_001058,2101,dense,False,False,False
visual_counterfact_color,41.11519667744636,25.726391822099686,83.75493799394462,scope,7b,development,visual_counterfact_color_000421,2101,dense,True,True,False
visual_counterfact_size,36.99290460348129,25.89963966846466,95.54699700674973,scope,7b,development,visual_counterfact_size_000353,2101,dense,False,False,False
visual_counterfact_color,34.934333777427675,29.808687906265256,116.09271800261922,scope,7b,development,visual_counterfact_color_000028,2101,dense,True,True,False
mmstar,30.82637558460236,22.359672554731368,95.32550000585616,scope,7b,prospective,mmstar_000369,2101,dense,False,False,False
mmstar,39.61209741592407,32.48436383366585,140.00452500476968,scope,7b,prospective,mmstar_001012,2101,dense,False,False,False
mmstar,126.21385438203811,22.02028203010559,95.70275599253364,scope,7b,prospective,mmstar_001031,2101,dense,False,False,False
visual_counterfact_size,25.139641703367232,24.271666646003723,95.8286139939446,scope,7b,prospective,visual_counterfact_size_000545,2101,dense,True,True,False
mmstar,29.678789303302764,29.447725193500517,113.5094549972564,scope,7b,development,mmstar_000488,2101,dense,False,False,False
mmstar,88.38243522047996,47.76377177000046,159.88565201405436,scope,7b,prospective,mmstar_000089,2101,dense,False,True,False
mmstar,25.861540442705152,25.999499182701115,83.21857299597468,scope,7b,development,mmstar_000252,2101,dense,False,False,False
mmstar,25.34735312461853,42.539860553741455,132.33750298968516,scope,7b,prospective,mmstar_000092,2101,dense,False,True,False
visual_counterfact_size,32.07998991608619,30.69755740046501,102.71371400449425,scope,7b,development,visual_counterfact_size_000645,2101,dense,False,False,False
mmstar,56.78985991477966,45.6486286175251,157.99961199809331,scope,7b,development,mmstar_001028,2101,dense,False,False,False
visual_counterfact_color,31.556942439079286,23.798836209774013,86.65181799733546,scope,7b,development,visual_counterfact_color_000128,2101,dense,True,True,False
mmstar,32.99754495859146,24.78432625055313,86.00670400483068,scope,7b,prospective,mmstar_001467,2101,dense,False,False,False
mmstar,36.573868718147274,25.47866439342499,83.86738700210117,scope,7b,prospective,mmstar_000495,2101,dense,False,False,False
visual_counterfact_color,41.857740986347196,27.43075308084488,95.6888259970583,scope,7b,prospective,visual_counterfact_color_000024,2101,dense,True,True,False
visual_counterfact_color,76.20403475642205,23.701715676784517,84.46886099409312,scope,7b,prospective,visual_counterfact_color_000341,2101,dense,True,True,False
visual_counterfact_color,70.08658554911614,25.235636092424393,85.5211500020232,scope,7b,development,visual_counterfact_color_000162,2101,dense,True,True,False
visual_counterfact_color,57.14988131642341,33.99937930464745,110.97488000814337,scope,7b,prospective,visual_counterfact_color_000049,2101,dense,True,True,False
mmstar,45.45842069268227,26.96295429468155,85.26060199073981,scope,7b,prospective,mmstar_000012,2101,dense,False,False,False
visual_counterfact_size,47.748332507610314,18.606460161209107,102.54091600654647,scope,7b,development,visual_counterfact_size_000108,2101,dense,False,False,False
mmstar,55.85753321170807,14.883450723886488,88.80223598680459,scope,7b,development,mmstar_001180,2101,dense,True,True,False
visual_counterfact_color,53.824500360488884,14.184052881002426,88.14976300345734,scope,7b,development,visual_counterfact_color_000444,2101,dense,True,True,False
visual_counterfact_color,30.09128617286682,14.04125836968422,88.05936398857739,scope,7b,development,visual_counterfact_color_000342,2101,dense,True,True,False
visual_counterfact_color,31.71787692427635,17.65375524401665,89.79023600113578,scope,7b,development,visual_counterfact_color_000303,2101,dense,True,True,False
visual_counterfact_size,30.81844944000244,24.563976216316224,113.55276399990544,scope,7b,development,visual_counterfact_size_000287,2101,dense,True,True,False
mmstar,25.423194254636762,23.834513053894042,88.40311999665573,scope,7b,development,mmstar_000533,2101,dense,False,False,False
mmstar,26.348009250164033,26.057677202224735,91.36298000521492,scope,7b,development,mmstar_001254,2101,dense,False,False,False
visual_counterfact_size,29.39830203771591,32.37573745727539,98.36702900065575,scope,7b,development,visual_counterfact_size_000218,2101,dense,True,True,False
visual_counterfact_color,24.883071975708013,31.520440750122074,90.17136199690867,scope,7b,prospective,visual_counterfact_color_000071,2101,dense,True,True,False
mmstar,31.653772029876716,39.16518181324005,108.35114699148107,scope,7b,development,mmstar_000787,2101,dense,False,True,False
mmstar,27.847519340515138,37.946077029705044,103.41166800935753,scope,7b,prospective,mmstar_001490,2101,dense,False,True,False
mmstar,42.904719864130016,47.98750525832177,135.59533000807278,scope,7b,prospective,mmstar_000589,2101,dense,False,False,False
mmstar,30.323254357576367,35.09153832554817,98.34455901000183,scope,7b,development,mmstar_000903,2101,dense,False,False,False
mmstar,30.157185055017464,33.83054544687271,92.7740249899216,scope,7b,prospective,mmstar_000597,2101,dense,True,True,False
visual_counterfact_color,32.91298824310302,36.83886525154114,100.71642399998382,scope,7b,development,visual_counterfact_color_000464,2101,dense,True,True,False
mmstar,31.94352240085602,32.86861243844032,89.73430599144194,scope,7b,development,mmstar_001008,2101,dense,False,False,False
mmstar,35.526943368911745,30.56503697514534,83.14519299892709,scope,7b,development,mmstar_000714,2101,dense,True,True,False
mmstar,42.632247986793516,33.90368027687073,92.00040399446152,scope,7b,development,mmstar_000568,2101,dense,False,False,False
visual_counterfact_size,52.29795886039734,42.54235915899277,110.22149700147565,scope,7b,development,visual_counterfact_size_000275,2101,dense,True,True,False
mmstar,39.608283348083496,34.53337639331818,86.43809000204783,scope,7b,development,mmstar_001459,2101,dense,True,True,False
visual_counterfact_size,37.86650516271591,41.13446112155914,96.47864800354,scope,7b,prospective,visual_counterfact_size_000049,2101,dense,True,True,False
mmstar,22.93368097305298,36.68043618202209,82.00111500627827,scope,7b,development,mmstar_000201,2101,dense,False,True,False
mmstar,22.21349240541458,38.07696206688881,82.43969100294635,scope,7b,prospective,mmstar_000166,2101,dense,False,True,False
mmstar,56.72826949238777,44.77295371294022,92.74497600563336,scope,7b,prospective,mmstar_000757,2101,dense,False,False,False
mmstar,13.817059621810914,47.79252797007561,97.04710199730471,scope,7b,prospective,mmstar_000207,2101,dense,False,True,False
mmstar,21.28983141541481,62.857778954505925,122.42578300356399,scope,7b,development,mmstar_000096,2101,dense,False,True,False
visual_counterfact_color,18.054685292243956,43.327558387517925,83.3334719936829,scope,7b,development,visual_counterfact_color_000405,2101,dense,True,True,False
mmstar,32.42102244973182,66.97456037282943,128.26541399408597,scope,7b,development,mmstar_001233,2101,dense,False,False,False
mmstar,27.334283399581906,40.656037979125976,82.65160900191404,scope,7b,development,mmstar_001273,2101,dense,False,False,False
mmstar,33.93434745669365,44.849261627197265,91.17877199605573,scope,7b,prospective,mmstar_000438,2101,dense,False,False,False
visual_counterfact_size,35.316925978660585,41.23544105648995,96.42429900122806,scope,7b,prospective,visual_counterfact_size_000064,2101,dense,False,False,False
mmstar,36.404885609149936,38.324895708560945,89.84731500095222,scope,7b,development,mmstar_000977,2101,dense,False,False,False
mmstar,43.20863737940788,33.11070317268371,92.21611100656446,scope,7b,prospective,mmstar_001470,2101,dense,False,True,False
mmstar,42.88522188186646,22.58610663175583,84.10366399039049,scope,7b,prospective,mmstar_001261,2101,dense,False,True,False
mmstar,49.493266334533686,21.80409058213234,84.86009598709643,scope,7b,development,mmstar_001328,2101,dense,True,True,False
visual_counterfact_size,40.33070187568665,31.575138009786606,124.92339800519403,scope,7b,prospective,visual_counterfact_size_000015,2101,dense,True,True,False
visual_counterfact_size,31.29897714495659,28.332702227830886,115.53469399223104,scope,7b,development,visual_counterfact_size_000364,2101,dense,True,True,False
visual_counterfact_color,28.946571762561796,24.107460231781005,96.15022101206705,scope,7b,development,visual_counterfact_color_000004,2101,dense,True,True,False
mmstar,29.71032217741013,20.89220601081848,89.11843200621661,scope,7b,development,mmstar_001428,2101,dense,False,True,False
visual_counterfact_color,33.053871529102324,22.90585225582123,98.5546869924292,scope,7b,prospective,visual_counterfact_color_000442,2101,dense,True,True,False
visual_counterfact_size,39.45879414796829,22.83287364244461,120.13813700468745,scope,7b,prospective,visual_counterfact_size_000171,2101,dense,True,True,False
mmstar,99.17143772363661,54.89581089019775,273.056739999447,scope,7b,prospective,mmstar_001035,2101,dense,True,True,False
mmstar,33.76871448278427,18.36353678703308,85.41632001288235,scope,7b,development,mmstar_000009,2101,dense,False,False,False
mmstar,35.2865518605709,20.91201066493988,84.47899999737274,scope,7b,prospective,mmstar_000741,2101,dense,False,True,False
visual_counterfact_color,36.82750800490379,24.67985538482666,86.58870900399052,scope,7b,development,visual_counterfact_color_000093,2101,dense,True,True,False
visual_counterfact_size,42.19777989864349,31.733932573795318,98.6847449967172,scope,7b,development,visual_counterfact_size_000100,2101,dense,True,True,False
visual_counterfact_size,139.38113669514655,44.925671873092654,124.81483900046442,scope,7b,prospective,visual_counterfact_size_000155,2101,dense,True,True,False
visual_counterfact_size,43.380316982269285,37.88314618825912,95.81300499849021,scope,7b,development,visual_counterfact_size_000233,2101,dense,True,True,False
mmstar,35.791319591999056,34.70978106737137,85.74657699500676,scope,7b,prospective,mmstar_000797,2101,dense,False,False,False
visual_counterfact_color,38.39451003074646,35.54030822992325,84.58556899859104,scope,7b,development,visual_counterfact_color_000255,2101,dense,True,True,False
mmstar,37.64354357242584,38.85355374097824,90.54319800634403,scope,7b,development,mmstar_000832,2101,dense,True,True,False
visual_counterfact_size,53.11720593214035,55.99146906137466,128.71453000116162,scope,7b,prospective,visual_counterfact_size_000033,2101,dense,True,True,False
visual_counterfact_size,45.88136311531067,46.27077184200287,108.61389400088228,scope,7b,development,visual_counterfact_size_000518,2101,dense,True,True,False
visual_counterfact_size,54.81746380925179,50.601722568273544,149.10308200342115,scope,7b,development,visual_counterfact_size_000361,2101,dense,True,True,False
mmstar,35.84035586714745,24.730191974639894,85.1887530006934,scope,7b,development,mmstar_000686,2101,dense,False,False,False
visual_counterfact_size,42.03782872915268,28.199725461006164,97.1591109992005,scope,7b,prospective,visual_counterfact_size_000540,2101,dense,True,True,False
visual_counterfact_color,40.386052402257924,21.182446452379224,87.05168399319518,scope,7b,prospective,visual_counterfact_color_000186,2101,dense,True,True,False
visual_counterfact_color,48.265385354757306,69.40312274217605,339.0335580043029,scope,7b,prospective,visual_counterfact_color_000055,2101,dense,True,True,False
mmstar,33.02883905649185,17.043727440834044,84.10967400413938,scope,7b,prospective,mmstar_001350,2101,dense,False,True,False
visual_counterfact_size,40.05649663209915,26.34136232972145,116.20411698822863,scope,7b,development,visual_counterfact_size_000676,2101,dense,True,True,False
visual_counterfact_color,46.0769969522953,30.152439442873,117.53513400617521,scope,7b,prospective,visual_counterfact_color_000107,2101,dense,True,True,False
visual_counterfact_color,30.84280396103859,26.574027528762812,92.25253100157715,scope,7b,development,visual_counterfact_color_000133,2101,dense,True,True,False
visual_counterfact_size,39.051131573915484,30.440533374547954,102.35363800893538,scope,7b,development,visual_counterfact_size_000254,2101,dense,False,False,False
visual_counterfact_color,40.169643332958216,35.089287841320036,107.20771799969953,scope,7b,development,visual_counterfact_color_000323,2101,dense,True,True,False
mmstar,34.3657428586483,36.195113976001736,99.42239800875541,scope,7b,prospective,mmstar_001326,2101,dense,True,True,False
visual_counterfact_size,36.11274000167847,38.873647284507754,95.73518499382772,scope,7b,development,visual_counterfact_size_000421,2101,dense,True,True,False
mmstar,28.144662129878995,37.9849002969265,88.51232900633477,scope,7b,development,mmstar_000548,2101,dense,False,False,False
mmstar,25.28109490871429,45.18895442008972,98.4166779962834,scope,7b,prospective,mmstar_000777,2101,dense,False,False,False
visual_counterfact_color,28.192208496332167,43.832899742126465,98.38686900911853,scope,7b,prospective,visual_counterfact_color_000319,2101,dense,True,True,False
visual_counterfact_color,27.74538123130798,46.24589328765869,105.35545700986404,scope,7b,prospective,visual_counterfact_color_000176,2101,dense,True,True,False
visual_counterfact_color,26.881427164077756,45.873349875211716,107.5885550089879,scope,7b,development,visual_counterfact_color_000262,2101,dense,True,True,False
mmstar,25.196103966236112,41.68457466602325,97.02712298894767,scope,7b,development,mmstar_000606,2101,dense,False,False,False
mmstar,64.17433769106864,104.33114161372185,237.5775709951995,scope,7b,prospective,mmstar_000613,2101,dense,False,False,False
mmstar,27.80488421916962,37.811882272958755,86.42669100663625,scope,7b,prospective,mmstar_000691,2101,dense,True,True,False
visual_counterfact_color,42.169522193670275,53.8367485165596,132.8108779998729,scope,7b,development,visual_counterfact_color_000436,2101,dense,True,True,False
mmstar,31.156704946756363,50.37728050231934,132.290692999959,scope,7b,prospective,mmstar_000732,2101,dense,True,True,False
visual_counterfact_size,31.538214645385743,41.761367443799976,115.15287800284568,scope,7b,prospective,visual_counterfact_size_000575,2101,dense,True,True,False
mmstar,28.139263701438907,34.053237762451175,89.77518598840106,scope,7b,development,mmstar_001034,2101,dense,False,False,False
visual_counterfact_color,25.662878022193908,32.5857891201973,83.38441100204363,scope,7b,prospective,visual_counterfact_color_000309,2101,dense,True,True,False
visual_counterfact_size,35.22567447900772,41.079263075590134,111.71813200053293,scope,7b,development,visual_counterfact_size_000621,2101,dense,True,True,False
mmstar,26.955500507354735,30.231579065322876,83.3057319978252,scope,7b,development,mmstar_000168,2101,dense,False,True,False
visual_counterfact_color,29.96730774641037,28.727911680936813,93.41359899553936,scope,7b,prospective,visual_counterfact_color_000056,2101,dense,True,True,False
visual_counterfact_color,26.993471848964692,26.413058688640596,89.31434000260197,scope,7b,prospective,visual_counterfact_color_000173,2101,dense,True,True,False
visual_counterfact_size,30.174553288221354,27.541146885156632,98.20336100528948,scope,7b,prospective,visual_counterfact_size_000203,2101,dense,False,False,False
visual_counterfact_color,18.715320168733598,23.36881837487221,84.89038499828894,scope,7b,development,visual_counterfact_color_000409,2101,dense,True,True,False
mmstar,22.455621218681337,22.85283750772476,107.83515199727844,scope,7b,prospective,mmstar_000979,2101,dense,True,True,False
visual_counterfact_size,21.93836807370186,23.694712172746655,111.39078599808272,scope,7b,development,visual_counterfact_size_000601,2101,dense,True,True,False
mmstar,22.44769342184067,17.850802793502808,83.59455899335444,scope,7b,development,mmstar_000476,2101,dense,False,False,False
visual_counterfact_size,28.885715360641477,27.29708037376404,108.66142300073989,scope,7b,development,visual_counterfact_size_000132,2101,dense,True,True,False
visual_counterfact_size,22.735357427597044,23.24039242744446,81.75479799683671,scope,7b,development,visual_counterfact_size_000487,2101,dense,True,True,False
mmstar,24.982459545135498,30.463467442989348,100.13836000871379,scope,7b,development,mmstar_000118,2101,dense,True,True,False
mmstar,33.26546095132828,37.50922393798828,113.52794399135746,scope,7b,development,mmstar_001089,2101,dense,False,True,False
visual_counterfact_color,27.166032018661497,30.3776807308197,86.68719700654037,scope,7b,prospective,visual_counterfact_color_000448,2101,dense,True,True,False
mmstar,28.358479391336438,31.892974423170088,87.97796399448998,scope,7b,development,mmstar_000421,2101,dense,False,False,False
mmstar,28.95944871902466,32.85241298794746,84.29195199278183,scope,7b,development,mmstar_000222,2101,dense,True,True,False
visual_counterfact_size,36.5222158908844,40.2525720000267,95.46912800578866,scope,7b,development,visual_counterfact_size_000345,2101,dense,False,False,False
visual_counterfact_size,53.87933896541596,40.964945352077486,125.15491600788664,scope,7b,prospective,visual_counterfact_size_000391,2101,dense,False,False,False
visual_counterfact_size,66.61651614427566,42.999997363090515,139.34964199142996,scope,7b,development,visual_counterfact_size_000494,2101,dense,True,True,False
mmstar,51.90377829670906,26.67136372327804,90.15241199813318,scope,7b,development,mmstar_001220,2101,dense,False,False,False
mmstar,36.49704978942871,24.589184894561768,83.2086130103562,scope,7b,development,mmstar_000144,2101,dense,False,False,False
pope_popular,19.697034606933595,206.0613975262642,1093.6369570117677,scope,7b,development,pope_popular_000502,2101,432,True,True,False
pope_adversarial,26.29942813396454,30.75416979908943,311.6511169937439,scope,7b,prospective,pope_adversarial_002894,2101,256,True,True,False
pope_adversarial,31.3794100522995,10.025764656066896,95.53466699435376,scope,7b,development,pope_adversarial_000419,2101,256,False,True,False
pope_adversarial,32.63905189037323,13.832242233753206,99.77213400998153,scope,7b,prospective,pope_adversarial_002029,2101,256,False,True,False
pope_adversarial,31.60006404876709,13.062232719659807,93.79836499283556,scope,7b,prospective,pope_adversarial_000781,2101,256,False,True,False
pope_adversarial,34.77466578841209,17.831691508293154,96.41052898950875,scope,7b,prospective,pope_adversarial_001020,2101,256,False,True,True
pope_adversarial,31.86554884076119,20.505804228782655,103.1952490011463,scope,7b,development,pope_adversarial_000028,2101,256,True,True,False
pope_random,32.85251096129417,25.18101126432419,103.63460499502253,scope,7b,prospective,pope_random_002094,2101,256,False,False,False
pope_popular,32.15617754340172,30.72301865100861,117.46518399741035,scope,7b,prospective,pope_popular_001644,2101,432,True,True,False
pope_random,37.47441231608391,28.745468972921373,102.70506399683654,scope,7b,development,pope_random_000355,2101,256,False,True,False
pope_adversarial,35.46394041180611,27.160438668727878,97.19488098926377,scope,7b,development,pope_adversarial_000411,2101,256,False,True,False
pope_adversarial,35.65301059961319,27.157669212818146,97.2592199977953,scope,7b,development,pope_adversarial_000608,2101,256,True,True,False
pope_popular,35.40169712424279,31.03270563364029,116.57278399798088,scope,7b,prospective,pope_popular_000888,2101,432,True,True,False
pope_random,35.11716480970383,25.198134870529174,96.06169200560544,scope,7b,prospective,pope_random_002894,2101,256,True,True,False
pope_adversarial,37.78483259677887,22.976888017654417,95.57772699918132,scope,7b,development,pope_adversarial_000303,2101,256,False,True,False
pope_popular,40.00314922451973,27.81509322285652,116.573603998404,scope,7b,prospective,pope_popular_002047,2101,432,False,True,False
pope_random,31.512211391925813,23.440383731126783,100.53260599670466,scope,7b,development,pope_random_000659,2101,256,False,True,False
pope_popular,30.48323409318924,26.181854624748226,114.24638699099887,scope,7b,prospective,pope_popular_001272,2101,432,False,False,False
pope_adversarial,68.24496245980262,24.067511734962462,105.54348499863409,scope,7b,development,pope_adversarial_000342,2101,256,True,True,False
pope_adversarial,46.00180685043335,20.96450427532196,91.47886899881996,scope,7b,prospective,pope_adversarial_001038,2101,256,False,False,False
mmstar,39.694282662868495,27.69049744009972,119.56961199757643,scope,7b,prospective,mmstar_000428,2101,432,False,False,False
pope_popular,50.50168349266052,27.1023885011673,115.71948199707549,scope,7b,development,pope_popular_000596,2101,432,True,True,False
pope_adversarial,39.24138458251953,20.946715400218963,91.16156199888792,scope,7b,prospective,pope_adversarial_001854,2101,256,False,False,True
pope_random,45.899909341335295,21.668904633522033,94.79611499409657,scope,7b,prospective,pope_random_002400,2101,256,True,True,False
pope_popular,54.72255822300911,24.004205133914947,115.65717199118808,scope,7b,development,pope_popular_000276,2101,432,False,False,False
pope_random,55.38673959374428,18.74429621696472,92.4762280046707,scope,7b,development,pope_random_000749,2101,256,False,True,False
pope_adversarial,22.733063436746598,15.271126534938812,98.07305200956762,scope,7b,development,pope_adversarial_000334,2101,256,True,True,False
pope_random,21.659614984989165,13.246692792177198,93.50201800407376,scope,7b,development,pope_random_000570,2101,256,True,True,False
pope_popular,32.5765263748169,16.23721371889114,117.03066900372505,scope,7b,prospective,pope_popular_002430,2101,432,True,True,False
pope_popular,36.97174403309822,18.343478384017946,113.19871799787506,scope,7b,development,pope_popular_000581,2101,432,False,True,False
pope_random,38.10859442710876,17.676499668359757,102.79194300528616,scope,7b,prospective,pope_random_001278,2101,256,True,True,False
pope_adversarial,33.844168709516524,21.600232751369475,102.19246899941936,scope,7b,prospective,pope_adversarial_002790,2101,256,False,False,False
pope_random,27.25470054149628,20.23348377585411,91.59693800029345,scope,7b,prospective,pope_random_000876,2101,256,True,True,False
pope_popular,26.90310269594193,27.47170755505562,114.31935599830467,scope,7b,development,pope_popular_000588,2101,432,True,True,False
pope_random,15.06564683675766,23.636284431219103,95.35786900960375,scope,7b,development,pope_random_000033,2101,256,False,True,False
pope_random,32.955880151987074,25.49548840522766,101.78158400231041,scope,7b,development,pope_random_000540,2101,256,False,False,False
pope_popular,32.999497700929645,29.296953165531157,112.05500000505708,scope,7b,prospective,pope_popular_001369,2101,432,False,True,False
pope_random,37.46779306411744,27.736445195674897,104.83409299922641,scope,7b,development,pope_random_000152,2101,256,True,True,False
mmstar,163.9355789363384,75.32129726767539,282.020348997321,scope,7b,prospective,mmstar_001122,2101,432,False,True,False
pope_popular,27.647403800487517,30.437814081907266,116.89839999598917,scope,7b,development,pope_popular_000455,2101,432,False,True,False
pope_popular,27.737117195129393,29.11500020503998,116.93959998956416,scope,7b,prospective,pope_popular_002425,2101,432,True,True,False
pope_popular,28.452316269874572,28.08874661803246,116.89514000318013,scope,7b,development,pope_popular_000334,2101,432,True,True,False
pope_adversarial,25.19368347287178,24.522586023807527,104.0191810025135,scope,7b,development,pope_adversarial_000165,2101,256,False,True,False
pope_popular,24.45447213292122,28.45826907157898,115.05841900361702,scope,7b,prospective,pope_popular_001086,2101,432,True,True,False
pope_random,28.44408539056778,23.53543948888779,94.52103800140321,scope,7b,prospective,pope_random_002766,2101,256,True,True,False
pope_random,27.747983820438385,27.19168896079064,102.54168599203695,scope,7b,prospective,pope_random_001520,2101,256,True,True,False
pope_adversarial,35.885707426071164,26.859667010307316,100.55167600512505,scope,7b,development,pope_adversarial_000434,2101,256,False,False,False
pope_popular,38.4770497751236,32.17035692214966,117.19077698944602,scope,7b,development,pope_popular_000351,2101,432,False,True,False
pope_random,35.711121081113816,25.204348382949828,94.99995299847797,scope,7b,prospective,pope_random_001814,2101,256,True,True,False
pope_popular,37.8136372423172,29.29974400162697,114.94841901003383,scope,7b,prospective,pope_popular_000960,2101,432,True,True,False
pope_popular,31.414211761951446,30.674830840826033,128.2184749870794,scope,7b,development,pope_popular_000407,2101,432,False,True,False
pope_adversarial,32.61154789686203,21.7875527882576,94.65937699133065,scope,7b,development,pope_adversarial_000551,2101,256,False,True,False
pope_random,33.42545100688935,20.72086593747139,91.5634879929712,scope,7b,prospective,pope_random_002370,2101,256,False,True,True
pope_random,35.15126231074333,19.967909092903138,91.15984199161176,scope,7b,prospective,pope_random_001872,2101,256,False,False,False
pope_adversarial,26.432730388641353,21.523113214969634,97.51555700495373,scope,7b,prospective,pope_adversarial_001254,2101,256,False,False,False
pope_random,27.167172454595562,20.759777898788453,92.77420600119513,scope,7b,development,pope_random_000404,2101,256,True,True,False
pope_adversarial,25.857585228681565,21.613263782262802,93.53628799726721,scope,7b,prospective,pope_adversarial_001830,2101,256,False,False,False
pope_adversarial,23.876305243968964,23.760159783363342,96.78350399190094,scope,7b,prospective,pope_adversarial_001392,2101,256,True,True,False
pope_random,24.358207149505617,24.652585209608077,97.20970099442638,scope,7b,development,pope_random_000047,2101,256,False,True,False
pope_popular,26.998562341928483,30.860304677486422,115.44613500882406,scope,7b,development,pope_popular_000220,2101,432,True,True,False
pope_random,26.58410817742348,22.744848462343214,99.11580100015271,scope,7b,development,pope_random_000243,2101,256,False,True,False
pope_random,22.979263985157015,20.309871304035187,93.05046299414244,scope,7b,development,pope_random_000674,2101,256,True,True,False
pope_adversarial,17.666592025756838,19.50638447999954,95.05415199964773,scope,7b,development,pope_adversarial_000612,2101,256,True,True,False
pope_adversarial,21.443156824111938,18.82750332355499,94.57661700434983,scope,7b,development,pope_adversarial_000658,2101,256,False,False,False
pope_popular,33.06637159466743,21.193618702888486,117.40300500241574,scope,7b,development,pope_popular_000394,2101,432,True,True,False
pope_adversarial,24.553176760673523,16.422843170166015,94.51450699998531,scope,7b,development,pope_adversarial_000278,2101,256,False,False,False
pope_adversarial,25.387603117227552,18.16420755267143,106.65226400305983,scope,7b,development,pope_adversarial_000179,2101,256,False,True,False
pope_random,24.08539622426033,17.281172132492067,98.51308699580841,scope,7b,development,pope_random_000143,2101,256,False,True,False
pope_popular,28.045175703763963,22.642023354768753,117.5382939982228,scope,7b,development,pope_popular_000551,2101,432,False,True,False
pope_popular,34.23980023860932,24.482409464120867,118.16907698812429,scope,7b,prospective,pope_popular_002124,2101,432,True,True,False
pope_random,40.21760697603226,19.989805364608767,94.24855999532156,scope,7b,development,pope_random_000311,2101,256,False,True,False
pope_popular,43.71495606780052,26.78447229862213,115.07717799395323,scope,7b,development,pope_popular_000660,2101,432,True,True,False
pope_popular,19.697034606933595,14.722483049631117,96.75540500029456,random,7b,development,pope_popular_000502,2101,256,True,True,False
visual_counterfact_size,22.517462134361267,14.197439382076263,87.31282201188151,random,7b,prospective,visual_counterfact_size_000657,2101,dense,True,True,False
pope_adversarial,26.29942813396454,19.99749032378197,91.44926899170969,random,7b,prospective,pope_adversarial_002894,2101,256,True,True,False
pope_adversarial,31.3794100522995,22.326160175800325,94.0758829965489,random,7b,development,pope_adversarial_000419,2101,256,False,True,False
visual_counterfact_size,40.31047733783723,36.76568796992302,122.05337799969129,random,7b,prospective,visual_counterfact_size_000325,2101,dense,True,True,False
pope_adversarial,32.63905189037323,30.16922616958618,93.53618799650576,random,7b,prospective,pope_adversarial_002029,2101,256,False,True,False
pope_adversarial,31.60006404876709,35.67911413908004,92.85058498790022,random,7b,prospective,pope_adversarial_000781,2101,256,False,True,False
pope_adversarial,34.77466578841209,35.22655267477035,90.48517899645958,random,7b,prospective,pope_adversarial_001020,2101,256,True,True,False
pope_adversarial,31.86554884076119,41.2924363386631,98.33547900780104,random,7b,development,pope_adversarial_000028,2101,256,True,True,False
visual_counterfact_size,38.45964538335801,53.1401919567585,124.87754899484571,random,7b,prospective,visual_counterfact_size_000329,2101,dense,True,True,False
pope_random,32.85251096129417,43.472531352043156,102.83599399554078,random,7b,prospective,pope_random_002094,2101,256,False,False,False
mmstar,29.626811752319338,120.72017864108088,309.8431059916038,random,7b,development,mmstar_000146,2101,432,False,False,False
visual_counterfact_color,34.53634873867035,37.23448563337326,106.21416800131556,random,7b,development,visual_counterfact_color_000257,2101,432,True,True,False
pope_popular,32.15617754340172,32.445000271797184,94.3381200049771,random,7b,prospective,pope_popular_001644,2101,256,True,True,False
visual_counterfact_size,37.95271597981453,44.63852857589722,130.7723089994397,random,7b,prospective,visual_counterfact_size_000050,2101,dense,False,False,False
mmstar,31.30617815494537,34.09624054670334,101.41524700156879,random,7b,prospective,mmstar_000131,2101,dense,True,True,False
pope_random,37.47441231608391,31.96472862482071,95.83779401145875,random,7b,development,pope_random_000355,2101,256,False,True,False
visual_counterfact_color,35.76227766275406,27.81158568263054,92.8541550092632,random,7b,development,visual_counterfact_color_000268,2101,432,True,True,False
mmstar,40.730680865049365,30.28107285618782,102.33890800736845,random,7b,development,mmstar_001053,2101,dense,False,True,False
mmstar,86.64869023084641,55.03020255684852,208.7966539984336,random,7b,development,mmstar_001013,2101,dense,False,False,False
pope_adversarial,35.46394041180611,24.10336733222008,91.99399399221875,random,7b,development,pope_adversarial_000411,2101,256,False,True,False
pope_adversarial,35.65301059961319,26.281291936635974,100.56324600009248,random,7b,development,pope_adversarial_000608,2101,256,True,True,False
visual_counterfact_color,37.4135545539856,77.21159243702888,316.9694929965772,random,7b,prospective,visual_counterfact_color_000382,2101,432,True,True,False
mmstar,35.63547296524048,23.75542826414108,98.61971600912511,random,7b,development,mmstar_000610,2101,dense,False,False,False
mmstar,35.27631806135178,22.79781538486481,93.901824002387,random,7b,development,mmstar_000249,2101,dense,True,True,False
pope_popular,35.40169712424279,25.92796139836311,92.5514580012532,random,7b,prospective,pope_popular_000888,2101,256,True,True,False
pope_random,35.11716480970383,26.351802563667295,91.50754899019375,random,7b,prospective,pope_random_002894,2101,256,True,True,False
visual_counterfact_color,43.218842087984086,37.83332876205444,116.38808599673212,random,7b,development,visual_counterfact_color_000100,2101,432,True,True,False
pope_adversarial,37.78483259677887,30.406852867603302,90.8297650021268,random,7b,development,pope_adversarial_000303,2101,256,False,True,False
pope_popular,40.00314922451973,32.66637240290642,92.03114399861079,random,7b,prospective,pope_popular_002047,2101,256,False,True,False
mmstar,42.628056446313856,33.012133089303966,92.35124000406358,random,7b,development,mmstar_000861,2101,dense,False,False,False
mmstar,46.983275928497314,39.74366313695907,108.46113499428611,random,7b,development,mmstar_001058,2101,dense,False,False,False
visual_counterfact_color,41.11519667744636,35.10938237071037,95.29405999637675,random,7b,development,visual_counterfact_color_000421,2101,432,True,True,False
visual_counterfact_size,36.99290460348129,41.768208208084104,109.9486210005125,random,7b,development,visual_counterfact_size_000353,2101,dense,False,False,False
pope_random,31.512211391925813,35.0323077237606,91.9651839940343,random,7b,development,pope_random_000659,2101,256,False,True,False
visual_counterfact_color,34.934333777427675,35.348900725841524,99.95211199566256,random,7b,development,visual_counterfact_color_000028,2101,432,True,False,False
mmstar,30.82637558460236,32.250370154380796,91.17139199224766,random,7b,prospective,mmstar_000369,2101,dense,False,False,False
mmstar,39.61209741592407,43.318004662990575,145.24891099426895,random,7b,prospective,mmstar_001012,2101,dense,False,False,False
mmstar,126.21385438203811,33.99019968867302,115.64171200734563,random,7b,prospective,mmstar_001031,2101,dense,False,False,False
visual_counterfact_size,25.139641703367232,30.55413670420647,105.14036999666132,random,7b,prospective,visual_counterfact_size_000545,2101,dense,True,True,False
mmstar,29.678789303302764,37.427030390501024,120.0994270038791,random,7b,development,mmstar_000488,2101,432,False,False,False
mmstar,88.38243522047996,54.79216361284256,172.9569289891515,random,7b,prospective,mmstar_000089,2101,dense,False,True,False
mmstar,25.861540442705152,92.78032836198807,303.3094130078098,random,7b,development,mmstar_000252,2101,dense,False,False,False
mmstar,25.34735312461853,28.306949949264528,90.96033399691805,random,7b,prospective,mmstar_000092,2101,dense,False,True,False
visual_counterfact_size,32.07998991608619,32.85993795990944,104.78742299892474,random,7b,development,visual_counterfact_size_000645,2101,dense,False,False,False
mmstar,56.78985991477966,57.61535543203354,166.25112701149192,random,7b,development,mmstar_001028,2101,dense,False,False,False
pope_popular,30.48323409318924,30.77230118155479,89.3502510007238,random,7b,prospective,pope_popular_001272,2101,256,False,False,False
visual_counterfact_color,31.556942439079286,30.275722557306285,88.81369599839672,random,7b,development,visual_counterfact_color_000128,2101,432,True,True,False
mmstar,32.99754495859146,32.2268902182579,91.98965399991721,random,7b,prospective,mmstar_001467,2101,dense,False,False,False
mmstar,36.573868718147274,32.33170483350754,90.66762699512765,random,7b,prospective,mmstar_000495,2101,dense,False,False,False
visual_counterfact_color,41.857740986347196,42.76951634407043,104.1008000029251,random,7b,prospective,visual_counterfact_color_000024,2101,432,True,True,False
pope_adversarial,68.24496245980262,36.93178133368492,89.48273900023196,random,7b,development,pope_adversarial_000342,2101,256,True,True,False
visual_counterfact_color,76.20403475642205,37.49463931202889,90.96527399378829,random,7b,prospective,visual_counterfact_color_000341,2101,432,True,True,False
visual_counterfact_color,70.08658554911614,36.925805573463435,89.59332799713593,random,7b,development,visual_counterfact_color_000162,2101,432,True,True,False
visual_counterfact_color,57.14988131642341,45.10532084822655,119.16706700867508,random,7b,prospective,visual_counterfact_color_000049,2101,432,True,True,False
pope_adversarial,46.00180685043335,33.07252746105194,89.29359100875445,random,7b,prospective,pope_adversarial_001038,2101,256,False,False,False
mmstar,39.694282662868495,29.429814996719358,89.34321001288481,random,7b,prospective,mmstar_000428,2101,dense,False,False,False
mmstar,45.45842069268227,29.05361905813217,89.34951999981422,random,7b,prospective,mmstar_000012,2101,dense,False,False,False
pope_popular,50.50168349266052,26.252385507822034,96.04599200247321,random,7b,development,pope_popular_000596,2101,256,True,True,False
pope_adversarial,39.24138458251953,24.660522738695143,90.2246610057773,random,7b,prospective,pope_adversarial_001854,2101,256,False,False,False
visual_counterfact_size,47.748332507610314,21.17161221385002,104.57447600492742,random,7b,development,visual_counterfact_size_000108,2101,dense,False,False,False
pope_random,45.899909341335295,18.522632634639738,92.21680100017693,random,7b,prospective,pope_random_002400,2101,256,True,True,False
pope_popular,54.72255822300911,14.873404020071028,87.92988400091417,random,7b,development,pope_popular_000276,2101,256,False,False,True
pope_random,55.38673959374428,15.339619684219358,90.69496599840932,random,7b,development,pope_random_000749,2101,256,False,True,False
mmstar,55.85753321170807,15.698579951524735,94.36990899848752,random,7b,development,mmstar_001180,2101,dense,True,True,False
visual_counterfact_color,53.824500360488884,14.974632232189178,90.0890529883327,random,7b,development,visual_counterfact_color_000444,2101,432,True,True,False
visual_counterfact_color,30.09128617286682,16.31244918823242,98.84105400124099,random,7b,development,visual_counterfact_color_000342,2101,432,True,True,False
pope_adversarial,22.733063436746598,15.304874391555785,92.73152600508183,random,7b,development,pope_adversarial_000334,2101,256,True,True,False
pope_random,21.659614984989165,14.061764484643936,91.23692101275083,random,7b,development,pope_random_000570,2101,256,True,True,False
visual_counterfact_color,31.71787692427635,14.516079224348069,94.19475100003183,random,7b,development,visual_counterfact_color_000303,2101,432,True,True,False
visual_counterfact_size,30.81844944000244,18.60237057089806,118.98472798930015,random,7b,development,visual_counterfact_size_000287,2101,dense,True,True,False
mmstar,25.423194254636762,14.510163657665254,92.09097300481517,random,7b,development,mmstar_000533,2101,432,False,False,False
mmstar,26.348009250164033,15.222663545608519,91.949563997332,random,7b,development,mmstar_001254,2101,dense,False,False,False
visual_counterfact_size,29.39830203771591,16.749780166149137,101.52597700653132,random,7b,development,visual_counterfact_size_000218,2101,dense,True,True,False
visual_counterfact_color,24.883071975708013,15.054279007911683,93.73141599644441,random,7b,prospective,visual_counterfact_color_000071,2101,432,True,True,False
mmstar,31.653772029876716,17.65191567659378,108.72216300049331,random,7b,development,mmstar_000787,2101,dense,False,True,False
mmstar,27.847519340515138,18.327664309740065,107.85484199004713,random,7b,prospective,mmstar_001490,2101,dense,False,True,False
mmstar,42.904719864130016,29.473226128816606,146.3250499946298,random,7b,prospective,mmstar_000589,2101,dense,False,False,False
mmstar,30.323254357576367,23.152505049705507,102.51703599351458,random,7b,development,mmstar_000903,2101,dense,False,False,False
mmstar,30.157185055017464,23.923630883693694,91.85214499302674,random,7b,prospective,mmstar_000597,2101,dense,True,True,False
visual_counterfact_color,32.91298824310302,25.960955305099485,99.00409200054128,random,7b,development,visual_counterfact_color_000464,2101,432,True,True,False
mmstar,31.94352240085602,24.06122229337692,94.5623369916575,random,7b,development,mmstar_001008,2101,dense,False,False,False
pope_popular,32.5765263748169,23.192996637821196,91.25944098923355,random,7b,prospective,pope_popular_002430,2101,256,True,True,False
mmstar,35.526943368911745,22.683323199748994,88.69716701155994,random,7b,development,mmstar_000714,2101,dense,True,True,False
pope_popular,36.97174403309822,23.250946637392044,90.83072500652634,random,7b,development,pope_popular_000581,2101,256,False,True,False
mmstar,42.632247986793516,25.13811408281326,93.38611899875104,random,7b,development,mmstar_000568,2101,dense,False,False,False
visual_counterfact_size,52.29795886039734,32.78550334692001,122.73046000336763,random,7b,development,visual_counterfact_size_000275,2101,dense,True,True,False
pope_random,38.10859442710876,25.211866912841796,96.6267460025847,random,7b,prospective,pope_random_001278,2101,256,True,True,False
mmstar,39.608283348083496,23.355595731735228,90.57745800237171,random,7b,development,mmstar_001459,2101,dense,True,True,False
pope_adversarial,33.844168709516524,23.327144551277158,90.73620599519927,random,7b,prospective,pope_adversarial_002790,2101,256,False,True,False
visual_counterfact_size,37.86650516271591,30.913314509391785,106.7515829927288,random,7b,prospective,visual_counterfact_size_000049,2101,dense,True,True,False
pope_random,27.25470054149628,26.571975350379944,88.36781000718474,random,7b,prospective,pope_random_000876,2101,256,True,True,False
pope_popular,26.90310269594193,30.556351547241213,90.41146899107844,random,7b,development,pope_popular_000588,2101,256,True,True,False
mmstar,22.93368097305298,31.374771164655687,89.17011199810077,random,7b,development,mmstar_000201,2101,432,False,True,False
mmstar,22.21349240541458,34.73447295308113,91.04564299923368,random,7b,prospective,mmstar_000166,2101,432,False,True,False
mmstar,56.72826949238777,34.61601656198501,87.78853599505965,random,7b,prospective,mmstar_000757,2101,432,False,False,False
mmstar,13.817059621810914,39.77469064235687,94.32811998703983,random,7b,prospective,mmstar_000207,2101,432,False,True,False
pope_random,15.06564683675766,40.952933406829835,92.55344698613044,random,7b,development,pope_random_000033,2101,256,False,True,False
mmstar,21.28983141541481,55.81060225963593,119.02249899867456,random,7b,development,mmstar_000096,2101,dense,False,True,False
visual_counterfact_color,18.054685292243956,43.05539312362671,90.27183099533431,random,7b,development,visual_counterfact_color_000405,2101,432,False,True,True
mmstar,32.42102244973182,63.4021220934391,133.7632390059298,random,7b,development,mmstar_001233,2101,dense,False,False,False
mmstar,27.334283399581906,41.33581647157669,88.21626099233981,random,7b,development,mmstar_001273,2101,dense,False,False,False
mmstar,33.93434745669365,41.3715380859375,93.5104880045401,random,7b,prospective,mmstar_000438,2101,432,False,False,False
pope_random,32.955880151987074,41.971589255332944,97.42759799701162,random,7b,development,pope_random_000540,2101,256,False,False,False
visual_counterfact_size,35.316925978660585,45.39170553088188,108.95147098926827,random,7b,prospective,visual_counterfact_size_000064,2101,dense,False,False,False
pope_popular,32.999497700929645,37.29736058712005,91.27657100907527,random,7b,prospective,pope_popular_001369,2101,256,False,True,False
mmstar,36.404885609149936,38.864355015754704,96.62641599425115,random,7b,development,mmstar_000977,2101,dense,False,False,False
mmstar,43.20863737940788,36.08621272563934,89.82630600803532,random,7b,prospective,mmstar_001470,2101,dense,False,True,False
mmstar,42.88522188186646,35.30646130084992,87.898595011211,random,7b,prospective,mmstar_001261,2101,dense,False,True,False
pope_random,37.46779306411744,37.16116348147392,90.04079400619958,random,7b,development,pope_random_000152,2101,256,True,True,False
mmstar,49.493266334533686,37.77390830516815,89.92366500024218,random,7b,development,mmstar_001328,2101,dense,True,True,False
mmstar,163.9355789363384,111.2064649641514,245.4782709974097,random,7b,prospective,mmstar_001122,2101,dense,False,True,False
pope_popular,27.647403800487517,41.00168166399003,87.83878599933814,random,7b,development,pope_popular_000455,2101,256,False,True,False
visual_counterfact_size,40.33070187568665,59.81188622474671,130.945126991719,random,7b,prospective,visual_counterfact_size_000015,2101,dense,True,True,False
pope_popular,27.737117195129393,39.8682025372982,93.79554500628728,random,7b,prospective,pope_popular_002425,2101,256,True,True,False
pope_popular,28.452316269874572,35.985343101024625,87.18231199600268,random,7b,development,pope_popular_000334,2101,256,True,True,False
pope_adversarial,25.19368347287178,36.949196043014524,92.02384400123265,random,7b,development,pope_adversarial_000165,2101,256,False,True,False
pope_popular,24.45447213292122,37.7305590569973,92.95919298892841,random,7b,prospective,pope_popular_001086,2101,256,True,True,False
visual_counterfact_size,31.29897714495659,47.97450053215027,117.47030400147196,random,7b,development,visual_counterfact_size_000364,2101,dense,True,True,False
pope_random,28.44408539056778,35.022213506698606,89.6063679974759,random,7b,prospective,pope_random_002766,2101,256,True,True,False
visual_counterfact_color,28.946571762561796,37.82060131072998,96.76478499022778,random,7b,development,visual_counterfact_color_000004,2101,432,True,True,False
pope_random,27.747983820438385,29.430094338655472,86.27712199813686,random,7b,prospective,pope_random_001520,2101,256,True,True,False
mmstar,29.71032217741013,30.956906379461287,90.77055599482264,random,7b,development,mmstar_001428,2101,dense,False,True,False
visual_counterfact_color,33.053871529102324,33.04853306770325,102.5620159925893,random,7b,prospective,visual_counterfact_color_000442,2101,432,True,True,False
visual_counterfact_size,39.45879414796829,38.27223661422729,120.59526199300308,random,7b,prospective,visual_counterfact_size_000171,2101,dense,True,True,False
mmstar,99.17143772363661,80.2859957575798,278.3954260085011,random,7b,prospective,mmstar_001035,2101,dense,True,True,False
mmstar,33.76871448278427,24.16164892435074,91.93703399796505,random,7b,development,mmstar_000009,2101,dense,False,False,False
mmstar,35.2865518605709,19.44930540084839,86.55650900618639,random,7b,prospective,mmstar_000741,2101,dense,False,True,False
pope_adversarial,35.885707426071164,19.67099865436554,88.71786700910889,random,7b,development,pope_adversarial_000434,2101,256,False,False,False
visual_counterfact_color,36.82750800490379,19.839378787279127,91.21087199309841,random,7b,development,visual_counterfact_color_000093,2101,432,True,True,False
pope_popular,38.4770497751236,19.98045428395271,92.42982999421656,random,7b,development,pope_popular_000351,2101,256,False,True,False
visual_counterfact_size,42.19777989864349,25.773890733718872,104.58463500253856,random,7b,development,visual_counterfact_size_000100,2101,dense,True,True,False
visual_counterfact_size,139.38113669514655,34.51265281319618,135.8331969968276,random,7b,prospective,visual_counterfact_size_000155,2101,dense,True,True,False
visual_counterfact_size,43.380316982269285,27.653909955024723,103.58135499700438,random,7b,development,visual_counterfact_size_000233,2101,dense,True,True,False
mmstar,35.791319591999056,26.177237937450414,92.34482899773866,random,7b,prospective,mmstar_000797,2101,dense,False,False,False
visual_counterfact_color,38.39451003074646,27.869998598098753,94.79345500585623,random,7b,development,visual_counterfact_color_000255,2101,432,False,True,True
mmstar,37.64354357242584,30.870665973424913,94.97344399278518,random,7b,development,mmstar_000832,2101,dense,True,True,False
visual_counterfact_size,53.11720593214035,45.00549230575561,129.07265599642415,random,7b,prospective,visual_counterfact_size_000033,2101,dense,True,True,False
visual_counterfact_size,45.88136311531067,44.23242342710495,114.64783300471026,random,7b,development,visual_counterfact_size_000518,2101,dense,True,True,False
pope_random,35.711121081113816,34.17572094321251,87.87829500215594,random,7b,prospective,pope_random_001814,2101,256,True,True,False
visual_counterfact_size,54.81746380925179,52.7196131157875,142.09647300594952,random,7b,development,visual_counterfact_size_000361,2101,dense,True,True,False
mmstar,35.84035586714745,34.51617424249649,92.83587499521673,random,7b,development,mmstar_000686,2101,dense,False,False,False
visual_counterfact_size,42.03782872915268,38.04206988573075,102.15338999114465,random,7b,prospective,visual_counterfact_size_000540,2101,dense,True,True,False
pope_popular,37.8136372423172,34.50337689399719,88.9247540035285,random,7b,prospective,pope_popular_000960,2101,256,True,True,False
visual_counterfact_color,40.386052402257924,35.265083923339844,88.63503800239414,random,7b,prospective,visual_counterfact_color_000186,2101,432,True,True,False
visual_counterfact_color,48.265385354757306,49.118603756427774,126.43468299938831,random,7b,prospective,visual_counterfact_color_000055,2101,432,True,True,False
mmstar,33.02883905649185,36.703609147071845,95.69123601249885,random,7b,prospective,mmstar_001350,2101,432,False,True,False
visual_counterfact_size,40.05649663209915,40.41174255132675,115.0029990094481,random,7b,development,visual_counterfact_size_000676,2101,dense,True,True,False
visual_counterfact_color,46.0769969522953,45.97549078226089,130.9768159990199,random,7b,prospective,visual_counterfact_color_000107,2101,432,True,True,False
pope_popular,31.414211761951446,34.40280976295471,100.88906300370581,random,7b,development,pope_popular_000407,2101,256,False,True,False
visual_counterfact_color,30.84280396103859,32.776313989162446,91.32134000537917,random,7b,development,visual_counterfact_color_000133,2101,432,True,True,False
pope_adversarial,32.61154789686203,33.747334313392635,89.97980400454253,random,7b,development,pope_adversarial_000551,2101,256,False,True,False
pope_random,33.42545100688935,33.90840589046478,87.66533799644094,random,7b,prospective,pope_random_002370,2101,256,False,False,False
pope_random,35.15126231074333,34.32314501404762,86.18650199787226,random,7b,prospective,pope_random_001872,2101,256,False,False,False
visual_counterfact_size,39.051131573915484,40.24337317109108,99.87547399941832,random,7b,development,visual_counterfact_size_000254,2101,dense,False,False,False
visual_counterfact_color,40.169643332958216,43.1311408829689,106.00280099606607,random,7b,development,visual_counterfact_color_000323,2101,432,True,True,False
mmstar,34.3657428586483,38.62024387717247,90.0661530031357,random,7b,prospective,mmstar_001326,2101,432,True,True,False
visual_counterfact_size,36.11274000167847,44.77461805343628,101.5237159881508,random,7b,development,visual_counterfact_size_000421,2101,dense,True,True,False
pope_adversarial,26.432730388641353,40.63533554434777,87.82159601105377,random,7b,prospective,pope_adversarial_001254,2101,256,False,False,False
mmstar,28.144662129878995,42.89781924247742,92.23794100398663,random,7b,development,mmstar_000548,2101,432,False,False,False
mmstar,25.28109490871429,51.572237713336946,119.98032798874192,random,7b,prospective,mmstar_000777,2101,dense,False,False,False
pope_random,27.167172454595562,38.28960681438446,90.60006801155396,random,7b,development,pope_random_000404,2101,256,True,True,False
visual_counterfact_color,28.192208496332167,43.3900451374054,117.29484600073192,random,7b,prospective,visual_counterfact_color_000319,2101,432,True,True,False
visual_counterfact_color,27.74538123130798,40.82863059043884,117.59514299046714,random,7b,prospective,visual_counterfact_color_000176,2101,432,True,True,False
visual_counterfact_color,26.881427164077756,34.224432172775266,105.71082298702095,random,7b,development,visual_counterfact_color_000262,2101,432,True,True,False
mmstar,25.196103966236112,29.788072434663768,94.62761699978728,random,7b,development,mmstar_000606,2101,432,False,False,True
mmstar,64.17433769106864,79.1934427344799,252.3817909968784,random,7b,prospective,mmstar_000613,2101,432,False,False,False
mmstar,27.80488421916962,27.501646463871,85.56150901131332,random,7b,prospective,mmstar_000691,2101,dense,True,True,False
visual_counterfact_color,42.169522193670275,50.88412306785584,144.0638729982311,random,7b,development,visual_counterfact_color_000436,2101,432,True,True,False
pope_adversarial,25.857585228681565,33.53862277388573,88.82656598871108,random,7b,prospective,pope_adversarial_001830,2101,256,False,False,False
pope_adversarial,23.876305243968964,34.91289969682693,87.43686000525486,random,7b,prospective,pope_adversarial_001392,2101,256,True,True,False
mmstar,31.156704946756363,58.11806458950042,137.31892200303264,random,7b,prospective,mmstar_000732,2101,dense,True,True,False
pope_random,24.358207149505617,39.23002170920372,90.2116310026031,random,7b,development,pope_random_000047,2101,256,False,True,False
visual_counterfact_size,31.538214645385743,50.32422444462776,122.28493500151671,random,7b,prospective,visual_counterfact_size_000575,2101,dense,True,True,False
mmstar,28.139263701438907,38.752363350391384,96.27061999344733,random,7b,development,mmstar_001034,2101,dense,False,False,False
visual_counterfact_color,25.662878022193908,30.344226896762848,84.58974899258465,random,7b,prospective,visual_counterfact_color_000309,2101,432,True,True,False
visual_counterfact_size,35.22567447900772,42.64246959805489,120.23500600480475,random,7b,development,visual_counterfact_size_000621,2101,dense,True,True,False
mmstar,26.955500507354735,100.31960863947869,312.23491100536194,random,7b,development,mmstar_000168,2101,432,False,True,False
visual_counterfact_color,29.96730774641037,26.646350983381275,96.85970399004873,random,7b,prospective,visual_counterfact_color_000056,2101,432,True,True,False
pope_popular,26.998562341928483,23.815097959041594,93.12790200056043,random,7b,development,pope_popular_000220,2101,256,True,True,False
pope_random,26.58410817742348,26.566807309389112,93.3020700031193,random,7b,development,pope_random_000243,2101,256,False,True,False
visual_counterfact_color,26.993471848964692,25.154080752134323,86.53932900051586,random,7b,prospective,visual_counterfact_color_000173,2101,432,True,True,False
visual_counterfact_size,30.174553288221354,30.71097398400307,100.37256800569594,random,7b,prospective,visual_counterfact_size_000203,2101,dense,False,False,False
pope_random,22.979263985157015,28.25975788593292,88.85676600039005,random,7b,development,pope_random_000674,2101,256,True,True,False
visual_counterfact_color,18.715320168733598,30.018463698625567,87.12411299347878,random,7b,development,visual_counterfact_color_000409,2101,432,True,True,False
mmstar,22.455621218681337,44.11520457148552,118.17112599965185,random,7b,prospective,mmstar_000979,2101,dense,True,True,False
pope_adversarial,17.666592025756838,36.220116806030276,89.80798599077389,random,7b,development,pope_adversarial_000612,2101,256,True,True,False
visual_counterfact_size,21.93836807370186,49.201659959554675,118.63246299617458,random,7b,development,visual_counterfact_size_000601,2101,dense,True,True,False
pope_adversarial,21.443156824111938,37.03423038244248,90.27317100844812,random,7b,development,pope_adversarial_000658,2101,256,False,False,False
mmstar,22.44769342184067,36.51788512706757,89.13060300983489,random,7b,development,mmstar_000476,2101,dense,False,False,False
pope_popular,33.06637159466743,37.62449860930443,91.39201900688931,random,7b,development,pope_popular_000394,2101,256,True,True,False
visual_counterfact_size,28.885715360641477,47.22305112719536,114.5608840015484,random,7b,development,visual_counterfact_size_000132,2101,dense,True,True,False
visual_counterfact_size,22.735357427597044,36.50311797618866,87.66824800113682,random,7b,development,visual_counterfact_size_000487,2101,dense,True,True,False
mmstar,24.982459545135498,40.866097565889355,98.0265319958562,random,7b,development,mmstar_000118,2101,dense,True,True,False
pope_adversarial,24.553176760673523,33.80564483523369,89.63926699652802,random,7b,development,pope_adversarial_000278,2101,256,False,False,False
pope_adversarial,25.387603117227552,34.51275342106819,93.34651999233756,random,7b,development,pope_adversarial_000179,2101,256,False,True,False
pope_random,24.08539622426033,29.144411076307293,88.16576200479176,random,7b,development,pope_random_000143,2101,256,False,True,False
mmstar,33.26546095132828,38.594834508895865,119.91401900013443,random,7b,development,mmstar_001089,2101,dense,False,True,False
visual_counterfact_color,27.166032018661497,24.756700571775433,89.30755099572707,random,7b,prospective,visual_counterfact_color_000448,2101,432,True,True,False
pope_popular,28.045175703763963,39.606870253086086,146.73657600360457,random,7b,development,pope_popular_000551,2101,256,False,True,False
mmstar,28.358479391336438,31.735494027137758,123.76116999075748,random,7b,development,mmstar_000421,2101,dense,False,False,False
mmstar,28.95944871902466,21.836191667318342,86.40734999789856,random,7b,development,mmstar_000222,2101,432,True,True,False
visual_counterfact_size,36.5222158908844,27.3328453373909,102.15374000836164,random,7b,development,visual_counterfact_size_000345,2101,dense,False,False,False
pope_popular,34.23980023860932,25.791382169723512,91.64329699706286,random,7b,prospective,pope_popular_002124,2101,256,True,True,False
visual_counterfact_size,53.87933896541596,43.26077216148377,135.0755050079897,random,7b,prospective,visual_counterfact_size_000391,2101,dense,False,False,False
pope_random,40.21760697603226,30.109468824863434,88.49120899685659,random,7b,development,pope_random_000311,2101,256,False,True,False
pope_popular,43.71495606780052,35.45520176053048,102.23249900445808,random,7b,development,pope_popular_000660,2101,256,True,True,False
visual_counterfact_size,66.61651614427566,54.44033150553703,158.0399810045492,random,7b,development,visual_counterfact_size_000494,2101,dense,True,True,False
mmstar,51.90377829670906,31.100109457969662,92.28606100077741,random,7b,development,mmstar_001220,2101,dense,False,False,False
mmstar,36.49704978942871,30.38120788574219,93.90068400534801,random,7b,development,mmstar_000144,2101,432,False,False,False
pope_popular,29.946125030517578,31.934066659212114,147.84878499631304,fastv,13b,development,pope_popular_000502,2101,432,True,True,False
visual_counterfact_size,39.56860492706299,36.80176440954209,140.53581000189297,fastv,13b,prospective,visual_counterfact_size_000657,2101,dense,False,True,False
pope_adversarial,53.26389960050583,43.453047902584075,144.1243629960809,fastv,13b,prospective,pope_adversarial_002894,2101,432,True,True,False
pope_adversarial,56.78416802883148,135.68418665766717,376.58323600771837,fastv,13b,development,pope_adversarial_000419,2101,432,True,True,False
visual_counterfact_size,83.43541670918464,77.23867209911346,219.3337380012963,fastv,13b,prospective,visual_counterfact_size_000325,2101,dense,True,True,False
pope_adversarial,68.34637485384941,52.2015429520607,146.80082601262257,fastv,13b,prospective,pope_adversarial_002029,2101,432,False,True,False
pope_adversarial,60.2718217754364,50.53548910140991,145.11344199127052,fastv,13b,prospective,pope_adversarial_000781,2101,432,False,True,False
pope_adversarial,60.30515506863594,49.57661476969718,144.5152490050532,fastv,13b,prospective,pope_adversarial_001020,2101,432,True,True,False
pope_adversarial,61.42103363752365,50.75638074874878,146.2464509968413,fastv,13b,development,pope_adversarial_000028,2101,432,True,True,False
visual_counterfact_size,82.0552072250843,74.20049485445023,199.4151300023077,fastv,13b,prospective,visual_counterfact_size_000329,2101,dense,True,True,False
pope_random,61.969696168899546,58.51289423704148,151.03856200585142,fastv,13b,prospective,pope_random_002094,2101,256,False,False,False
mmstar,85.36336802959443,149.23914169311524,447.91953000822105,fastv,13b,development,mmstar_000146,2101,dense,False,False,False
visual_counterfact_color,69.1654772937298,53.95788212060929,161.44770599203184,fastv,13b,development,visual_counterfact_color_000257,2101,256,False,True,True
pope_popular,58.51640247344971,52.92330825328827,145.7414559990866,fastv,13b,prospective,pope_popular_001644,2101,432,True,True,False
visual_counterfact_size,67.1652287709713,62.011747889518745,173.07434800022747,fastv,13b,prospective,visual_counterfact_size_000050,2101,dense,True,True,False
mmstar,59.81257585763931,55.3010168004036,151.56106698850635,fastv,13b,prospective,mmstar_000131,2101,432,True,True,False
pope_random,58.499120752811436,54.529856483936314,143.8564749987563,fastv,13b,development,pope_random_000355,2101,256,False,True,False
visual_counterfact_color,58.48795380592347,58.4681962954998,144.73994600120932,fastv,13b,development,visual_counterfact_color_000268,2101,256,False,True,False
mmstar,155.61464866638187,146.74886485099793,356.1514650064055,fastv,13b,development,mmstar_001053,2101,432,False,True,False
mmstar,116.6293286895752,105.95668156504632,265.65734499308746,fastv,13b,development,mmstar_001013,2101,432,False,False,False
pope_adversarial,60.455902981758115,58.64177309274674,147.89906398800667,fastv,13b,development,pope_adversarial_000411,2101,432,False,True,False
pope_adversarial,59.75288422107696,57.589689967632296,148.33996999368537,fastv,13b,development,pope_adversarial_000608,2101,432,True,True,False
visual_counterfact_color,61.19827311038971,55.71701562643051,145.45847999397665,fastv,13b,prospective,visual_counterfact_color_000382,2101,432,True,True,False
mmstar,55.614972229003904,58.05910178899765,150.83516501181293,fastv,13b,development,mmstar_000610,2101,432,False,False,False
mmstar,61.44131665110588,68.0827696943283,171.37130600167438,fastv,13b,development,mmstar_000249,2101,dense,True,True,False
pope_popular,137.45422577619553,142.70616401076313,377.50667599902954,fastv,13b,prospective,pope_popular_000888,2101,432,True,True,False
pope_random,46.57015383958816,52.66389356136322,145.32181099639274,fastv,13b,prospective,pope_random_002894,2101,256,True,True,False
visual_counterfact_color,49.202014262676244,52.30311267495156,148.13150200643577,fastv,13b,development,visual_counterfact_color_000100,2101,432,True,True,False
pope_adversarial,48.22985872745514,50.13694455265998,144.2050420009764,fastv,13b,development,pope_adversarial_000303,2101,432,False,True,False
pope_popular,48.04617061495781,49.72647234916687,143.90398499381263,fastv,13b,prospective,pope_popular_002047,2101,432,False,True,False
mmstar,50.055537307262426,56.47022611856461,157.82992300228216,fastv,13b,development,mmstar_000861,2101,432,False,True,False
mmstar,57.3647917342186,63.529499666690825,168.3540259982692,fastv,13b,development,mmstar_001058,2101,432,False,False,False
visual_counterfact_color,46.256327855587,60.89919585943221,152.8217840095749,fastv,13b,development,visual_counterfact_color_000421,2101,432,True,True,False
visual_counterfact_size,64.30207110404969,86.31629115581512,212.22852999926545,fastv,13b,development,visual_counterfact_size_000353,2101,dense,True,True,False
pope_random,51.937251319885256,58.853423600196834,148.2453299977351,fastv,13b,development,pope_random_000659,2101,256,False,True,False
visual_counterfact_color,59.2060865521431,59.406289837360376,152.6560159982182,fastv,13b,development,visual_counterfact_color_000028,2101,256,True,True,False
mmstar,70.5885888504982,56.931149339675905,145.09253299911506,fastv,13b,prospective,mmstar_000369,2101,432,False,False,False
mmstar,78.93447261571885,79.45921482563018,196.7083769995952,fastv,13b,prospective,mmstar_001012,2101,432,False,False,True
mmstar,64.76911444425583,66.13024814367294,164.58091500680894,fastv,13b,prospective,mmstar_001031,2101,432,False,False,False
visual_counterfact_size,58.692480918169025,55.833186469078065,142.22056198923383,fastv,13b,prospective,visual_counterfact_size_000545,2101,dense,True,True,False
mmstar,81.83218984603882,72.61094682812691,191.7638870072551,fastv,13b,development,mmstar_000488,2101,dense,False,False,False
mmstar,60.78104694485665,53.06913284778595,145.82357599283569,fastv,13b,prospective,mmstar_000089,2101,432,True,True,False
mmstar,62.658662095069886,89.3609621989727,250.76492701191455,fastv,13b,development,mmstar_000252,2101,432,False,False,False
mmstar,59.45139627575874,68.14940689563751,185.66385899612214,fastv,13b,prospective,mmstar_000092,2101,432,False,False,False
visual_counterfact_size,84.583439245224,71.80470014572144,196.65994800743647,fastv,13b,development,visual_counterfact_size_000645,2101,dense,True,True,False
mmstar,64.07655845761299,52.731162850856784,147.91107400378678,fastv,13b,development,mmstar_001028,2101,432,False,False,False
pope_popular,59.50404752254486,50.226260566711424,141.17380300012883,fastv,13b,prospective,pope_popular_001272,2101,432,False,False,False
visual_counterfact_color,61.470476441383354,52.05981569766999,140.59895899845287,fastv,13b,development,visual_counterfact_color_000128,2101,432,True,True,False
mmstar,60.238116044998165,53.698268312215816,141.7434369941475,fastv,13b,prospective,mmstar_001467,2101,432,False,False,False
mmstar,57.90009854316712,55.05095271468163,142.00807400629856,fastv,13b,prospective,mmstar_000495,2101,432,False,False,False
visual_counterfact_color,56.44240274906158,59.024229590892794,148.14911200664937,fastv,13b,prospective,visual_counterfact_color_000024,2101,432,True,True,False
pope_adversarial,50.97067649364472,62.25155311584473,148.99073301057797,fastv,13b,development,pope_adversarial_000342,2101,432,True,True,False
visual_counterfact_color,49.782755827903756,60.71288480758667,144.2939410044346,fastv,13b,prospective,visual_counterfact_color_000341,2101,256,True,True,False
visual_counterfact_color,46.634671074151996,62.86924568176269,152.67612600291613,fastv,13b,development,visual_counterfact_color_000162,2101,432,True,True,False
visual_counterfact_color,52.66635611057282,60.826192636489864,151.33844999945723,fastv,13b,prospective,visual_counterfact_color_000049,2101,432,True,True,False
pope_adversarial,51.94071769356728,55.58907680153846,138.37991199397948,fastv,13b,prospective,pope_adversarial_001038,2101,432,True,True,False
mmstar,53.85094253540039,56.34513922929764,140.52604899916332,fastv,13b,prospective,mmstar_000428,2101,432,False,False,False
mmstar,122.74002037882805,56.2300373673439,142.03846399323083,fastv,13b,prospective,mmstar_000012,2101,432,True,True,False
pope_popular,46.81332528591156,60.14518257379531,153.38570800668094,fastv,13b,development,pope_popular_000596,2101,432,True,True,False
pope_adversarial,48.560448632240295,57.2139891386032,143.04474400705658,fastv,13b,prospective,pope_adversarial_001854,2101,432,False,False,False
visual_counterfact_size,131.248894636631,87.3631670510769,212.81413300312124,fastv,13b,development,visual_counterfact_size_000108,2101,dense,True,True,False
pope_random,45.69455281615257,59.76198156237602,151.3300400110893,fastv,13b,prospective,pope_random_002400,2101,256,True,True,False
pope_popular,45.468454048633575,54.576156473159784,142.5178589997813,fastv,13b,development,pope_popular_000276,2101,432,True,True,False
pope_random,46.94174250245094,55.56716235399246,146.4212389983004,fastv,13b,development,pope_random_000749,2101,256,False,True,False
mmstar,49.94773244857788,56.47886974215508,147.54864799033385,fastv,13b,development,mmstar_001180,2101,256,False,True,False
visual_counterfact_color,52.41806683063507,57.80284056186676,148.50115799345076,fastv,13b,development,visual_counterfact_color_000444,2101,432,True,True,False
visual_counterfact_color,55.050669314861295,55.31422900676727,141.05566398939118,fastv,13b,development,visual_counterfact_color_000342,2101,432,True,True,False
pope_adversarial,58.84364987969398,55.964911425113684,141.11256299656816,fastv,13b,development,pope_adversarial_000334,2101,432,True,True,False
pope_random,61.178125691413875,55.71819257497788,148.03600301092956,fastv,13b,development,pope_random_000570,2101,256,True,True,False
visual_counterfact_color,64.21496885061264,53.07798372745514,147.89051499974448,fastv,13b,development,visual_counterfact_color_000303,2101,432,True,True,False
visual_counterfact_size,80.24060791254044,133.71743216991425,411.28224300337024,fastv,13b,development,visual_counterfact_size_000287,2101,dense,True,True,False
mmstar,67.18086072206498,59.71462312817573,209.45339801255614,fastv,13b,development,mmstar_000533,2101,dense,False,False,False
mmstar,60.849088120460515,59.890898085832596,200.13826299691573,fastv,13b,development,mmstar_001254,2101,432,False,True,False
visual_counterfact_size,71.20229690551757,51.084344048500064,165.7831519987667,fastv,13b,development,visual_counterfact_size_000218,2101,dense,True,True,False
visual_counterfact_color,68.1447199845314,65.47570730328559,202.5712780014146,fastv,13b,prospective,visual_counterfact_color_000071,2101,432,True,True,False
mmstar,306.9790137314796,272.35991617560387,736.8880589929176,fastv,13b,development,mmstar_000787,2101,432,False,False,False
mmstar,56.5990575671196,54.97705341935158,150.35433998855297,fastv,13b,prospective,mmstar_001490,2101,432,False,False,False
mmstar,65.07804435491562,60.50393789291382,166.85241198865697,fastv,13b,prospective,mmstar_000589,2101,432,True,True,False
mmstar,58.55698961019516,55.70014081478119,153.96747199702077,fastv,13b,development,mmstar_000903,2101,432,False,False,False
mmstar,57.92466726064682,53.27851348400116,143.69865700427908,fastv,13b,prospective,mmstar_000597,2101,432,False,False,False
visual_counterfact_color,54.37556581258774,54.1797424697876,142.94104499276727,fastv,13b,development,visual_counterfact_color_000464,2101,432,True,True,False
mmstar,53.070798774957666,55.64027405500412,147.43464899947867,fastv,13b,development,mmstar_001008,2101,432,False,True,False
pope_popular,51.29344410300255,54.200663039684294,143.70466700347606,fastv,13b,prospective,pope_popular_002430,2101,432,True,True,False
mmstar,58.15503087043763,66.3440625679493,169.90878101205453,fastv,13b,development,mmstar_000714,2101,432,True,True,False
pope_popular,47.69844830393791,58.828336479663854,149.0022729994962,fastv,13b,development,pope_popular_000581,2101,432,False,True,False
mmstar,75.46153681516647,91.25128352880479,233.83296000247356,fastv,13b,development,mmstar_000568,2101,432,False,False,False
visual_counterfact_size,71.6000432896614,73.26743431329727,185.71521999547258,fastv,13b,development,visual_counterfact_size_000275,2101,dense,True,True,False
pope_random,57.685160983800884,56.8075964820385,143.07255299354438,fastv,13b,prospective,pope_random_001278,2101,256,True,True,False
mmstar,59.47576376080513,55.64490164637566,141.03413399425335,fastv,13b,development,mmstar_001459,2101,432,False,False,False
pope_adversarial,65.72769665718079,56.49889593958855,142.3832809960004,fastv,13b,prospective,pope_adversarial_002790,2101,432,True,True,False
visual_counterfact_size,67.49446421861649,65.92858513832093,162.93258100631647,fastv,13b,prospective,visual_counterfact_size_000049,2101,dense,True,True,False
pope_random,58.751446169614795,57.187376250028606,152.23841099941637,fastv,13b,prospective,pope_random_000876,2101,256,True,True,False
pope_popular,60.93633830070495,53.36475718975068,144.39174000290222,fastv,13b,development,pope_popular_000588,2101,432,True,True,False
mmstar,142.38638589143753,50.8658737885952,139.4914999982575,fastv,13b,development,mmstar_000201,2101,dense,False,True,False
mmstar,45.56718053102493,52.11045512914657,143.89936499355827,fastv,13b,prospective,mmstar_000166,2101,dense,False,True,False
mmstar,45.68338384628296,50.26840974807739,139.11544300208334,fastv,13b,prospective,mmstar_000757,2101,dense,False,False,False
mmstar,47.00820484638214,52.50275329589844,139.96559601218905,fastv,13b,prospective,mmstar_000207,2101,dense,False,True,False
pope_random,47.0928682076931,54.89333483695984,140.039893987705,fastv,13b,development,pope_random_000033,2101,256,False,True,False
mmstar,85.53141161322594,101.4028760063648,246.71355799364392,fastv,13b,development,mmstar_000096,2101,432,False,True,False
visual_counterfact_color,62.52201066970825,130.9343744146824,341.58252298948355,fastv,13b,development,visual_counterfact_color_000405,2101,256,True,True,False
mmstar,103.93803161382675,50.998572722673416,148.85899500222877,fastv,13b,development,mmstar_001233,2101,256,False,False,False
mmstar,55.6725629889965,49.63649095296859,143.04538400028832,fastv,13b,development,mmstar_001273,2101,432,False,False,False
mmstar,65.99240640401841,53.57326204776764,148.01124299992807,fastv,13b,prospective,mmstar_000438,2101,dense,False,False,False
pope_random,55.152032643556595,117.11770680785182,366.6801779909292,fastv,13b,development,pope_random_000540,2101,256,True,True,False
visual_counterfact_size,60.671566092967986,49.67223719716072,162.95475100923795,fastv,13b,prospective,visual_counterfact_size_000064,2101,dense,False,False,False
pope_popular,47.4875947189331,43.127972996234895,137.98959499399643,fastv,13b,prospective,pope_popular_001369,2101,432,False,True,False
mmstar,173.91686151623728,178.3591633141041,539.1989609925076,fastv,13b,development,mmstar_000977,2101,432,False,False,False
mmstar,55.93824709892273,63.60855816006661,171.26921699673403,fastv,13b,prospective,mmstar_001470,2101,432,False,True,False
mmstar,55.02804592847824,52.42893195509911,139.704328001244,fastv,13b,prospective,mmstar_001261,2101,432,False,True,False
pope_random,48.08445924758911,52.81917443752289,141.84951499919407,fastv,13b,development,pope_random_000152,2101,256,True,True,False
mmstar,146.02214745044708,166.6073618602753,491.0208020010032,fastv,13b,development,mmstar_001328,2101,432,False,False,False
mmstar,147.43563639640809,195.87051118493076,664.6876029990381,fastv,13b,prospective,mmstar_001122,2101,432,False,False,False
pope_popular,50.323631334304814,44.176111984252934,144.87450500018895,fastv,13b,development,pope_popular_000455,2101,432,False,True,False
visual_counterfact_size,65.065875787735,54.88460392475128,166.17907800537068,fastv,13b,prospective,visual_counterfact_size_000015,2101,dense,False,False,False
pope_popular,55.790500841140755,49.670251345634455,140.99724500556476,fastv,13b,prospective,pope_popular_002425,2101,432,True,True,False
pope_popular,57.75775142908097,51.63027943611145,142.37467099155765,fastv,13b,development,pope_popular_000334,2101,432,True,True,False
pope_adversarial,58.85202603936196,50.82985451459885,143.65572699171025,fastv,13b,development,pope_adversarial_000165,2101,432,False,True,False
pope_popular,56.28686361670495,50.843459515571595,139.7999259934295,fastv,13b,prospective,pope_popular_001086,2101,432,True,True,False
visual_counterfact_size,76.67224549531936,67.68913899660112,187.60382999607828,fastv,13b,development,visual_counterfact_size_000364,2101,dense,True,True,False
pope_random,64.87524208545685,50.89767689943314,144.9642140069045,fastv,13b,prospective,pope_random_002766,2101,256,True,True,False
visual_counterfact_color,62.340109095573425,60.73955878257752,171.02736899687443,fastv,13b,development,visual_counterfact_color_000004,2101,256,True,True,False
pope_random,56.13935513257981,54.39629555702209,141.27615100005642,fastv,13b,prospective,pope_random_001520,2101,256,True,True,False
mmstar,207.7327307200432,219.4835423350334,528.999375004787,fastv,13b,development,mmstar_001428,2101,432,False,False,False
visual_counterfact_color,59.413940305709836,63.62247212529182,160.7844429963734,fastv,13b,prospective,visual_counterfact_color_000442,2101,432,True,True,False
visual_counterfact_size,72.27628623247146,72.99493548631668,187.29836399143096,fastv,13b,prospective,visual_counterfact_size_000171,2101,dense,True,True,False
mmstar,180.60639238715171,177.69677543163297,459.20276499236934,fastv,13b,prospective,mmstar_001035,2101,432,False,True,False
mmstar,56.65193302989006,54.87371728897094,144.516428001225,fastv,13b,development,mmstar_000009,2101,dense,False,False,False
mmstar,71.04075194120406,62.054631390571586,163.67240399995353,fastv,13b,prospective,mmstar_000741,2101,432,False,False,False
pope_adversarial,59.33412723064423,53.78351901173591,140.90649598801974,fastv,13b,development,pope_adversarial_000434,2101,432,False,False,False
visual_counterfact_color,59.80132814884186,55.099415111541745,142.53901899792254,fastv,13b,development,visual_counterfact_color_000093,2101,256,True,True,False
pope_popular,56.12667798519134,54.75520486354828,142.0001540100202,fastv,13b,development,pope_popular_000351,2101,432,False,True,False
visual_counterfact_size,63.8727444934845,62.979493775367736,164.43601599894464,fastv,13b,development,visual_counterfact_size_000100,2101,dense,True,True,False
visual_counterfact_size,86.65190056800841,88.9138590013981,228.52588299429044,fastv,13b,prospective,visual_counterfact_size_000155,2101,dense,True,True,False
visual_counterfact_size,67.55457386255264,68.25929011344911,171.48034401179757,fastv,13b,development,visual_counterfact_size_000233,2101,dense,True,True,False
mmstar,63.304022897481914,59.250051755905154,149.3297199922381,fastv,13b,prospective,mmstar_000797,2101,432,False,False,False
visual_counterfact_color,52.04094515681267,60.177003736495976,153.21174100972712,fastv,13b,development,visual_counterfact_color_000255,2101,432,True,True,False
mmstar,48.71158507823944,62.23204519629478,151.1020719917724,fastv,13b,development,mmstar_000832,2101,432,False,False,False
visual_counterfact_size,69.89203280210495,89.33375079274178,215.77315298782196,fastv,13b,prospective,visual_counterfact_size_000033,2101,dense,True,True,False
visual_counterfact_size,64.47988110542298,75.18006799697875,190.02685599843971,fastv,13b,development,visual_counterfact_size_000518,2101,dense,True,True,False
pope_random,51.233732290267945,55.23058310270309,142.69790799880866,fastv,13b,prospective,pope_random_001814,2101,256,True,True,False
visual_counterfact_size,78.79028105258942,80.72427181601525,211.89345300081186,fastv,13b,development,visual_counterfact_size_000361,2101,dense,True,True,False
mmstar,58.24340343475342,54.12984623193741,141.6395380074391,fastv,13b,development,mmstar_000686,2101,432,False,False,False
visual_counterfact_size,69.558580275774,62.124120076894755,160.8322320098523,fastv,13b,prospective,visual_counterfact_size_000540,2101,dense,True,True,False
pope_popular,59.08029414772987,56.37867661714554,143.7315859948285,fastv,13b,prospective,pope_popular_000960,2101,432,True,True,False
visual_counterfact_color,56.65807703971863,59.11120434165,143.36429099785164,fastv,13b,prospective,visual_counterfact_color_000186,2101,432,True,True,False
visual_counterfact_color,68.21115702629089,75.6944708764553,180.3722140030004,fastv,13b,prospective,visual_counterfact_color_000055,2101,256,True,True,False
mmstar,56.06362132072448,57.97833590388298,141.9282650022069,fastv,13b,prospective,mmstar_001350,2101,dense,False,True,False
visual_counterfact_size,99.13556769490242,74.68395852327347,188.04735600133426,fastv,13b,development,visual_counterfact_size_000676,2101,dense,True,True,False
visual_counterfact_color,75.95330173373222,69.45750391602516,176.97546900308225,fastv,13b,prospective,visual_counterfact_color_000107,2101,256,True,True,False
pope_popular,84.6208193039894,50.57614490389824,147.19643199350685,fastv,13b,development,pope_popular_000407,2101,432,False,True,False
visual_counterfact_color,68.09614023923874,48.23260250687599,140.75519698963035,fastv,13b,development,visual_counterfact_color_000133,2101,432,True,True,False
pope_adversarial,62.69118680477142,48.96035813093185,140.51213998754974,fastv,13b,development,pope_adversarial_000551,2101,432,False,True,False
pope_random,53.12403378725051,48.255462151765826,140.5970990017522,fastv,13b,prospective,pope_random_002370,2101,256,True,True,False
pope_random,51.045735120773315,47.30576134443284,140.1514729950577,fastv,13b,prospective,pope_random_001872,2101,256,True,True,False
visual_counterfact_size,65.04064146876335,59.853546781539926,174.4383339973865,fastv,13b,development,visual_counterfact_size_000254,2101,dense,False,False,False
visual_counterfact_color,67.32157556533814,58.54203686237336,149.54175699676853,fastv,13b,development,visual_counterfact_color_000323,2101,432,True,True,False
mmstar,67.02315704345703,51.94416368603706,147.60859700618312,fastv,13b,prospective,mmstar_001326,2101,432,False,False,False
visual_counterfact_size,83.20537492871284,55.79327898979187,160.07274998992216,fastv,13b,development,visual_counterfact_size_000421,2101,dense,True,True,False
pope_adversarial,58.81568024039268,50.07433564782143,142.7247669926146,fastv,13b,prospective,pope_adversarial_001254,2101,432,True,True,False
mmstar,61.210881305933,52.6437134373188,147.60946699243505,fastv,13b,development,mmstar_000548,2101,432,False,False,False
mmstar,66.1018818449974,57.6803841638565,156.76503400027286,fastv,13b,prospective,mmstar_000777,2101,432,False,False,False
pope_random,57.97797184228897,55.64794349193573,143.1456129939761,fastv,13b,development,pope_random_000404,2101,256,True,True,False
visual_counterfact_color,65.49236073970795,63.0250235080719,154.37774900055956,fastv,13b,prospective,visual_counterfact_color_000319,2101,432,True,True,False
visual_counterfact_color,64.62991465806961,65.07036982536314,156.4626670005964,fastv,13b,prospective,visual_counterfact_color_000176,2101,432,True,True,False
visual_counterfact_color,61.87110248684883,64.6718714761734,154.77207400545012,fastv,13b,development,visual_counterfact_color_000262,2101,432,True,True,False
mmstar,60.43788633823395,74.42756323814392,179.39549300353974,fastv,13b,development,mmstar_000606,2101,dense,True,True,False
mmstar,173.69382170319557,195.89729971408843,472.40969000267796,fastv,13b,prospective,mmstar_000613,2101,dense,False,False,False
mmstar,65.42095116734504,64.24193382024765,162.85083199909423,fastv,13b,prospective,mmstar_000691,2101,432,False,False,False
visual_counterfact_color,73.25542612552641,72.72097440361976,196.8282360030571,fastv,13b,development,visual_counterfact_color_000436,2101,432,True,True,False
pope_adversarial,56.24281261324882,51.17181933403015,140.98975399974734,fastv,13b,prospective,pope_adversarial_001830,2101,432,True,True,False
pope_adversarial,57.63359011173248,46.53706153273582,141.17777299543377,fastv,13b,prospective,pope_adversarial_001392,2101,432,True,True,False
mmstar,60.41262696266175,47.8013901913166,146.7323559918441,fastv,13b,prospective,mmstar_000732,2101,432,True,True,False
pope_random,57.59385432720184,47.40260217905045,142.16406299965456,fastv,13b,development,pope_random_000047,2101,256,False,True,False
visual_counterfact_size,74.98880788564682,68.29779999494554,190.7223279995378,fastv,13b,prospective,visual_counterfact_size_000575,2101,dense,True,True,False
mmstar,128.56857062220575,130.0938755071163,331.1623389890883,fastv,13b,development,mmstar_001034,2101,432,False,True,False
visual_counterfact_color,61.99089995384216,57.07772744297981,134.76140900456812,fastv,13b,prospective,visual_counterfact_color_000309,2101,432,True,True,False
visual_counterfact_size,74.09932812809944,86.45973386168481,202.84292500582524,fastv,13b,development,visual_counterfact_size_000621,2101,dense,True,True,False
mmstar,52.849929150342945,103.12976132392883,264.4416480034124,fastv,13b,development,mmstar_000168,2101,dense,False,True,False
visual_counterfact_color,54.292340230941775,60.214273220300676,173.3206259959843,fastv,13b,prospective,visual_counterfact_color_000056,2101,256,True,True,False
pope_popular,48.92188289523124,51.01736302733421,144.67902699834667,fastv,13b,development,pope_popular_000220,2101,432,True,True,False
pope_random,60.094118238687514,49.93669897079468,138.7368269934086,fastv,13b,development,pope_random_000243,2101,256,False,True,False
visual_counterfact_color,52.98079922080039,50.94686634898186,138.63149900862481,fastv,13b,prospective,visual_counterfact_color_000173,2101,432,True,True,False
visual_counterfact_size,61.69583255767822,60.18774262905121,159.0641910006525,fastv,13b,prospective,visual_counterfact_size_000203,2101,dense,True,True,False
pope_random,55.103362954854965,140.01571146726607,365.4925489972811,fastv,13b,development,pope_random_000674,2101,256,True,True,False
visual_counterfact_color,57.75044258356095,53.178293265104294,139.9841749953339,fastv,13b,development,visual_counterfact_color_000409,2101,432,True,True,False
mmstar,310.88128646373747,273.5908518409729,749.0519540006062,fastv,13b,prospective,mmstar_000979,2101,432,False,False,False
pope_adversarial,57.841239014863966,50.576322431564336,142.98588401288725,fastv,13b,development,pope_adversarial_000612,2101,432,True,True,False
visual_counterfact_size,70.44572032451629,75.47272673368454,199.74453600298148,fastv,13b,development,visual_counterfact_size_000601,2101,dense,True,True,False
pope_adversarial,53.66788061976433,57.984616971015924,149.57847799814772,fastv,13b,development,pope_adversarial_000658,2101,432,False,False,False
mmstar,54.928280162811284,52.411054190397266,138.20134299749043,fastv,13b,development,mmstar_000476,2101,432,False,False,False
pope_popular,58.856746077537544,55.999443620443344,149.6969559957506,fastv,13b,development,pope_popular_000394,2101,432,True,True,False
visual_counterfact_size,77.46288940429687,70.20880432128907,188.99010600580368,fastv,13b,development,visual_counterfact_size_000132,2101,dense,True,True,False
visual_counterfact_size,56.57515849471093,52.36939235568047,138.33642199460883,fastv,13b,development,visual_counterfact_size_000487,2101,dense,True,True,False
mmstar,67.86427036762238,58.374155110120775,148.77703500678763,fastv,13b,development,mmstar_000118,2101,432,False,False,False
pope_adversarial,62.57305141091346,57.21169308900833,142.67636800650507,fastv,13b,development,pope_adversarial_000278,2101,432,True,True,False
pope_adversarial,61.61404895305633,56.00756803512573,140.34102100413293,fastv,13b,development,pope_adversarial_000179,2101,432,False,True,False
pope_random,59.77345577120781,54.67345247983932,137.85615599772427,fastv,13b,development,pope_random_000143,2101,256,False,True,False
mmstar,76.94046744823456,67.42937458038331,169.57938300038222,fastv,13b,development,mmstar_001089,2101,432,False,True,True
visual_counterfact_color,127.17662961006165,59.83166829586029,146.97034399432596,fastv,13b,prospective,visual_counterfact_color_000448,2101,256,True,True,False
pope_popular,44.88424078822136,51.968191576004024,141.65526800206862,fastv,13b,development,pope_popular_000551,2101,432,False,True,False
mmstar,45.94902094483376,51.78428655385971,150.14975098893046,fastv,13b,development,mmstar_000421,2101,432,False,False,True
mmstar,44.56867144584656,46.28194061875344,141.487758999574,fastv,13b,development,mmstar_000222,2101,432,True,True,False
visual_counterfact_size,62.40915917873383,123.07519455313684,404.9287180096144,fastv,13b,development,visual_counterfact_size_000345,2101,dense,True,True,False
pope_popular,45.846426830291755,44.19188148379326,140.32806199975312,fastv,13b,prospective,pope_popular_002124,2101,432,True,True,False
visual_counterfact_size,78.1978733766079,74.06704392313956,214.30150799278636,fastv,13b,prospective,visual_counterfact_size_000391,2101,dense,False,False,False
pope_random,57.063340483903886,116.91752519488334,351.2714539974695,fastv,13b,development,pope_random_000311,2101,256,False,True,False
pope_popular,54.975883845090856,46.55596174120903,139.58804900175892,fastv,13b,development,pope_popular_000660,2101,432,True,True,False
visual_counterfact_size,84.8025351512432,73.89134798049926,210.92598300310783,fastv,13b,development,visual_counterfact_size_000494,2101,dense,True,True,False
mmstar,59.88493095636368,55.487570862770085,155.7078149926383,fastv,13b,development,mmstar_001220,2101,432,False,False,False
mmstar,56.61137644052506,49.78036700129509,141.06067399552558,fastv,13b,development,mmstar_000144,2101,dense,False,False,False
visual_counterfact_size,39.56860492706299,32.89430805206299,140.48590800666716,scope,13b,prospective,visual_counterfact_size_000657,2101,dense,False,True,False
visual_counterfact_size,83.43541670918464,53.63423478722572,185.64239999977872,scope,13b,prospective,visual_counterfact_size_000325,2101,dense,True,True,False
visual_counterfact_size,82.0552072250843,65.97427154421807,186.54206099745352,scope,13b,prospective,visual_counterfact_size_000329,2101,dense,True,True,False
mmstar,85.36336802959443,76.31042073011399,190.67097900551744,scope,13b,development,mmstar_000146,2101,dense,False,False,False
visual_counterfact_size,67.1652287709713,70.26265763282777,168.7747709947871,scope,13b,prospective,visual_counterfact_size_000050,2101,dense,True,True,False
mmstar,59.81257585763931,61.608636159896854,147.6953639939893,scope,13b,prospective,mmstar_000131,2101,dense,True,True,False
mmstar,155.61464866638187,149.2249087560177,358.17506299645174,scope,13b,development,mmstar_001053,2101,dense,False,True,False
mmstar,116.6293286895752,106.96776391983033,257.41219299379736,scope,13b,development,mmstar_001013,2101,dense,False,False,False
mmstar,55.614972229003904,60.59119335651397,147.14449999155477,scope,13b,development,mmstar_000610,2101,dense,False,False,False
mmstar,61.44131665110588,67.74792752265931,168.02714799996465,scope,13b,development,mmstar_000249,2101,dense,True,True,False
mmstar,50.055537307262426,58.022977967262264,143.97051201376598,scope,13b,development,mmstar_000861,2101,dense,False,True,False
mmstar,57.3647917342186,63.63412270188332,156.80885199981276,scope,13b,development,mmstar_001058,2101,dense,False,False,False
visual_counterfact_size,64.30207110404969,76.45627732753753,185.02047599758953,scope,13b,development,visual_counterfact_size_000353,2101,dense,True,True,False
mmstar,70.5885888504982,59.243856029510496,140.25093900272623,scope,13b,prospective,mmstar_000369,2101,dense,False,False,False
mmstar,78.93447261571885,79.06666324377059,184.24977399990894,scope,13b,prospective,mmstar_001012,2101,dense,False,False,False
mmstar,64.76911444425583,64.24318210601805,154.36109699658118,scope,13b,prospective,mmstar_001031,2101,dense,False,False,False
visual_counterfact_size,58.692480918169025,56.73979443073272,140.88562299730256,scope,13b,prospective,visual_counterfact_size_000545,2101,dense,True,True,False
mmstar,81.83218984603882,75.96044165968895,198.4097000095062,scope,13b,development,mmstar_000488,2101,dense,False,False,False
mmstar,60.78104694485665,53.971355533599855,149.86188200418837,scope,13b,prospective,mmstar_000089,2101,dense,True,True,False
mmstar,62.658662095069886,47.58895040631294,136.13435199658852,scope,13b,development,mmstar_000252,2101,dense,False,False,False
mmstar,59.45139627575874,48.83702140331269,139.45488800527528,scope,13b,prospective,mmstar_000092,2101,dense,False,False,False
visual_counterfact_size,84.583439245224,65.96624767303467,185.04069600021467,scope,13b,development,visual_counterfact_size_000645,2101,dense,True,True,False
mmstar,64.07655845761299,57.70103045105934,161.3249070069287,scope,13b,development,mmstar_001028,2101,dense,False,False,False
mmstar,60.238116044998165,51.61057258725166,142.4984269979177,scope,13b,prospective,mmstar_001467,2101,dense,False,False,False
mmstar,57.90009854316712,49.362920029163355,133.8098650012398,scope,13b,prospective,mmstar_000495,2101,dense,False,False,False
mmstar,53.85094253540039,54.344092798233035,138.92466299876105,scope,13b,prospective,mmstar_000428,2101,dense,False,False,False
mmstar,122.74002037882805,55.51378308296204,137.1465209958842,scope,13b,prospective,mmstar_000012,2101,dense,True,True,False
visual_counterfact_size,131.248894636631,85.54464311838152,206.1284529918339,scope,13b,development,visual_counterfact_size_000108,2101,dense,True,True,False
mmstar,49.94773244857788,61.05347788453102,146.50489600899164,scope,13b,development,mmstar_001180,2101,dense,False,True,False
visual_counterfact_size,80.24060791254044,85.06799864768983,204.21989100577775,scope,13b,development,visual_counterfact_size_000287,2101,dense,True,True,False
mmstar,67.18086072206498,61.64486746668816,145.09049999469426,scope,13b,development,mmstar_000533,2101,dense,False,False,False
mmstar,60.849088120460515,60.86193016052246,139.57566699536983,scope,13b,development,mmstar_001254,2101,dense,False,True,False
visual_counterfact_size,71.20229690551757,65.69949772834778,156.13778900296893,scope,13b,development,visual_counterfact_size_000218,2101,dense,True,True,False
mmstar,306.9790137314796,279.38637688636777,704.7367330087582,scope,13b,development,mmstar_000787,2101,dense,False,False,False
mmstar,56.5990575671196,72.34356112599373,201.2154520052718,scope,13b,prospective,mmstar_001490,2101,dense,False,False,False
mmstar,65.07804435491562,75.75164268493653,233.93984099675436,scope,13b,prospective,mmstar_000589,2101,dense,True,True,False
mmstar,58.55698961019516,44.790922784805296,141.54535600391682,scope,13b,development,mmstar_000903,2101,dense,False,False,False
mmstar,57.92466726064682,43.751015912294385,134.01152301230468,scope,13b,prospective,mmstar_000597,2101,dense,False,False,False
mmstar,53.070798774957666,47.39019332170487,140.8666329953121,scope,13b,development,mmstar_001008,2101,dense,False,True,False
mmstar,58.15503087043763,53.75851188778878,154.11592900636606,scope,13b,development,mmstar_000714,2101,dense,True,True,False
mmstar,75.46153681516647,82.55408493638038,221.46342700580135,scope,13b,development,mmstar_000568,2101,dense,False,False,False
visual_counterfact_size,71.6000432896614,69.25765160441398,176.51949200080708,scope,13b,development,visual_counterfact_size_000275,2101,dense,True,True,False
mmstar,59.47576376080513,53.573518178462976,134.95671300916,scope,13b,development,mmstar_001459,2101,dense,False,False,False
visual_counterfact_size,67.49446421861649,63.479041626453395,160.31166599714197,scope,13b,prospective,visual_counterfact_size_000049,2101,dense,True,True,False
mmstar,142.38638589143753,51.62350928783417,136.44613900396507,scope,13b,development,mmstar_000201,2101,dense,False,True,False
mmstar,45.56718053102493,49.20399528980255,133.6002870084485,scope,13b,prospective,mmstar_000166,2101,dense,False,True,False
mmstar,45.68338384628296,60.758189206123355,164.26316600700375,scope,13b,prospective,mmstar_000757,2101,dense,False,False,False
mmstar,47.00820484638214,50.7142890894413,133.11310201243032,scope,13b,prospective,mmstar_000207,2101,dense,False,True,False
mmstar,85.53141161322594,91.63547543764113,233.11347000708338,scope,13b,development,mmstar_000096,2101,dense,False,True,False
mmstar,103.93803161382675,94.54476513147354,234.77138200541958,scope,13b,development,mmstar_001233,2101,dense,False,False,False
mmstar,55.6725629889965,53.110761771202085,128.76974599203095,scope,13b,development,mmstar_001273,2101,dense,False,False,False
mmstar,65.99240640401841,56.86687310695648,137.58894699276425,scope,13b,prospective,mmstar_000438,2101,dense,False,False,False
visual_counterfact_size,60.671566092967986,61.55870725512504,156.7997919919435,scope,13b,prospective,visual_counterfact_size_000064,2101,dense,False,False,False
mmstar,173.91686151623728,194.82689007997516,507.15309400402475,scope,13b,development,mmstar_000977,2101,dense,False,False,False
mmstar,55.93824709892273,60.84235647916793,158.78159200656228,scope,13b,prospective,mmstar_001470,2101,dense,False,True,False
mmstar,55.02804592847824,48.80002444982529,131.89970501116477,scope,13b,prospective,mmstar_001261,2101,dense,False,True,False
mmstar,146.02214745044708,94.59909034848214,258.8587679929333,scope,13b,development,mmstar_001328,2101,dense,False,False,False
mmstar,147.43563639640809,157.35019791007042,427.05385500448756,scope,13b,prospective,mmstar_001122,2101,dense,False,False,False
visual_counterfact_size,65.065875787735,55.338656425476074,151.94715200050268,scope,13b,prospective,visual_counterfact_size_000015,2101,dense,False,False,False
visual_counterfact_size,76.67224549531936,63.78386680006981,177.31154500506818,scope,13b,development,visual_counterfact_size_000364,2101,dense,True,True,False
mmstar,207.7327307200432,190.04458993673325,502.2277030075202,scope,13b,development,mmstar_001428,2101,dense,False,False,False
visual_counterfact_size,72.27628623247146,74.64345666885376,185.43045200931374,scope,13b,prospective,visual_counterfact_size_000171,2101,dense,True,True,False
mmstar,180.60639238715171,179.9829543697834,436.3445210037753,scope,13b,prospective,mmstar_001035,2101,dense,False,True,False
mmstar,56.65193302989006,53.33055267930031,138.57958700100426,scope,13b,development,mmstar_000009,2101,dense,False,False,False
mmstar,71.04075194120406,60.567737085819246,158.77650199399795,scope,13b,prospective,mmstar_000741,2101,dense,False,False,False
visual_counterfact_size,63.8727444934845,61.271162241697304,158.13030800200067,scope,13b,development,visual_counterfact_size_000100,2101,dense,True,True,False
visual_counterfact_size,86.65190056800841,77.19628655672074,210.47386901045684,scope,13b,prospective,visual_counterfact_size_000155,2101,dense,True,True,False
visual_counterfact_size,67.55457386255264,56.42595430016517,157.52510500897188,scope,13b,development,visual_counterfact_size_000233,2101,dense,True,True,False
mmstar,63.304022897481914,49.434564107656485,136.54780699289404,scope,13b,prospective,mmstar_000797,2101,dense,False,False,False
mmstar,48.71158507823944,50.78694210290909,137.27424999524374,scope,13b,development,mmstar_000832,2101,dense,False,False,False
visual_counterfact_size,69.89203280210495,78.57735624670983,201.68476698745508,scope,13b,prospective,visual_counterfact_size_000033,2101,dense,True,True,False
visual_counterfact_size,64.47988110542298,75.49981324076653,181.61449099716265,scope,13b,development,visual_counterfact_size_000518,2101,dense,True,True,False
visual_counterfact_size,78.79028105258942,88.32475742816925,205.00203399569727,scope,13b,development,visual_counterfact_size_000361,2101,dense,True,True,False
mmstar,58.24340343475342,58.69028138995171,135.25454999762587,scope,13b,development,mmstar_000686,2101,dense,False,False,False
visual_counterfact_size,69.558580275774,66.42985778331757,156.64582399767824,scope,13b,prospective,visual_counterfact_size_000540,2101,dense,True,True,False
mmstar,56.06362132072448,52.846382111310966,132.68919600523077,scope,13b,prospective,mmstar_001350,2101,dense,False,True,False
visual_counterfact_size,99.13556769490242,68.60348428726198,175.69389099662658,scope,13b,development,visual_counterfact_size_000676,2101,dense,True,True,False
visual_counterfact_size,65.04064146876335,60.84911569356918,157.2352579969447,scope,13b,development,visual_counterfact_size_000254,2101,dense,False,False,False
mmstar,67.02315704345703,53.11167806625366,137.18373999290634,scope,13b,prospective,mmstar_001326,2101,dense,False,False,False
visual_counterfact_size,83.20537492871284,64.9131788778305,170.10577701148577,scope,13b,development,visual_counterfact_size_000421,2101,dense,True,True,False
mmstar,61.210881305933,49.89741536140443,136.6989350062795,scope,13b,development,mmstar_000548,2101,dense,False,False,False
mmstar,66.1018818449974,54.63106828212739,147.3192179983016,scope,13b,prospective,mmstar_000777,2101,dense,False,False,False
mmstar,60.43788633823395,54.73804951429367,143.57370701327454,scope,13b,development,mmstar_000606,2101,dense,True,True,False
mmstar,173.69382170319557,172.94111283421515,427.30805301107466,scope,13b,prospective,mmstar_000613,2101,dense,False,False,False
mmstar,65.42095116734504,67.1502551150322,165.0530990009429,scope,13b,prospective,mmstar_000691,2101,dense,False,False,False
mmstar,60.41262696266175,47.51819917082787,140.50807699095458,scope,13b,prospective,mmstar_000732,2101,dense,True,True,False
visual_counterfact_size,74.98880788564682,60.15931298494339,181.16326500603464,scope,13b,prospective,visual_counterfact_size_000575,2101,dense,True,True,False
mmstar,128.56857062220575,101.51262263298034,311.41550600295886,scope,13b,development,mmstar_001034,2101,dense,False,True,False
visual_counterfact_size,74.09932812809944,61.896746362447736,184.27121300192084,scope,13b,development,visual_counterfact_size_000621,2101,dense,True,True,False
mmstar,52.849929150342945,49.33242873907089,133.15995199081954,scope,13b,development,mmstar_000168,2101,dense,False,True,False
visual_counterfact_size,61.69583255767822,62.201775937080384,156.17304798797704,scope,13b,prospective,visual_counterfact_size_000203,2101,dense,True,True,False
mmstar,310.88128646373747,298.7892775726318,698.118770000292,scope,13b,prospective,mmstar_000979,2101,dense,False,False,False
visual_counterfact_size,70.44572032451629,73.65397049188614,185.66555000143126,scope,13b,development,visual_counterfact_size_000601,2101,dense,True,True,False
mmstar,54.928280162811284,52.76692651391029,132.40733899874613,scope,13b,development,mmstar_000476,2101,dense,False,False,False
visual_counterfact_size,77.46288940429687,74.85487324476242,182.505722012138,scope,13b,development,visual_counterfact_size_000132,2101,dense,True,True,False
visual_counterfact_size,56.57515849471093,54.050066792964934,127.99123399599921,scope,13b,development,visual_counterfact_size_000487,2101,dense,True,True,False
mmstar,67.86427036762238,57.27003818750382,135.0037730007898,scope,13b,development,mmstar_000118,2101,dense,False,False,False
mmstar,76.94046744823456,70.50344837903977,162.08493900194298,scope,13b,development,mmstar_001089,2101,dense,True,True,False
mmstar,45.94902094483376,59.2247225522995,135.2593500050716,scope,13b,development,mmstar_000421,2101,dense,True,True,False
mmstar,44.56867144584656,61.61912120342255,138.02219199715182,scope,13b,development,mmstar_000222,2101,dense,True,True,False
visual_counterfact_size,62.40915917873383,78.67127149939537,177.502242004266,scope,13b,development,visual_counterfact_size_000345,2101,dense,True,True,False
visual_counterfact_size,78.1978733766079,86.18449438214301,199.72484699974302,scope,13b,prospective,visual_counterfact_size_000391,2101,dense,False,False,False
visual_counterfact_size,84.8025351512432,87.97700619935989,204.89991399517749,scope,13b,development,visual_counterfact_size_000494,2101,dense,True,True,False
mmstar,59.88493095636368,57.358079279661176,134.9668429902522,scope,13b,development,mmstar_001220,2101,dense,False,False,False
mmstar,56.61137644052506,56.48654915094376,133.79162500496022,scope,13b,development,mmstar_000144,2101,dense,False,False,False
pope_popular,29.946125030517578,343.6667347550393,1766.5365290013142,scope,13b,development,pope_popular_000502,2101,432,True,True,False
pope_adversarial,53.26389960050583,18.68953324198723,160.11745799914934,scope,13b,prospective,pope_adversarial_002894,2101,432,True,True,False
pope_adversarial,56.78416802883148,25.30471212863922,152.63060400320683,scope,13b,development,pope_adversarial_000419,2101,432,True,True,False
pope_adversarial,68.34637485384941,28.275342530012132,155.54601499752607,scope,13b,prospective,pope_adversarial_002029,2101,432,False,True,False
pope_adversarial,60.2718217754364,28.19890016913414,151.13538899458945,scope,13b,prospective,pope_adversarial_000781,2101,432,False,True,False
pope_adversarial,60.30515506863594,27.356094592809676,161.0393789887894,scope,13b,prospective,pope_adversarial_001020,2101,432,True,True,False
pope_adversarial,61.42103363752365,26.41971652150154,155.95096099423245,scope,13b,development,pope_adversarial_000028,2101,432,True,True,False
pope_random,61.969696168899546,28.93421490550041,166.66042199358344,scope,13b,prospective,pope_random_002094,2101,128,False,True,True
visual_counterfact_color,69.1654772937298,32.76917078375816,171.60045199852902,scope,13b,development,visual_counterfact_color_000257,2101,432,True,True,False
pope_popular,58.51640247344971,34.36650068044662,154.17676900688093,scope,13b,prospective,pope_popular_001644,2101,432,True,True,False
pope_random,58.499120752811436,28.15821584224701,105.27064399502706,scope,13b,development,pope_random_000355,2101,128,False,True,False
visual_counterfact_color,58.48795380592347,42.695194537639615,155.89209100289736,scope,13b,development,visual_counterfact_color_000268,2101,432,False,True,False
pope_adversarial,60.455902981758115,45.91977280497551,161.72432200983167,scope,13b,development,pope_adversarial_000411,2101,432,False,True,False
pope_adversarial,59.75288422107696,45.41502695560455,156.30494699871633,scope,13b,development,pope_adversarial_000608,2101,432,True,True,False
visual_counterfact_color,61.19827311038971,48.412230622768405,158.45648500544485,scope,13b,prospective,visual_counterfact_color_000382,2101,432,True,True,False
pope_popular,137.45422577619553,47.061209793090825,154.03879000223242,scope,13b,prospective,pope_popular_000888,2101,432,True,True,False
pope_random,46.57015383958816,31.536571254730223,102.9664870002307,scope,13b,prospective,pope_random_002894,2101,128,True,True,False
visual_counterfact_color,49.202014262676244,47.525516839027404,154.26014699914958,scope,13b,development,visual_counterfact_color_000100,2101,432,True,True,False
pope_adversarial,48.22985872745514,45.571168398857125,152.9019809968304,scope,13b,development,pope_adversarial_000303,2101,432,False,True,False
pope_popular,48.04617061495781,46.2788241994381,163.54188400146086,scope,13b,prospective,pope_popular_002047,2101,432,False,True,False
visual_counterfact_color,46.256327855587,46.05846671938896,159.71955200075172,scope,13b,development,visual_counterfact_color_000421,2101,432,True,True,False
pope_random,51.937251319885256,30.3956222820282,101.17802499735262,scope,13b,development,pope_random_000659,2101,128,False,True,False
visual_counterfact_color,59.2060865521431,111.77000566959381,377.47172701347154,scope,13b,development,visual_counterfact_color_000028,2101,432,True,True,False
pope_popular,59.50404752254486,42.53089942932129,153.5830549983075,scope,13b,prospective,pope_popular_001272,2101,432,False,False,False
visual_counterfact_color,61.470476441383354,41.96675830841065,155.99077999650035,scope,13b,development,visual_counterfact_color_000128,2101,432,True,True,False
visual_counterfact_color,56.44240274906158,102.65070916533469,525.6415770127205,scope,13b,prospective,visual_counterfact_color_000024,2101,432,True,True,False
pope_adversarial,50.97067649364472,29.09792572617531,156.87691200582776,scope,13b,development,pope_adversarial_000342,2101,432,True,True,False
visual_counterfact_color,49.782755827903756,30.588433903455734,157.02238999074325,scope,13b,prospective,visual_counterfact_color_000341,2101,432,True,True,False
visual_counterfact_color,46.634671074151996,35.52305541515351,155.79558300669305,scope,13b,development,visual_counterfact_color_000162,2101,432,True,True,False
visual_counterfact_color,52.66635611057282,42.19121305942536,163.15574799955357,scope,13b,prospective,visual_counterfact_color_000049,2101,432,True,True,False
pope_adversarial,51.94071769356728,43.757156299352644,152.2811580070993,scope,13b,prospective,pope_adversarial_001038,2101,432,False,False,True
pope_popular,46.81332528591156,47.93762429952622,154.92317100870423,scope,13b,development,pope_popular_000596,2101,432,True,True,False
pope_adversarial,48.560448632240295,48.64895890831947,150.82766299019568,scope,13b,prospective,pope_adversarial_001854,2101,432,False,False,True
pope_random,45.69455281615257,31.60002784252167,101.64579100091942,scope,13b,prospective,pope_random_002400,2101,128,True,True,False
pope_popular,45.468454048633575,80.99825197935104,369.10839199845213,scope,13b,development,pope_popular_000276,2101,432,True,True,False
pope_random,46.94174250245094,20.191565124988557,109.01114599255379,scope,13b,development,pope_random_000749,2101,128,False,True,False
visual_counterfact_color,52.41806683063507,27.706624155044555,153.30025799630675,scope,13b,development,visual_counterfact_color_000444,2101,432,True,True,False
visual_counterfact_color,55.050669314861295,32.219634475708006,155.52144500543363,scope,13b,development,visual_counterfact_color_000342,2101,432,True,True,False
pope_adversarial,58.84364987969398,36.03766319036484,154.85599100065883,scope,13b,development,pope_adversarial_000334,2101,432,True,True,False
pope_random,61.178125691413875,25.006439449787138,99.08512599940877,scope,13b,development,pope_random_000570,2101,128,True,True,False
visual_counterfact_color,64.21496885061264,46.18192328453063,164.5232640003087,scope,13b,development,visual_counterfact_color_000303,2101,432,True,True,False
visual_counterfact_color,68.1447199845314,50.543268749713896,155.53722500044387,scope,13b,prospective,visual_counterfact_color_000071,2101,432,True,True,False
visual_counterfact_color,54.37556581258774,55.21893437743187,169.79974099376705,scope,13b,development,visual_counterfact_color_000464,2101,432,True,True,False
pope_popular,51.29344410300255,49.882571825981145,160.6750729988562,scope,13b,prospective,pope_popular_002430,2101,432,True,True,False
pope_popular,47.69844830393791,48.44685365557671,154.36053699522745,scope,13b,development,pope_popular_000581,2101,432,False,True,False
pope_random,57.685160983800884,34.553309211730955,105.19319400191307,scope,13b,prospective,pope_random_001278,2101,128,True,True,False
pope_adversarial,65.72769665718079,55.34482924342156,158.06029899977148,scope,13b,prospective,pope_adversarial_002790,2101,432,True,True,False
pope_random,58.751446169614795,35.71367353916168,103.31067399238236,scope,13b,prospective,pope_random_000876,2101,128,True,True,False
pope_popular,60.93633830070495,53.70564121246338,157.1256189927226,scope,13b,development,pope_popular_000588,2101,432,True,True,False
pope_random,47.0928682076931,37.31438251018524,110.52817100426182,scope,13b,development,pope_random_000033,2101,128,False,True,False
visual_counterfact_color,62.52201066970825,51.664416652917865,156.72006299428176,scope,13b,development,visual_counterfact_color_000405,2101,432,True,True,False
pope_random,55.152032643556595,34.222348042726516,106.09814600320533,scope,13b,development,pope_random_000540,2101,128,True,True,False
pope_popular,47.4875947189331,59.969066959619525,203.73242600180674,scope,13b,prospective,pope_popular_001369,2101,432,False,True,False
pope_random,48.08445924758911,25.34634088397026,99.13493599742651,scope,13b,development,pope_random_000152,2101,128,True,True,False
pope_popular,50.323631334304814,38.23846376657485,156.8314019968966,scope,13b,development,pope_popular_000455,2101,432,False,True,False
pope_popular,55.790500841140755,38.413674128055575,159.34792600455694,scope,13b,prospective,pope_popular_002425,2101,432,True,True,False
pope_popular,57.75775142908097,40.98932069778442,157.8511109983083,scope,13b,development,pope_popular_000334,2101,432,True,True,False
pope_adversarial,58.85202603936196,43.1381361579895,154.97844999481458,scope,13b,development,pope_adversarial_000165,2101,432,False,True,False
pope_popular,56.28686361670495,43.06731110215187,154.2021679924801,scope,13b,prospective,pope_popular_001086,2101,432,True,True,False
pope_random,64.87524208545685,30.020051779747007,104.17166499246377,scope,13b,prospective,pope_random_002766,2101,128,True,True,False
visual_counterfact_color,62.340109095573425,48.47930982470512,160.10548900521826,scope,13b,development,visual_counterfact_color_000004,2101,432,True,True,False
pope_random,56.13935513257981,33.243312363624575,108.32592200313229,scope,13b,prospective,pope_random_001520,2101,128,True,True,False
visual_counterfact_color,59.413940305709836,48.518304523229595,161.8594710016623,scope,13b,prospective,visual_counterfact_color_000442,2101,432,False,True,True
pope_adversarial,59.33412723064423,47.0514421582222,161.05670800607186,scope,13b,development,pope_adversarial_000434,2101,432,False,False,False
visual_counterfact_color,59.80132814884186,49.93983053922653,172.15352698985953,scope,13b,development,visual_counterfact_color_000093,2101,432,True,True,False
pope_popular,56.12667798519134,46.91256255507469,161.7267129913671,scope,13b,development,pope_popular_000351,2101,432,False,True,False
visual_counterfact_color,52.04094515681267,45.654948887825014,158.5020339989569,scope,13b,development,visual_counterfact_color_000255,2101,432,True,True,False
pope_random,51.233732290267945,29.53233460307121,104.30430399719626,scope,13b,prospective,pope_random_001814,2101,128,True,True,False
pope_popular,59.08029414772987,45.07080790519714,157.61944401310757,scope,13b,prospective,pope_popular_000960,2101,432,True,True,False
visual_counterfact_color,56.65807703971863,46.13591985344887,156.44245500152465,scope,13b,prospective,visual_counterfact_color_000186,2101,432,True,True,False
visual_counterfact_color,68.21115702629089,51.76764904141426,165.15559698746074,scope,13b,prospective,visual_counterfact_color_000055,2101,432,True,True,False
visual_counterfact_color,75.95330173373222,63.19101455569268,197.12333400093485,scope,13b,prospective,visual_counterfact_color_000107,2101,432,True,True,False
pope_popular,84.6208193039894,52.740507922172554,162.65606199158356,scope,13b,development,pope_popular_000407,2101,432,False,True,False
visual_counterfact_color,68.09614023923874,47.878950541019435,146.79083300870843,scope,13b,development,visual_counterfact_color_000133,2101,432,True,True,False
pope_adversarial,62.69118680477142,50.18861125230789,152.48350499314256,scope,13b,development,pope_adversarial_000551,2101,432,False,True,False
pope_random,53.12403378725051,39.52908721208572,118.90766600845382,scope,13b,prospective,pope_random_002370,2101,128,True,True,False
pope_random,51.045735120773315,33.433908886909485,96.81709900905844,scope,13b,prospective,pope_random_001872,2101,128,True,True,False
visual_counterfact_color,67.32157556533814,125.39975020289421,388.3380170009332,scope,13b,development,visual_counterfact_color_000323,2101,432,True,True,False
pope_adversarial,58.81568024039268,45.07289991974831,155.10776900919154,scope,13b,prospective,pope_adversarial_001254,2101,432,True,True,False
pope_random,57.97797184228897,29.70017455816269,102.53606100741308,scope,13b,development,pope_random_000404,2101,128,True,True,False
visual_counterfact_color,65.49236073970795,47.03110818743706,170.78410000249278,scope,13b,prospective,visual_counterfact_color_000319,2101,432,True,True,False
visual_counterfact_color,64.62991465806961,42.41840221881867,170.51341300248168,scope,13b,prospective,visual_counterfact_color_000176,2101,432,True,True,False
visual_counterfact_color,61.87110248684883,41.192764606475826,165.17698700772598,scope,13b,development,visual_counterfact_color_000262,2101,432,True,True,False
visual_counterfact_color,73.25542612552641,57.31162491440773,203.01856400328688,scope,13b,development,visual_counterfact_color_000436,2101,432,True,True,False
pope_adversarial,56.24281261324882,50.69032230138779,168.6120720114559,scope,13b,prospective,pope_adversarial_001830,2101,432,True,True,False
pope_adversarial,57.63359011173248,47.06284445643425,155.46864600037225,scope,13b,prospective,pope_adversarial_001392,2101,432,True,True,False
pope_random,57.59385432720184,31.018011363744737,102.82965800433885,scope,13b,development,pope_random_000047,2101,128,False,True,False
visual_counterfact_color,61.99089995384216,45.187372801303866,149.35743699606974,scope,13b,prospective,visual_counterfact_color_000309,2101,432,True,True,False
visual_counterfact_color,54.292340230941775,49.01872914552689,160.9067609970225,scope,13b,prospective,visual_counterfact_color_000056,2101,432,True,True,False
pope_popular,48.92188289523124,48.040677688121804,155.9677909972379,scope,13b,development,pope_popular_000220,2101,432,True,True,False
pope_random,60.094118238687514,31.615660942792893,105.21244400297292,scope,13b,development,pope_random_000243,2101,128,False,True,False
visual_counterfact_color,52.98079922080039,45.71066332340241,156.5729940048186,scope,13b,prospective,visual_counterfact_color_000173,2101,432,True,True,False
pope_random,55.103362954854965,29.074721722602845,100.6100310041802,scope,13b,development,pope_random_000674,2101,128,True,True,False
visual_counterfact_color,57.75044258356095,44.23584826231003,149.91033100523055,scope,13b,development,visual_counterfact_color_000409,2101,432,True,True,False
pope_adversarial,57.841239014863966,43.834091277122496,150.86135300225578,scope,13b,development,pope_adversarial_000612,2101,432,True,True,False
pope_adversarial,53.66788061976433,45.08332883834839,161.99464899546,scope,13b,development,pope_adversarial_000658,2101,432,False,False,False
pope_popular,58.856746077537544,42.00087087988854,154.71805298875552,scope,13b,development,pope_popular_000394,2101,432,True,True,False
pope_adversarial,62.57305141091346,44.08894924640656,157.08351899229456,scope,13b,development,pope_adversarial_000278,2101,432,True,True,False
pope_adversarial,61.61404895305633,44.67138949155808,153.3043780073058,scope,13b,development,pope_adversarial_000179,2101,432,False,True,False
pope_random,59.77345577120781,28.216400899887084,99.13434600457549,scope,13b,development,pope_random_000143,2101,128,False,True,False
visual_counterfact_color,127.17662961006165,42.75200343251228,149.93459099787287,scope,13b,prospective,visual_counterfact_color_000448,2101,432,True,True,False
pope_popular,44.88424078822136,44.58812138557434,154.50898499693722,scope,13b,development,pope_popular_000551,2101,432,False,True,False
pope_popular,45.846426830291755,49.302623498439786,164.36925499874633,scope,13b,prospective,pope_popular_002124,2101,432,True,True,False
pope_random,57.063340483903886,28.96791474342346,100.70542999892496,scope,13b,development,pope_random_000311,2101,128,False,True,False
pope_popular,54.975883845090856,44.10509619832038,157.05450999666937,scope,13b,development,pope_popular_000660,2101,432,True,True,False
pope_popular,29.946125030517578,30.31792141199112,146.31943799031433,random,13b,development,pope_popular_000502,2101,432,True,True,False
visual_counterfact_size,39.56860492706299,34.09427829742432,138.4486180031672,random,13b,prospective,visual_counterfact_size_000657,2101,dense,False,True,False
pope_adversarial,53.26389960050583,40.41707672357559,141.09394198749214,random,13b,prospective,pope_adversarial_002894,2101,432,True,True,False
pope_adversarial,56.78416802883148,49.57028672099114,146.005211994634,random,13b,development,pope_adversarial_000419,2101,432,True,True,False
visual_counterfact_size,83.43541670918464,74.42262676358223,190.07187499664724,random,13b,prospective,visual_counterfact_size_000325,2101,dense,True,True,False
pope_adversarial,68.34637485384941,61.04597543239593,152.27869799127802,random,13b,prospective,pope_adversarial_002029,2101,432,False,True,False
pope_adversarial,60.2718217754364,55.73234712123871,141.47841700469144,random,13b,prospective,pope_adversarial_000781,2101,432,False,True,False
pope_adversarial,60.30515506863594,55.02718201637268,140.69195500633214,random,13b,prospective,pope_adversarial_001020,2101,432,True,True,False
pope_adversarial,61.42103363752365,57.01474090576173,146.28149899363052,random,13b,development,pope_adversarial_000028,2101,432,True,True,False
visual_counterfact_size,82.0552072250843,73.87534858703613,189.07719499839004,random,13b,prospective,visual_counterfact_size_000329,2101,dense,True,True,False
pope_random,61.969696168899546,54.98883613586426,142.69523399707396,random,13b,prospective,pope_random_002094,2101,432,False,False,False
mmstar,85.36336802959443,152.5128621351719,429.20326298917644,random,13b,development,mmstar_000146,2101,dense,False,False,False
visual_counterfact_color,69.1654772937298,51.86881025314331,173.21214599360246,random,13b,development,visual_counterfact_color_000257,2101,432,True,True,False
pope_popular,58.51640247344971,42.2699418759346,140.07296100317035,random,13b,prospective,pope_popular_001644,2101,432,True,True,False
visual_counterfact_size,67.1652287709713,50.50071815729141,168.12834700976964,random,13b,prospective,visual_counterfact_size_000050,2101,dense,True,True,False
mmstar,59.81257585763931,42.62129275202751,140.50035699619912,random,13b,prospective,mmstar_000131,2101,dense,True,True,False
pope_random,58.499120752811436,50.445397695302965,159.26804700575303,random,13b,development,pope_random_000355,2101,432,False,False,False
visual_counterfact_color,58.48795380592347,51.38679510593414,140.52368700504303,random,13b,development,visual_counterfact_color_000268,2101,432,False,True,False
mmstar,155.61464866638187,147.51886937260628,353.32924099930096,random,13b,development,mmstar_001053,2101,dense,False,True,False
mmstar,116.6293286895752,113.96245218634606,269.4024919910589,random,13b,development,mmstar_001013,2101,dense,False,False,False
pope_adversarial,60.455902981758115,57.93183088898659,141.47029700689018,random,13b,development,pope_adversarial_000411,2101,432,False,True,False
pope_adversarial,59.75288422107696,59.90722295045852,150.59151499008294,random,13b,development,pope_adversarial_000608,2101,432,True,True,False
visual_counterfact_color,61.19827311038971,54.9857086777687,140.66438500594813,random,13b,prospective,visual_counterfact_color_000382,2101,432,True,True,False
mmstar,55.614972229003904,56.049257836341866,144.66717500181403,random,13b,development,mmstar_000610,2101,dense,False,False,False
mmstar,61.44131665110588,59.05389436244965,173.18184599571396,random,13b,development,mmstar_000249,2101,dense,True,True,False
pope_popular,137.45422577619553,51.31662477731705,149.6704050077824,random,13b,prospective,pope_popular_000888,2101,432,True,True,False
pope_random,46.57015383958816,112.78967334866522,360.6142770004226,random,13b,prospective,pope_random_002894,2101,432,True,True,False
visual_counterfact_color,49.202014262676244,41.22284636855126,141.18705999862868,random,13b,development,visual_counterfact_color_000100,2101,432,True,True,False
pope_adversarial,48.22985872745514,42.23508303165436,139.72486500279047,random,13b,development,pope_adversarial_000303,2101,432,False,True,False
pope_popular,48.04617061495781,48.52461125850677,147.53201600979082,random,13b,prospective,pope_popular_002047,2101,432,False,True,False
mmstar,50.055537307262426,51.985962729454045,145.28975800203625,random,13b,development,mmstar_000861,2101,dense,False,True,False
mmstar,57.3647917342186,58.90300496101379,161.57085400482174,random,13b,development,mmstar_001058,2101,dense,False,False,False
visual_counterfact_color,46.256327855587,56.257353347539905,148.13076000427827,random,13b,development,visual_counterfact_color_000421,2101,432,True,True,False
visual_counterfact_size,64.30207110404969,144.19245652675627,397.8826509992359,random,13b,development,visual_counterfact_size_000353,2101,dense,True,True,False
pope_random,51.937251319885256,46.90672478199005,145.34540800377727,random,13b,development,pope_random_000659,2101,432,False,True,False
visual_counterfact_color,59.2060865521431,50.3117410683632,156.65976400487125,random,13b,development,visual_counterfact_color_000028,2101,432,True,True,False
mmstar,70.5885888504982,44.208804438114164,138.9315929991426,random,13b,prospective,mmstar_000369,2101,dense,False,False,False
mmstar,78.93447261571885,59.50766968846321,193.333981995238,random,13b,prospective,mmstar_001012,2101,dense,False,False,False
mmstar,64.76911444425583,52.220731536149984,156.40720700321253,random,13b,prospective,mmstar_001031,2101,dense,False,False,False
visual_counterfact_size,58.692480918169025,51.33096197009086,137.30719999875873,random,13b,prospective,visual_counterfact_size_000545,2101,dense,True,True,False
mmstar,81.83218984603882,73.9340071439743,195.31117100268602,random,13b,development,mmstar_000488,2101,dense,False,False,False
mmstar,60.78104694485665,52.53188630104065,143.12237000558525,random,13b,prospective,mmstar_000089,2101,dense,True,True,False
mmstar,62.658662095069886,86.32964393258095,236.19279799459036,random,13b,development,mmstar_000252,2101,dense,False,False,False
mmstar,59.45139627575874,74.6322242963314,208.50057899951935,random,13b,prospective,mmstar_000092,2101,dense,False,False,False
visual_counterfact_size,84.583439245224,59.44359481573106,196.22646199422888,random,13b,development,visual_counterfact_size_000645,2101,dense,True,True,False
mmstar,64.07655845761299,43.23569914340973,143.64986500004306,random,13b,development,mmstar_001028,2101,dense,False,False,False
pope_popular,59.50404752254486,41.273196291923526,141.4486069988925,random,13b,prospective,pope_popular_001272,2101,432,False,True,False
visual_counterfact_color,61.470476441383354,40.10818197250366,137.31468899641186,random,13b,development,visual_counterfact_color_000128,2101,432,True,True,False
mmstar,60.238116044998165,42.704420679807654,142.60658599960152,random,13b,prospective,mmstar_001467,2101,dense,False,False,False
mmstar,57.90009854316712,46.301954119205476,139.2573189950781,random,13b,prospective,mmstar_000495,2101,dense,False,False,False
visual_counterfact_color,56.44240274906158,57.395303931236256,159.888841008069,random,13b,prospective,visual_counterfact_color_000024,2101,432,True,True,False
pope_adversarial,50.97067649364472,56.2007791507244,145.81413300766144,random,13b,development,pope_adversarial_000342,2101,432,True,True,False
visual_counterfact_color,49.782755827903756,56.28595157146454,138.46658800321165,random,13b,prospective,visual_counterfact_color_000341,2101,432,True,True,False
visual_counterfact_color,46.634671074151996,128.66084894657135,358.8020669994876,random,13b,development,visual_counterfact_color_000162,2101,432,True,True,False
visual_counterfact_color,52.66635611057282,49.97693006157875,149.85261199763045,random,13b,prospective,visual_counterfact_color_000049,2101,432,True,True,False
pope_adversarial,51.94071769356728,46.394627872705456,139.18732000456657,random,13b,prospective,pope_adversarial_001038,2101,432,False,True,True
mmstar,53.85094253540039,47.50807266235351,140.84566400561016,random,13b,prospective,mmstar_000428,2101,dense,False,False,False
mmstar,122.74002037882805,47.16721602082252,137.2422499989625,random,13b,prospective,mmstar_000012,2101,dense,True,True,False
pope_popular,46.81332528591156,50.7674674987793,140.1790409872774,random,13b,development,pope_popular_000596,2101,432,True,True,False
pope_adversarial,48.560448632240295,56.40864962339401,153.0485800030874,random,13b,prospective,pope_adversarial_001854,2101,432,False,False,False
visual_counterfact_size,131.248894636631,78.04508144259452,207.69521700276528,random,13b,development,visual_counterfact_size_000108,2101,dense,True,True,False
pope_random,45.69455281615257,52.63270576119423,142.32554800400976,random,13b,prospective,pope_random_002400,2101,432,True,True,False
pope_popular,45.468454048633575,51.484142911434176,140.09245099441614,random,13b,development,pope_popular_000276,2101,432,True,True,False
pope_random,46.94174250245094,50.29739994764328,136.46861800225452,random,13b,development,pope_random_000749,2101,432,False,True,False
mmstar,49.94773244857788,54.866210765838616,141.9962520012632,random,13b,development,mmstar_001180,2101,dense,False,True,False
visual_counterfact_color,52.41806683063507,55.01860448122024,146.28771800198592,random,13b,development,visual_counterfact_color_000444,2101,432,True,True,False
visual_counterfact_color,55.050669314861295,55.991647572517394,148.17733901145402,random,13b,development,visual_counterfact_color_000342,2101,432,True,True,False
pope_adversarial,58.84364987969398,53.64619867324829,137.51619700633455,random,13b,development,pope_adversarial_000334,2101,432,True,True,False
pope_random,61.178125691413875,58.08195470809937,137.4224679893814,random,13b,development,pope_random_000570,2101,432,True,True,False
visual_counterfact_color,64.21496885061264,59.608144750595095,144.97922200825997,random,13b,development,visual_counterfact_color_000303,2101,432,True,True,False
visual_counterfact_size,80.24060791254044,72.50492756605149,181.88082800770644,random,13b,development,visual_counterfact_size_000287,2101,dense,True,True,False
mmstar,67.18086072206498,55.49699572324753,142.53746600297745,random,13b,development,mmstar_000533,2101,dense,False,False,False
mmstar,60.849088120460515,134.5844348549843,364.2235610022908,random,13b,development,mmstar_001254,2101,dense,False,True,False
visual_counterfact_size,71.20229690551757,56.89362267971039,169.9162089935271,random,13b,development,visual_counterfact_size_000218,2101,dense,True,True,False
visual_counterfact_color,68.1447199845314,46.95177493214607,144.44096700754017,random,13b,prospective,visual_counterfact_color_000071,2101,432,True,True,False
mmstar,306.9790137314796,260.1379080593586,720.1017469924409,random,13b,development,mmstar_000787,2101,dense,False,False,False
mmstar,56.5990575671196,55.6586997628212,139.88277399039362,random,13b,prospective,mmstar_001490,2101,dense,False,False,False
mmstar,65.07804435491562,70.69526250004768,178.19321500428487,random,13b,prospective,mmstar_000589,2101,dense,True,True,False
mmstar,58.55698961019516,54.983982636928566,141.80361400940455,random,13b,development,mmstar_000903,2101,dense,False,False,False
mmstar,57.92466726064682,51.033871655464175,134.29732000804506,random,13b,prospective,mmstar_000597,2101,dense,False,False,False
visual_counterfact_color,54.37556581258774,52.44040557861328,156.32308699423447,random,13b,development,visual_counterfact_color_000464,2101,432,True,True,False
mmstar,53.070798774957666,49.81111936092377,156.14343900233507,random,13b,development,mmstar_001008,2101,dense,False,True,False
pope_popular,51.29344410300255,106.23760074138643,363.1647919974057,random,13b,prospective,pope_popular_002430,2101,432,True,True,False
mmstar,58.15503087043763,45.484172013998034,162.434444995597,random,13b,development,mmstar_000714,2101,dense,True,True,False
pope_popular,47.69844830393791,64.03969334244728,240.95380000653677,random,13b,development,pope_popular_000581,2101,432,False,True,False
mmstar,75.46153681516647,60.493955856561655,220.79164399474394,random,13b,development,mmstar_000568,2101,dense,False,False,False
visual_counterfact_size,71.6000432896614,87.96500900268555,276.69324800081085,random,13b,development,visual_counterfact_size_000275,2101,dense,True,True,False
pope_random,57.685160983800884,45.272027224302285,145.8880029967986,random,13b,prospective,pope_random_001278,2101,432,True,True,False
mmstar,59.47576376080513,49.08547655940056,141.50096700177528,random,13b,development,mmstar_001459,2101,dense,False,False,False
pope_adversarial,65.72769665718079,53.61112599372864,144.25044899689965,random,13b,prospective,pope_adversarial_002790,2101,432,True,True,False
visual_counterfact_size,67.49446421861649,193.8420583510399,606.2085400044452,random,13b,prospective,visual_counterfact_size_000049,2101,dense,True,True,False
pope_random,58.751446169614795,39.97393144369125,141.05941200978123,random,13b,prospective,pope_random_000876,2101,432,True,True,False
pope_popular,60.93633830070495,42.470641705989834,141.87874300114345,random,13b,development,pope_popular_000588,2101,432,True,True,False
mmstar,142.38638589143753,42.53882825016975,141.66174600541126,random,13b,development,mmstar_000201,2101,dense,False,True,False
mmstar,45.56718053102493,42.44017790675163,139.13643099658657,random,13b,prospective,mmstar_000166,2101,dense,False,True,False
mmstar,45.68338384628296,47.21363242149353,145.43894700182136,random,13b,prospective,mmstar_000757,2101,dense,False,False,False
mmstar,47.00820484638214,59.85674571633339,166.31843599316198,random,13b,prospective,mmstar_000207,2101,dense,False,True,False
pope_random,47.0928682076931,59.65299582481384,151.38047600339632,random,13b,development,pope_random_000033,2101,432,False,True,False
mmstar,85.53141161322594,94.78538908720016,240.44694501208141,random,13b,development,mmstar_000096,2101,dense,False,True,False
visual_counterfact_color,62.52201066970825,57.31119174957276,147.35365800152067,random,13b,development,visual_counterfact_color_000405,2101,432,True,True,False
mmstar,103.93803161382675,57.522751791477205,145.3589079901576,random,13b,development,mmstar_001233,2101,432,False,False,False
mmstar,55.6725629889965,57.85851652622223,145.57622600113973,random,13b,development,mmstar_001273,2101,dense,False,False,False
mmstar,65.99240640401841,60.19753133535385,151.06560999993235,random,13b,prospective,mmstar_000438,2101,dense,False,False,False
pope_random,55.152032643556595,59.862793600559236,149.50956600659993,random,13b,development,pope_random_000540,2101,432,True,True,False
visual_counterfact_size,60.671566092967986,65.63137265324592,163.60111300309654,random,13b,prospective,visual_counterfact_size_000064,2101,dense,False,False,False
pope_popular,47.4875947189331,54.74018995046615,137.5684469967382,random,13b,prospective,pope_popular_001369,2101,432,False,True,False
mmstar,173.91686151623728,207.05089698672293,533.3622780017322,random,13b,development,mmstar_000977,2101,dense,False,False,False
mmstar,55.93824709892273,65.23222065925599,171.58360299072228,random,13b,prospective,mmstar_001470,2101,dense,False,True,False
mmstar,55.02804592847824,54.32981750488281,137.52995799586643,random,13b,prospective,mmstar_001261,2101,dense,False,True,False
pope_random,48.08445924758911,54.877414972782134,140.68659499753267,random,13b,development,pope_random_000152,2101,432,True,True,False
mmstar,146.02214745044708,105.90274937868118,277.84648700617254,random,13b,development,mmstar_001328,2101,dense,False,False,False
mmstar,147.43563639640809,282.2667206454277,878.8764190103393,random,13b,prospective,mmstar_001122,2101,dense,False,False,False
pope_popular,50.323631334304814,38.64044185519218,142.66037500055972,random,13b,development,pope_popular_000455,2101,432,False,True,False
visual_counterfact_size,65.065875787735,43.837488586902616,160.99748900160193,random,13b,prospective,visual_counterfact_size_000015,2101,dense,False,False,False
pope_popular,55.790500841140755,45.460755209922795,138.7044849980157,random,13b,prospective,pope_popular_002425,2101,432,True,True,False
pope_popular,57.75775142908097,50.049343906641006,138.3319790038513,random,13b,development,pope_popular_000334,2101,432,True,True,False
pope_adversarial,58.85202603936196,55.22011241793632,144.104470993625,random,13b,development,pope_adversarial_000165,2101,432,False,True,False
pope_popular,56.28686361670495,55.31990140080451,139.58881600410677,random,13b,prospective,pope_popular_001086,2101,432,True,True,False
visual_counterfact_size,76.67224549531936,74.81980635881423,188.36623198876623,random,13b,development,visual_counterfact_size_000364,2101,dense,True,True,False
pope_random,64.87524208545685,64.14442515492439,164.12283800309524,random,13b,prospective,pope_random_002766,2101,432,True,True,False
visual_counterfact_color,62.340109095573425,55.8063688158989,147.42472700891085,random,13b,development,visual_counterfact_color_000004,2101,432,True,True,False
pope_random,56.13935513257981,50.812712481021876,139.6101760037709,random,13b,prospective,pope_random_001520,2101,432,True,True,False
mmstar,207.7327307200432,196.32844784736633,523.3821290021297,random,13b,development,mmstar_001428,2101,dense,False,False,False
visual_counterfact_color,59.413940305709836,54.47785555362701,148.5735149908578,random,13b,prospective,visual_counterfact_color_000442,2101,432,True,True,False
visual_counterfact_size,72.27628623247146,68.85091950893403,183.8394380029058,random,13b,prospective,visual_counterfact_size_000171,2101,dense,True,True,False
mmstar,180.60639238715171,174.95511716485026,455.86453400028404,random,13b,prospective,mmstar_001035,2101,dense,False,True,False
mmstar,56.65193302989006,53.954395488500595,142.19438000873197,random,13b,development,mmstar_000009,2101,dense,False,False,False
mmstar,71.04075194120406,63.51904664993286,158.55429500516038,random,13b,prospective,mmstar_000741,2101,dense,False,False,False
pope_adversarial,59.33412723064423,64.62041260242462,148.5516950051533,random,13b,development,pope_adversarial_000434,2101,432,False,False,False
visual_counterfact_color,59.80132814884186,72.44812532186508,170.71153099823277,random,13b,development,visual_counterfact_color_000093,2101,432,True,True,False
pope_popular,56.12667798519134,56.57802600860596,138.47571799124125,random,13b,development,pope_popular_000351,2101,432,False,True,False
visual_counterfact_size,63.8727444934845,64.95010227918624,159.98177000437863,random,13b,development,visual_counterfact_size_000100,2101,dense,True,True,False
visual_counterfact_size,86.65190056800841,88.18716485023498,208.89587499550544,random,13b,prospective,visual_counterfact_size_000155,2101,dense,True,True,False
visual_counterfact_size,67.55457386255264,70.32737025022507,164.1314680018695,random,13b,development,visual_counterfact_size_000233,2101,dense,True,True,False
mmstar,63.304022897481914,63.4661107468605,152.8075020032702,random,13b,prospective,mmstar_000797,2101,dense,False,False,False
visual_counterfact_color,52.04094515681267,57.846189947128295,139.38864799274597,random,13b,development,visual_counterfact_color_000255,2101,432,True,True,False
mmstar,48.71158507823944,62.42773598194122,150.42330700089224,random,13b,development,mmstar_000832,2101,dense,False,False,False
visual_counterfact_size,69.89203280210495,85.52674575567245,209.8728450073395,random,13b,prospective,visual_counterfact_size_000033,2101,dense,True,True,False
visual_counterfact_size,64.47988110542298,123.82931659221649,414.2535340070026,random,13b,development,visual_counterfact_size_000518,2101,dense,True,True,False
pope_random,51.233732290267945,28.83168407201767,140.0218620110536,random,13b,prospective,pope_random_001814,2101,432,True,True,False
visual_counterfact_size,78.79028105258942,48.99377951145172,218.75786400050856,random,13b,development,visual_counterfact_size_000361,2101,dense,True,True,False
mmstar,58.24340343475342,38.13490955710411,138.24010999815073,random,13b,development,mmstar_000686,2101,dense,False,False,False
visual_counterfact_size,69.558580275774,49.018497890233995,158.53640499699395,random,13b,prospective,visual_counterfact_size_000540,2101,dense,True,True,False
pope_popular,59.08029414772987,47.09776278734207,143.0264009977691,random,13b,prospective,pope_popular_000960,2101,432,True,True,False
visual_counterfact_color,56.65807703971863,50.309434444904326,139.43426799960434,random,13b,prospective,visual_counterfact_color_000186,2101,432,True,True,False
visual_counterfact_color,68.21115702629089,65.78293943285942,171.81385999720078,random,13b,prospective,visual_counterfact_color_000055,2101,432,True,True,False
mmstar,56.06362132072448,58.95568144083023,148.68172399292234,random,13b,prospective,mmstar_001350,2101,dense,False,True,False
visual_counterfact_size,99.13556769490242,72.02408645868302,182.32154300494585,random,13b,development,visual_counterfact_size_000676,2101,dense,True,True,False
visual_counterfact_color,75.95330173373222,66.85951169371604,174.91661800886504,random,13b,prospective,visual_counterfact_color_000107,2101,432,True,True,False
pope_popular,84.6208193039894,50.251466495990755,144.18999999179505,random,13b,development,pope_popular_000407,2101,432,False,True,False
visual_counterfact_color,68.09614023923874,47.79126160860062,136.76057499833405,random,13b,development,visual_counterfact_color_000133,2101,432,True,True,False
pope_adversarial,62.69118680477142,48.247674715518954,140.80207400547806,random,13b,development,pope_adversarial_000551,2101,432,False,True,False
pope_random,53.12403378725051,51.79387553095818,183.17210501118097,random,13b,prospective,pope_random_002370,2101,432,True,True,False
pope_random,51.045735120773315,40.02876639604568,138.42854800168425,random,13b,prospective,pope_random_001872,2101,432,True,True,False
visual_counterfact_size,65.04064146876335,49.761666254997245,162.52848399744835,random,13b,development,visual_counterfact_size_000254,2101,dense,False,False,False
visual_counterfact_color,67.32157556533814,48.9155471086502,149.78598299785517,random,13b,development,visual_counterfact_color_000323,2101,432,True,True,False
mmstar,67.02315704345703,44.96792308688164,138.63591600966174,random,13b,prospective,mmstar_001326,2101,432,False,False,False
visual_counterfact_size,83.20537492871284,54.492122485637665,157.29722699325066,random,13b,development,visual_counterfact_size_000421,2101,dense,True,True,False
pope_adversarial,58.81568024039268,55.98891169428825,145.85618299315684,random,13b,prospective,pope_adversarial_001254,2101,432,True,True,False
mmstar,61.210881305933,60.686720937490456,142.9824219958391,random,13b,development,mmstar_000548,2101,dense,False,False,False
mmstar,66.1018818449974,73.21164526939393,165.33313599938992,random,13b,prospective,mmstar_000777,2101,dense,False,False,False
pope_random,57.97797184228897,62.44037616252899,142.77347399911378,random,13b,development,pope_random_000404,2101,432,True,True,False
visual_counterfact_color,65.49236073970795,69.78465207576753,159.7608120064251,random,13b,prospective,visual_counterfact_color_000319,2101,432,True,True,False
visual_counterfact_color,64.62991465806961,65.02033385753631,153.69118300441187,random,13b,prospective,visual_counterfact_color_000176,2101,432,True,True,False
visual_counterfact_color,61.87110248684883,60.55265397429466,148.42108699667733,random,13b,development,visual_counterfact_color_000262,2101,432,True,True,False
mmstar,60.43788633823395,58.95693359017372,147.10206098970957,random,13b,development,mmstar_000606,2101,dense,True,True,False
mmstar,173.69382170319557,183.9071820926666,466.2386780109955,random,13b,prospective,mmstar_000613,2101,dense,False,False,False
mmstar,65.42095116734504,59.306109874248506,162.05469900160097,random,13b,prospective,mmstar_000691,2101,dense,False,False,False
visual_counterfact_color,73.25542612552641,65.63685111880302,187.61120999988634,random,13b,development,visual_counterfact_color_000436,2101,432,True,True,False
pope_adversarial,56.24281261324882,48.83194748997688,139.32046901027206,random,13b,prospective,pope_adversarial_001830,2101,432,True,True,False
pope_adversarial,57.63359011173248,61.84447929382325,172.22819599555805,random,13b,prospective,pope_adversarial_001392,2101,432,True,True,False
mmstar,60.41262696266175,50.942738381624224,141.51326699357014,random,13b,prospective,mmstar_000732,2101,dense,True,True,False
pope_random,57.59385432720184,51.1380534350872,141.82402301230468,random,13b,development,pope_random_000047,2101,432,False,True,False
visual_counterfact_size,74.98880788564682,68.37027363657951,189.41969200386666,random,13b,prospective,visual_counterfact_size_000575,2101,dense,True,True,False
mmstar,128.56857062220575,119.14738016247749,323.57170300383586,random,13b,development,mmstar_001034,2101,dense,False,True,False
visual_counterfact_color,61.99089995384216,52.226814613342285,134.25325001298916,random,13b,prospective,visual_counterfact_color_000309,2101,432,True,True,False
visual_counterfact_size,74.09932812809944,146.87362087488174,406.3832249958068,random,13b,development,visual_counterfact_size_000621,2101,dense,True,True,False
mmstar,52.849929150342945,50.930409970283506,145.53092599089723,random,13b,development,mmstar_000168,2101,dense,False,True,False
visual_counterfact_color,54.292340230941775,50.561225370168685,144.21252899046522,random,13b,prospective,visual_counterfact_color_000056,2101,432,True,True,False
pope_popular,48.92188289523124,117.33610541701317,348.77305799454916,random,13b,development,pope_popular_000220,2101,432,True,True,False
pope_random,60.094118238687514,45.49860538482666,137.0306520111626,random,13b,development,pope_random_000243,2101,432,False,True,False
visual_counterfact_color,52.98079922080039,46.81741782426835,137.24095000361558,random,13b,prospective,visual_counterfact_color_000173,2101,432,True,True,False
visual_counterfact_size,61.69583255767822,55.38599441885949,158.35583599982783,random,13b,prospective,visual_counterfact_size_000203,2101,dense,True,True,False
pope_random,55.103362954854965,50.35093091368675,141.56767699751072,random,13b,development,pope_random_000674,2101,432,True,True,False
visual_counterfact_color,57.75044258356095,49.98154250144959,139.75222400040366,random,13b,development,visual_counterfact_color_000409,2101,432,True,True,False
mmstar,310.88128646373747,300.7358448159695,731.4359320007497,random,13b,prospective,mmstar_000979,2101,dense,False,False,False
pope_adversarial,57.841239014863966,58.14744663596153,145.02296099090017,random,13b,development,pope_adversarial_000612,2101,432,True,True,False
visual_counterfact_size,70.44572032451629,76.6080504155159,185.93628700182308,random,13b,development,visual_counterfact_size_000601,2101,dense,True,True,False
pope_adversarial,53.66788061976433,56.034259433746335,135.68214600672945,random,13b,development,pope_adversarial_000658,2101,432,False,False,False
mmstar,54.928280162811284,54.336965315341956,138.1105420005042,random,13b,development,mmstar_000476,2101,dense,False,False,False
pope_popular,58.856746077537544,57.81529348134995,146.7879840056412,random,13b,development,pope_popular_000394,2101,432,True,True,False
visual_counterfact_size,77.46288940429687,73.92981753587722,182.4394629948074,random,13b,development,visual_counterfact_size_000132,2101,dense,True,True,False
visual_counterfact_size,56.57515849471093,56.32058030843735,133.85372499760706,random,13b,development,visual_counterfact_size_000487,2101,dense,True,True,False
mmstar,67.86427036762238,141.34211998581887,360.5114689999027,random,13b,development,mmstar_000118,2101,dense,False,False,False
pope_adversarial,62.57305141091346,50.63726857304573,139.93650198972318,random,13b,development,pope_adversarial_000278,2101,432,True,True,False
pope_adversarial,61.61404895305633,49.97821572303772,137.97451299615204,random,13b,development,pope_adversarial_000179,2101,432,False,True,False
pope_random,59.77345577120781,50.954428963661194,136.7884450010024,random,13b,development,pope_random_000143,2101,432,False,True,False
mmstar,76.94046744823456,66.81165297508241,180.01069698948413,random,13b,development,mmstar_001089,2101,dense,True,True,False
visual_counterfact_color,127.17662961006165,51.190405987501144,136.22185100393835,random,13b,prospective,visual_counterfact_color_000448,2101,432,True,True,False
pope_popular,44.88424078822136,54.602130373716356,138.10822099912912,random,13b,development,pope_popular_000551,2101,432,False,True,False
mmstar,45.94902094483376,61.97755156755448,144.35200800653547,random,13b,development,mmstar_000421,2101,dense,True,True,False
mmstar,44.56867144584656,62.05892914652825,137.276989989914,random,13b,development,mmstar_000222,2101,dense,True,True,False
visual_counterfact_size,62.40915917873383,83.4408744263649,187.0640760025708,random,13b,development,visual_counterfact_size_000345,2101,dense,True,True,False
pope_popular,45.846426830291755,62.600722938776016,142.16760000272188,random,13b,prospective,pope_popular_002124,2101,432,True,True,False
visual_counterfact_size,78.1978733766079,92.0370938050747,211.43706899601966,random,13b,prospective,visual_counterfact_size_000391,2101,dense,False,False,False
pope_random,57.063340483903886,57.83658835411072,138.31214999663644,random,13b,development,pope_random_000311,2101,432,False,True,False
pope_popular,54.975883845090856,57.167232172489165,141.16914999613073,random,13b,development,pope_popular_000660,2101,432,True,True,False
visual_counterfact_size,84.8025351512432,89.83286187887192,224.02855100517627,random,13b,development,visual_counterfact_size_000494,2101,dense,True,True,False
mmstar,59.88493095636368,59.761616649627676,145.91235198895447,random,13b,development,mmstar_001220,2101,dense,False,False,False
mmstar,56.61137644052506,56.424682869911194,135.3386200062232,random,13b,development,mmstar_000144,2101,dense,False,False,False
mmstar,9.38466325521469,10.57893919944763,91.01996899698861,fastv,7b,prospective,mmstar_000291,2102,dense,False,False,False
pope_popular,9.486600918769836,10.490137581825255,90.23159599746577,fastv,7b,prospective,pope_popular_000324,2102,432,True,True,False
mmstar,10.52993749141693,13.859001710414885,90.27428599074483,fastv,7b,development,mmstar_001425,2102,dense,False,True,False
mmstar,10.867575376033782,13.494455864429472,87.71284100657795,fastv,7b,development,mmstar_000021,2102,dense,False,False,False
pope_adversarial,68.3554128921032,19.030124025344843,91.19637700496241,fastv,7b,prospective,pope_adversarial_002400,2102,432,True,True,False
pope_random,14.05891113638878,19.203665714263913,87.48227400064934,fastv,7b,prospective,pope_random_000846,2102,432,False,False,False
pope_adversarial,15.17167671918869,25.434861725568766,90.1274670031853,fastv,7b,development,pope_adversarial_000019,2102,432,False,True,False
pope_random,20.361802757978438,27.02589776396751,88.24258600361645,fastv,7b,prospective,pope_random_001134,2102,432,False,False,False
pope_random,21.91876956939697,31.541546303033826,88.94429900101386,fastv,7b,prospective,pope_random_002347,2102,432,False,True,False
visual_counterfact_size,36.994547088146206,44.290194797515866,116.5283189911861,fastv,7b,development,visual_counterfact_size_000381,2102,dense,True,True,False
visual_counterfact_color,36.35645716428756,43.87057038068772,107.69250900193583,fastv,7b,development,visual_counterfact_color_000344,2102,432,False,False,False
visual_counterfact_size,43.288017280101776,46.81534940242767,114.2644619976636,fastv,7b,development,visual_counterfact_size_000488,2102,dense,True,True,False
visual_counterfact_size,44.96704416871071,45.57391961097717,109.71674899337813,fastv,7b,prospective,visual_counterfact_size_000198,2102,dense,True,True,False
pope_adversarial,46.636286162137985,38.584818664789196,90.97511900472455,fastv,7b,development,pope_adversarial_000558,2102,432,True,True,False
visual_counterfact_color,42.82122601270675,41.71893687129021,97.37715400115121,fastv,7b,prospective,visual_counterfact_color_000363,2102,432,True,True,False
mmstar,39.62927410960197,39.26826914668084,90.598302995204,fastv,7b,development,mmstar_000621,2102,dense,False,True,False
pope_popular,36.10911040663719,39.65343114614487,91.26051599741913,fastv,7b,prospective,pope_popular_000876,2102,432,True,True,False
visual_counterfact_color,105.65857908368112,41.149184207916264,95.14228599437047,fastv,7b,development,visual_counterfact_color_000139,2102,432,True,True,False
visual_counterfact_size,32.272583620548254,50.06063784360886,116.00220500258729,fastv,7b,prospective,visual_counterfact_size_000448,2102,dense,True,True,False
pope_adversarial,27.06727077364922,40.385047075748446,92.69728099752683,fastv,7b,development,pope_adversarial_000748,2102,432,False,False,False
visual_counterfact_size,26.061886271238325,38.36148007392883,88.0648580059642,fastv,7b,development,visual_counterfact_size_000229,2102,dense,False,False,False
visual_counterfact_size,28.43505309939384,40.30883548736573,86.54858299996704,fastv,7b,development,visual_counterfact_size_000194,2102,dense,False,False,False
pope_adversarial,28.5410035610199,42.77915459156036,90.72425100021064,fastv,7b,development,pope_adversarial_000308,2102,432,True,True,False
mmstar,28.80490960240364,44.026913363933566,93.37524400325492,fastv,7b,development,mmstar_001084,2102,dense,False,False,False
visual_counterfact_color,67.94615116119384,100.13112571120263,214.6863759990083,fastv,7b,development,visual_counterfact_color_000492,2102,432,True,True,False
mmstar,30.88383092880249,40.10819077014923,91.62237199780066,fastv,7b,prospective,mmstar_000155,2102,dense,True,True,False
mmstar,32.97046978473663,40.08753678679466,93.24833600840066,fastv,7b,development,mmstar_000067,2102,dense,False,False,False
mmstar,35.297187595367426,41.372275092601775,96.51396199478768,fastv,7b,prospective,mmstar_001025,2102,dense,True,True,False
mmstar,38.15931362390518,38.77716200709343,89.47311399970204,fastv,7b,prospective,mmstar_000567,2102,dense,False,False,False
visual_counterfact_size,62.923317756652835,65.35167776942254,150.67075401020702,fastv,7b,development,visual_counterfact_size_000492,2102,dense,True,True,False
mmstar,57.810404260158535,49.706164643764495,115.15402399527375,fastv,7b,development,mmstar_000368,2102,dense,False,False,False
mmstar,42.314678297042846,42.996557097435,100.98350699990988,fastv,7b,development,mmstar_000735,2102,dense,True,True,False
pope_adversarial,41.297178921699526,37.12519753456116,88.16659699368756,fastv,7b,prospective,pope_adversarial_002623,2102,432,True,True,False
pope_popular,40.98156508922577,39.20181213259697,89.53225299774203,fastv,7b,prospective,pope_popular_002898,2102,432,False,False,False
visual_counterfact_color,50.96956719875336,50.38705099582672,111.151503995643,fastv,7b,prospective,visual_counterfact_color_000233,2102,432,True,True,False
visual_counterfact_color,39.69138222455978,40.67722284436226,86.3158660067711,fastv,7b,development,visual_counterfact_color_000188,2102,432,True,True,False
visual_counterfact_color,43.751355541944505,46.93819275498391,98.49351199227385,fastv,7b,prospective,visual_counterfact_color_000182,2102,432,True,True,False
visual_counterfact_color,34.35791549682617,38.04809173822403,95.23952599556651,fastv,7b,prospective,visual_counterfact_color_000265,2102,432,True,True,False
pope_adversarial,34.88647712469101,35.65179979681969,89.70225200755522,fastv,7b,development,pope_adversarial_000634,2102,432,True,True,False
pope_adversarial,28.78139019012451,34.39162017583847,88.94460900046397,fastv,7b,prospective,pope_adversarial_001014,2102,432,True,True,False
pope_random,40.1293636405468,34.12335507273674,88.60917299170978,fastv,7b,development,pope_random_000001,2102,432,False,True,False
pope_random,25.387402853965764,34.5687486743927,89.86288998858072,fastv,7b,prospective,pope_random_002136,2102,432,True,True,False
mmstar,105.93912985682488,37.48155119419098,97.49005200865213,fastv,7b,development,mmstar_001093,2102,dense,False,False,False
visual_counterfact_color,28.27271737098694,34.585454034805295,89.11461698880885,fastv,7b,development,visual_counterfact_color_000244,2102,432,True,True,False
visual_counterfact_size,39.27162405967712,45.453285427093505,116.67774899979122,fastv,7b,development,visual_counterfact_size_000283,2102,dense,False,False,False
visual_counterfact_size,25.234502601623536,45.81075101852417,116.3839810033096,fastv,7b,prospective,visual_counterfact_size_000310,2102,dense,False,False,False
mmstar,23.193171093463896,35.90005853176117,91.0519680037396,fastv,7b,prospective,mmstar_000384,2102,432,False,False,False
pope_popular,25.204627203941346,37.74750277519226,94.58009200170636,fastv,7b,development,pope_popular_000565,2102,432,False,True,False
mmstar,32.95069434285164,40.66866813540459,102.4411929975031,fastv,7b,prospective,mmstar_000091,2102,dense,False,True,False
visual_counterfact_color,30.108011289834977,34.967464935779574,96.45022299082484,fastv,7b,development,visual_counterfact_color_000472,2102,432,True,True,False
visual_counterfact_color,33.95867758154869,32.0563162624836,88.41909500188194,fastv,7b,development,visual_counterfact_color_000347,2102,432,True,True,False
pope_random,33.32328339457512,27.020703706741333,89.93069900316186,fastv,7b,prospective,pope_random_002928,2102,432,True,True,False
visual_counterfact_color,33.32534856677055,19.54100933074951,87.66251298948191,fastv,7b,development,visual_counterfact_color_000340,2102,432,True,True,False
visual_counterfact_size,36.80921924948693,17.477448737621305,100.58622100041248,fastv,7b,development,visual_counterfact_size_000158,2102,dense,True,True,False
mmstar,30.031485811471935,14.678536072969436,86.07864800433163,fastv,7b,development,mmstar_001349,2102,432,False,False,False
mmstar,29.554651644229885,14.655638880729674,95.50211300665978,fastv,7b,prospective,mmstar_001061,2102,dense,False,False,False
pope_random,26.504417810440064,14.125305565595626,90.90095899591688,fastv,7b,prospective,pope_random_002214,2102,432,True,True,False
mmstar,29.154521312713623,18.044171836376186,105.59816999011673,fastv,7b,development,mmstar_000984,2102,432,False,False,False
visual_counterfact_size,22.527117919921878,17.80564376354217,94.2251559899887,fastv,7b,development,visual_counterfact_size_000470,2102,dense,True,True,False
mmstar,23.58055114746094,21.79406900048256,100.51066199957859,fastv,7b,prospective,mmstar_000103,2102,dense,True,True,False
visual_counterfact_color,21.18744137406349,32.76274943709373,125.64818699320313,fastv,7b,prospective,visual_counterfact_color_000200,2102,432,True,True,False
pope_popular,15.56668307185173,25.583046592473988,86.91869900212623,fastv,7b,development,pope_popular_000140,2102,432,False,False,False
visual_counterfact_size,17.220342779159548,36.95788363695144,119.80669600598048,fastv,7b,development,visual_counterfact_size_000216,2102,dense,False,False,False
pope_random,20.401118341684345,33.38019228577614,106.40998200688045,fastv,7b,development,pope_random_000632,2102,432,True,True,False
visual_counterfact_size,19.31590347528458,41.18567993044853,127.03068400151096,fastv,7b,development,visual_counterfact_size_000105,2102,dense,False,False,False
visual_counterfact_color,17.7492816567421,31.730824118852617,91.94759899401106,fastv,7b,development,visual_counterfact_color_000355,2102,432,True,True,False
mmstar,17.961156749725344,32.357110023498535,91.09943799558096,fastv,7b,prospective,mmstar_000934,2102,dense,False,False,False
pope_adversarial,19.81479173183441,32.21424554467201,90.09807799884584,fastv,7b,development,pope_adversarial_000492,2102,432,False,False,False
visual_counterfact_color,20.179861536026,34.59566467523575,96.38557399739511,fastv,7b,prospective,visual_counterfact_color_000081,2102,432,True,True,False
visual_counterfact_size,29.442870104312895,47.40690787672997,131.77416600228753,fastv,7b,prospective,visual_counterfact_size_000464,2102,dense,True,True,False
visual_counterfact_color,78.17642786979675,36.46367693662644,100.42432299815118,fastv,7b,prospective,visual_counterfact_color_000116,2102,432,False,True,True
pope_popular,20.6909971678257,62.0177382516861,156.0081200004788,fastv,7b,development,pope_popular_000006,2102,432,True,True,False
visual_counterfact_color,24.67260478138924,65.28613415956497,157.04789900337346,fastv,7b,development,visual_counterfact_color_000008,2102,432,True,True,False
mmstar,21.352335761785508,35.81667244076729,87.51716400729492,fastv,7b,development,mmstar_000532,2102,dense,False,False,False
mmstar,25.348303606510157,37.34942300319672,91.94896899862215,fastv,7b,development,mmstar_001418,2102,432,False,True,False
pope_popular,27.016215777397154,35.41090165615081,91.01398799975868,fastv,7b,prospective,pope_popular_001651,2102,432,False,True,False
visual_counterfact_color,32.31061795949935,36.57799429893493,94.17108599154744,fastv,7b,prospective,visual_counterfact_color_000278,2102,432,True,True,False
pope_random,34.48262328028679,32.35940763950348,88.81149999797344,fastv,7b,development,pope_random_000184,2102,432,True,True,False
mmstar,134.84301559209825,30.49343376159668,84.39080500102136,fastv,7b,development,mmstar_000018,2102,dense,False,False,False
pope_adversarial,40.384258339405065,33.630642771720886,88.47968399641104,fastv,7b,prospective,pope_adversarial_002875,2102,432,False,True,False
visual_counterfact_color,35.323260126113894,33.56781768798828,86.27306600101292,fastv,7b,prospective,visual_counterfact_color_000477,2102,432,True,True,False
mmstar,36.97006238937379,37.984938739538194,90.29472499969415,fastv,7b,development,mmstar_000678,2102,dense,False,False,False
visual_counterfact_size,38.776340885162355,53.552614259719846,121.61743800970726,fastv,7b,prospective,visual_counterfact_size_000490,2102,dense,False,False,False
mmstar,28.386063635349274,38.67966724872589,86.87567099696025,fastv,7b,development,mmstar_000256,2102,dense,False,False,False
visual_counterfact_size,36.648872690200804,57.94500422000885,130.64283700077794,fastv,7b,development,visual_counterfact_size_000303,2102,dense,True,True,False
pope_adversarial,71.11406805515288,37.04641019105912,87.1673270012252,fastv,7b,prospective,pope_adversarial_000984,2102,432,True,True,False
visual_counterfact_size,17.702414169311524,35.77773426294327,84.20205699803773,fastv,7b,development,visual_counterfact_size_000048,2102,dense,True,True,False
pope_popular,20.506309205293654,35.375949429273604,90.80838100635447,fastv,7b,prospective,pope_popular_001195,2102,432,False,True,False
pope_popular,21.234622306823727,35.55965263724327,91.28101500391494,fastv,7b,development,pope_popular_000518,2102,432,True,True,False
pope_random,24.806709984540937,30.329020061492923,89.9295790004544,fastv,7b,development,pope_random_000699,2102,432,False,True,False
visual_counterfact_size,41.15196008324623,42.72167816877365,131.41253900539596,fastv,7b,prospective,visual_counterfact_size_000532,2102,dense,False,False,False
pope_adversarial,30.0309213078022,27.695559396743775,98.13268600555602,fastv,7b,prospective,pope_adversarial_002610,2102,432,False,False,False
visual_counterfact_color,35.9946512234211,33.131857968568795,119.26390200096648,fastv,7b,development,visual_counterfact_color_000404,2102,432,False,False,False
mmstar,30.51143627524376,24.03046190023422,88.2597559975693,fastv,7b,prospective,mmstar_001451,2102,dense,False,True,False
visual_counterfact_color,35.54845007300377,32.39528457403183,109.89934700774029,fastv,7b,prospective,visual_counterfact_color_000330,2102,432,True,True,False
visual_counterfact_size,46.527790921926496,36.425755157470704,119.37756100087427,fastv,7b,prospective,visual_counterfact_size_000435,2102,dense,True,True,False
visual_counterfact_color,31.23187541127205,35.915654681921005,102.54225099924952,fastv,7b,prospective,visual_counterfact_color_000449,2102,432,True,True,False
pope_popular,33.73384614229202,43.34426228761673,113.4213820041623,fastv,7b,prospective,pope_popular_002460,2102,432,True,True,False
mmstar,33.180564208030695,41.903560152053835,102.23684400261845,fastv,7b,development,mmstar_000785,2102,432,False,False,False
mmstar,29.60118191719055,44.149080208539964,100.72554000362288,fastv,7b,prospective,mmstar_001146,2102,dense,False,True,False
visual_counterfact_size,91.18751422166825,52.102378551959994,115.92811599257402,fastv,7b,development,visual_counterfact_size_000273,2102,dense,False,False,False
pope_popular,18.993787360191345,40.16039542555809,89.81267000490334,fastv,7b,prospective,pope_popular_001842,2102,432,False,False,False
mmstar,18.75157829761505,37.69479125976562,84.34307599964086,fastv,7b,prospective,mmstar_001484,2102,dense,False,False,False
mmstar,20.556946939229963,39.395681234598165,90.95885900023859,fastv,7b,development,mmstar_001458,2102,dense,False,False,False
pope_popular,23.776421506404876,37.92358393669129,88.40547500585672,fastv,7b,prospective,pope_popular_001356,2102,432,False,False,False
visual_counterfact_size,34.79877420425415,50.04076382994653,117.02203399909195,fastv,7b,prospective,visual_counterfact_size_000020,2102,dense,False,False,False
pope_adversarial,32.22073697566986,37.820544409751896,88.49157400254626,fastv,7b,prospective,pope_adversarial_001056,2102,432,False,False,False
mmstar,34.82009726047516,38.372932978868484,90.71965100883972,fastv,7b,development,mmstar_000148,2102,432,False,False,False
mmstar,37.70709365725517,38.00983794093132,89.97556800022721,fastv,7b,development,mmstar_000334,2102,dense,False,True,False
visual_counterfact_size,45.475205525159836,46.255398583412166,114.73535798722878,fastv,7b,development,visual_counterfact_size_000613,2102,dense,False,False,False
mmstar,37.7684786260128,35.405055756568906,88.66984199266881,fastv,7b,development,mmstar_001206,2102,432,False,True,False
pope_random,45.64592866301537,35.27219725489616,90.70250199874863,fastv,7b,development,pope_random_000283,2102,432,False,True,False
mmstar,43.32538819909095,35.36444640040397,91.19457700580824,fastv,7b,prospective,mmstar_000602,2102,432,False,False,False
pope_popular,40.087386816740036,38.769867255687714,103.06399599357974,fastv,7b,development,pope_popular_000529,2102,432,True,True,False
visual_counterfact_size,53.642387247085566,47.40462985873223,127.95150399324484,fastv,7b,prospective,visual_counterfact_size_000610,2102,dense,False,False,False
visual_counterfact_color,40.36756710290909,39.18845699429512,110.81874700903427,fastv,7b,prospective,visual_counterfact_color_000384,2102,432,True,True,False
mmstar,40.11809557080269,35.948360867500305,101.80037900863681,fastv,7b,prospective,mmstar_001194,2102,dense,False,False,False
visual_counterfact_color,38.65765591263771,40.094444303512574,111.91489599877968,fastv,7b,development,visual_counterfact_color_000225,2102,432,True,True,False
mmstar,36.31187235355377,34.48055445671081,95.67658099695109,fastv,7b,development,mmstar_000061,2102,dense,False,False,False
pope_adversarial,46.07733444809914,46.56448146462441,128.83384499582462,fastv,7b,development,pope_adversarial_000406,2102,432,True,True,False
visual_counterfact_color,67.36498773574829,52.34780693054199,147.86986299441196,fastv,7b,development,visual_counterfact_color_000074,2102,432,True,True,False
mmstar,47.700242743492126,35.890489177703856,97.14464600256179,fastv,7b,development,mmstar_001398,2102,432,False,True,False
pope_popular,28.76628124237061,33.20559019088745,87.92546999757178,fastv,7b,development,pope_popular_000211,2102,432,False,True,False
pope_random,24.47820308089256,35.20269401550293,88.24009601084981,fastv,7b,development,pope_random_000363,2102,432,False,True,False
visual_counterfact_color,28.325661332607268,42.21101621150971,101.75159900973085,fastv,7b,development,visual_counterfact_color_000429,2102,432,True,True,False
visual_counterfact_color,22.747447288036344,39.46282162427903,93.7118610017933,fastv,7b,prospective,visual_counterfact_color_000480,2102,432,True,True,False
mmstar,20.33460146307945,35.47771667718888,84.04359901032876,fastv,7b,development,mmstar_000087,2102,dense,False,False,False
mmstar,18.175593700408935,36.09856091976166,87.29081600904465,fastv,7b,development,mmstar_001192,2102,dense,False,True,False
pope_popular,18.120620296001434,35.613003759384156,87.02411899867002,fastv,7b,development,pope_popular_000189,2102,432,False,True,False
pope_adversarial,14.891329348087309,36.43230703473091,90.75673099141568,fastv,7b,prospective,pope_adversarial_002532,2102,432,True,True,False
mmstar,15.920086967945098,34.53938561916352,86.06194800813682,fastv,7b,development,mmstar_000895,2102,dense,True,True,False
visual_counterfact_color,14.347136592864992,32.57611220002175,84.56242400279734,fastv,7b,development,visual_counterfact_color_000121,2102,432,True,True,False
mmstar,15.986852377653122,34.81035940647126,90.6393719924381,fastv,7b,development,mmstar_001154,2102,dense,False,False,False
pope_popular,15.830432724952697,32.37181692838669,89.0962679986842,fastv,7b,development,pope_popular_000458,2102,432,True,True,False
mmstar,18.88988582611084,51.8093720149994,146.52950598974712,fastv,7b,development,mmstar_001057,2102,dense,False,True,False
visual_counterfact_color,18.316961674690248,35.21153955459595,105.58241100807209,fastv,7b,development,visual_counterfact_color_000238,2102,432,True,True,False
visual_counterfact_color,17.441904253959656,32.10795583248139,97.86000900203362,fastv,7b,development,visual_counterfact_color_000304,2102,432,True,True,False
visual_counterfact_size,23.91216606616974,43.682610116004945,138.49674799712375,fastv,7b,development,visual_counterfact_size_000726,2102,dense,True,True,False
visual_counterfact_size,20.34012570977211,31.477566862106325,104.6042099915212,fastv,7b,development,visual_counterfact_size_000297,2102,dense,True,True,False
visual_counterfact_color,22.461675596237182,34.0192311000824,110.29655300080776,fastv,7b,prospective,visual_counterfact_color_000282,2102,432,True,True,False
mmstar,23.048567869663238,32.64694845557213,103.90782800095621,fastv,7b,prospective,mmstar_000521,2102,432,False,False,False
mmstar,22.60712005376816,30.36559800028801,93.58298200822901,fastv,7b,development,mmstar_001445,2102,dense,False,False,False
mmstar,23.620425577163697,35.63114640235901,105.24600400822237,fastv,7b,prospective,mmstar_000673,2102,dense,False,False,False
visual_counterfact_size,27.529687803983688,41.09702989578247,117.5569600018207,fastv,7b,development,visual_counterfact_size_000148,2102,dense,False,False,False
pope_random,71.5924364387989,33.5643705368042,96.11130600387696,fastv,7b,prospective,pope_random_002832,2102,432,False,False,False
mmstar,21.385922684669495,30.913678936958313,91.28385501389857,fastv,7b,development,mmstar_000710,2102,dense,True,True,False
visual_counterfact_size,21.823435363769534,34.048203642368314,101.30617400864139,fastv,7b,prospective,visual_counterfact_size_000075,2102,dense,False,True,False
mmstar,22.05209571361542,29.562421267032626,91.68566200241912,fastv,7b,prospective,mmstar_000971,2102,dense,False,False,False
mmstar,24.48164348602295,28.034554256200792,86.9714290020056,fastv,7b,development,mmstar_000656,2102,dense,False,True,False
mmstar,29.786096663475035,26.180424124002457,85.50506400933955,fastv,7b,development,mmstar_001442,2102,432,False,False,False
pope_popular,30.83209234476089,27.125610548257825,88.5941019951133,fastv,7b,development,pope_popular_000100,2102,432,True,True,False
mmstar,34.340557781457896,19.834616403579712,95.44509398983791,fastv,7b,prospective,mmstar_001126,2102,432,False,False,False
visual_counterfact_size,35.87615926265716,17.321947679519653,85.57859300344717,fastv,7b,prospective,visual_counterfact_size_000041,2102,dense,False,False,False
pope_random,39.53557641983032,19.963019449710846,89.8540500056697,fastv,7b,prospective,pope_random_001200,2102,432,False,False,False
visual_counterfact_size,48.55539153814316,23.679660118818283,103.57812099391595,fastv,7b,prospective,visual_counterfact_size_000524,2102,dense,True,True,False
mmstar,46.69412597179412,25.032644826173783,91.65413099981379,fastv,7b,development,mmstar_000535,2102,dense,False,True,False
pope_adversarial,46.343106830120085,26.18560150742531,91.39973399578594,fastv,7b,development,pope_adversarial_000093,2102,432,False,True,False
visual_counterfact_size,51.60812448740005,33.35527440905571,101.66248099994846,fastv,7b,development,visual_counterfact_size_000380,2102,dense,True,True,False
pope_adversarial,47.00038252830505,30.823055028915405,89.10454700526316,fastv,7b,development,pope_adversarial_000572,2102,432,True,True,False
mmstar,48.281282734870906,35.14775404930115,92.31004500179552,fastv,7b,prospective,mmstar_001477,2102,dense,False,False,False
visual_counterfact_size,66.5002122759819,49.80320388674736,129.96484301402234,fastv,7b,development,visual_counterfact_size_000176,2102,dense,False,False,False
pope_adversarial,41.317401182651516,34.84392107725144,89.09019699785858,fastv,7b,development,pope_adversarial_000731,2102,432,False,True,False
pope_popular,43.87430683135986,35.71254537463189,89.75483100221027,fastv,7b,development,pope_popular_000311,2102,432,False,True,False
pope_random,34.68605007886887,37.17834680676461,92.23857600591145,fastv,7b,development,pope_random_000651,2102,432,False,True,False
pope_adversarial,33.87080035090446,35.79742737054825,87.21858599164989,fastv,7b,development,pope_adversarial_000518,2102,432,True,True,False
visual_counterfact_size,33.24057662606239,41.393147792816166,99.36793400265742,fastv,7b,prospective,visual_counterfact_size_000260,2102,dense,True,True,False
mmstar,34.96470957040787,45.16632593035698,106.80348900496028,fastv,7b,development,mmstar_000019,2102,432,False,False,False
mmstar,25.322318155765537,39.16061341524124,91.86626999871805,fastv,7b,prospective,mmstar_001452,2102,dense,False,False,False
pope_popular,24.448071377277376,38.494564794301986,88.36290500767063,fastv,7b,development,pope_popular_000378,2102,432,True,True,False
mmstar,51.658943333625785,99.35637123584748,225.66736399312504,fastv,7b,development,mmstar_000543,2102,432,False,False,False
mmstar,18.02509430885315,39.53707481503486,89.07401798933279,fastv,7b,prospective,mmstar_000519,2102,dense,False,False,False
pope_adversarial,19.391655101776124,35.914958152771,86.55475299747195,fastv,7b,development,pope_adversarial_000359,2102,432,False,True,False
mmstar,20.640820485353466,35.74554843902588,86.16506699763704,fastv,7b,prospective,mmstar_000031,2102,dense,True,True,False
visual_counterfact_size,29.938332128524777,43.14778337478638,115.47183999209665,fastv,7b,development,visual_counterfact_size_000274,2102,dense,False,False,False
mmstar,24.086811408996578,30.929000806808475,84.19557700108271,fastv,7b,prospective,mmstar_000375,2102,432,True,True,False
mmstar,44.015152161121364,48.733736536502846,156.19233800680377,fastv,7b,prospective,mmstar_000920,2102,dense,False,False,False
visual_counterfact_color,30.381010076999665,26.43639951705933,87.85784999781754,fastv,7b,development,visual_counterfact_color_000371,2102,432,True,True,False
pope_random,27.740539747476575,25.619230260849005,87.18577699619345,fastv,7b,development,pope_random_000270,2102,432,True,True,False
mmstar,32.07896054267883,28.66558027505875,91.63993199763354,fastv,7b,development,mmstar_000816,2102,dense,False,True,False
pope_random,30.859410166740414,29.526497340202337,89.98359799443278,fastv,7b,prospective,pope_random_002568,2102,432,True,True,False
pope_popular,31.26671581029892,30.363720613718037,87.71789199090563,fastv,7b,prospective,pope_popular_002640,2102,432,False,False,False
pope_adversarial,28.96688343286514,33.56118542075157,87.65032199153211,fastv,7b,prospective,pope_adversarial_002160,2102,432,True,True,False
mmstar,26.615125422477725,35.05714098215103,88.38124500471167,fastv,7b,development,mmstar_001472,2102,432,False,True,False
visual_counterfact_size,24.700689005851746,35.73317653656006,87.42471499135718,fastv,7b,prospective,visual_counterfact_size_000137,2102,dense,True,True,False
pope_random,23.96705446362495,37.22655811786652,86.6904119902756,fastv,7b,prospective,pope_random_001110,2102,432,False,False,False
pope_popular,24.01330678582191,37.6421909236908,86.65699198900256,fastv,7b,prospective,pope_popular_002130,2102,432,False,False,False
pope_adversarial,25.364462478160856,37.38194449067116,86.57317300094292,fastv,7b,development,pope_adversarial_000118,2102,432,True,True,False
mmstar,38.800079641342165,56.24110127091408,130.8499739971012,fastv,7b,prospective,mmstar_001285,2102,dense,False,False,False
visual_counterfact_color,29.602763473987576,40.293955770730975,100.37017300783191,fastv,7b,development,visual_counterfact_color_000003,2102,432,True,True,False
pope_popular,25.667741380929943,34.53094540596008,87.93270999740344,fastv,7b,development,pope_popular_000039,2102,432,False,True,False
pope_random,24.400127319097518,33.261744352579115,85.31769599358086,fastv,7b,development,pope_random_000115,2102,432,False,True,False
mmstar,25.93720438122749,35.28265732645988,90.62263200758025,fastv,7b,prospective,mmstar_000581,2102,dense,False,False,False
mmstar,31.775044779777527,35.65031639575958,88.16586699686013,fastv,7b,development,mmstar_000799,2102,dense,False,False,False
mmstar,28.02160395026207,35.755223960876464,87.01705900602974,fastv,7b,prospective,mmstar_000183,2102,dense,True,True,False
pope_random,31.118270829916,35.367117905616766,85.7134319958277,fastv,7b,development,pope_random_000228,2102,432,False,False,False
pope_popular,30.15168594241142,35.57149386405945,85.88045099168085,fastv,7b,development,pope_popular_000165,2102,432,False,True,False
mmstar,29.516186828613282,39.0051383471489,92.61110200895928,fastv,7b,prospective,mmstar_000564,2102,dense,False,False,False
mmstar,27.26998837471009,40.87393265485763,94.67588098777924,fastv,7b,prospective,mmstar_000723,2102,432,True,True,False
pope_random,29.536517543792726,43.37843168020248,96.7948699981207,fastv,7b,development,pope_random_000157,2102,432,False,True,False
visual_counterfact_size,37.43387490272522,51.51226407051087,108.62065000401344,fastv,7b,prospective,visual_counterfact_size_000708,2102,dense,False,False,False
mmstar,36.94942256212235,46.23792966961861,92.25822599546518,fastv,7b,prospective,mmstar_000512,2102,dense,False,False,False
mmstar,36.24799856781959,44.07313860058784,83.97665899246931,fastv,7b,development,mmstar_000417,2102,dense,True,True,False
pope_adversarial,36.5637217772007,46.47525723338127,88.80420099012554,fastv,7b,development,pope_adversarial_000003,2102,432,False,True,False
pope_random,80.73487600922584,43.97335485935211,91.49421399342827,fastv,7b,development,pope_random_000227,2102,432,False,True,False
visual_counterfact_color,85.51871133208275,52.2621712732315,113.35811199387535,fastv,7b,development,visual_counterfact_color_000105,2102,432,True,True,False
mmstar,41.1709586751461,41.32490933895111,91.73686100984924,fastv,7b,development,mmstar_000853,2102,dense,False,True,False
visual_counterfact_color,38.56048191308975,37.582333698272706,85.45761500135995,fastv,7b,prospective,visual_counterfact_color_000393,2102,432,True,True,False
pope_adversarial,39.49894349336624,37.18815581440926,85.48377400438767,fastv,7b,prospective,pope_adversarial_001584,2102,432,False,False,False
pope_random,36.88550169348717,38.14946625113487,87.96788999461569,fastv,7b,development,pope_random_000595,2102,432,False,True,False
mmstar,36.516159389019016,37.219446753263476,86.09758800594136,fastv,7b,development,mmstar_000493,2102,dense,True,True,False
mmstar,9.38466325521469,18.085951843261718,93.83412000897806,scope,7b,prospective,mmstar_000291,2102,dense,False,False,False
mmstar,10.52993749141693,24.067337543964385,90.58728300442453,scope,7b,development,mmstar_001425,2102,dense,False,True,False
mmstar,10.867575376033782,25.71116789102554,90.78653100004885,scope,7b,development,mmstar_000021,2102,dense,False,False,False
visual_counterfact_size,36.994547088146206,41.35716869831085,135.87280399224255,scope,7b,development,visual_counterfact_size_000381,2102,dense,True,True,False
visual_counterfact_color,36.35645716428756,34.87562960982323,102.01987600885332,scope,7b,development,visual_counterfact_color_000344,2102,dense,False,False,False
visual_counterfact_size,43.288017280101776,39.132605361938474,112.70863900426775,scope,7b,development,visual_counterfact_size_000488,2102,dense,True,True,False
visual_counterfact_size,44.96704416871071,35.503151013851166,104.04715601180214,scope,7b,prospective,visual_counterfact_size_000198,2102,dense,True,True,False
visual_counterfact_color,42.82122601270675,31.592389676570896,96.51512299024034,scope,7b,prospective,visual_counterfact_color_000363,2102,dense,True,True,False
mmstar,39.62927410960197,28.544303587675095,89.3711649987381,scope,7b,development,mmstar_000621,2102,dense,False,True,False
visual_counterfact_color,105.65857908368112,30.76723971247673,92.06849700422026,scope,7b,development,visual_counterfact_color_000139,2102,dense,True,True,False
visual_counterfact_size,32.272583620548254,39.00599831342697,112.8046769881621,scope,7b,prospective,visual_counterfact_size_000448,2102,dense,True,True,False
visual_counterfact_size,26.061886271238325,30.785457541942595,84.08307800709736,scope,7b,development,visual_counterfact_size_000229,2102,dense,False,False,False
visual_counterfact_size,28.43505309939384,31.987517939805983,84.89838999230415,scope,7b,development,visual_counterfact_size_000194,2102,dense,False,False,False
mmstar,28.80490960240364,33.797148810625075,89.85968001070432,scope,7b,development,mmstar_001084,2102,dense,False,False,False
visual_counterfact_color,67.94615116119384,81.40498332738876,211.84402499056887,scope,7b,development,visual_counterfact_color_000492,2102,dense,True,True,False
mmstar,30.88383092880249,35.5609816122055,90.30387600068934,scope,7b,prospective,mmstar_000155,2102,dense,True,True,False
mmstar,32.97046978473663,36.15437095403671,88.61850199173205,scope,7b,development,mmstar_000067,2102,dense,False,False,False
mmstar,35.297187595367426,38.72098523259163,91.5681019978365,scope,7b,prospective,mmstar_001025,2102,dense,True,True,False
mmstar,38.15931362390518,36.96084974884987,85.63164299994241,scope,7b,prospective,mmstar_000567,2102,dense,False,False,False
visual_counterfact_size,62.923317756652835,64.2094059741497,143.4486369980732,scope,7b,development,visual_counterfact_size_000492,2102,dense,True,True,False
mmstar,57.810404260158535,43.89018452525139,101.86732800502796,scope,7b,development,mmstar_000368,2102,dense,False,False,False
mmstar,42.314678297042846,39.645057392120364,92.41495400783606,scope,7b,development,mmstar_000735,2102,dense,True,True,False
visual_counterfact_color,50.96956719875336,47.594282528162,118.13649299438111,scope,7b,prospective,visual_counterfact_color_000233,2102,dense,True,True,False
visual_counterfact_color,39.69138222455978,37.2887247633934,94.27847500774078,scope,7b,development,visual_counterfact_color_000188,2102,dense,True,True,False
visual_counterfact_color,43.751355541944505,37.462698019742966,95.5779220093973,scope,7b,prospective,visual_counterfact_color_000182,2102,dense,True,True,False
visual_counterfact_color,34.35791549682617,38.29692115545273,97.9838669882156,scope,7b,prospective,visual_counterfact_color_000265,2102,dense,True,True,False
mmstar,105.93912985682488,37.31909899353981,98.25182500935625,scope,7b,development,mmstar_001093,2102,dense,False,False,False
visual_counterfact_color,28.27271737098694,34.99923472046852,92.48864300025161,scope,7b,development,visual_counterfact_color_000244,2102,dense,True,True,False
visual_counterfact_size,39.27162405967712,40.404340093135836,112.27442299423274,scope,7b,development,visual_counterfact_size_000283,2102,dense,False,False,False
visual_counterfact_size,25.234502601623536,114.97242286086083,338.2566239888547,scope,7b,prospective,visual_counterfact_size_000310,2102,dense,False,False,False
mmstar,23.193171093463896,29.047572523355484,86.2149269960355,scope,7b,prospective,mmstar_000384,2102,dense,False,False,False
mmstar,32.95069434285164,35.286565923690794,100.1745459943777,scope,7b,prospective,mmstar_000091,2102,dense,False,True,False
visual_counterfact_color,30.108011289834977,31.337541198730467,86.20013699692208,scope,7b,development,visual_counterfact_color_000472,2102,dense,True,True,False
visual_counterfact_color,33.95867758154869,36.260777487754815,101.05478699551895,scope,7b,development,visual_counterfact_color_000347,2102,dense,True,True,False
visual_counterfact_color,33.32534856677055,34.31649980545044,95.21613600372802,scope,7b,development,visual_counterfact_color_000340,2102,dense,True,True,False
visual_counterfact_size,36.80921924948693,36.48622722148895,99.92687799967825,scope,7b,development,visual_counterfact_size_000158,2102,dense,True,True,False
mmstar,30.031485811471935,32.356270520687104,85.00828899559565,scope,7b,development,mmstar_001349,2102,dense,False,False,False
mmstar,29.554651644229885,35.53472172260284,86.32861499791034,scope,7b,prospective,mmstar_001061,2102,dense,False,False,False
mmstar,29.154521312713623,39.5439188671112,91.99370800342876,scope,7b,development,mmstar_000984,2102,dense,False,False,False
visual_counterfact_size,22.527117919921878,38.32014638781548,82.498874005978,scope,7b,development,visual_counterfact_size_000470,2102,dense,True,True,False
mmstar,23.58055114746094,41.004415875673295,86.57703299832065,scope,7b,prospective,mmstar_000103,2102,dense,True,True,False
visual_counterfact_color,21.18744137406349,61.99912757635117,124.63495800329838,scope,7b,prospective,visual_counterfact_color_000200,2102,dense,True,True,False
visual_counterfact_size,17.220342779159548,57.780606188774115,114.08220400335267,scope,7b,development,visual_counterfact_size_000216,2102,dense,False,False,False
visual_counterfact_size,19.31590347528458,59.804768562316895,116.78864699206315,scope,7b,development,visual_counterfact_size_000105,2102,dense,False,False,False
visual_counterfact_color,17.7492816567421,39.889500474929804,83.64488299412187,scope,7b,development,visual_counterfact_color_000355,2102,dense,True,True,False
mmstar,17.961156749725344,40.864177823066704,86.14209800725803,scope,7b,prospective,mmstar_000934,2102,dense,False,False,False
visual_counterfact_color,20.179861536026,38.60451490402221,90.20794701064005,scope,7b,prospective,visual_counterfact_color_000081,2102,dense,True,True,False
visual_counterfact_size,29.442870104312895,51.8498661661148,127.4675790045876,scope,7b,prospective,visual_counterfact_size_000464,2102,dense,True,True,False
visual_counterfact_color,78.17642786979675,33.923056681156154,97.21542600891553,scope,7b,prospective,visual_counterfact_color_000116,2102,dense,True,True,False
visual_counterfact_color,24.67260478138924,41.80657755494118,121.95214499661233,scope,7b,development,visual_counterfact_color_000008,2102,dense,True,True,False
mmstar,21.352335761785508,29.931320104599,93.17099599866197,scope,7b,development,mmstar_000532,2102,dense,False,False,False
mmstar,25.348303606510157,31.135723823308947,96.02558799088001,scope,7b,development,mmstar_001418,2102,dense,False,True,False
visual_counterfact_color,32.31061795949935,33.88627688765526,99.82150899304543,scope,7b,prospective,visual_counterfact_color_000278,2102,dense,True,True,False
mmstar,134.84301559209825,33.51665995597839,96.66129099787213,scope,7b,development,mmstar_000018,2102,dense,False,False,False
visual_counterfact_color,35.323260126113894,33.5568753182888,89.49321298860013,scope,7b,prospective,visual_counterfact_color_000477,2102,dense,True,True,False
mmstar,36.97006238937379,34.64307320833206,87.83741100342013,scope,7b,development,mmstar_000678,2102,dense,False,False,False
visual_counterfact_size,38.776340885162355,49.48981788635254,113.0623360077152,scope,7b,prospective,visual_counterfact_size_000490,2102,dense,False,False,False
mmstar,28.386063635349274,38.74521102666855,83.43248500023037,scope,7b,development,mmstar_000256,2102,dense,False,False,False
visual_counterfact_size,36.648872690200804,61.31192403197289,124.4615299947327,scope,7b,development,visual_counterfact_size_000303,2102,dense,True,True,False
visual_counterfact_size,17.702414169311524,41.07378176808358,83.41195499815512,scope,7b,development,visual_counterfact_size_000048,2102,dense,True,True,False
visual_counterfact_size,41.15196008324623,53.432859416007986,127.32528999913484,scope,7b,prospective,visual_counterfact_size_000532,2102,dense,False,False,False
visual_counterfact_color,35.9946512234211,41.06884983062744,107.79444800573401,scope,7b,development,visual_counterfact_color_000404,2102,dense,False,False,False
mmstar,30.51143627524376,31.290747041702275,84.21687700320035,scope,7b,prospective,mmstar_001451,2102,dense,False,True,False
visual_counterfact_color,35.54845007300377,37.169162011146554,103.2839739928022,scope,7b,prospective,visual_counterfact_color_000330,2102,dense,True,True,False
visual_counterfact_size,46.527790921926496,39.78941536903382,111.8591669946909,scope,7b,prospective,visual_counterfact_size_000435,2102,dense,True,True,False
visual_counterfact_color,31.23187541127205,30.145182342529296,85.58174299832899,scope,7b,prospective,visual_counterfact_color_000449,2102,dense,True,True,False
mmstar,33.180564208030695,33.29964598059654,93.18756600259803,scope,7b,development,mmstar_000785,2102,dense,False,False,False
mmstar,29.60118191719055,35.65513328552245,98.35407399805263,scope,7b,prospective,mmstar_001146,2102,dense,False,True,False
visual_counterfact_size,91.18751422166825,44.723930225372314,111.78788800316397,scope,7b,development,visual_counterfact_size_000273,2102,dense,False,False,False
mmstar,18.75157829761505,35.61691129207611,83.29997600230854,scope,7b,prospective,mmstar_001484,2102,dense,False,False,False
mmstar,20.556946939229963,38.51363777160645,84.40151500690263,scope,7b,development,mmstar_001458,2102,dense,False,False,False
visual_counterfact_size,34.79877420425415,57.66100748062134,118.10466399765573,scope,7b,prospective,visual_counterfact_size_000020,2102,dense,False,False,False
mmstar,34.82009726047516,43.291294765472415,89.06470800866373,scope,7b,development,mmstar_000148,2102,dense,False,False,False
mmstar,37.70709365725517,42.11078674316406,86.90593999926932,scope,7b,development,mmstar_000334,2102,dense,False,True,False
visual_counterfact_size,45.475205525159836,52.59465093374252,110.71118898689747,scope,7b,development,visual_counterfact_size_000613,2102,dense,False,False,False
mmstar,37.7684786260128,40.22048241972924,86.0607389913639,scope,7b,development,mmstar_001206,2102,dense,False,True,False
mmstar,43.32538819909095,36.221071060895916,83.85862001159694,scope,7b,prospective,mmstar_000602,2102,dense,False,False,False
visual_counterfact_size,53.642387247085566,53.32959072470665,124.88100500195287,scope,7b,prospective,visual_counterfact_size_000610,2102,dense,False,False,False
visual_counterfact_color,40.36756710290909,42.80737800598144,107.88461699848995,scope,7b,prospective,visual_counterfact_color_000384,2102,dense,True,True,False
mmstar,40.11809557080269,33.58780167341232,86.86110000417102,scope,7b,prospective,mmstar_001194,2102,dense,False,False,False
visual_counterfact_color,38.65765591263771,40.03659263372421,105.28733300452586,scope,7b,development,visual_counterfact_color_000225,2102,dense,True,True,False
mmstar,36.31187235355377,49.34799361228943,137.22388001042418,scope,7b,development,mmstar_000061,2102,dense,False,False,False
visual_counterfact_color,67.36498773574829,31.22553617477417,89.16224700806197,scope,7b,development,visual_counterfact_color_000074,2102,dense,True,True,False
mmstar,47.700242743492126,29.898317290544504,96.00127799785696,scope,7b,development,mmstar_001398,2102,dense,False,True,False
visual_counterfact_color,28.325661332607268,30.50376204848289,99.46613200008869,scope,7b,development,visual_counterfact_color_000429,2102,dense,True,True,False
visual_counterfact_color,22.747447288036344,25.63566123962402,92.06966699275654,scope,7b,prospective,visual_counterfact_color_000480,2102,dense,True,True,False
mmstar,20.33460146307945,23.894611984491345,86.59308298956603,scope,7b,development,mmstar_000087,2102,dense,False,False,False
mmstar,18.175593700408935,22.66421731352806,83.89224999700673,scope,7b,development,mmstar_001192,2102,dense,False,True,False
mmstar,15.920086967945098,22.758450279235838,84.82514100614935,scope,7b,development,mmstar_000895,2102,dense,True,True,False
visual_counterfact_color,14.347136592864992,23.2103516805172,87.74152200203389,scope,7b,development,visual_counterfact_color_000121,2102,dense,True,True,False
mmstar,15.986852377653122,23.62699756026268,90.62544199696276,scope,7b,development,mmstar_001154,2102,dense,False,False,False
mmstar,18.88988582611084,25.484787065982818,101.31992399692535,scope,7b,development,mmstar_001057,2102,dense,True,True,False
visual_counterfact_color,18.316961674690248,23.087143754959108,99.75602000486106,scope,7b,development,visual_counterfact_color_000238,2102,dense,True,True,False
visual_counterfact_color,17.441904253959656,19.835427625179292,89.29353499843273,scope,7b,development,visual_counterfact_color_000304,2102,dense,True,True,False
visual_counterfact_size,23.91216606616974,27.938707672357562,126.50950900570024,scope,7b,development,visual_counterfact_size_000726,2102,dense,True,True,False
visual_counterfact_size,20.34012570977211,25.020121142864227,107.37941300612874,scope,7b,development,visual_counterfact_size_000297,2102,dense,True,True,False
visual_counterfact_color,22.461675596237182,103.89723815321922,550.1735380094033,scope,7b,prospective,visual_counterfact_color_000282,2102,dense,True,True,False
mmstar,23.048567869663238,14.533859748840332,92.85234998969827,scope,7b,prospective,mmstar_000521,2102,dense,False,False,False
mmstar,22.60712005376816,14.205552059412003,84.03299900237471,scope,7b,development,mmstar_001445,2102,dense,False,False,False
mmstar,23.620425577163697,16.992001390457155,96.86307900119573,scope,7b,prospective,mmstar_000673,2102,dense,False,False,False
visual_counterfact_size,27.529687803983688,20.69282783269882,110.27797299902886,scope,7b,development,visual_counterfact_size_000148,2102,dense,False,False,False
mmstar,21.385922684669495,57.57714955329895,307.1436790050939,scope,7b,development,mmstar_000710,2102,dense,True,True,False
visual_counterfact_size,21.823435363769534,17.497646038532256,97.3280739999609,scope,7b,prospective,visual_counterfact_size_000075,2102,dense,False,True,False
mmstar,22.05209571361542,26.081884379386903,138.78003500576597,scope,7b,prospective,mmstar_000971,2102,dense,False,False,False
mmstar,24.48164348602295,19.79307222366333,86.63478300150018,scope,7b,development,mmstar_000656,2102,dense,False,True,False
mmstar,29.786096663475035,21.50254797697067,87.25482600857504,scope,7b,development,mmstar_001442,2102,dense,False,False,False
mmstar,34.340557781457896,25.74700407266617,87.53294301277492,scope,7b,prospective,mmstar_001126,2102,dense,False,False,False
visual_counterfact_size,35.87615926265716,25.886105146408077,84.78958100022282,scope,7b,prospective,visual_counterfact_size_000041,2102,dense,False,False,False
visual_counterfact_size,48.55539153814316,32.2576625585556,96.06829700351227,scope,7b,prospective,visual_counterfact_size_000524,2102,dense,True,True,False
mmstar,46.69412597179412,30.635581951141354,85.70878200407606,scope,7b,development,mmstar_000535,2102,dense,False,True,False
visual_counterfact_size,51.60812448740005,38.163851342201234,93.77487099845894,scope,7b,development,visual_counterfact_size_000380,2102,dense,True,True,False
mmstar,48.281282734870906,38.69677916526794,89.39570499933325,scope,7b,prospective,mmstar_001477,2102,dense,False,False,False
visual_counterfact_size,66.5002122759819,63.735713435411455,127.11256300099194,scope,7b,development,visual_counterfact_size_000176,2102,dense,False,False,False
visual_counterfact_size,33.24057662606239,48.819094029664996,96.47504299937282,scope,7b,prospective,visual_counterfact_size_000260,2102,dense,True,True,False
mmstar,34.96470957040787,64.26417667865753,126.38595000316855,scope,7b,development,mmstar_000019,2102,dense,False,False,False
mmstar,25.322318155765537,40.93011663913727,90.28822599793784,scope,7b,prospective,mmstar_001452,2102,dense,False,False,False
mmstar,51.658943333625785,91.44006566047668,213.67204599664547,scope,7b,development,mmstar_000543,2102,dense,False,False,False
mmstar,18.02509430885315,39.69714697599411,98.60396099975333,scope,7b,prospective,mmstar_000519,2102,dense,False,False,False
mmstar,20.640820485353466,36.01369174122811,95.01547800027765,scope,7b,prospective,mmstar_000031,2102,dense,True,True,False
visual_counterfact_size,29.938332128524777,44.65283166408539,118.72435799159575,scope,7b,development,visual_counterfact_size_000274,2102,dense,False,False,False
mmstar,44.015152161121364,53.75774647712707,146.4323070104001,scope,7b,prospective,mmstar_000920,2102,dense,False,False,False
visual_counterfact_color,30.381010076999665,29.695074572563172,84.79177199478727,scope,7b,development,visual_counterfact_color_000371,2102,dense,True,True,False
mmstar,32.07896054267883,30.08495607972145,86.77721100684721,scope,7b,development,mmstar_000816,2102,dense,False,True,False
mmstar,26.615125422477725,28.447748196125026,88.08666799450293,scope,7b,development,mmstar_001472,2102,dense,False,True,False
visual_counterfact_size,24.700689005851746,27.328677713871,85.07192799879704,scope,7b,prospective,visual_counterfact_size_000137,2102,dense,True,True,False
mmstar,38.800079641342165,38.90530600190162,126.27923100080807,scope,7b,prospective,mmstar_001285,2102,dense,False,False,False
visual_counterfact_color,29.602763473987576,30.176315475702285,98.02407700044569,scope,7b,development,visual_counterfact_color_000003,2102,dense,True,True,False
mmstar,25.93720438122749,27.614460844993594,94.091107006534,scope,7b,prospective,mmstar_000581,2102,dense,False,False,False
mmstar,31.775044779777527,28.14925630807877,95.91784900112543,scope,7b,development,mmstar_000799,2102,dense,False,False,False
mmstar,28.02160395026207,22.03146978735924,81.27576700644568,scope,7b,prospective,mmstar_000183,2102,dense,True,True,False
mmstar,29.516186828613282,22.871490718126296,84.3775649991585,scope,7b,prospective,mmstar_000564,2102,dense,False,False,False
mmstar,27.26998837471009,21.764726140499114,83.27773700875696,scope,7b,prospective,mmstar_000723,2102,dense,True,True,False
visual_counterfact_size,37.43387490272522,24.71226287126541,96.00598800170701,scope,7b,prospective,visual_counterfact_size_000708,2102,dense,False,False,False
mmstar,36.94942256212235,24.799884400367738,91.12148701387923,scope,7b,prospective,mmstar_000512,2102,dense,False,False,False
mmstar,36.24799856781959,24.83543389320374,87.98604899493512,scope,7b,development,mmstar_000417,2102,dense,True,True,False
visual_counterfact_color,85.51871133208275,32.506221208572384,109.49563101166859,scope,7b,development,visual_counterfact_color_000105,2102,dense,True,True,False
mmstar,41.1709586751461,27.387663722038265,88.5738329961896,scope,7b,development,mmstar_000853,2102,dense,False,True,False
visual_counterfact_color,38.56048191308975,26.947121142148973,85.27382700413,scope,7b,prospective,visual_counterfact_color_000393,2102,dense,True,True,False
mmstar,36.516159389019016,26.706227101087574,82.61067399871536,scope,7b,development,mmstar_000493,2102,dense,True,True,False
pope_popular,9.486600918769836,182.77893050074576,665.5832090036711,scope,7b,prospective,pope_popular_000324,2102,432,True,True,False
pope_adversarial,68.3554128921032,25.62101516723633,111.89706699224189,scope,7b,prospective,pope_adversarial_002400,2102,256,True,True,False
pope_random,14.05891113638878,23.54507738828659,103.15984499175102,scope,7b,prospective,pope_random_000846,2102,256,False,False,False
pope_adversarial,15.17167671918869,21.653747183084487,96.01017700333614,scope,7b,development,pope_adversarial_000019,2102,256,False,True,False
pope_random,20.361802757978438,22.528389393091203,99.07807600393426,scope,7b,prospective,pope_random_001134,2102,256,False,False,False
pope_random,21.91876956939697,21.647563594579697,93.75834099773783,scope,7b,prospective,pope_random_002347,2102,256,False,True,False
pope_adversarial,46.636286162137985,22.587635041475295,94.1422070027329,scope,7b,development,pope_adversarial_000558,2102,256,True,True,False
pope_popular,36.10911040663719,30.33053966522217,116.7443670128705,scope,7b,prospective,pope_popular_000876,2102,432,True,True,False
pope_adversarial,27.06727077364922,25.964505544900895,96.0212270001648,scope,7b,development,pope_adversarial_000748,2102,256,False,False,False
pope_adversarial,28.5410035610199,26.203522568941118,94.18373600055929,scope,7b,development,pope_adversarial_000308,2102,256,True,True,False
pope_adversarial,41.297178921699526,25.701051769256594,94.80364000773989,scope,7b,prospective,pope_adversarial_002623,2102,256,True,True,False
pope_popular,40.98156508922577,31.797980717420575,119.92957499751355,scope,7b,prospective,pope_popular_002898,2102,432,False,False,False
pope_adversarial,34.88647712469101,29.73527914047241,126.44365000596736,scope,7b,development,pope_adversarial_000634,2102,256,True,True,False
pope_adversarial,28.78139019012451,23.53158015727997,102.73713900824077,scope,7b,prospective,pope_adversarial_001014,2102,256,True,True,False
pope_random,40.1293636405468,24.017705035209655,106.05687600036617,scope,7b,development,pope_random_000001,2102,256,False,True,False
pope_random,25.387402853965764,21.913370805978772,95.24513498763554,scope,7b,prospective,pope_random_002136,2102,256,True,True,False
pope_popular,25.204627203941346,27.466853073835374,115.28725200332701,scope,7b,development,pope_popular_000565,2102,432,False,True,False
pope_random,33.32328339457512,22.045753839015962,94.58813200762961,scope,7b,prospective,pope_random_002928,2102,256,True,True,False
pope_random,26.504417810440064,21.27769476413727,93.24014600133523,scope,7b,prospective,pope_random_002214,2102,256,True,True,False
pope_popular,15.56668307185173,27.035784940719605,114.55531998944934,scope,7b,development,pope_popular_000140,2102,432,False,False,False
pope_random,20.401118341684345,76.46096386194229,326.5491820056923,scope,7b,development,pope_random_000632,2102,256,True,True,False
pope_adversarial,19.81479173183441,20.17241394996643,96.14450599474367,scope,7b,development,pope_adversarial_000492,2102,256,False,False,False
pope_popular,20.6909971678257,23.439781279563903,115.91482699441258,scope,7b,development,pope_popular_000006,2102,432,True,True,False
pope_popular,27.016215777397154,22.564810431003572,117.34988100943156,scope,7b,prospective,pope_popular_001651,2102,432,False,True,False
pope_random,34.48262328028679,17.919543908834456,96.0045769897988,scope,7b,development,pope_random_000184,2102,256,True,True,False
pope_adversarial,40.384258339405065,17.47395525097847,94.64430100342724,scope,7b,prospective,pope_adversarial_002875,2102,256,False,True,False
pope_adversarial,71.11406805515288,17.30430714726448,95.12282599462196,scope,7b,prospective,pope_adversarial_000984,2102,256,True,True,False
pope_popular,20.506309205293654,21.16004622220993,117.00757499784231,scope,7b,prospective,pope_popular_001195,2102,432,False,True,False
pope_popular,21.234622306823727,21.9626260304451,116.2326430057874,scope,7b,development,pope_popular_000518,2102,432,True,True,False
pope_random,24.806709984540937,23.973223102092742,125.61782800185028,scope,7b,development,pope_random_000699,2102,256,False,True,False
pope_adversarial,30.0309213078022,18.842774001359942,97.145266001462,scope,7b,prospective,pope_adversarial_002610,2102,256,False,False,False
pope_popular,33.73384614229202,22.338574999570845,119.51926999608986,scope,7b,prospective,pope_popular_002460,2102,432,True,True,False
pope_popular,18.993787360191345,20.34042293429375,112.34153200348374,scope,7b,prospective,pope_popular_001842,2102,432,False,False,False
pope_popular,23.776421506404876,21.941263753175733,115.12556399975438,scope,7b,prospective,pope_popular_001356,2102,432,False,False,False
pope_adversarial,32.22073697566986,19.45268104791641,100.38643299776595,scope,7b,prospective,pope_adversarial_001056,2102,256,False,False,False
pope_random,45.64592866301537,23.494474519491195,100.40923299675342,scope,7b,development,pope_random_000283,2102,256,False,True,False
pope_popular,40.087386816740036,30.230574773550035,124.73434700223152,scope,7b,development,pope_popular_000529,2102,432,True,True,False
pope_adversarial,46.07733444809914,21.737926732301716,93.80075099761598,scope,7b,development,pope_adversarial_000406,2102,256,True,True,False
pope_popular,28.76628124237061,25.988275274038315,115.72742799762636,scope,7b,development,pope_popular_000211,2102,432,False,True,False
pope_random,24.47820308089256,20.797922174930573,94.15800600254443,scope,7b,development,pope_random_000363,2102,256,False,True,False
pope_popular,18.120620296001434,24.943512562513348,115.8199370111106,scope,7b,development,pope_popular_000189,2102,432,False,True,False
pope_adversarial,14.891329348087309,20.11880264043808,94.01028799766209,scope,7b,prospective,pope_adversarial_002532,2102,256,True,True,False
pope_popular,15.830432724952697,23.96554317951202,116.87968600017484,scope,7b,development,pope_popular_000458,2102,432,True,True,False
pope_random,71.5924364387989,21.243073658943175,102.61116101173684,scope,7b,prospective,pope_random_002832,2102,256,False,False,False
pope_popular,30.83209234476089,26.179520344734193,118.82167699513957,scope,7b,development,pope_popular_000100,2102,432,True,True,False
pope_random,39.53557641983032,22.673823590278626,99.54542201012373,scope,7b,prospective,pope_random_001200,2102,256,False,False,False
pope_adversarial,46.343106830120085,21.703936247825624,92.2999660106143,scope,7b,development,pope_adversarial_000093,2102,256,False,True,False
pope_adversarial,47.00038252830505,21.4308092546463,91.84120999998413,scope,7b,development,pope_adversarial_000572,2102,256,True,True,False
pope_adversarial,41.317401182651516,21.515954396724702,93.07009799522348,scope,7b,development,pope_adversarial_000731,2102,256,False,True,False
pope_popular,43.87430683135986,27.286487122774126,116.66540800069924,scope,7b,development,pope_popular_000311,2102,432,False,True,False
pope_random,34.68605007886887,28.737328951358794,128.21986099879723,scope,7b,development,pope_random_000651,2102,256,False,True,False
pope_adversarial,33.87080035090446,19.4367325258255,91.14617700106464,scope,7b,development,pope_adversarial_000518,2102,256,True,True,False
pope_popular,24.448071377277376,24.835207484960556,130.14176199794747,scope,7b,development,pope_popular_000378,2102,432,True,True,False
pope_adversarial,19.391655101776124,17.72129757642746,97.7616700110957,scope,7b,development,pope_adversarial_000359,2102,256,False,True,False
mmstar,24.086811408996578,24.841854019165037,124.49463999655563,scope,7b,prospective,mmstar_000375,2102,432,True,True,False
pope_random,27.740539747476575,19.687978124618528,92.97568901092745,scope,7b,development,pope_random_000270,2102,256,True,True,False
pope_random,30.859410166740414,22.944882677793505,93.47720400546677,scope,7b,prospective,pope_random_002568,2102,256,True,True,False
pope_popular,31.26671581029892,29.06770255684853,115.6448390102014,scope,7b,prospective,pope_popular_002640,2102,432,False,False,False
pope_adversarial,28.96688343286514,25.558762533664705,98.3286139962729,scope,7b,prospective,pope_adversarial_002160,2102,256,True,True,False
pope_random,23.96705446362495,23.959731912612916,95.60049200081266,scope,7b,prospective,pope_random_001110,2102,256,False,False,False
pope_popular,24.01330678582191,27.695295844078068,114.58491999655962,scope,7b,prospective,pope_popular_002130,2102,432,False,False,False
pope_adversarial,25.364462478160856,27.080339477062225,106.65868000069167,scope,7b,development,pope_adversarial_000118,2102,256,True,True,False
pope_popular,25.667741380929943,31.729887008666992,123.7386169959791,scope,7b,development,pope_popular_000039,2102,432,False,True,False
pope_random,24.400127319097518,25.211757423877714,96.27938499033917,scope,7b,development,pope_random_000115,2102,256,False,True,False
pope_random,31.118270829916,22.92830003619194,93.97728901240043,scope,7b,development,pope_random_000228,2102,256,False,False,False
pope_popular,30.15168594241142,25.222533366680146,116.08908500056714,scope,7b,development,pope_popular_000165,2102,432,False,True,False
pope_random,29.536517543792726,19.117768177986143,95.83802999986801,scope,7b,development,pope_random_000157,2102,256,False,True,False
pope_adversarial,36.5637217772007,17.815744706392287,94.81016999052372,scope,7b,development,pope_adversarial_000003,2102,256,False,True,False
pope_random,80.73487600922584,18.545278801918027,93.34442499675788,scope,7b,development,pope_random_000227,2102,256,False,True,False
pope_adversarial,39.49894349336624,18.838859939575194,94.3430140032433,scope,7b,prospective,pope_adversarial_001584,2102,256,False,False,False
pope_random,36.88550169348717,17.994562730789184,93.41550400131382,scope,7b,development,pope_random_000595,2102,256,False,True,False
mmstar,9.38466325521469,13.665074911117554,92.19038599985652,random,7b,prospective,mmstar_000291,2102,dense,False,False,False
pope_popular,9.486600918769836,14.326740274429321,92.48952299822122,random,7b,prospective,pope_popular_000324,2102,256,True,True,False
mmstar,10.52993749141693,16.944509804248813,94.1465070063714,random,7b,development,mmstar_001425,2102,dense,False,True,False
mmstar,10.867575376033782,55.56631106853486,304.69494400313124,random,7b,development,mmstar_000021,2102,dense,False,False,False
pope_adversarial,68.3554128921032,21.03727392911911,108.00895601278171,random,7b,prospective,pope_adversarial_002400,2102,256,True,True,False
pope_random,14.05891113638878,22.99860465288162,103.34632299782243,random,7b,prospective,pope_random_000846,2102,256,False,False,False
pope_adversarial,15.17167671918869,26.523122754096985,102.51620200870093,random,7b,development,pope_adversarial_000019,2102,256,False,True,False
pope_random,20.361802757978438,27.782773445844647,92.92060899315402,random,7b,prospective,pope_random_001134,2102,256,False,False,False
pope_random,21.91876956939697,30.127233366966248,92.559832992265,random,7b,prospective,pope_random_002347,2102,256,False,True,False
visual_counterfact_size,36.994547088146206,42.020088974237446,121.21312200906686,random,7b,development,visual_counterfact_size_000381,2102,dense,True,True,False
visual_counterfact_color,36.35645716428756,40.05788729667663,112.48460100614466,random,7b,development,visual_counterfact_color_000344,2102,432,False,False,False
visual_counterfact_size,43.288017280101776,46.82553224086762,123.10477301070932,random,7b,development,visual_counterfact_size_000488,2102,dense,True,True,False
visual_counterfact_size,44.96704416871071,40.41229704380036,102.89988800650463,random,7b,prospective,visual_counterfact_size_000198,2102,dense,True,True,False
pope_adversarial,46.636286162137985,43.35426189422607,105.0858060043538,random,7b,development,pope_adversarial_000558,2102,256,True,True,False
visual_counterfact_color,42.82122601270675,46.204459412097926,110.63704999105539,random,7b,prospective,visual_counterfact_color_000363,2102,432,True,True,False
mmstar,39.62927410960197,39.59836144208908,93.95587800827343,random,7b,development,mmstar_000621,2102,dense,False,True,False
pope_popular,36.10911040663719,40.674558362960816,96.05669700249564,random,7b,prospective,pope_popular_000876,2102,256,True,True,False
visual_counterfact_color,105.65857908368112,43.22915411472321,101.83365899138153,random,7b,development,visual_counterfact_color_000139,2102,432,True,True,False
visual_counterfact_size,32.272583620548254,51.91386021971703,122.3123410018161,random,7b,prospective,visual_counterfact_size_000448,2102,dense,True,True,False
pope_adversarial,27.06727077364922,40.10233546495438,94.43826299684588,random,7b,development,pope_adversarial_000748,2102,256,False,False,False
visual_counterfact_size,26.061886271238325,38.161667107343675,90.9213099948829,random,7b,development,visual_counterfact_size_000229,2102,dense,False,False,False
visual_counterfact_size,28.43505309939384,37.783717913627626,90.02353799587581,random,7b,development,visual_counterfact_size_000194,2102,dense,False,False,False
pope_adversarial,28.5410035610199,40.143869019746774,97.96753800765146,random,7b,development,pope_adversarial_000308,2102,256,True,True,False
mmstar,28.80490960240364,41.84508907318115,102.36602299846709,random,7b,development,mmstar_001084,2102,dense,False,False,False
visual_counterfact_color,67.94615116119384,85.28255207300185,239.34645600093063,random,7b,development,visual_counterfact_color_000492,2102,432,True,True,False
mmstar,30.88383092880249,34.38069907784462,109.03340499498881,random,7b,prospective,mmstar_000155,2102,dense,True,True,False
mmstar,32.97046978473663,29.98514752626419,94.69977099797688,random,7b,development,mmstar_000067,2102,dense,False,False,False
mmstar,35.297187595367426,31.831264132261275,100.28243401029613,random,7b,prospective,mmstar_001025,2102,dense,True,True,False
mmstar,38.15931362390518,32.232083035707475,94.63327100093011,random,7b,prospective,mmstar_000567,2102,dense,False,False,False
visual_counterfact_size,62.923317756652835,57.446194472312925,160.4430949955713,random,7b,development,visual_counterfact_size_000492,2102,dense,True,True,False
mmstar,57.810404260158535,46.6655008494854,119.40379999577999,random,7b,development,mmstar_000368,2102,dense,False,False,False
mmstar,42.314678297042846,46.98576607704163,108.75849898729939,random,7b,development,mmstar_000735,2102,dense,True,True,False
pope_adversarial,41.297178921699526,42.54508661270142,94.19572599290404,random,7b,prospective,pope_adversarial_002623,2102,256,True,True,False
pope_popular,40.98156508922577,44.09354533672333,93.551172001753,random,7b,prospective,pope_popular_002898,2102,256,False,False,False
visual_counterfact_color,50.96956719875336,144.1252661049366,326.8076300009852,random,7b,prospective,visual_counterfact_color_000233,2102,432,True,True,False
visual_counterfact_color,39.69138222455978,31.023499472141268,92.6632220071042,random,7b,development,visual_counterfact_color_000188,2102,432,True,True,False
visual_counterfact_color,43.751355541944505,32.8999646294117,99.91279800306074,random,7b,prospective,visual_counterfact_color_000182,2102,432,True,True,False
visual_counterfact_color,34.35791549682617,24.754047393798828,95.30545500456356,random,7b,prospective,visual_counterfact_color_000265,2102,432,True,True,False
pope_adversarial,34.88647712469101,24.768155406713483,96.68663099000696,random,7b,development,pope_adversarial_000634,2102,256,True,True,False
pope_adversarial,28.78139019012451,20.171658761501313,95.70903101121075,random,7b,prospective,pope_adversarial_001014,2102,256,True,True,False
pope_random,40.1293636405468,19.489941322803496,93.87738900841214,random,7b,development,pope_random_000001,2102,256,False,True,False
pope_random,25.387402853965764,14.440720117092132,91.08338700025342,random,7b,prospective,pope_random_002136,2102,256,True,True,False
mmstar,105.93912985682488,15.754925380945204,100.43435300758574,random,7b,development,mmstar_001093,2102,dense,False,False,False
visual_counterfact_color,28.27271737098694,11.756894588470459,90.38915499695577,random,7b,development,visual_counterfact_color_000244,2102,432,True,True,False
visual_counterfact_size,39.27162405967712,17.156035784482956,124.68996801180765,random,7b,development,visual_counterfact_size_000283,2102,dense,False,False,False
visual_counterfact_size,25.234502601623536,20.6376211476326,127.89094500476494,random,7b,prospective,visual_counterfact_size_000310,2102,dense,False,False,False
mmstar,23.193171093463896,18.46315422773361,91.8503199936822,random,7b,prospective,mmstar_000384,2102,dense,False,False,False
pope_popular,25.204627203941346,20.192747974395754,90.57629299059045,random,7b,development,pope_popular_000565,2102,256,False,True,False
mmstar,32.95069434285164,28.545361919403078,104.77480899135116,random,7b,prospective,mmstar_000091,2102,dense,False,True,False
visual_counterfact_color,30.108011289834977,30.111411530971527,100.55867100891192,random,7b,development,visual_counterfact_color_000472,2102,432,True,True,False
visual_counterfact_color,33.95867758154869,32.470098842382434,93.78027000639122,random,7b,development,visual_counterfact_color_000347,2102,432,True,True,False
pope_random,33.32328339457512,33.56595461368561,93.12468700227328,random,7b,prospective,pope_random_002928,2102,256,True,True,False
visual_counterfact_color,33.32534856677055,113.28806785583494,304.2367990128696,random,7b,development,visual_counterfact_color_000340,2102,432,True,True,False
visual_counterfact_size,36.80921924948693,110.19610635280608,334.65886100020725,random,7b,development,visual_counterfact_size_000158,2102,dense,True,True,False
mmstar,30.031485811471935,74.49332314610481,328.62632200703956,random,7b,development,mmstar_001349,2102,432,False,False,False
mmstar,29.554651644229885,20.509747388362886,94.1412259999197,random,7b,prospective,mmstar_001061,2102,dense,False,False,False
pope_random,26.504417810440064,21.06623738050461,92.62071199191269,random,7b,prospective,pope_random_002214,2102,256,True,True,False
mmstar,29.154521312713623,27.539661293029788,101.0549470083788,random,7b,development,mmstar_000984,2102,dense,False,False,False
visual_counterfact_size,22.527117919921878,26.278395709991457,88.89129899034742,random,7b,development,visual_counterfact_size_000470,2102,dense,True,True,False
mmstar,23.58055114746094,31.70941927433014,92.39450399763882,random,7b,prospective,mmstar_000103,2102,dense,True,True,False
visual_counterfact_color,21.18744137406349,44.094065554142,122.9275149962632,random,7b,prospective,visual_counterfact_color_000200,2102,432,True,True,False
pope_popular,15.56668307185173,35.98687409877777,90.5071730085183,random,7b,development,pope_popular_000140,2102,256,False,False,False
visual_counterfact_size,17.220342779159548,47.191961928606034,119.30990099790506,random,7b,development,visual_counterfact_size_000216,2102,dense,False,False,False
pope_random,20.401118341684345,35.747897028923035,93.30469499400351,random,7b,development,pope_random_000632,2102,256,True,True,False
visual_counterfact_size,19.31590347528458,46.96945272684097,125.21579199528787,random,7b,development,visual_counterfact_size_000105,2102,dense,False,False,False
visual_counterfact_color,17.7492816567421,37.67647341609001,104.63118000188842,random,7b,development,visual_counterfact_color_000355,2102,432,True,True,False
mmstar,17.961156749725344,34.01462605953216,96.0765970085049,random,7b,prospective,mmstar_000934,2102,dense,False,False,False
pope_adversarial,19.81479173183441,33.623783820867544,96.11746700829826,random,7b,development,pope_adversarial_000492,2102,256,False,False,False
visual_counterfact_color,20.179861536026,35.92006958842278,100.11532600037754,random,7b,prospective,visual_counterfact_color_000081,2102,432,True,True,False
visual_counterfact_size,29.442870104312895,49.583614773750305,136.17115099623334,random,7b,prospective,visual_counterfact_size_000464,2102,dense,True,True,False
visual_counterfact_color,78.17642786979675,40.9896118927002,109.82455800694879,random,7b,prospective,visual_counterfact_color_000116,2102,432,False,True,True
pope_popular,20.6909971678257,34.756573565006256,92.63948199804872,random,7b,development,pope_popular_000006,2102,256,True,True,False
visual_counterfact_color,24.67260478138924,42.430339336395264,110.60225999972317,random,7b,development,visual_counterfact_color_000008,2102,432,True,True,False
mmstar,21.352335761785508,43.33469601988792,108.37386301136576,random,7b,development,mmstar_000532,2102,dense,False,False,False
mmstar,25.348303606510157,40.84436450958252,96.75238000636455,random,7b,development,mmstar_001418,2102,dense,False,True,False
pope_popular,27.016215777397154,42.05888692617417,96.3337249995675,random,7b,prospective,pope_popular_001651,2102,256,False,True,False
visual_counterfact_color,32.31061795949935,43.96901411771774,98.54365199862514,random,7b,prospective,visual_counterfact_color_000278,2102,432,True,True,False
pope_random,34.48262328028679,42.26506091594696,95.225005003158,random,7b,development,pope_random_000184,2102,256,False,True,True
mmstar,134.84301559209825,39.683098719120025,89.68448100495152,random,7b,development,mmstar_000018,2102,dense,False,False,False
pope_adversarial,40.384258339405065,42.14788392782211,92.64571199310012,random,7b,prospective,pope_adversarial_002875,2102,256,False,True,False
visual_counterfact_color,35.323260126113894,43.91962393760681,94.84890000021551,random,7b,prospective,visual_counterfact_color_000477,2102,432,True,True,False
mmstar,36.97006238937379,47.86398825407028,97.30406499875244,random,7b,development,mmstar_000678,2102,dense,False,False,False
visual_counterfact_size,38.776340885162355,63.2632469201088,124.19807200785726,random,7b,prospective,visual_counterfact_size_000490,2102,dense,False,False,False
mmstar,28.386063635349274,48.7315821814537,96.25590599898715,random,7b,development,mmstar_000256,2102,dense,False,False,False
visual_counterfact_size,36.648872690200804,66.9154679811001,134.71817498793826,random,7b,development,visual_counterfact_size_000303,2102,dense,True,True,False
pope_adversarial,71.11406805515288,45.88522622466087,99.63624099327717,random,7b,prospective,pope_adversarial_000984,2102,256,True,True,False
visual_counterfact_size,17.702414169311524,44.92163004159927,98.74622999632265,random,7b,development,visual_counterfact_size_000048,2102,dense,True,True,False
pope_popular,20.506309205293654,44.85594595432282,100.85868900932837,random,7b,prospective,pope_popular_001195,2102,256,False,True,False
pope_popular,21.234622306823727,43.91523910999298,98.9929170027608,random,7b,development,pope_popular_000518,2102,256,True,False,False
pope_random,24.806709984540937,41.677992045879364,94.25828600069508,random,7b,development,pope_random_000699,2102,256,False,True,False
visual_counterfact_size,41.15196008324623,57.02669553518295,134.62619700294454,random,7b,prospective,visual_counterfact_size_000532,2102,dense,False,False,False
pope_adversarial,30.0309213078022,39.047302598953245,93.78755999205168,random,7b,prospective,pope_adversarial_002610,2102,256,False,False,False
visual_counterfact_color,35.9946512234211,43.38873374342919,111.04915599571541,random,7b,development,visual_counterfact_color_000404,2102,432,False,False,False
mmstar,30.51143627524376,34.43590557217598,88.27564600505866,random,7b,prospective,mmstar_001451,2102,dense,False,True,False
visual_counterfact_color,35.54845007300377,40.24262504696846,109.20810399693437,random,7b,prospective,visual_counterfact_color_000330,2102,432,True,True,False
visual_counterfact_size,46.527790921926496,43.57693273067475,121.23262199747842,random,7b,prospective,visual_counterfact_size_000435,2102,dense,True,True,False
visual_counterfact_color,31.23187541127205,33.97582614183426,99.90285799722187,random,7b,prospective,visual_counterfact_color_000449,2102,432,True,True,False
pope_popular,33.73384614229202,29.59082827091217,91.81363999960013,random,7b,prospective,pope_popular_002460,2102,256,True,True,False
mmstar,33.180564208030695,91.36968139648438,324.41624499915633,random,7b,development,mmstar_000785,2102,dense,False,False,False
mmstar,29.60118191719055,27.239902976751328,107.18418500619009,random,7b,prospective,mmstar_001146,2102,dense,False,True,False
visual_counterfact_size,91.18751422166825,30.55527627944946,120.16172299627215,random,7b,development,visual_counterfact_size_000273,2102,dense,False,False,False
pope_popular,18.993787360191345,23.762053650617595,90.2765849896241,random,7b,prospective,pope_popular_001842,2102,256,False,True,False
mmstar,18.75157829761505,22.66657084703445,86.15627800463699,random,7b,prospective,mmstar_001484,2102,dense,False,False,False
mmstar,20.556946939229963,26.70447747707367,103.18443500727881,random,7b,development,mmstar_001458,2102,dense,False,False,False
pope_popular,23.776421506404876,26.82288437604904,102.98013700230513,random,7b,prospective,pope_popular_001356,2102,256,False,False,False
visual_counterfact_size,34.79877420425415,32.645939755439755,124.10952300706413,random,7b,prospective,visual_counterfact_size_000020,2102,dense,False,False,False
pope_adversarial,32.22073697566986,27.91978666782379,93.68701100174803,random,7b,prospective,pope_adversarial_001056,2102,256,False,False,False
mmstar,34.82009726047516,28.391557180881495,91.0738480015425,random,7b,development,mmstar_000148,2102,432,False,False,False
mmstar,37.70709365725517,32.94514689445496,93.71938100957777,random,7b,development,mmstar_000334,2102,dense,False,True,False
visual_counterfact_size,45.475205525159836,46.55006425380707,124.13060199469328,random,7b,development,visual_counterfact_size_000613,2102,dense,False,False,False
mmstar,37.7684786260128,37.24307487130165,91.98562799429055,random,7b,development,mmstar_001206,2102,dense,False,True,False
pope_random,45.64592866301537,37.43615528583526,91.70658100629225,random,7b,development,pope_random_000283,2102,256,False,True,False
mmstar,43.32538819909095,38.782491724491116,91.07214800314978,random,7b,prospective,mmstar_000602,2102,432,False,False,False
pope_popular,40.087386816740036,39.419241065979,91.6480519954348,random,7b,development,pope_popular_000529,2102,256,True,True,False
visual_counterfact_size,53.642387247085566,234.81400075793266,756.4385589939775,random,7b,prospective,visual_counterfact_size_000610,2102,dense,False,False,False
visual_counterfact_color,40.36756710290909,22.279814245700837,116.14031399949454,random,7b,prospective,visual_counterfact_color_000384,2102,432,True,True,False
mmstar,40.11809557080269,17.66969748735428,95.49659201002214,random,7b,prospective,mmstar_001194,2102,dense,False,False,False
visual_counterfact_color,38.65765591263771,23.346557477712633,106.15690499253105,random,7b,development,visual_counterfact_color_000225,2102,432,True,True,False
mmstar,36.31187235355377,22.17739439249039,91.851859993767,random,7b,development,mmstar_000061,2102,dense,False,False,False
pope_adversarial,46.07733444809914,26.729537168741224,90.90807000757195,random,7b,development,pope_adversarial_000406,2102,256,True,True,False
visual_counterfact_color,67.36498773574829,30.840912169218058,94.19307600182947,random,7b,development,visual_counterfact_color_000074,2102,432,True,True,False
mmstar,47.700242743492126,38.44140762805938,101.34429299796466,random,7b,development,mmstar_001398,2102,432,False,True,False
pope_popular,28.76628124237061,37.08565987110138,89.05986799800303,random,7b,development,pope_popular_000211,2102,256,False,True,False
pope_random,24.47820308089256,41.29133323192596,90.71478099212982,random,7b,development,pope_random_000363,2102,256,False,True,False
visual_counterfact_color,28.325661332607268,53.817342467308045,109.51154099893756,random,7b,development,visual_counterfact_color_000429,2102,432,True,True,False
visual_counterfact_color,22.747447288036344,50.06971709251403,99.05468700162601,random,7b,prospective,visual_counterfact_color_000480,2102,432,True,True,False
mmstar,20.33460146307945,46.616653213500975,91.1654359952081,random,7b,development,mmstar_000087,2102,dense,False,False,False
mmstar,18.175593700408935,45.79203920125961,90.61977300734725,random,7b,development,mmstar_001192,2102,dense,False,True,False
pope_popular,18.120620296001434,44.32681574821472,88.2762559922412,random,7b,development,pope_popular_000189,2102,256,False,True,False
pope_adversarial,14.891329348087309,42.45053479075432,84.35193600598723,random,7b,prospective,pope_adversarial_002532,2102,256,True,True,False
mmstar,15.920086967945098,44.626803207397465,88.47603399772197,random,7b,development,mmstar_000895,2102,dense,True,True,False
visual_counterfact_color,14.347136592864992,44.059436947107315,87.26065700466279,random,7b,development,visual_counterfact_color_000121,2102,432,True,True,False
mmstar,15.986852377653122,47.386545771360396,93.76554099435452,random,7b,development,mmstar_001154,2102,dense,False,False,False
pope_popular,15.830432724952697,45.049629123210906,89.12397701351438,random,7b,development,pope_popular_000458,2102,256,True,True,False
mmstar,18.88988582611084,57.576951227188104,113.91714599449188,random,7b,development,mmstar_001057,2102,dense,False,True,False
visual_counterfact_color,18.316961674690248,49.57330479621887,99.99572701053694,random,7b,development,visual_counterfact_color_000238,2102,432,True,True,False
visual_counterfact_color,17.441904253959656,45.48546285629273,92.37721499812324,random,7b,development,visual_counterfact_color_000304,2102,432,True,True,False
visual_counterfact_size,23.91216606616974,60.684711170196536,128.97454400081187,random,7b,development,visual_counterfact_size_000726,2102,dense,True,True,False
visual_counterfact_size,20.34012570977211,46.14984018325806,99.91495800204575,random,7b,development,visual_counterfact_size_000297,2102,dense,True,True,False
visual_counterfact_color,22.461675596237182,44.10155059456825,103.76132899546064,random,7b,prospective,visual_counterfact_color_000282,2102,432,True,True,False
mmstar,23.048567869663238,46.82600562572479,114.22473299899139,random,7b,prospective,mmstar_000521,2102,432,False,False,True
mmstar,22.60712005376816,37.54829787015915,96.47770300216507,random,7b,development,mmstar_001445,2102,dense,False,False,False
mmstar,23.620425577163697,42.790381022691726,109.54570998728741,random,7b,prospective,mmstar_000673,2102,dense,False,False,False
visual_counterfact_size,27.529687803983688,47.59580641508102,121.2015819910448,random,7b,development,visual_counterfact_size_000148,2102,dense,False,False,False
pope_random,71.5924364387989,36.20173693418503,91.54224299709313,random,7b,prospective,pope_random_002832,2102,256,False,False,False
mmstar,21.385922684669495,34.9477237033844,88.2321559911361,random,7b,development,mmstar_000710,2102,dense,True,True,False
visual_counterfact_size,21.823435363769534,41.45345551848412,101.27100399404299,random,7b,prospective,visual_counterfact_size_000075,2102,dense,False,True,False
mmstar,22.05209571361542,38.005048942565914,91.57216300081927,random,7b,prospective,mmstar_000971,2102,dense,False,False,False
mmstar,24.48164348602295,39.43328620791435,89.10208800807595,random,7b,development,mmstar_000656,2102,dense,False,True,False
mmstar,29.786096663475035,39.95453679561615,87.58806300465949,random,7b,development,mmstar_001442,2102,dense,False,False,False
pope_popular,30.83209234476089,41.25640787005425,88.01811900048051,random,7b,development,pope_popular_000100,2102,256,True,True,False
mmstar,34.340557781457896,45.34171192646026,94.21718600788154,random,7b,prospective,mmstar_001126,2102,dense,False,False,False
visual_counterfact_size,35.87615926265716,40.796846728324894,84.7715510026319,random,7b,prospective,visual_counterfact_size_000041,2102,dense,False,False,False
pope_random,39.53557641983032,43.600783309936524,90.58924199780449,random,7b,prospective,pope_random_001200,2102,256,False,False,False
visual_counterfact_size,48.55539153814316,48.10337629318237,98.2293549895985,random,7b,prospective,visual_counterfact_size_000524,2102,dense,True,True,False
mmstar,46.69412597179412,46.14703516960144,92.73658100573812,random,7b,development,mmstar_000535,2102,dense,False,True,False
pope_adversarial,46.343106830120085,44.75313359498978,88.24098600598518,random,7b,development,pope_adversarial_000093,2102,256,False,True,False
visual_counterfact_size,51.60812448740005,51.25361049771309,98.96630799630657,random,7b,development,visual_counterfact_size_000380,2102,dense,True,True,False
pope_adversarial,47.00038252830505,45.74397050261497,87.47102400229778,random,7b,development,pope_adversarial_000572,2102,256,True,True,False
mmstar,48.281282734870906,47.45452981472015,89.85022001434118,random,7b,prospective,mmstar_001477,2102,dense,False,False,False
visual_counterfact_size,66.5002122759819,68.15099563598633,129.8385749978479,random,7b,development,visual_counterfact_size_000176,2102,dense,False,False,False
pope_adversarial,41.317401182651516,44.8432470703125,85.70249199692626,random,7b,development,pope_adversarial_000731,2102,256,False,True,False
pope_popular,43.87430683135986,45.03664813637733,89.02594799292274,random,7b,development,pope_popular_000311,2102,256,False,True,False
pope_random,34.68605007886887,47.710560324192045,95.46328299620654,random,7b,development,pope_random_000651,2102,256,False,True,False
pope_adversarial,33.87080035090446,42.271569391489024,86.33082600135822,random,7b,development,pope_adversarial_000518,2102,256,True,True,False
visual_counterfact_size,33.24057662606239,49.29778668880462,101.82424800586887,random,7b,prospective,visual_counterfact_size_000260,2102,dense,True,True,False
mmstar,34.96470957040787,49.575001564025875,104.90253700118046,random,7b,development,mmstar_000019,2102,dense,False,False,False
mmstar,25.322318155765537,43.36060190200806,92.77668100548908,random,7b,prospective,mmstar_001452,2102,dense,False,False,False
pope_popular,24.448071377277376,40.18309509634972,88.24167599959765,random,7b,development,pope_popular_000378,2102,256,True,True,False
mmstar,51.658943333625785,98.84220534563065,226.79612299543805,random,7b,development,mmstar_000543,2102,432,False,False,False
mmstar,18.02509430885315,36.60893187284469,88.10276800068095,random,7b,prospective,mmstar_000519,2102,dense,False,False,False
pope_adversarial,19.391655101776124,33.492346141338345,89.7724609967554,random,7b,development,pope_adversarial_000359,2102,256,False,True,False
mmstar,20.640820485353466,36.560059021711346,99.70077998877969,random,7b,prospective,mmstar_000031,2102,dense,True,True,False
visual_counterfact_size,29.938332128524777,38.91946638107299,116.20656300510745,random,7b,development,visual_counterfact_size_000274,2102,dense,False,False,False
mmstar,24.086811408996578,28.830987432003017,87.2354860039195,random,7b,prospective,mmstar_000375,2102,dense,True,True,False
mmstar,44.015152161121364,43.38341615080833,150.66561500134412,random,7b,prospective,mmstar_000920,2102,dense,False,False,False
visual_counterfact_color,30.381010076999665,24.857479742765427,87.91798001038842,random,7b,development,visual_counterfact_color_000371,2102,432,True,True,False
pope_random,27.740539747476575,24.71091907978058,89.05333800066728,random,7b,development,pope_random_000270,2102,256,True,True,False
mmstar,32.07896054267883,28.142995277643205,95.0833069946384,random,7b,development,mmstar_000816,2102,dense,False,True,False
pope_random,30.859410166740414,28.93058486938477,92.38338400609791,random,7b,prospective,pope_random_002568,2102,256,True,True,False
pope_popular,31.26671581029892,99.84593490719794,303.33512800280005,random,7b,prospective,pope_popular_002640,2102,256,False,False,False
pope_adversarial,28.96688343286514,30.609264197349546,87.43568499630783,random,7b,prospective,pope_adversarial_002160,2102,256,True,True,False
mmstar,26.615125422477725,189.02813020944598,585.6479590001982,random,7b,development,mmstar_001472,2102,dense,False,True,False
visual_counterfact_size,24.700689005851746,23.38366418123245,87.83199099707417,random,7b,prospective,visual_counterfact_size_000137,2102,dense,True,True,False
pope_random,23.96705446362495,24.04212678194046,89.81546100403648,random,7b,prospective,pope_random_001110,2102,256,False,False,False
pope_popular,24.01330678582191,27.794505527019503,96.48393299721647,random,7b,prospective,pope_popular_002130,2102,256,False,False,False
pope_adversarial,25.364462478160856,26.933349033594133,87.32161599618848,random,7b,development,pope_adversarial_000118,2102,256,True,True,False
mmstar,38.800079641342165,42.96668924093247,133.36731999879703,random,7b,prospective,mmstar_001285,2102,dense,False,False,False
visual_counterfact_color,29.602763473987576,35.63035070896149,106.61142000753898,random,7b,development,visual_counterfact_color_000003,2102,432,True,True,False
pope_popular,25.667741380929943,31.53286228179931,90.16487699409481,random,7b,development,pope_popular_000039,2102,256,False,True,False
pope_random,24.400127319097518,30.526237475872037,87.25083600438666,random,7b,development,pope_random_000115,2102,256,False,True,False
mmstar,25.93720438122749,33.70069928407669,91.85378999973182,random,7b,prospective,mmstar_000581,2102,dense,False,False,False
mmstar,31.775044779777527,34.04762733459473,91.95773900137283,random,7b,development,mmstar_000799,2102,dense,False,False,False
mmstar,28.02160395026207,30.887656540870665,87.98871900944505,random,7b,prospective,mmstar_000183,2102,dense,True,True,False
pope_random,31.118270829916,94.59474333643914,307.93044199526776,random,7b,development,pope_random_000228,2102,256,False,False,False
pope_popular,30.15168594241142,21.26456763148308,89.47333399555646,random,7b,development,pope_popular_000165,2102,256,False,True,False
mmstar,29.516186828613282,20.206120239496233,89.34129499539267,random,7b,prospective,mmstar_000564,2102,dense,False,False,False
mmstar,27.26998837471009,21.240801802873612,90.52394299942534,random,7b,prospective,mmstar_000723,2102,dense,True,True,False
pope_random,29.536517543792726,21.5665514588356,90.1996659958968,random,7b,development,pope_random_000157,2102,256,False,True,False
visual_counterfact_size,37.43387490272522,27.24295599222183,98.71107000799384,random,7b,prospective,visual_counterfact_size_000708,2102,dense,False,False,False
mmstar,36.94942256212235,27.939421367645263,92.31715499481652,random,7b,prospective,mmstar_000512,2102,dense,False,False,False
mmstar,36.24799856781959,29.592800697088244,88.34180499252398,random,7b,development,mmstar_000417,2102,dense,True,True,False
pope_adversarial,36.5637217772007,33.01267672777176,90.55813298618887,random,7b,development,pope_adversarial_000003,2102,256,False,True,False
pope_random,80.73487600922584,36.805767356157304,92.30187498906162,random,7b,development,pope_random_000227,2102,256,False,True,False
visual_counterfact_color,85.51871133208275,49.193687744140625,114.12421500426717,random,7b,development,visual_counterfact_color_000105,2102,432,True,True,False
mmstar,41.1709586751461,44.81109064102173,97.6292609993834,random,7b,development,mmstar_000853,2102,dense,False,True,False
visual_counterfact_color,38.56048191308975,41.847697949409486,88.76956099993549,random,7b,prospective,visual_counterfact_color_000393,2102,432,True,True,False
pope_adversarial,39.49894349336624,41.37790889143943,86.84429099957924,random,7b,prospective,pope_adversarial_001584,2102,256,False,False,True
pope_random,36.88550169348717,42.93867506384849,89.14923699921928,random,7b,development,pope_random_000595,2102,256,False,True,False
mmstar,36.516159389019016,41.927109073400494,87.69384199695196,random,7b,development,mmstar_000493,2102,dense,True,True,False
mmstar,38.608797813653936,31.74914785981178,143.59709700511303,fastv,13b,prospective,mmstar_000291,2102,432,False,False,False
pope_popular,46.28398584723472,40.193447595834726,142.46693800669163,fastv,13b,prospective,pope_popular_000324,2102,432,True,True,False
mmstar,50.86411960005759,46.164603531360626,144.09721200354397,fastv,13b,development,mmstar_001425,2102,432,False,False,False
mmstar,62.90632265090942,115.67337197422981,356.6466890042648,fastv,13b,development,mmstar_000021,2102,432,False,False,False
pope_adversarial,62.212847584486006,50.05492453098297,146.14548100507818,fastv,13b,prospective,pope_adversarial_002400,2102,432,True,True,False
pope_random,68.85469424724579,51.85624090313912,141.3592089957092,fastv,13b,prospective,pope_random_000846,2102,256,False,False,False
pope_adversarial,61.30559879541397,53.45706474304199,142.21332999295555,fastv,13b,development,pope_adversarial_000019,2102,432,False,True,False
pope_random,61.48943376660347,47.65275964736938,145.06815100321546,fastv,13b,prospective,pope_random_001134,2102,256,True,True,False
pope_random,64.07257461547852,48.34942040920257,156.62112600693945,fastv,13b,prospective,pope_random_002347,2102,256,False,True,False
visual_counterfact_size,77.48000656127928,52.326432324647904,187.06246200599708,fastv,13b,development,visual_counterfact_size_000381,2102,dense,True,True,False
visual_counterfact_color,60.8192956495285,40.78844895243644,153.85231300024316,fastv,13b,development,visual_counterfact_color_000344,2102,432,True,True,False
visual_counterfact_size,68.03453041434288,44.52073613405227,159.32112900190987,fastv,13b,development,visual_counterfact_size_000488,2102,dense,True,True,False
visual_counterfact_size,63.69114973306656,52.16073987722397,159.0477319987258,fastv,13b,prospective,visual_counterfact_size_000198,2102,dense,True,True,False
pope_adversarial,56.1158686876297,49.61691863298417,137.96329199976753,fastv,13b,development,pope_adversarial_000558,2102,432,True,True,False
visual_counterfact_color,62.78671434521675,58.15524977087975,151.77868500177283,fastv,13b,prospective,visual_counterfact_color_000363,2102,432,True,True,False
mmstar,56.57492500424385,58.05547478199006,143.80682399496436,fastv,13b,development,mmstar_000621,2102,432,False,True,False
pope_popular,57.346999663114545,58.41302928328514,139.31439899897669,fastv,13b,prospective,pope_popular_000876,2102,432,True,True,False
visual_counterfact_color,60.957193148136135,62.11034787178039,145.68149599654134,fastv,13b,development,visual_counterfact_color_000139,2102,432,True,True,False
visual_counterfact_size,76.28633003711701,70.00586985111237,162.06084200530313,fastv,13b,prospective,visual_counterfact_size_000448,2102,dense,True,True,False
pope_adversarial,66.11760096430778,60.46644887566566,139.11333099531475,fastv,13b,development,pope_adversarial_000748,2102,432,True,True,False
visual_counterfact_size,58.73386455893517,60.39451716065407,135.73018499300815,fastv,13b,development,visual_counterfact_size_000229,2102,dense,True,True,False
visual_counterfact_size,60.06058630466461,60.36771921992302,136.4778270071838,fastv,13b,development,visual_counterfact_size_000194,2102,dense,False,False,False
pope_adversarial,62.07019329547882,63.96136510491371,145.15087100153323,fastv,13b,development,pope_adversarial_000308,2102,432,True,True,False
mmstar,61.97599334597587,63.864463326931,144.64086599764414,fastv,13b,development,mmstar_001084,2102,432,False,False,False
visual_counterfact_color,91.43345061659814,114.48388221025468,273.3481410105014,fastv,13b,development,visual_counterfact_color_000492,2102,432,False,True,False
mmstar,42.66134871482849,54.586209664344786,140.21466000122018,fastv,13b,prospective,mmstar_000155,2102,432,False,False,False
mmstar,51.758101541996,71.81920665502547,183.19105100817978,fastv,13b,development,mmstar_000067,2102,432,False,False,False
mmstar,182.77401178002356,196.5414547264576,508.9073190029012,fastv,13b,prospective,mmstar_001025,2102,432,False,False,False
mmstar,72.93808466434479,92.26476418733597,228.18421199917793,fastv,13b,prospective,mmstar_000567,2102,432,False,False,False
visual_counterfact_size,67.55378376841546,98.81612985610963,238.79713600035757,fastv,13b,development,visual_counterfact_size_000492,2102,dense,True,True,False
mmstar,41.568929986953734,57.73257764935493,138.93830300366972,fastv,13b,development,mmstar_000368,2102,432,True,True,False
mmstar,41.17539999485015,59.788598606586454,145.76657500583678,fastv,13b,development,mmstar_000735,2102,432,True,True,False
pope_adversarial,49.40782066345215,57.73370588302612,141.9470130058471,fastv,13b,prospective,pope_adversarial_002623,2102,432,True,True,False
pope_popular,52.50733918309213,58.50822998046874,140.39892799337395,fastv,13b,prospective,pope_popular_002898,2102,432,False,False,False
visual_counterfact_color,80.9057194674015,73.71300681710242,173.30099998798687,fastv,13b,prospective,visual_counterfact_color_000233,2102,256,True,True,False
visual_counterfact_color,51.943103137016294,56.386762002706526,137.8986430063378,fastv,13b,development,visual_counterfact_color_000188,2102,432,True,True,False
visual_counterfact_color,54.09404532313348,61.78076260209084,152.54332699987572,fastv,13b,prospective,visual_counterfact_color_000182,2102,432,True,True,False
visual_counterfact_color,54.33386042237282,56.53269937992096,137.70892500178888,fastv,13b,prospective,visual_counterfact_color_000265,2102,432,True,True,False
pope_adversarial,55.611204345226284,59.9729070353508,138.98716299445368,fastv,13b,development,pope_adversarial_000634,2102,432,True,True,False
pope_adversarial,53.50384030103683,58.94159251809119,139.5306070044171,fastv,13b,prospective,pope_adversarial_001014,2102,432,True,True,False
pope_random,52.99924071550369,56.36059789538383,139.0004319982836,fastv,13b,development,pope_random_000001,2102,256,False,True,False
pope_random,48.65250252127647,135.90242163062095,369.42758099758066,fastv,13b,prospective,pope_random_002136,2102,256,True,True,False
mmstar,47.022615292072295,48.97061516046524,150.85667399398517,fastv,13b,development,mmstar_001093,2102,432,False,False,False
visual_counterfact_color,43.379645311832434,45.07091633677482,135.5873260035878,fastv,13b,development,visual_counterfact_color_000244,2102,432,False,True,False
visual_counterfact_size,53.10902442932129,55.823137164115906,160.04916200472508,fastv,13b,development,visual_counterfact_size_000283,2102,dense,True,True,False
visual_counterfact_size,62.68630606532096,64.42155789256095,183.58496700238902,fastv,13b,prospective,visual_counterfact_size_000310,2102,dense,False,False,False
mmstar,49.617174527645105,50.862281061410904,142.89481299056206,fastv,13b,prospective,mmstar_000384,2102,432,False,False,False
pope_popular,55.65593492746353,54.50500309944153,149.60663599777035,fastv,13b,development,pope_popular_000565,2102,432,False,True,False
mmstar,84.52637901902199,81.32199050903321,218.5069989936892,fastv,13b,prospective,mmstar_000091,2102,432,False,True,False
visual_counterfact_color,52.94850266456604,118.65331393957136,348.90914599236567,fastv,13b,development,visual_counterfact_color_000472,2102,432,True,True,False
visual_counterfact_color,50.66210844397545,43.64208120822906,137.33364900690503,fastv,13b,development,visual_counterfact_color_000347,2102,432,True,True,False
pope_random,47.695350561141964,43.783950562477116,137.03037200320978,fastv,13b,prospective,pope_random_002928,2102,256,True,True,False
visual_counterfact_color,55.177799315452575,43.48533017158509,135.93268299882766,fastv,13b,development,visual_counterfact_color_000340,2102,432,True,True,False
visual_counterfact_size,62.378551627397535,52.843725905418395,164.80335498636123,fastv,13b,development,visual_counterfact_size_000158,2102,dense,True,True,False
mmstar,50.68027219653129,118.71338481426238,359.3088220077334,fastv,13b,development,mmstar_001349,2102,dense,False,False,False
mmstar,85.37485381960869,96.74720379710197,277.9802250006469,fastv,13b,prospective,mmstar_001061,2102,256,False,False,False
pope_random,45.01042567491531,47.444081035852435,142.03103199542966,fastv,13b,prospective,pope_random_002214,2102,256,True,True,False
mmstar,45.14462769031524,48.85744060993194,149.85273400088772,fastv,13b,development,mmstar_000984,2102,dense,False,False,False
visual_counterfact_size,42.678202855587,48.79871745586395,137.2312400053488,fastv,13b,development,visual_counterfact_size_000470,2102,dense,True,True,False
mmstar,46.92168175339699,53.002048766613,141.20070000353735,fastv,13b,prospective,mmstar_000103,2102,432,False,True,False
visual_counterfact_color,57.17739706635475,59.410368996858594,150.56176600046456,fastv,13b,prospective,visual_counterfact_color_000200,2102,432,True,True,False
pope_popular,44.47044855117798,54.61567199707031,134.82178399863187,fastv,13b,development,pope_popular_000140,2102,432,False,False,False
visual_counterfact_size,47.91909657001496,54.14303770065307,132.02753200312145,fastv,13b,development,visual_counterfact_size_000216,2102,dense,True,True,False
pope_random,44.74737369537353,55.15651387929916,154.59650599223096,fastv,13b,development,pope_random_000632,2102,256,True,True,False
visual_counterfact_size,68.0859424853325,64.2641708445549,188.58057699981146,fastv,13b,development,visual_counterfact_size_000105,2102,dense,False,False,False
visual_counterfact_color,48.049460804462434,44.362404642105105,137.14002100459766,fastv,13b,development,visual_counterfact_color_000355,2102,256,True,True,False
mmstar,48.64432575702667,43.18621295928955,139.1464110056404,fastv,13b,prospective,mmstar_000934,2102,432,False,False,False
pope_adversarial,49.309295561313625,42.376510388851166,140.97622300323565,fastv,13b,development,pope_adversarial_000492,2102,432,True,True,False
visual_counterfact_color,40.124289381504056,45.74758624792099,142.93436300067697,fastv,13b,prospective,visual_counterfact_color_000081,2102,432,True,True,False
visual_counterfact_size,53.59224583983422,70.0521227836609,188.21747999754734,fastv,13b,prospective,visual_counterfact_size_000464,2102,dense,True,True,False
visual_counterfact_color,43.674171959161754,138.69321672558783,387.21480399544816,fastv,13b,prospective,visual_counterfact_color_000116,2102,256,True,True,False
pope_popular,31.5417885351181,49.77873899102211,144.5388569991337,fastv,13b,development,pope_popular_000006,2102,432,True,True,False
visual_counterfact_color,30.871688638925548,49.43172508716583,147.5369269901421,fastv,13b,development,visual_counterfact_color_000008,2102,256,True,True,False
mmstar,38.68391246080399,52.87030630826949,163.06251200148836,fastv,13b,development,mmstar_000532,2102,432,False,False,True
mmstar,158.38592182517053,167.89714983820915,500.80247000732925,fastv,13b,development,mmstar_001418,2102,432,False,False,False
pope_popular,68.291934415102,51.5843302321434,139.69730600365438,fastv,13b,prospective,pope_popular_001651,2102,432,False,True,False
visual_counterfact_color,53.25888970136643,55.19858971953393,149.58380701136775,fastv,13b,prospective,visual_counterfact_color_000278,2102,432,True,True,False
pope_random,49.90792085289955,50.241283497810365,138.85939298779704,fastv,13b,development,pope_random_000184,2102,256,True,True,False
mmstar,60.02987677574158,61.13295638561248,170.79222500615288,fastv,13b,development,mmstar_000018,2102,dense,True,True,False
pope_adversarial,53.58398144364357,51.85834143400192,142.3242989985738,fastv,13b,prospective,pope_adversarial_002875,2102,432,False,True,False
visual_counterfact_color,48.15708256483078,49.63855231761933,134.95530300133396,fastv,13b,prospective,visual_counterfact_color_000477,2102,432,True,True,False
mmstar,82.35637593269348,86.55049278259278,227.14186199300457,fastv,13b,development,mmstar_000678,2102,432,True,True,False
visual_counterfact_size,63.33755523204803,64.011851913929,161.38075898925308,fastv,13b,prospective,visual_counterfact_size_000490,2102,dense,True,True,False
mmstar,85.53322600960732,89.93327207207679,222.75832599552814,fastv,13b,development,mmstar_000256,2102,432,False,False,False
visual_counterfact_size,76.38046005249024,85.19062684059142,208.73675600159913,fastv,13b,development,visual_counterfact_size_000303,2102,dense,True,True,False
pope_adversarial,46.944657413959504,57.201062674522404,140.67396499740425,fastv,13b,prospective,pope_adversarial_000984,2102,432,True,True,False
visual_counterfact_size,48.52340486049653,54.07604376792908,134.70659499580506,fastv,13b,development,visual_counterfact_size_000048,2102,dense,True,True,False
pope_popular,45.822449469566344,55.03008175969124,139.08044098934624,fastv,13b,prospective,pope_popular_001195,2102,432,False,True,False
pope_popular,47.874606482982635,58.09186138629913,148.78058500471525,fastv,13b,development,pope_popular_000518,2102,432,True,True,False
pope_random,46.22687831282616,53.47253647327423,139.3734890007181,fastv,13b,development,pope_random_000699,2102,256,False,True,False
visual_counterfact_size,74.6100101840496,84.29168983697892,222.16152200417127,fastv,13b,prospective,visual_counterfact_size_000532,2102,dense,False,False,False
pope_adversarial,55.67838024139404,53.42213613986969,137.76042500103358,fastv,13b,prospective,pope_adversarial_002610,2102,432,False,False,False
visual_counterfact_color,57.13290073513985,56.553711973428726,142.01197199872695,fastv,13b,development,visual_counterfact_color_000404,2102,432,True,True,False
mmstar,60.417889409065246,54.68898631453514,135.27784901089035,fastv,13b,prospective,mmstar_001451,2102,432,False,True,False
visual_counterfact_color,72.2620372223854,65.6987954199314,163.11584200593643,fastv,13b,prospective,visual_counterfact_color_000330,2102,432,True,True,False
visual_counterfact_size,76.04725696444511,75.18407992243766,185.87433399807196,fastv,13b,prospective,visual_counterfact_size_000435,2102,dense,True,True,False
visual_counterfact_color,55.57808359861374,54.871387170553206,136.2986289896071,fastv,13b,prospective,visual_counterfact_color_000449,2102,432,True,True,False
pope_popular,56.15212318539619,55.646556998491285,139.85463300195988,fastv,13b,prospective,pope_popular_002460,2102,432,True,True,False
mmstar,238.73428774118423,231.4117595267296,590.7098330062581,fastv,13b,development,mmstar_000785,2102,432,False,False,False
mmstar,55.171804904937744,67.13257305383682,168.48628800653387,fastv,13b,prospective,mmstar_001146,2102,432,False,True,False
visual_counterfact_size,55.09725810050964,142.15924968361855,393.4406619955553,fastv,13b,development,visual_counterfact_size_000273,2102,dense,True,True,False
pope_popular,43.74870477557183,46.2993864929676,143.3785979897948,fastv,13b,prospective,pope_popular_001842,2102,432,False,False,False
mmstar,52.16643460035325,52.55541269898414,161.74238499661442,fastv,13b,prospective,mmstar_001484,2102,432,False,False,False
mmstar,100.96067133307457,47.51992729663849,142.39208798971958,fastv,13b,development,mmstar_001458,2102,432,False,True,False
pope_popular,54.92624917030335,49.038196703195574,141.1934000061592,fastv,13b,prospective,pope_popular_001356,2102,432,False,False,False
visual_counterfact_size,75.46146491885185,68.22276492238045,185.54969799879473,fastv,13b,prospective,visual_counterfact_size_000020,2102,dense,False,False,False
pope_adversarial,58.20623104214668,61.29640833854676,149.09090199216735,fastv,13b,prospective,pope_adversarial_001056,2102,432,False,True,True
mmstar,77.98368798971177,80.85968824625016,186.570916994242,fastv,13b,development,mmstar_000148,2102,dense,False,False,False
mmstar,58.16731109499931,61.69440506696701,144.76165399537422,fastv,13b,development,mmstar_000334,2102,432,True,True,False
visual_counterfact_size,54.1201853787899,60.73380536198616,146.70867500535678,fastv,13b,development,visual_counterfact_size_000613,2102,dense,True,True,False
mmstar,62.68424353599548,58.75783264160156,145.8362640114501,fastv,13b,development,mmstar_001206,2102,432,False,False,False
pope_random,59.0373422563076,60.69821020245552,145.64732600410935,fastv,13b,development,pope_random_000283,2102,256,False,True,False
mmstar,133.7022108209133,57.31801398992538,137.28890899801627,fastv,13b,prospective,mmstar_000602,2102,dense,False,False,False
pope_popular,47.09984933495521,57.68203181147575,137.09974099765532,fastv,13b,development,pope_popular_000529,2102,432,True,True,False
visual_counterfact_size,32.97152461051941,68.69125345110893,159.24977000395302,fastv,13b,prospective,visual_counterfact_size_000610,2102,dense,True,True,False
visual_counterfact_color,26.780624920129778,75.18354821801186,160.81136499997228,fastv,13b,prospective,visual_counterfact_color_000384,2102,432,True,True,False
mmstar,28.62386728286743,66.99444723010063,146.34377899346873,fastv,13b,prospective,mmstar_001194,2102,432,False,False,False
visual_counterfact_color,35.996463241577146,71.22522411584853,159.44984799716622,fastv,13b,development,visual_counterfact_color_000225,2102,256,True,True,False
mmstar,39.06625730037689,63.00165003776551,143.7053650006419,fastv,13b,development,mmstar_000061,2102,dense,False,False,False
pope_adversarial,39.794847419261934,60.79254716277123,137.28051900397986,fastv,13b,development,pope_adversarial_000406,2102,432,True,True,False
visual_counterfact_color,44.353860291242604,61.35915210604668,140.52732699201442,fastv,13b,development,visual_counterfact_color_000074,2102,256,True,True,False
mmstar,80.1354329252243,103.61224976420402,250.42504000884946,fastv,13b,development,mmstar_001398,2102,dense,False,False,False
pope_popular,44.93809716224671,57.16440049886704,140.10319201042876,fastv,13b,development,pope_popular_000211,2102,432,False,True,False
pope_random,45.13454772949218,58.47223710536956,142.3131990013644,fastv,13b,development,pope_random_000363,2102,256,False,True,False
visual_counterfact_color,52.644344154596325,57.094925314187996,141.43529800639953,fastv,13b,development,visual_counterfact_color_000429,2102,432,True,True,False
visual_counterfact_color,60.93447155475617,57.55928875684737,145.30907898733858,fastv,13b,prospective,visual_counterfact_color_000480,2102,256,True,True,False
mmstar,53.90890411376954,54.72501948595047,136.158509994857,fastv,13b,development,mmstar_000087,2102,432,True,True,False
mmstar,58.02087488889695,58.397812585830685,141.04983198922127,fastv,13b,development,mmstar_001192,2102,432,False,True,False
pope_popular,52.710362286567694,61.26942293643951,146.08276200306136,fastv,13b,development,pope_popular_000189,2102,432,False,True,False
pope_adversarial,55.724324247837075,55.869315803051,132.8507139987778,fastv,13b,prospective,pope_adversarial_002532,2102,432,True,True,False
mmstar,54.46496358394623,62.16341357588768,142.06803099659737,fastv,13b,development,mmstar_000895,2102,432,False,False,False
visual_counterfact_color,54.686880184412,60.4461567234993,137.5188870006241,fastv,13b,development,visual_counterfact_color_000121,2102,256,True,True,False
mmstar,61.24539518237114,61.024039417505264,142.66273600514978,fastv,13b,development,mmstar_001154,2102,256,True,True,False
pope_popular,51.15971989393235,56.77143295288086,138.61079599882942,fastv,13b,development,pope_popular_000458,2102,432,True,True,False
mmstar,59.12041728973388,72.99851597547531,180.01090300094802,fastv,13b,development,mmstar_001057,2102,256,False,True,False
visual_counterfact_color,51.43922256231308,63.86497177004814,151.2581900024088,fastv,13b,development,visual_counterfact_color_000238,2102,256,True,True,False
visual_counterfact_color,52.4265960931778,60.22512063384056,142.67414600180928,fastv,13b,development,visual_counterfact_color_000304,2102,432,True,True,False
visual_counterfact_size,76.01916956186295,93.40309304594993,220.70906599401496,fastv,13b,development,visual_counterfact_size_000726,2102,dense,True,True,False
visual_counterfact_size,56.79648236513138,67.24024565577507,155.5504470015876,fastv,13b,development,visual_counterfact_size_000297,2102,dense,True,True,False
visual_counterfact_color,57.51574753284454,65.82237133145333,147.6291860017227,fastv,13b,prospective,visual_counterfact_color_000282,2102,256,True,True,False
mmstar,57.8154949593544,65.89177026987076,147.45042700087652,fastv,13b,prospective,mmstar_000521,2102,432,False,False,False
mmstar,56.83854150772095,60.49530558943749,135.59823599644005,fastv,13b,development,mmstar_001445,2102,432,False,False,False
mmstar,92.67622044086455,96.79259538531304,215.63896699808538,fastv,13b,prospective,mmstar_000673,2102,432,False,False,False
visual_counterfact_size,86.36107995986939,85.0176142334938,189.742375005153,fastv,13b,development,visual_counterfact_size_000148,2102,dense,False,False,False
pope_random,63.33923378586769,60.20023388147354,138.1039309926564,fastv,13b,prospective,pope_random_002832,2102,256,True,True,False
mmstar,60.76388307332993,58.2292021214962,136.54220700846054,fastv,13b,development,mmstar_000710,2102,432,True,True,False
visual_counterfact_size,71.41789728045464,68.49070744514465,158.4177580079995,fastv,13b,prospective,visual_counterfact_size_000075,2102,dense,False,True,False
mmstar,63.313015872240065,64.07911944150925,142.3317189910449,fastv,13b,prospective,mmstar_000971,2102,432,False,False,False
mmstar,61.52177684664726,61.79409025669098,138.0556320073083,fastv,13b,development,mmstar_000656,2102,432,False,False,True
mmstar,60.55222243666648,61.75449802160262,139.78998399397824,fastv,13b,development,mmstar_001442,2102,432,False,True,False
pope_popular,66.28935123801232,62.48969776391983,141.89069299027324,fastv,13b,development,pope_popular_000100,2102,432,True,True,False
mmstar,123.48099170565605,134.9834904384613,298.0494950024877,fastv,13b,prospective,mmstar_001126,2102,432,False,True,True
visual_counterfact_size,87.54702224850655,91.38462792158126,212.75328600313514,fastv,13b,prospective,visual_counterfact_size_000041,2102,dense,True,True,False
pope_random,57.895469068288804,56.70384643793106,137.42478800122626,fastv,13b,prospective,pope_random_001200,2102,256,True,True,False
visual_counterfact_size,53.79198897242546,54.59849292755127,132.93883300502785,fastv,13b,prospective,visual_counterfact_size_000524,2102,dense,True,True,False
mmstar,217.96355748057368,57.77314466357231,143.51096699829213,fastv,13b,development,mmstar_000535,2102,256,False,False,False
pope_adversarial,55.8916529917717,56.43351563692093,143.4514680004213,fastv,13b,development,pope_adversarial_000093,2102,432,False,True,False
visual_counterfact_size,63.34228333711624,60.95574544668198,158.94479300186504,fastv,13b,development,visual_counterfact_size_000380,2102,dense,True,True,False
pope_adversarial,55.08013787269592,51.96841213226318,137.91064299584832,fastv,13b,development,pope_adversarial_000572,2102,432,True,True,False
mmstar,68.254130256176,65.53568004846574,166.3879890111275,fastv,13b,prospective,mmstar_001477,2102,432,False,False,False
visual_counterfact_size,65.14443753004073,70.49809364795685,169.56474700418767,fastv,13b,development,visual_counterfact_size_000176,2102,dense,True,True,False
pope_adversarial,53.617964537143706,50.32269360780716,143.98835299653,fastv,13b,development,pope_adversarial_000731,2102,432,False,True,False
pope_popular,58.12696954965591,49.05892203807831,141.20268999249674,fastv,13b,development,pope_popular_000311,2102,432,False,True,False
pope_random,59.52205253720284,47.876604189872744,138.5041169996839,fastv,13b,development,pope_random_000651,2102,256,False,True,False
pope_adversarial,59.68329337477684,46.46560276627541,135.13550099742133,fastv,13b,development,pope_adversarial_000518,2102,432,True,True,False
visual_counterfact_size,67.46787390947343,53.91979121565819,165.24800000479445,fastv,13b,prospective,visual_counterfact_size_000260,2102,dense,True,True,False
mmstar,179.48148636460306,152.02598320603371,408.94461699645035,fastv,13b,development,mmstar_000019,2102,432,False,False,False
mmstar,59.63740785121917,62.88071845293045,155.59623700391967,fastv,13b,prospective,mmstar_001452,2102,432,False,False,False
pope_popular,58.00410575151444,55.73460186958313,138.88981299533043,fastv,13b,development,pope_popular_000378,2102,432,True,True,False
mmstar,175.4678314757347,169.5956509065628,416.8224889872363,fastv,13b,development,mmstar_000543,2102,dense,False,False,False
mmstar,58.53874235153198,60.44728383421898,145.10264100681525,fastv,13b,prospective,mmstar_000519,2102,432,False,False,False
pope_adversarial,58.12384588241577,58.29502816200256,142.2384699981194,fastv,13b,development,pope_adversarial_000359,2102,432,False,True,False
mmstar,61.88082988858223,63.71960287213325,153.1295409949962,fastv,13b,prospective,mmstar_000031,2102,432,True,True,False
visual_counterfact_size,86.4031531059742,87.10929348349572,210.89929400477558,fastv,13b,development,visual_counterfact_size_000274,2102,dense,True,True,False
mmstar,45.736895557641986,55.93714185714722,144.18918000592384,fastv,13b,prospective,mmstar_000375,2102,432,False,False,False
mmstar,48.81083800315857,56.38427734375,151.25560999149457,fastv,13b,prospective,mmstar_000920,2102,432,False,False,False
visual_counterfact_color,45.58313962936401,51.664913445711136,136.30694900348317,fastv,13b,development,visual_counterfact_color_000371,2102,432,True,True,False
pope_random,46.890787625312804,52.019137843847275,137.16853999358136,fastv,13b,development,pope_random_000270,2102,256,True,True,False
mmstar,48.868673400878905,56.45298547506333,148.8422940019518,fastv,13b,development,mmstar_000816,2102,432,False,True,False
pope_random,50.371251204013824,54.70986247062683,140.62338600342628,fastv,13b,prospective,pope_random_002568,2102,256,True,True,False
pope_popular,55.3336381316185,56.24345221042633,137.5133069959702,fastv,13b,prospective,pope_popular_002640,2102,432,True,True,False
pope_adversarial,60.30572173714637,58.02958887577056,138.53460700192954,fastv,13b,prospective,pope_adversarial_002160,2102,432,True,True,False
mmstar,60.41576215267181,59.635766208171844,141.07564100413583,fastv,13b,development,mmstar_001472,2102,432,False,True,False
visual_counterfact_size,60.736583203077316,64.69495482087135,148.54946700506844,fastv,13b,prospective,visual_counterfact_size_000137,2102,dense,True,True,False
pope_random,56.4377506005764,58.631849712133416,137.57676699606236,fastv,13b,prospective,pope_random_001110,2102,256,False,False,False
pope_popular,48.15705882549287,63.44459222316742,153.04069200647064,fastv,13b,prospective,pope_popular_002130,2102,432,True,True,False
pope_adversarial,46.23647170543671,55.27457347512245,138.25837000331376,fastv,13b,development,pope_adversarial_000118,2102,432,True,True,False
mmstar,38.81465240478515,114.26156447172164,276.66991799196694,fastv,13b,prospective,mmstar_001285,2102,432,False,False,True
visual_counterfact_color,39.66934000611306,67.3265118074417,162.04548200767022,fastv,13b,development,visual_counterfact_color_000003,2102,256,True,True,False
pope_popular,44.124961293935776,56.985048911571496,140.06019099906553,fastv,13b,development,pope_popular_000039,2102,432,False,True,False
pope_random,43.537095087766644,57.14590877056122,136.1785199987935,fastv,13b,development,pope_random_000115,2102,256,False,True,False
mmstar,150.86322774648667,184.90237449288367,427.89276799885556,fastv,13b,prospective,mmstar_000581,2102,432,False,False,True
mmstar,61.24733759045601,60.5849444949627,144.9348629976157,fastv,13b,development,mmstar_000799,2102,432,False,False,False
mmstar,62.01212300658226,47.27164424419402,136.86846400378272,fastv,13b,prospective,mmstar_000183,2102,432,False,True,False
pope_random,57.02672924876213,47.140604116916656,145.54936600325163,fastv,13b,development,pope_random_000228,2102,256,False,False,False
pope_popular,58.72089752197266,42.96390522480011,142.7046550088562,fastv,13b,development,pope_popular_000165,2102,432,True,True,False
mmstar,39.06324049949646,43.8459884417057,148.26505999371875,fastv,13b,prospective,mmstar_000564,2102,432,False,False,True
mmstar,35.183472779989245,42.1810456097126,136.75046499702148,fastv,13b,prospective,mmstar_000723,2102,432,True,True,False
pope_random,31.841796326637265,48.31705099105835,147.38686800410505,fastv,13b,development,pope_random_000157,2102,256,False,True,False
visual_counterfact_size,40.317500090599054,57.539693827629094,157.78339499956928,fastv,13b,prospective,visual_counterfact_size_000708,2102,dense,False,False,False
mmstar,43.84307491779327,67.79628109931946,158.53797699674033,fastv,13b,prospective,mmstar_000512,2102,432,True,True,False
mmstar,47.49285703539848,58.606431293487546,136.22616999782622,fastv,13b,development,mmstar_000417,2102,432,True,True,False
pope_adversarial,46.67267193317413,60.7941437137127,143.64327599469107,fastv,13b,development,pope_adversarial_000003,2102,432,False,True,False
pope_random,50.196580328941344,56.468105792999275,137.48196700180415,fastv,13b,development,pope_random_000227,2102,256,False,True,False
visual_counterfact_color,70.06799328923225,76.46308773994447,182.25445999996737,fastv,13b,development,visual_counterfact_color_000105,2102,432,True,True,False
mmstar,57.85803104043007,62.69597125053406,146.9832629954908,fastv,13b,development,mmstar_000853,2102,432,False,True,False
visual_counterfact_color,55.27583018064499,57.87767632007599,137.01649199356325,fastv,13b,prospective,visual_counterfact_color_000393,2102,256,True,True,False
pope_adversarial,58.738531552553184,57.66831609964372,137.47050800884608,fastv,13b,prospective,pope_adversarial_001584,2102,432,True,True,False
pope_random,56.529097976684575,57.213425374031075,137.28572899708524,fastv,13b,development,pope_random_000595,2102,256,False,True,False
mmstar,93.30756252527237,93.80004307150841,225.58570699766278,fastv,13b,development,mmstar_000493,2102,432,False,True,False
mmstar,38.608797813653936,31.127546405792238,136.8593939987477,scope,13b,prospective,mmstar_000291,2102,dense,False,False,False
mmstar,50.86411960005759,35.50086673736572,140.98883200495038,scope,13b,development,mmstar_001425,2102,dense,False,False,False
mmstar,62.90632265090942,40.542714610099786,136.1449809919577,scope,13b,development,mmstar_000021,2102,dense,False,False,False
visual_counterfact_size,77.48000656127928,71.57412136673926,200.74140701035503,scope,13b,development,visual_counterfact_size_000381,2102,dense,True,True,False
visual_counterfact_size,68.03453041434288,67.36768689155579,165.56189399852883,scope,13b,development,visual_counterfact_size_000488,2102,dense,True,True,False
visual_counterfact_size,63.69114973306656,67.83132578134537,161.18084800837096,scope,13b,prospective,visual_counterfact_size_000198,2102,dense,True,True,False
mmstar,56.57492500424385,56.48654103755951,136.25316999969073,scope,13b,development,mmstar_000621,2102,dense,False,True,False
visual_counterfact_size,76.28633003711701,64.2649318909645,153.62319399719127,scope,13b,prospective,visual_counterfact_size_000448,2102,dense,True,True,False
visual_counterfact_size,58.73386455893517,53.8688801240921,128.57349700061604,scope,13b,development,visual_counterfact_size_000229,2102,dense,True,True,False
visual_counterfact_size,60.06058630466461,54.0860087287426,129.10767299763393,scope,13b,development,visual_counterfact_size_000194,2102,dense,False,False,False
mmstar,61.97599334597587,60.47051201105118,143.4855069965124,scope,13b,development,mmstar_001084,2102,dense,False,False,False
mmstar,42.66134871482849,56.07283889532089,130.57412700436544,scope,13b,prospective,mmstar_000155,2102,dense,False,False,False
mmstar,51.758101541996,64.05460162758827,147.23584901366848,scope,13b,development,mmstar_000067,2102,dense,False,False,False
mmstar,182.77401178002356,208.79298878192904,486.5145730000222,scope,13b,prospective,mmstar_001025,2102,dense,False,False,False
mmstar,72.93808466434479,88.13535703659059,205.08281300135422,scope,13b,prospective,mmstar_000567,2102,dense,False,False,False
visual_counterfact_size,67.55378376841546,94.82044359683991,228.91515100491233,scope,13b,development,visual_counterfact_size_000492,2102,dense,True,True,False
mmstar,41.568929986953734,56.994942975044246,141.642866001348,scope,13b,development,mmstar_000368,2102,dense,True,True,False
mmstar,41.17539999485015,56.380065441131585,138.6980550014414,scope,13b,development,mmstar_000735,2102,dense,True,True,False
mmstar,47.022615292072295,59.07589109063148,142.5828659994295,scope,13b,development,mmstar_001093,2102,dense,False,False,False
visual_counterfact_size,53.10902442932129,63.51167988538742,153.66030400036834,scope,13b,development,visual_counterfact_size_000283,2102,dense,True,True,False
visual_counterfact_size,62.68630606532096,72.2740891480446,178.4700619900832,scope,13b,prospective,visual_counterfact_size_000310,2102,dense,False,False,False
mmstar,49.617174527645105,54.47575228810311,135.25817000481766,scope,13b,prospective,mmstar_000384,2102,dense,False,False,False
mmstar,84.52637901902199,87.76972895622254,214.17497099901084,scope,13b,prospective,mmstar_000091,2102,dense,False,True,False
visual_counterfact_size,62.378551627397535,68.434905731678,161.3226160116028,scope,13b,development,visual_counterfact_size_000158,2102,dense,True,True,False
mmstar,50.68027219653129,57.87824022769928,133.5054980008863,scope,13b,development,mmstar_001349,2102,dense,False,False,False
mmstar,85.37485381960869,112.84073895454407,254.3203539971728,scope,13b,prospective,mmstar_001061,2102,dense,False,False,False
mmstar,45.14462769031524,63.54672800302505,141.97880199935753,scope,13b,development,mmstar_000984,2102,dense,False,False,False
visual_counterfact_size,42.678202855587,57.49321460723877,130.9655329969246,scope,13b,development,visual_counterfact_size_000470,2102,dense,True,True,False
mmstar,46.92168175339699,57.2830867600441,132.8881539957365,scope,13b,prospective,mmstar_000103,2102,dense,False,True,False
visual_counterfact_size,47.91909657001496,59.31563000321388,138.56501699774526,scope,13b,development,visual_counterfact_size_000216,2102,dense,True,True,False
visual_counterfact_size,68.0859424853325,78.44015021920202,183.85810799372848,scope,13b,development,visual_counterfact_size_000105,2102,dense,False,False,False
mmstar,48.64432575702667,54.141787809133525,133.29461000103038,scope,13b,prospective,mmstar_000934,2102,dense,False,False,False
visual_counterfact_size,53.59224583983422,69.48393975377083,177.03464700025506,scope,13b,prospective,visual_counterfact_size_000464,2102,dense,True,True,False
mmstar,38.68391246080399,60.42239775896073,156.02620999561623,scope,13b,development,mmstar_000532,2102,dense,False,False,False
mmstar,158.38592182517053,184.81757223486903,477.7135619951878,scope,13b,development,mmstar_001418,2102,dense,False,False,False
mmstar,60.02987677574158,68.27043156623841,183.55078100285027,scope,13b,development,mmstar_000018,2102,dense,True,True,False
mmstar,82.35637593269348,85.81248098611832,222.25185899878852,scope,13b,development,mmstar_000678,2102,dense,True,True,False
visual_counterfact_size,63.33755523204803,62.03466928958893,155.4541460063774,scope,13b,prospective,visual_counterfact_size_000490,2102,dense,True,True,False
mmstar,85.53322600960732,81.55438818216324,200.96871499845292,scope,13b,development,mmstar_000256,2102,dense,False,False,False
visual_counterfact_size,76.38046005249024,87.33685542464256,205.4334190033842,scope,13b,development,visual_counterfact_size_000303,2102,dense,True,True,False
visual_counterfact_size,48.52340486049653,60.866938412189484,137.31368999287952,scope,13b,development,visual_counterfact_size_000048,2102,dense,True,True,False
visual_counterfact_size,74.6100101840496,90.44041322231293,205.3727699967567,scope,13b,prospective,visual_counterfact_size_000532,2102,dense,False,False,False
mmstar,60.417889409065246,55.794843424558636,129.9003940075636,scope,13b,prospective,mmstar_001451,2102,dense,False,True,False
visual_counterfact_size,76.04725696444511,74.11168563961982,177.50749200058635,scope,13b,prospective,visual_counterfact_size_000435,2102,dense,True,True,False
mmstar,238.73428774118423,228.35486246228217,564.2968250031117,scope,13b,development,mmstar_000785,2102,dense,False,False,False
mmstar,55.171804904937744,58.75501201272011,154.29434699763078,scope,13b,prospective,mmstar_001146,2102,dense,False,True,False
visual_counterfact_size,55.09725810050964,63.12122528195382,165.33932500169612,scope,13b,development,visual_counterfact_size_000273,2102,dense,True,True,False
mmstar,52.16643460035325,58.385320513248445,153.61188400129322,scope,13b,prospective,mmstar_001484,2102,dense,False,False,False
mmstar,100.96067133307457,104.18646516203879,279.2052919976413,scope,13b,development,mmstar_001458,2102,dense,False,True,False
visual_counterfact_size,75.46146491885185,75.33158352851868,192.99076599418186,scope,13b,prospective,visual_counterfact_size_000020,2102,dense,False,False,False
mmstar,77.98368798971177,153.8740521121025,405.8639200084144,scope,13b,development,mmstar_000148,2102,dense,False,False,False
mmstar,58.16731109499931,51.57829336881637,139.3058590037981,scope,13b,development,mmstar_000334,2102,dense,True,True,False
visual_counterfact_size,54.1201853787899,49.19368341088295,131.38458000321407,scope,13b,development,visual_counterfact_size_000613,2102,dense,True,True,False
mmstar,62.68424353599548,53.19617505908012,143.36807800282259,scope,13b,development,mmstar_001206,2102,dense,False,False,False
mmstar,133.7022108209133,48.38627750873565,135.32737000787165,scope,13b,prospective,mmstar_000602,2102,dense,False,False,False
visual_counterfact_size,32.97152461051941,57.22570334672927,161.81196099205408,scope,13b,prospective,visual_counterfact_size_000610,2102,dense,True,True,False
mmstar,28.62386728286743,50.34764369606971,134.66154600610025,scope,13b,prospective,mmstar_001194,2102,dense,False,False,False
mmstar,39.06625730037689,56.562766624689104,145.67666500806808,scope,13b,development,mmstar_000061,2102,dense,False,False,False
mmstar,80.1354329252243,94.06684385061263,239.53195399371907,scope,13b,development,mmstar_001398,2102,dense,False,False,False
mmstar,53.90890411376954,56.928256109952926,146.8802930030506,scope,13b,development,mmstar_000087,2102,dense,True,True,False
mmstar,58.02087488889695,52.29723196029663,134.39366800594144,scope,13b,development,mmstar_001192,2102,dense,False,True,False
mmstar,54.46496358394623,51.62114884734154,130.51660799828824,scope,13b,development,mmstar_000895,2102,dense,False,False,False
mmstar,61.24539518237114,54.53893849730491,136.6550459933933,scope,13b,development,mmstar_001154,2102,dense,True,True,False
mmstar,59.12041728973388,61.835159173011775,153.35847699316218,scope,13b,development,mmstar_001057,2102,dense,False,True,False
visual_counterfact_size,76.01916956186295,86.27233265519142,203.38887999241706,scope,13b,development,visual_counterfact_size_000726,2102,dense,True,True,False
visual_counterfact_size,56.79648236513138,66.83089550375938,152.11029900819995,scope,13b,development,visual_counterfact_size_000297,2102,dense,True,True,False
mmstar,57.8154949593544,60.79265661001206,137.44985801167786,scope,13b,prospective,mmstar_000521,2102,dense,False,False,False
mmstar,56.83854150772095,58.03564015626908,130.33945999632124,scope,13b,development,mmstar_001445,2102,dense,False,False,False
mmstar,92.67622044086455,89.3053960263729,200.69019799120724,scope,13b,prospective,mmstar_000673,2102,dense,False,False,False
visual_counterfact_size,86.36107995986939,77.8259148669243,183.55178101046477,scope,13b,development,visual_counterfact_size_000148,2102,dense,False,False,False
mmstar,60.76388307332993,52.71108801603317,133.48422800481785,scope,13b,development,mmstar_000710,2102,dense,True,True,False
visual_counterfact_size,71.41789728045464,57.233633503913886,151.48639598919544,scope,13b,prospective,visual_counterfact_size_000075,2102,dense,False,True,False
mmstar,63.313015872240065,50.868773093223574,136.6449959896272,scope,13b,prospective,mmstar_000971,2102,dense,False,False,False
mmstar,61.52177684664726,47.64014849543572,128.79118499404285,scope,13b,development,mmstar_000656,2102,dense,False,False,False
mmstar,60.55222243666648,49.58424047470093,133.469927997794,scope,13b,development,mmstar_001442,2102,dense,False,True,False
mmstar,123.48099170565605,106.8655165195465,279.6332580037415,scope,13b,prospective,mmstar_001126,2102,dense,False,False,False
visual_counterfact_size,87.54702224850655,82.07092764854431,206.20806100487243,scope,13b,prospective,visual_counterfact_size_000041,2102,dense,True,True,False
visual_counterfact_size,53.79198897242546,50.73399381637574,127.92314500256907,scope,13b,prospective,visual_counterfact_size_000524,2102,dense,True,True,False
mmstar,217.96355748057368,198.89548565626143,509.36998100951314,scope,13b,development,mmstar_000535,2102,dense,False,False,False
visual_counterfact_size,63.34228333711624,61.82353281497955,164.1362670052331,scope,13b,development,visual_counterfact_size_000380,2102,dense,True,True,False
mmstar,68.254130256176,60.75297342538833,161.82750099687837,scope,13b,prospective,mmstar_001477,2102,dense,False,False,False
visual_counterfact_size,65.14443753004073,59.3148277926445,153.33934700174723,scope,13b,development,visual_counterfact_size_000176,2102,dense,True,True,False
visual_counterfact_size,67.46787390947343,67.5789019727707,164.09462799492758,scope,13b,prospective,visual_counterfact_size_000260,2102,dense,True,True,False
mmstar,179.48148636460306,162.15340271711352,389.58119400194846,scope,13b,development,mmstar_000019,2102,dense,False,False,False
mmstar,59.63740785121917,54.79679217100144,135.14887100609485,scope,13b,prospective,mmstar_001452,2102,dense,False,False,False
mmstar,175.4678314757347,162.3855175089836,413.85578899644315,scope,13b,development,mmstar_000543,2102,dense,False,False,False
mmstar,58.53874235153198,50.50221184968949,132.76608599699102,scope,13b,prospective,mmstar_000519,2102,dense,False,False,False
mmstar,61.88082988858223,50.394563579559325,134.33658899157308,scope,13b,prospective,mmstar_000031,2102,dense,True,True,False
visual_counterfact_size,86.4031531059742,79.06880702972411,209.20385100180283,scope,13b,development,visual_counterfact_size_000274,2102,dense,True,True,False
mmstar,45.736895557641986,52.82087326049805,131.9685229973402,scope,13b,prospective,mmstar_000375,2102,dense,False,False,False
mmstar,48.81083800315857,57.44851291179658,142.93773200188298,scope,13b,prospective,mmstar_000920,2102,dense,False,False,False
mmstar,48.868673400878905,58.471227674484254,146.08613000018522,scope,13b,development,mmstar_000816,2102,dense,False,True,False
mmstar,60.41576215267181,52.73853427648544,134.35988000128418,scope,13b,development,mmstar_001472,2102,dense,False,True,False
visual_counterfact_size,60.736583203077316,56.07927638411522,140.92984299350064,scope,13b,prospective,visual_counterfact_size_000137,2102,dense,True,True,False
mmstar,38.81465240478515,53.84478859901429,133.54843801062088,scope,13b,prospective,mmstar_001285,2102,dense,False,False,False
mmstar,150.86322774648667,167.85214621067047,404.21459601202514,scope,13b,prospective,mmstar_000581,2102,dense,False,False,False
mmstar,61.24733759045601,62.44467887163162,148.41528699616902,scope,13b,development,mmstar_000799,2102,dense,False,False,False
mmstar,62.01212300658226,54.42867190599441,128.8078060024418,scope,13b,prospective,mmstar_000183,2102,dense,False,True,False
mmstar,39.06324049949646,54.283762375116346,129.5065890008118,scope,13b,prospective,mmstar_000564,2102,dense,False,False,False
mmstar,35.183472779989245,61.00071653962135,146.64942400122527,scope,13b,prospective,mmstar_000723,2102,dense,True,True,False
visual_counterfact_size,40.317500090599054,63.350851696729656,153.94720100448467,scope,13b,prospective,visual_counterfact_size_000708,2102,dense,False,False,False
mmstar,43.84307491779327,58.34746159434319,141.38611800444778,scope,13b,prospective,mmstar_000512,2102,dense,True,True,False
mmstar,47.49285703539848,55.64499931573867,135.24816000426654,scope,13b,development,mmstar_000417,2102,dense,True,True,False
mmstar,57.85803104043007,61.83707359313965,152.41966598841827,scope,13b,development,mmstar_000853,2102,dense,False,True,False
mmstar,93.30756252527237,79.53538196325303,205.3511910053203,scope,13b,development,mmstar_000493,2102,dense,False,True,False
pope_popular,46.28398584723472,95.81770583987236,263.3953629992902,scope,13b,prospective,pope_popular_000324,2102,432,True,True,False
pope_adversarial,62.212847584486006,54.50978642463684,156.30534700176213,scope,13b,prospective,pope_adversarial_002400,2102,432,True,True,False
pope_random,68.85469424724579,42.96169608592987,126.17394200060517,scope,13b,prospective,pope_random_000846,2102,128,False,False,False
pope_adversarial,61.30559879541397,49.40563779830932,152.50534599181265,scope,13b,development,pope_adversarial_000019,2102,432,False,True,False
pope_random,61.48943376660347,35.261788136959076,113.99161600274965,scope,13b,prospective,pope_random_001134,2102,128,True,True,False
pope_random,64.07257461547852,29.96482703566551,98.13011600635946,scope,13b,prospective,pope_random_002347,2102,128,False,True,False
visual_counterfact_color,60.8192956495285,48.728044459819785,164.15129700908437,scope,13b,development,visual_counterfact_color_000344,2102,432,False,True,True
pope_adversarial,56.1158686876297,49.479479669332505,159.36083599808626,scope,13b,development,pope_adversarial_000558,2102,432,True,True,False
visual_counterfact_color,62.78671434521675,51.797268775701525,158.69277199089993,scope,13b,prospective,visual_counterfact_color_000363,2102,432,True,True,False
pope_popular,57.346999663114545,50.95597862720489,152.4286560015753,scope,13b,prospective,pope_popular_000876,2102,432,True,True,False
visual_counterfact_color,60.957193148136135,52.19459540724754,157.39121599472128,scope,13b,development,visual_counterfact_color_000139,2102,432,True,True,False
pope_adversarial,66.11760096430778,49.142218101024625,154.34620699670631,scope,13b,development,pope_adversarial_000748,2102,432,True,True,False
pope_adversarial,62.07019329547882,50.95289599537848,162.49615400738548,scope,13b,development,pope_adversarial_000308,2102,432,True,True,False
visual_counterfact_color,91.43345061659814,84.72317176461219,287.1582119987579,scope,13b,development,visual_counterfact_color_000492,2102,432,False,True,False
pope_adversarial,49.40782066345215,39.83039296865463,153.93597100046463,scope,13b,prospective,pope_adversarial_002623,2102,432,True,True,False
pope_popular,52.50733918309213,38.80110082626343,149.77322300546803,scope,13b,prospective,pope_popular_002898,2102,432,False,False,False
visual_counterfact_color,80.9057194674015,48.57835748434067,186.58851999498438,scope,13b,prospective,visual_counterfact_color_000233,2102,432,True,True,False
visual_counterfact_color,51.943103137016294,39.60420015335083,155.23259800102096,scope,13b,development,visual_counterfact_color_000188,2102,432,True,True,False
visual_counterfact_color,54.09404532313348,41.13097107291222,156.66979299567174,scope,13b,prospective,visual_counterfact_color_000182,2102,432,True,True,False
visual_counterfact_color,54.33386042237282,42.28320763111115,151.88797100563534,scope,13b,prospective,visual_counterfact_color_000265,2102,432,True,True,False
pope_adversarial,55.611204345226284,45.18521315574646,153.1024290015921,scope,13b,development,pope_adversarial_000634,2102,432,True,True,False
pope_adversarial,53.50384030103683,47.017824544906624,163.62816300534178,scope,13b,prospective,pope_adversarial_001014,2102,432,True,True,False
pope_random,52.99924071550369,29.031642664670947,101.68303000682499,scope,13b,development,pope_random_000001,2102,128,False,True,False
pope_random,48.65250252127647,31.41304149031639,110.25413300376385,scope,13b,prospective,pope_random_002136,2102,128,True,True,False
visual_counterfact_color,43.379645311832434,48.797138172388074,162.8159410029184,scope,13b,development,visual_counterfact_color_000244,2102,432,False,True,False
pope_popular,55.65593492746353,45.67361650347709,149.95971199823543,scope,13b,development,pope_popular_000565,2102,432,False,True,False
visual_counterfact_color,52.94850266456604,53.55757135510444,177.81644899514504,scope,13b,development,visual_counterfact_color_000472,2102,432,True,True,False
visual_counterfact_color,50.66210844397545,45.0486428630352,155.2462179970462,scope,13b,development,visual_counterfact_color_000347,2102,432,True,True,False
pope_random,47.695350561141964,28.738246498107912,102.93909700703807,scope,13b,prospective,pope_random_002928,2102,128,True,True,False
visual_counterfact_color,55.177799315452575,43.30787277221679,151.2860569928307,scope,13b,development,visual_counterfact_color_000340,2102,432,True,True,False
pope_random,45.01042567491531,28.609937070608137,99.04161700978875,scope,13b,prospective,pope_random_002214,2102,128,True,True,False
visual_counterfact_color,57.17739706635475,49.32530229091645,169.85096999269444,scope,13b,prospective,visual_counterfact_color_000200,2102,432,True,True,False
pope_popular,44.47044855117798,43.88200863599777,151.78997300972696,scope,13b,development,pope_popular_000140,2102,432,False,False,False
pope_random,44.74737369537353,28.64686122179031,101.18718599551357,scope,13b,development,pope_random_000632,2102,128,True,True,False
visual_counterfact_color,48.049460804462434,43.17417362451553,155.2602480078349,scope,13b,development,visual_counterfact_color_000355,2102,432,True,True,False
pope_adversarial,49.309295561313625,41.206558355093,151.27485799894203,scope,13b,development,pope_adversarial_000492,2102,432,True,True,False
visual_counterfact_color,40.124289381504056,47.81707123994827,165.776651003398,scope,13b,prospective,visual_counterfact_color_000081,2102,432,True,True,False
visual_counterfact_color,43.674171959161754,48.496417590379714,165.52508300810587,scope,13b,prospective,visual_counterfact_color_000116,2102,432,True,True,False
pope_popular,31.5417885351181,45.219931120872495,154.39801599131897,scope,13b,development,pope_popular_000006,2102,432,True,True,False
visual_counterfact_color,30.871688638925548,50.7942020881176,174.3489549990045,scope,13b,development,visual_counterfact_color_000008,2102,432,True,True,False
pope_popular,68.291934415102,44.96024237155914,154.66126399405766,scope,13b,prospective,pope_popular_001651,2102,432,False,True,False
visual_counterfact_color,53.25888970136643,45.748919167518615,156.7025030090008,scope,13b,prospective,visual_counterfact_color_000278,2102,432,True,True,False
pope_random,49.90792085289955,33.76215577125549,109.52040100528393,scope,13b,development,pope_random_000184,2102,128,True,True,False
pope_adversarial,53.58398144364357,48.25246615052224,154.99294101027772,scope,13b,prospective,pope_adversarial_002875,2102,432,False,True,False
visual_counterfact_color,48.15708256483078,48.406407698392876,155.88656198815443,scope,13b,prospective,visual_counterfact_color_000477,2102,432,True,True,False
pope_adversarial,46.944657413959504,45.79479987144471,154.0023010020377,scope,13b,prospective,pope_adversarial_000984,2102,432,True,True,False
pope_popular,45.822449469566344,49.691412272453306,158.32147699256893,scope,13b,prospective,pope_popular_001195,2102,432,False,True,False
pope_popular,47.874606482982635,50.22721417188644,152.83307200297713,scope,13b,development,pope_popular_000518,2102,432,True,True,False
pope_random,46.22687831282616,33.00953500270843,98.18519600958098,scope,13b,development,pope_random_000699,2102,128,False,True,False
pope_adversarial,55.67838024139404,50.37889976263047,151.95725100056734,scope,13b,prospective,pope_adversarial_002610,2102,432,False,False,False
visual_counterfact_color,57.13290073513985,49.50233667612076,149.7232540132245,scope,13b,development,visual_counterfact_color_000404,2102,432,True,True,False
visual_counterfact_color,72.2620372223854,57.36789885878564,174.65782098588534,scope,13b,prospective,visual_counterfact_color_000330,2102,432,True,True,False
visual_counterfact_color,55.57808359861374,48.35319158911706,151.76589299517218,scope,13b,prospective,visual_counterfact_color_000449,2102,432,True,True,False
pope_popular,56.15212318539619,46.57721593618393,153.21838899399154,scope,13b,prospective,pope_popular_002460,2102,432,True,True,False
pope_popular,43.74870477557183,45.48891830444336,149.54861599835567,scope,13b,prospective,pope_popular_001842,2102,432,False,False,False
pope_popular,54.92624917030335,50.590272674560545,161.55687399441376,scope,13b,prospective,pope_popular_001356,2102,432,False,False,False
pope_adversarial,58.20623104214668,48.23997838258743,150.84878201014362,scope,13b,prospective,pope_adversarial_001056,2102,432,True,True,False
pope_random,59.0373422563076,32.097744196653366,99.30359400459565,scope,13b,development,pope_random_000283,2102,128,False,True,False
pope_popular,47.09984933495521,49.80104664087296,155.00425999925938,scope,13b,development,pope_popular_000529,2102,432,True,True,False
visual_counterfact_color,26.780624920129778,58.441598618030554,182.10880499100313,scope,13b,prospective,visual_counterfact_color_000384,2102,432,True,True,False
visual_counterfact_color,35.996463241577146,54.881743735075,168.24673599330708,scope,13b,development,visual_counterfact_color_000225,2102,432,True,True,False
pope_adversarial,39.794847419261934,50.19604669094086,154.75249200244434,scope,13b,development,pope_adversarial_000406,2102,432,True,True,False
visual_counterfact_color,44.353860291242604,51.3998876452446,166.0335380001925,scope,13b,development,visual_counterfact_color_000074,2102,432,True,True,False
pope_popular,44.93809716224671,42.38284623384476,149.04888099408709,scope,13b,development,pope_popular_000211,2102,432,False,True,False
pope_random,45.13454772949218,28.786373155117033,106.57337099837605,scope,13b,development,pope_random_000363,2102,128,False,True,False
visual_counterfact_color,52.644344154596325,41.48044909954071,150.2345780027099,scope,13b,development,visual_counterfact_color_000429,2102,432,True,True,False
visual_counterfact_color,60.93447155475617,49.04384954214096,171.7227110057138,scope,13b,prospective,visual_counterfact_color_000480,2102,432,True,True,False
pope_popular,52.710362286567694,43.73466969251632,150.19078900513705,scope,13b,development,pope_popular_000189,2102,432,False,True,False
pope_adversarial,55.724324247837075,43.834784384965886,149.11554999707732,scope,13b,prospective,pope_adversarial_002532,2102,432,True,True,False
visual_counterfact_color,54.686880184412,47.35063496470451,151.27550800389145,scope,13b,development,visual_counterfact_color_000121,2102,432,True,True,False
pope_popular,51.15971989393235,49.35333684086799,152.37482699740212,scope,13b,development,pope_popular_000458,2102,432,True,True,False
visual_counterfact_color,51.43922256231308,57.24862362742424,177.46971300221048,scope,13b,development,visual_counterfact_color_000238,2102,432,True,True,False
visual_counterfact_color,52.4265960931778,52.31492662787437,169.9479389935732,scope,13b,development,visual_counterfact_color_000304,2102,432,True,True,False
visual_counterfact_color,57.51574753284454,50.641797012090684,164.15776799840387,scope,13b,prospective,visual_counterfact_color_000282,2102,432,True,True,False
pope_random,63.33923378586769,32.52572597265244,99.00156799994875,scope,13b,prospective,pope_random_002832,2102,128,True,True,False
pope_popular,66.28935123801232,49.28813999056816,150.00453099492006,scope,13b,development,pope_popular_000100,2102,432,True,True,False
pope_random,57.895469068288804,32.13138971805572,97.67218100023456,scope,13b,prospective,pope_random_001200,2102,128,False,False,True
pope_adversarial,55.8916529917717,48.460341886281974,152.85349199257325,scope,13b,development,pope_adversarial_000093,2102,432,False,True,False
pope_adversarial,55.08013787269592,47.57613794207573,150.8847910008626,scope,13b,development,pope_adversarial_000572,2102,432,True,True,False
pope_adversarial,53.617964537143706,52.48449949145318,166.36193500016816,scope,13b,development,pope_adversarial_000731,2102,432,False,True,False
pope_popular,58.12696954965591,46.88615258574487,152.33567700488493,scope,13b,development,pope_popular_000311,2102,432,False,True,False
pope_random,59.52205253720284,30.861556117534636,101.15516500081867,scope,13b,development,pope_random_000651,2102,128,False,True,False
pope_adversarial,59.68329337477684,47.363028464317324,152.90002200345043,scope,13b,development,pope_adversarial_000518,2102,432,True,True,False
pope_popular,58.00410575151444,48.180335931777954,151.7732529900968,scope,13b,development,pope_popular_000378,2102,432,True,True,False
pope_adversarial,58.12384588241577,47.45873386383057,148.88929198787082,scope,13b,development,pope_adversarial_000359,2102,432,False,True,False
visual_counterfact_color,45.58313962936401,51.849179787635805,160.8479510032339,scope,13b,development,visual_counterfact_color_000371,2102,432,True,True,False
pope_random,46.890787625312804,33.054440722465515,103.07676599768456,scope,13b,development,pope_random_000270,2102,128,True,True,False
pope_random,50.371251204013824,31.511326407194137,99.34847400290892,scope,13b,prospective,pope_random_002568,2102,128,True,True,False
pope_popular,55.3336381316185,47.03919161438941,152.89839199976996,scope,13b,prospective,pope_popular_002640,2102,432,True,True,False
pope_adversarial,60.30572173714637,45.955964423418045,154.00403999956325,scope,13b,prospective,pope_adversarial_002160,2102,432,True,True,False
pope_random,56.4377506005764,33.51298590660095,115.01141500775702,scope,13b,prospective,pope_random_001110,2102,128,False,False,False
pope_popular,48.15705882549287,44.48995473384857,157.76171199104283,scope,13b,prospective,pope_popular_002130,2102,432,True,True,False
pope_adversarial,46.23647170543671,41.44699034452438,148.8431329926243,scope,13b,development,pope_adversarial_000118,2102,432,True,True,False
visual_counterfact_color,39.66934000611306,48.92600728273391,172.9445489909267,scope,13b,development,visual_counterfact_color_000003,2102,432,True,True,False
pope_popular,44.124961293935776,48.35178005218505,169.97704800451174,scope,13b,development,pope_popular_000039,2102,432,False,True,False
pope_random,43.537095087766644,27.365394963026045,97.63865098648239,scope,13b,development,pope_random_000115,2102,128,False,True,False
pope_random,57.02672924876213,89.3029542005062,341.28055299515836,scope,13b,development,pope_random_000228,2102,128,False,False,False
pope_popular,58.72089752197266,37.73703547239303,155.71286299382336,scope,13b,development,pope_popular_000165,2102,432,False,True,True
pope_random,31.841796326637265,22.468104515075684,98.93089800607413,scope,13b,development,pope_random_000157,2102,128,False,True,False
pope_adversarial,46.67267193317413,54.74756794333458,251.54702299914788,scope,13b,development,pope_adversarial_000003,2102,432,False,True,False
pope_random,50.196580328941344,23.109629695415496,102.28495400224347,scope,13b,development,pope_random_000227,2102,128,False,True,False
visual_counterfact_color,70.06799328923225,45.00611979722977,186.8209480016958,scope,13b,development,visual_counterfact_color_000105,2102,432,True,True,False
visual_counterfact_color,55.27583018064499,39.63594387292862,150.64781400724314,scope,13b,prospective,visual_counterfact_color_000393,2102,432,True,True,False
pope_adversarial,58.738531552553184,44.71472059249878,159.21034799248446,scope,13b,prospective,pope_adversarial_001584,2102,432,True,True,False
pope_random,56.529097976684575,28.903186297416685,99.31243500614073,scope,13b,development,pope_random_000595,2102,128,False,True,False
mmstar,38.608797813653936,40.98926977157593,159.34226600802504,random,13b,prospective,mmstar_000291,2102,dense,False,False,False
pope_popular,46.28398584723472,43.89756896495819,143.0106520128902,random,13b,prospective,pope_popular_000324,2102,432,True,True,False
mmstar,50.86411960005759,46.7284644985199,143.66884500486776,random,13b,development,mmstar_001425,2102,dense,False,False,False
mmstar,62.90632265090942,54.3067753481865,155.86632100166753,random,13b,development,mmstar_000021,2102,dense,False,False,False
pope_adversarial,62.212847584486006,53.877519452571875,143.14881000609603,random,13b,prospective,pope_adversarial_002400,2102,432,True,True,False
pope_random,68.85469424724579,58.702559509277336,142.8935529984301,random,13b,prospective,pope_random_000846,2102,432,False,False,False
pope_adversarial,61.30559879541397,59.33738996505737,140.90729301096871,random,13b,development,pope_adversarial_000019,2102,432,False,True,False
pope_random,61.48943376660347,58.31928241968155,141.69507499900647,random,13b,prospective,pope_random_001134,2102,432,True,True,False
pope_random,64.07257461547852,52.06141683101654,148.86756299529225,random,13b,prospective,pope_random_002347,2102,432,False,True,False
visual_counterfact_size,77.48000656127928,123.94920617699623,403.8068809895776,random,13b,development,visual_counterfact_size_000381,2102,dense,True,True,False
visual_counterfact_color,60.8192956495285,43.146109889745716,155.549384013284,random,13b,development,visual_counterfact_color_000344,2102,432,True,True,False
visual_counterfact_size,68.03453041434288,46.97824344873428,170.79006100539118,random,13b,development,visual_counterfact_size_000488,2102,dense,True,True,False
visual_counterfact_size,63.69114973306656,51.13778475999832,163.25117700034752,random,13b,prospective,visual_counterfact_size_000198,2102,dense,True,True,False
pope_adversarial,56.1158686876297,50.74915588378906,145.1499499962665,random,13b,development,pope_adversarial_000558,2102,432,True,True,False
visual_counterfact_color,62.78671434521675,55.683336067199704,155.53401500801556,random,13b,prospective,visual_counterfact_color_000363,2102,432,True,True,False
mmstar,56.57492500424385,47.39516853094101,141.85859299323056,random,13b,development,mmstar_000621,2102,dense,False,True,False
pope_popular,57.346999663114545,48.55830385088921,147.3113980027847,random,13b,prospective,pope_popular_000876,2102,432,True,True,False
visual_counterfact_color,60.957193148136135,52.08039450645447,149.16193998942617,random,13b,development,visual_counterfact_color_000139,2102,432,True,True,False
visual_counterfact_size,76.28633003711701,49.825513044595716,170.7546910038218,random,13b,prospective,visual_counterfact_size_000448,2102,dense,True,True,False
pope_adversarial,66.11760096430778,42.06228715181351,141.08433200453874,random,13b,development,pope_adversarial_000748,2102,432,True,True,False
visual_counterfact_size,58.73386455893517,46.2715866959095,147.87982299458236,random,13b,development,visual_counterfact_size_000229,2102,dense,True,True,False
visual_counterfact_size,60.06058630466461,44.861582794189445,138.43021799402777,random,13b,development,visual_counterfact_size_000194,2102,dense,False,False,False
pope_adversarial,62.07019329547882,50.316495208740236,151.63153399771545,random,13b,development,pope_adversarial_000308,2102,432,True,True,False
mmstar,61.97599334597587,52.27671063184738,144.81735300796572,random,13b,development,mmstar_001084,2102,dense,False,False,False
visual_counterfact_color,91.43345061659814,104.2310615336895,268.35935200506356,random,13b,development,visual_counterfact_color_000492,2102,432,False,True,False
mmstar,42.66134871482849,55.91905542254448,141.54569699894637,random,13b,prospective,mmstar_000155,2102,dense,False,False,False
mmstar,51.758101541996,63.91647409319878,160.76671199698467,random,13b,development,mmstar_000067,2102,dense,False,False,False
mmstar,182.77401178002356,201.85343716144564,505.4902700067032,random,13b,prospective,mmstar_001025,2102,dense,False,False,False
mmstar,72.93808466434479,94.90979196071625,230.5319159931969,random,13b,prospective,mmstar_000567,2102,dense,False,False,False
visual_counterfact_size,67.55378376841546,102.18943747639656,246.50464300066233,random,13b,development,visual_counterfact_size_000492,2102,dense,True,True,False
mmstar,41.568929986953734,131.14598098516464,367.82610400405247,random,13b,development,mmstar_000368,2102,dense,True,True,False
mmstar,41.17539999485015,109.42510715723037,364.31223100225907,random,13b,development,mmstar_000735,2102,dense,True,True,False
pope_adversarial,49.40782066345215,42.06901443600654,149.2462789901765,random,13b,prospective,pope_adversarial_002623,2102,432,True,True,False
pope_popular,52.50733918309213,42.32353732585907,146.623994995025,random,13b,prospective,pope_popular_002898,2102,432,False,False,False
visual_counterfact_color,80.9057194674015,53.35544780015946,169.93121900304686,random,13b,prospective,visual_counterfact_color_000233,2102,432,True,True,False
visual_counterfact_color,51.943103137016294,49.76215044021606,146.25549800985027,random,13b,development,visual_counterfact_color_000188,2102,432,True,True,False
visual_counterfact_color,54.09404532313348,57.568432282209386,159.90820100705605,random,13b,prospective,visual_counterfact_color_000182,2102,432,True,True,False
visual_counterfact_color,54.33386042237282,157.138913615942,581.0905550024472,random,13b,prospective,visual_counterfact_color_000265,2102,432,True,True,False
pope_adversarial,55.611204345226284,30.243352566957473,144.47262699832208,random,13b,development,pope_adversarial_000634,2102,432,True,True,False
pope_adversarial,53.50384030103683,31.021690999269484,143.7547739915317,random,13b,prospective,pope_adversarial_001014,2102,432,True,True,False
pope_random,52.99924071550369,37.854986572265624,144.86845300416462,random,13b,development,pope_random_000001,2102,432,False,True,False
pope_random,48.65250252127647,42.48179398059845,141.11502000014298,random,13b,prospective,pope_random_002136,2102,432,True,True,False
mmstar,47.022615292072295,51.24888399362564,149.69813400239218,random,13b,development,mmstar_001093,2102,dense,False,False,False
visual_counterfact_color,43.379645311832434,54.72570096850395,141.42775800428353,random,13b,development,visual_counterfact_color_000244,2102,432,False,True,False
visual_counterfact_size,53.10902442932129,72.32384875059127,168.53889299090952,random,13b,development,visual_counterfact_size_000283,2102,dense,True,True,False
visual_counterfact_size,62.68630606532096,77.73713793754578,187.72155899205245,random,13b,prospective,visual_counterfact_size_000310,2102,dense,False,False,False
mmstar,49.617174527645105,55.90058734178543,139.44629799516406,random,13b,prospective,mmstar_000384,2102,dense,False,False,False
pope_popular,55.65593492746353,48.108241406679156,142.44780800072476,random,13b,development,pope_popular_000565,2102,432,False,True,False
mmstar,84.52637901902199,71.26560228943825,214.0487629949348,random,13b,prospective,mmstar_000091,2102,dense,False,True,False
visual_counterfact_color,52.94850266456604,110.82259114980698,373.40771799790673,random,13b,development,visual_counterfact_color_000472,2102,432,True,True,False
visual_counterfact_color,50.66210844397545,38.03832185029984,141.87449299788568,random,13b,development,visual_counterfact_color_000347,2102,432,True,True,False
pope_random,47.695350561141964,42.991327059268954,147.46510700206272,random,13b,prospective,pope_random_002928,2102,432,True,True,False
visual_counterfact_color,55.177799315452575,45.30305023193359,140.39265799510758,random,13b,development,visual_counterfact_color_000340,2102,432,True,True,False
visual_counterfact_size,62.378551627397535,54.26534045696258,171.152456998243,random,13b,development,visual_counterfact_size_000158,2102,dense,True,True,False
mmstar,50.68027219653129,46.16409918785095,136.99828200333286,random,13b,development,mmstar_001349,2102,dense,False,False,False
mmstar,85.37485381960869,104.01063858747483,269.25765299529303,random,13b,prospective,mmstar_001061,2102,dense,False,False,False
pope_random,45.01042567491531,62.52459300994873,155.82905100018252,random,13b,prospective,pope_random_002214,2102,432,True,True,False
mmstar,45.14462769031524,60.68996163368225,149.7120740095852,random,13b,development,mmstar_000984,2102,dense,False,False,False
visual_counterfact_size,42.678202855587,63.729969854354856,151.6216739983065,random,13b,development,visual_counterfact_size_000470,2102,dense,True,True,False
mmstar,46.92168175339699,57.99851483345032,139.21179001044948,random,13b,prospective,mmstar_000103,2102,dense,False,True,False
visual_counterfact_color,57.17739706635475,136.6554749059677,372.6746759930393,random,13b,prospective,visual_counterfact_color_000200,2102,432,True,True,False
pope_popular,44.47044855117798,53.547063169479365,157.7761929947883,random,13b,development,pope_popular_000140,2102,432,False,False,False
visual_counterfact_size,47.91909657001496,46.850476946830746,136.30823900166433,random,13b,development,visual_counterfact_size_000216,2102,dense,True,True,False
pope_random,44.74737369537353,49.725650978088375,139.87596399965696,random,13b,development,pope_random_000632,2102,432,True,True,False
visual_counterfact_size,68.0859424853325,67.50291349887848,187.22973400144838,random,13b,development,visual_counterfact_size_000105,2102,dense,False,False,False
visual_counterfact_color,48.049460804462434,52.69661355137825,138.01225199131295,random,13b,development,visual_counterfact_color_000355,2102,432,True,True,False
mmstar,48.64432575702667,56.338010621070865,141.1592410004232,random,13b,prospective,mmstar_000934,2102,dense,False,False,False
pope_adversarial,49.309295561313625,63.39901628732681,151.09532998758368,random,13b,development,pope_adversarial_000492,2102,432,True,True,False
visual_counterfact_color,40.124289381504056,63.09160947084427,150.38331699906848,random,13b,prospective,visual_counterfact_color_000081,2102,432,True,True,False
visual_counterfact_size,53.59224583983422,77.55073246836663,184.37716300832108,random,13b,prospective,visual_counterfact_size_000464,2102,dense,True,True,False
visual_counterfact_color,43.674171959161754,63.501431890726096,152.698573001544,random,13b,prospective,visual_counterfact_color_000116,2102,432,True,True,False
pope_popular,31.5417885351181,56.44610668182373,136.36828899325337,random,13b,development,pope_popular_000006,2102,432,True,True,False
visual_counterfact_color,30.871688638925548,63.34149096012115,151.8944519921206,random,13b,development,visual_counterfact_color_000008,2102,432,True,True,False
mmstar,38.68391246080399,69.8338866662979,164.47867499664426,random,13b,development,mmstar_000532,2102,dense,False,False,False
mmstar,158.38592182517053,201.08062860131264,501.27132399939,random,13b,development,mmstar_001418,2102,dense,False,False,False
pope_popular,68.291934415102,54.34021563768386,147.99434099404607,random,13b,prospective,pope_popular_001651,2102,432,False,True,False
visual_counterfact_color,53.25888970136643,55.071717500686646,152.6332539942814,random,13b,prospective,visual_counterfact_color_000278,2102,432,True,True,False
pope_random,49.90792085289955,52.51745121479035,141.80745399789885,random,13b,development,pope_random_000184,2102,432,True,True,False
mmstar,60.02987677574158,67.34967581272126,185.23674400057644,random,13b,development,mmstar_000018,2102,dense,True,True,False
pope_adversarial,53.58398144364357,50.798258073329926,143.62701500067487,random,13b,prospective,pope_adversarial_002875,2102,432,False,True,False
visual_counterfact_color,48.15708256483078,49.508590290546415,138.7137849960709,random,13b,prospective,visual_counterfact_color_000477,2102,432,True,True,False
mmstar,82.35637593269348,84.85767166376114,222.98036199936178,random,13b,development,mmstar_000678,2102,dense,True,True,False
visual_counterfact_size,63.33755523204803,64.99798177361488,169.72315098973922,random,13b,prospective,visual_counterfact_size_000490,2102,dense,True,True,False
mmstar,85.53322600960732,81.91194946169853,214.72270500089508,random,13b,development,mmstar_000256,2102,dense,False,False,False
visual_counterfact_size,76.38046005249024,82.68145683288573,213.26614001009148,random,13b,development,visual_counterfact_size_000303,2102,dense,True,True,False
pope_adversarial,46.944657413959504,52.611486039161676,140.1204909925582,random,13b,prospective,pope_adversarial_000984,2102,432,True,True,False
visual_counterfact_size,48.52340486049653,53.00874861240387,145.24254899879452,random,13b,development,visual_counterfact_size_000048,2102,dense,True,True,False
pope_popular,45.822449469566344,56.629682917594906,153.74362299917266,random,13b,prospective,pope_popular_001195,2102,432,False,True,False
pope_popular,47.874606482982635,53.28518174648285,145.6136950000655,random,13b,development,pope_popular_000518,2102,432,True,True,False
pope_random,46.22687831282616,54.542720999717716,148.04561100027058,random,13b,development,pope_random_000699,2102,432,False,True,False
visual_counterfact_size,74.6100101840496,83.4584968829155,215.8049139979994,random,13b,prospective,visual_counterfact_size_000532,2102,dense,False,False,False
pope_adversarial,55.67838024139404,57.088479365110395,140.16555999114644,random,13b,prospective,pope_adversarial_002610,2102,432,False,False,False
visual_counterfact_color,57.13290073513985,57.04328432321549,137.43883899587672,random,13b,development,visual_counterfact_color_000404,2102,432,True,True,False
mmstar,60.417889409065246,56.980115159749985,136.3402399874758,random,13b,prospective,mmstar_001451,2102,dense,False,True,False
visual_counterfact_color,72.2620372223854,71.7611791563034,172.90565800794866,random,13b,prospective,visual_counterfact_color_000330,2102,432,True,True,False
visual_counterfact_size,76.04725696444511,329.5468597018719,1567.4651849985821,random,13b,prospective,visual_counterfact_size_000435,2102,dense,True,True,False
visual_counterfact_color,55.57808359861374,86.96377333045004,672.9666839964921,random,13b,prospective,visual_counterfact_color_000449,2102,432,True,True,False
pope_popular,56.15212318539619,57.17780081629754,387.7211740036728,random,13b,prospective,pope_popular_002460,2102,432,True,True,False
mmstar,238.73428774118423,217.3963584160805,1121.1894449952524,random,13b,development,mmstar_000785,2102,dense,False,False,False
mmstar,55.171804904937744,216.37301957488063,1092.7465529966867,random,13b,prospective,mmstar_001146,2102,dense,False,True,False
visual_counterfact_size,55.09725810050964,26.41388985991478,175.62045098748058,random,13b,development,visual_counterfact_size_000273,2102,dense,True,True,False
pope_popular,43.74870477557183,42.78140253901482,227.78582300816197,random,13b,prospective,pope_popular_001842,2102,432,False,False,False
mmstar,52.16643460035325,74.01065700292587,299.6314049960347,random,13b,prospective,mmstar_001484,2102,dense,False,False,False
mmstar,100.96067133307457,95.3093497145176,326.670392008964,random,13b,development,mmstar_001458,2102,dense,False,True,False
pope_popular,54.92624917030335,46.752804622650146,153.4485760057578,random,13b,prospective,pope_popular_001356,2102,432,False,False,False
visual_counterfact_size,75.46146491885185,147.37603578209877,529.045892006252,random,13b,prospective,visual_counterfact_size_000020,2102,dense,False,False,False
pope_adversarial,58.20623104214668,41.436156421899796,157.1624280040851,random,13b,prospective,pope_adversarial_001056,2102,432,False,True,True
mmstar,77.98368798971177,71.97774953842162,270.45733100385405,random,13b,development,mmstar_000148,2102,dense,False,False,False
mmstar,58.16731109499931,120.32557698488235,583.0135550058912,random,13b,development,mmstar_000334,2102,dense,True,True,False
visual_counterfact_size,54.1201853787899,23.02984662413597,139.52106700162403,random,13b,development,visual_counterfact_size_000613,2102,dense,True,True,False
mmstar,62.68424353599548,30.121776329278944,146.02700099931099,random,13b,development,mmstar_001206,2102,dense,False,False,False
pope_random,59.0373422563076,33.66847455978393,142.19506998779252,random,13b,development,pope_random_000283,2102,432,False,True,False
mmstar,133.7022108209133,38.72685820579528,144.05839100072626,random,13b,prospective,mmstar_000602,2102,dense,False,False,False
pope_popular,47.09984933495521,83.3283623456955,250.16804700135253,random,13b,development,pope_popular_000529,2102,432,True,True,False
visual_counterfact_size,32.97152461051941,63.44075229048729,175.27353500190657,random,13b,prospective,visual_counterfact_size_000610,2102,dense,True,True,False
visual_counterfact_color,26.780624920129778,58.170191359519954,159.02276900305878,random,13b,prospective,visual_counterfact_color_000384,2102,432,True,True,False
mmstar,28.62386728286743,88.12819891810418,245.87204000272322,random,13b,prospective,mmstar_001194,2102,dense,False,False,False
visual_counterfact_color,35.996463241577146,56.89254236578941,168.14888699445873,random,13b,development,visual_counterfact_color_000225,2102,432,True,True,False
mmstar,39.06625730037689,65.36213091373445,195.22783299908042,random,13b,development,mmstar_000061,2102,dense,False,False,False
pope_adversarial,39.794847419261934,49.033207272291186,145.97175200469792,random,13b,development,pope_adversarial_000406,2102,432,True,True,False
visual_counterfact_color,44.353860291242604,50.750399296283724,154.54901500197593,random,13b,development,visual_counterfact_color_000074,2102,432,True,True,False
mmstar,80.1354329252243,133.20068311929705,408.0397079960676,random,13b,development,mmstar_001398,2102,dense,False,False,False
pope_popular,44.93809716224671,49.541129642725,149.9114720063517,random,13b,development,pope_popular_000211,2102,432,False,True,False
pope_random,45.13454772949218,56.75058909058571,173.25762499240227,random,13b,development,pope_random_000363,2102,432,False,True,False
visual_counterfact_color,52.644344154596325,46.89322791337967,145.66323498729616,random,13b,development,visual_counterfact_color_000429,2102,432,True,True,False
visual_counterfact_color,60.93447155475617,61.04123565196991,196.26062200404704,random,13b,prospective,visual_counterfact_color_000480,2102,432,True,True,False
mmstar,53.90890411376954,45.9688977432251,141.90481300465763,random,13b,development,mmstar_000087,2102,dense,True,True,False
mmstar,58.02087488889695,54.94887333869934,153.67765400151256,random,13b,development,mmstar_001192,2102,dense,False,True,False
pope_popular,52.710362286567694,54.60154183506965,146.5412660036236,random,13b,development,pope_popular_000189,2102,432,False,True,False
pope_adversarial,55.724324247837075,54.90924277544022,147.69618399441242,random,13b,prospective,pope_adversarial_002532,2102,432,True,True,False
mmstar,54.46496358394623,62.264740035533904,167.81187999004032,random,13b,development,mmstar_000895,2102,dense,False,False,False
visual_counterfact_color,54.686880184412,54.911962013244626,145.3749279899057,random,13b,development,visual_counterfact_color_000121,2102,432,False,True,True
mmstar,61.24539518237114,65.20484178066253,158.15652901073918,random,13b,development,mmstar_001154,2102,432,True,True,False
pope_popular,51.15971989393235,58.130472564697264,140.5146769975545,random,13b,development,pope_popular_000458,2102,432,True,True,False
mmstar,59.12041728973388,78.40448678493499,189.4608610018622,random,13b,development,mmstar_001057,2102,432,False,True,False
visual_counterfact_color,51.43922256231308,110.97908066630363,280.4807390057249,random,13b,development,visual_counterfact_color_000238,2102,432,True,True,False
visual_counterfact_color,52.4265960931778,78.06081762552262,231.0815189994173,random,13b,development,visual_counterfact_color_000304,2102,432,True,True,False
visual_counterfact_size,76.01916956186295,68.95553769350053,212.3991090047639,random,13b,development,visual_counterfact_size_000726,2102,dense,True,True,False
visual_counterfact_size,56.79648236513138,51.884093360900884,162.06294899166096,random,13b,development,visual_counterfact_size_000297,2102,dense,True,True,False
visual_counterfact_color,57.51574753284454,50.087667942047126,159.96551999705844,random,13b,prospective,visual_counterfact_color_000282,2102,432,True,True,False
mmstar,57.8154949593544,53.62283419370652,164.49839399138,random,13b,prospective,mmstar_000521,2102,dense,False,False,False
mmstar,56.83854150772095,49.235950204133985,140.4220180120319,random,13b,development,mmstar_001445,2102,dense,False,False,False
mmstar,92.67622044086455,78.39659179806709,213.44585801125504,random,13b,prospective,mmstar_000673,2102,dense,False,False,False
visual_counterfact_size,86.36107995986939,72.96023079633713,189.93779599259142,random,13b,development,visual_counterfact_size_000148,2102,dense,False,False,False
pope_random,63.33923378586769,57.389910956621165,145.18875900830608,random,13b,prospective,pope_random_002832,2102,432,True,True,False
mmstar,60.76388307332993,59.645708488225935,147.3466970055597,random,13b,development,mmstar_000710,2102,dense,True,True,False
visual_counterfact_size,71.41789728045464,71.50916874885559,169.55214299377985,random,13b,prospective,visual_counterfact_size_000075,2102,dense,False,True,False
mmstar,63.313015872240065,69.60973307132721,157.596493998426,random,13b,prospective,mmstar_000971,2102,dense,False,False,False
mmstar,61.52177684664726,62.40565740585326,141.80998300435022,random,13b,development,mmstar_000656,2102,dense,False,False,False
mmstar,60.55222243666648,61.00051932811737,142.1237199974712,random,13b,development,mmstar_001442,2102,dense,False,True,False
pope_popular,66.28935123801232,64.12810302972794,151.88262199808378,random,13b,development,pope_popular_000100,2102,432,True,True,False
mmstar,123.48099170565605,124.44511764764786,296.9904319907073,random,13b,prospective,mmstar_001126,2102,dense,False,False,False
visual_counterfact_size,87.54702224850655,94.97446823477745,234.54975499771535,random,13b,prospective,visual_counterfact_size_000041,2102,dense,True,True,False
pope_random,57.895469068288804,127.42401727914809,410.26394499931484,random,13b,prospective,pope_random_001200,2102,432,True,True,False
visual_counterfact_size,53.79198897242546,36.45117317199707,141.14728101412766,random,13b,prospective,visual_counterfact_size_000524,2102,dense,True,True,False
mmstar,217.96355748057368,145.51785368442535,525.9390540013555,random,13b,development,mmstar_000535,2102,432,False,False,False
pope_adversarial,55.8916529917717,53.575788351297376,162.53632299776655,random,13b,development,pope_adversarial_000093,2102,432,False,True,False
visual_counterfact_size,63.34228333711624,111.04921070575715,306.09261100471485,random,13b,development,visual_counterfact_size_000380,2102,dense,True,True,False
pope_adversarial,55.08013787269592,55.77277050018311,151.0340700042434,random,13b,development,pope_adversarial_000572,2102,432,True,True,False
mmstar,68.254130256176,61.6721710395813,168.67274198739324,random,13b,prospective,mmstar_001477,2102,dense,False,False,False
visual_counterfact_size,65.14443753004073,59.273703489303585,164.27063700393774,random,13b,development,visual_counterfact_size_000176,2102,dense,True,True,False
pope_adversarial,53.617964537143706,54.02321794033051,147.94557099230587,random,13b,development,pope_adversarial_000731,2102,432,False,True,False
pope_popular,58.12696954965591,55.004240970611576,146.17245900444686,random,13b,development,pope_popular_000311,2102,432,False,True,False
pope_random,59.52205253720284,57.09206615805626,144.23325899406336,random,13b,development,pope_random_000651,2102,432,False,True,False
pope_adversarial,59.68329337477684,65.87308056950569,162.32128601404838,random,13b,development,pope_adversarial_000518,2102,432,True,True,False
visual_counterfact_size,67.46787390947343,72.10536084532738,175.79971899976954,random,13b,prospective,visual_counterfact_size_000260,2102,dense,True,True,False
mmstar,179.48148636460306,170.9346079540253,412.35942400817294,random,13b,development,mmstar_000019,2102,dense,False,False,False
mmstar,59.63740785121917,91.03819191098212,239.43577500176616,random,13b,prospective,mmstar_001452,2102,dense,False,False,False
pope_popular,58.00410575151444,73.95126424789429,210.33195999916643,random,13b,development,pope_popular_000378,2102,432,True,True,False
mmstar,175.4678314757347,144.77674615621567,417.7031500003068,random,13b,development,mmstar_000543,2102,dense,False,False,False
mmstar,58.53874235153198,128.06777495384216,382.5769550021505,random,13b,prospective,mmstar_000519,2102,dense,False,False,False
pope_adversarial,58.12384588241577,45.36240035295486,145.2468680072343,random,13b,development,pope_adversarial_000359,2102,432,False,True,False
mmstar,61.88082988858223,46.29426457881927,143.30186900042463,random,13b,prospective,mmstar_000031,2102,dense,True,True,False
visual_counterfact_size,86.4031531059742,66.42118370056153,220.3803379961755,random,13b,development,visual_counterfact_size_000274,2102,dense,True,True,False
mmstar,45.736895557641986,46.728539831638344,141.3757779955631,random,13b,prospective,mmstar_000375,2102,dense,False,False,False
mmstar,48.81083800315857,66.15357223749162,183.97872599598486,random,13b,prospective,mmstar_000920,2102,dense,False,False,False
visual_counterfact_color,45.58313962936401,80.79249146103858,252.92301799345296,random,13b,development,visual_counterfact_color_000371,2102,432,True,True,False
pope_random,46.890787625312804,45.92590950965882,146.21229900512844,random,13b,development,pope_random_000270,2102,432,True,True,False
mmstar,48.868673400878905,52.951714267730715,145.82055300706998,random,13b,development,mmstar_000816,2102,dense,False,True,False
pope_random,50.371251204013824,132.60593904495238,375.92320299881976,random,13b,prospective,pope_random_002568,2102,432,True,True,False
pope_popular,55.3336381316185,48.42038074970245,149.14392000355292,random,13b,prospective,pope_popular_002640,2102,432,True,True,False
pope_adversarial,60.30572173714637,51.98576537132263,162.5903929962078,random,13b,prospective,pope_adversarial_002160,2102,432,True,True,False
mmstar,60.41576215267181,47.933897254467006,148.99858098942786,random,13b,development,mmstar_001472,2102,dense,False,True,False
visual_counterfact_size,60.736583203077316,48.23901928186417,141.87496301019564,random,13b,prospective,visual_counterfact_size_000137,2102,dense,True,True,False
pope_random,56.4377506005764,50.01851090788842,139.32165900769178,random,13b,prospective,pope_random_001110,2102,432,False,False,False
pope_popular,48.15705882549287,51.36599336862564,138.38073900842573,random,13b,prospective,pope_popular_002130,2102,432,True,True,False
pope_adversarial,46.23647170543671,53.009245693683624,139.01695198728703,random,13b,development,pope_adversarial_000118,2102,432,True,True,False
mmstar,38.81465240478515,117.27909554839134,284.61336699547246,random,13b,prospective,mmstar_001285,2102,432,False,False,True
visual_counterfact_color,39.66934000611306,71.08700495362281,170.63277200213633,random,13b,development,visual_counterfact_color_000003,2102,432,True,True,False
pope_popular,44.124961293935776,58.50117558717727,145.5967049987521,random,13b,development,pope_popular_000039,2102,432,False,True,False
pope_random,43.537095087766644,57.68298731088638,141.07672100362834,random,13b,development,pope_random_000115,2102,432,False,True,False
mmstar,150.86322774648667,175.31334251046178,427.3151419911301,random,13b,prospective,mmstar_000581,2102,dense,False,False,False
mmstar,61.24733759045601,146.19277485609055,426.43558100098744,random,13b,development,mmstar_000799,2102,dense,False,False,False
mmstar,62.01212300658226,48.06353853344916,164.52381398994476,random,13b,prospective,mmstar_000183,2102,dense,False,True,False
pope_random,57.02672924876213,47.769667713642114,182.96069699863438,random,13b,development,pope_random_000228,2102,432,False,False,False
pope_popular,58.72089752197266,139.96986356854438,615.6326249911217,random,13b,development,pope_popular_000165,2102,432,True,True,False
mmstar,39.06324049949646,69.15339298963546,466.09843900660053,random,13b,prospective,mmstar_000564,2102,dense,False,False,False
mmstar,35.183472779989245,30.321297097206113,155.9883800073294,random,13b,prospective,mmstar_000723,2102,dense,True,True,False
pope_random,31.841796326637265,78.15836100935935,381.20932898891624,random,13b,development,pope_random_000157,2102,432,False,True,False
visual_counterfact_size,40.317500090599054,128.59245847582818,558.2431759976316,random,13b,prospective,visual_counterfact_size_000708,2102,dense,False,False,False
mmstar,43.84307491779327,45.54516856312752,218.3708679949632,random,13b,prospective,mmstar_000512,2102,dense,True,True,False
mmstar,47.49285703539848,109.86991425037385,489.0940170007525,random,13b,development,mmstar_000417,2102,dense,True,True,False
pope_adversarial,46.67267193317413,33.25170695185662,141.1290310061304,random,13b,development,pope_adversarial_000003,2102,432,False,True,False
pope_random,50.196580328941344,41.403491187095646,141.28191900090314,random,13b,development,pope_random_000227,2102,432,False,True,False
visual_counterfact_color,70.06799328923225,60.578682931661604,186.94827699800953,random,13b,development,visual_counterfact_color_000105,2102,432,True,True,False
mmstar,57.85803104043007,42.70305714011192,152.65429399732966,random,13b,development,mmstar_000853,2102,dense,False,True,False
visual_counterfact_color,55.27583018064499,43.490447261333465,143.6703450017376,random,13b,prospective,visual_counterfact_color_000393,2102,432,True,True,False
pope_adversarial,58.738531552553184,44.74486300468445,142.17388999531977,random,13b,prospective,pope_adversarial_001584,2102,432,True,True,False
pope_random,56.529097976684575,44.53873934149742,140.6634849990951,random,13b,development,pope_random_000595,2102,432,False,True,False
mmstar,93.30756252527237,69.9514407646656,213.56206700147595,random,13b,development,mmstar_000493,2102,dense,False,True,False
visual_counterfact_size,15.263486874103547,31.047187846899035,138.22663998871576,fastv,7b,prospective,visual_counterfact_size_000296,2103,dense,True,True,False
pope_random,14.773547966480256,28.01888766169548,103.60340600891504,fastv,7b,development,pope_random_000330,2103,432,True,True,False
pope_popular,15.630911378860477,27.269027761220933,90.84148300462402,fastv,7b,prospective,pope_popular_002449,2103,432,True,True,False
visual_counterfact_color,28.52620178818703,36.618319449424746,107.32223799277563,fastv,7b,development,visual_counterfact_color_000287,2103,432,True,True,False
mmstar,23.379792684316637,31.868352527618406,90.06898099323735,fastv,7b,development,mmstar_000498,2103,dense,False,False,False
pope_popular,27.763018673658372,33.895881085395814,88.91854199464433,fastv,7b,development,pope_popular_000656,2103,432,True,True,False
visual_counterfact_size,39.051433428525925,48.71689014434815,118.05769099737518,fastv,7b,development,visual_counterfact_size_000684,2103,dense,False,False,False
pope_popular,37.15905283927918,35.24863185882568,90.01533199625555,fastv,7b,development,pope_popular_000127,2103,432,False,True,False
visual_counterfact_color,49.14269124269485,40.6195399904251,103.86457300046459,fastv,7b,prospective,visual_counterfact_color_000299,2103,432,True,True,False
pope_adversarial,36.2825982940197,34.54876233100891,93.87591200356837,fastv,7b,development,pope_adversarial_000398,2103,432,False,False,False
pope_popular,36.851109151840205,31.89005944728851,86.64267499989364,fastv,7b,development,pope_popular_000256,2103,432,True,True,False
pope_adversarial,34.02075517296791,31.635778245925902,90.8010139974067,fastv,7b,prospective,pope_adversarial_002634,2103,432,True,True,False
mmstar,32.27944532632828,31.639208577871322,91.18962999491487,fastv,7b,prospective,mmstar_001346,2103,dense,False,False,False
pope_popular,32.39454657196998,28.774798243045808,91.36261799721979,fastv,7b,development,pope_popular_000357,2103,432,False,True,False
visual_counterfact_size,41.53401540637016,36.43675918817521,115.96977199951652,fastv,7b,prospective,visual_counterfact_size_000289,2103,dense,True,True,False
visual_counterfact_color,49.75566027164459,34.40545557022095,110.2548589988146,fastv,7b,development,visual_counterfact_color_000073,2103,432,False,True,True
mmstar,33.54154293298721,30.086140097379683,88.96041099797003,fastv,7b,prospective,mmstar_000254,2103,432,False,False,False
mmstar,37.40728747844696,34.035036733150484,97.70461499283556,fastv,7b,prospective,mmstar_001097,2103,dense,False,False,False
pope_popular,34.214126136302944,34.68314311385155,89.33234799769707,fastv,7b,development,pope_popular_000360,2103,432,True,True,False
mmstar,39.23982793092727,38.62390551567078,95.40767699945718,fastv,7b,development,mmstar_000502,2103,432,False,False,False
visual_counterfact_color,38.769577703475946,40.03578080177307,92.09354099584743,fastv,7b,development,visual_counterfact_color_000306,2103,432,True,True,False
mmstar,42.81767835617066,41.540875368118286,92.87696299725212,fastv,7b,prospective,mmstar_000324,2103,432,False,False,False
mmstar,46.39839197158813,44.859417203664776,94.47607699257787,fastv,7b,prospective,mmstar_000788,2103,dense,False,True,False
visual_counterfact_size,48.128171700239186,50.36837284326553,103.38572799810208,fastv,7b,prospective,visual_counterfact_size_000212,2103,dense,True,True,False
mmstar,43.72899848461151,48.40887441158294,92.34848798951134,fastv,7b,development,mmstar_001498,2103,dense,False,False,False
mmstar,44.441734342575074,47.36653027296066,90.35428801144008,fastv,7b,development,mmstar_001162,2103,dense,False,False,False
mmstar,44.82498896598816,47.25422587394715,91.33639800711535,fastv,7b,prospective,mmstar_000796,2103,dense,False,False,False
mmstar,39.64580879449844,45.14278571605683,87.37966800981667,fastv,7b,prospective,mmstar_001402,2103,dense,False,False,False
visual_counterfact_color,40.4943204677105,38.39511120915413,99.18371999810915,fastv,7b,prospective,visual_counterfact_color_000312,2103,432,True,True,False
mmstar,41.91666697740555,35.84505112409592,96.57629499270115,fastv,7b,development,mmstar_001111,2103,dense,True,True,False
pope_popular,39.540348391532895,28.87602410316467,91.3526580116013,fastv,7b,prospective,pope_popular_002670,2103,432,True,True,False
pope_adversarial,38.57904578447342,27.753147439956663,89.98919100849889,fastv,7b,development,pope_adversarial_000291,2103,432,True,True,False
mmstar,42.23263970613479,22.399439539909363,91.56383600202389,fastv,7b,prospective,mmstar_000794,2103,dense,False,True,False
pope_random,41.24590631723404,21.972321211099626,89.80704299756326,fastv,7b,development,pope_random_000014,2103,432,False,False,False
mmstar,43.11852543354035,17.324128074645998,91.1476300098002,fastv,7b,development,mmstar_000333,2103,dense,False,False,False
mmstar,41.63035083651543,16.481595540046694,86.70480399450753,fastv,7b,prospective,mmstar_000105,2103,dense,False,False,False
mmstar,137.26958276987077,19.904874074459077,94.27349900943227,fastv,7b,development,mmstar_001167,2103,dense,True,True,False
mmstar,55.2067075407505,33.45727643251419,147.76262499799486,fastv,7b,development,mmstar_000758,2103,432,False,False,False
mmstar,30.869683690071106,24.674393330812453,91.7153439950198,fastv,7b,prospective,mmstar_000167,2103,432,False,True,False
mmstar,103.7749738585949,133.46821545004846,446.5410819975659,fastv,7b,development,mmstar_001283,2103,432,False,False,False
visual_counterfact_size,20.30962337017059,31.46050612807274,91.51262599334586,fastv,7b,prospective,visual_counterfact_size_000527,2103,dense,True,True,False
visual_counterfact_size,23.8509112238884,34.65338479757309,98.80396399239544,fastv,7b,prospective,visual_counterfact_size_000044,2103,dense,False,False,False
visual_counterfact_size,30.000967150926595,36.85055572628975,98.27722900081426,fastv,7b,development,visual_counterfact_size_000637,2103,dense,True,True,False
pope_random,27.298354611396793,33.4520431137085,87.62984500208404,fastv,7b,prospective,pope_random_001362,2103,432,True,True,False
visual_counterfact_color,28.842481584548953,36.797953230142596,93.26015900296625,fastv,7b,prospective,visual_counterfact_color_000149,2103,432,True,True,False
pope_random,25.815164437294005,36.801899377107624,92.00334099296015,fastv,7b,prospective,pope_random_001764,2103,432,True,True,False
visual_counterfact_size,26.476574535369874,35.697455348968504,83.10434099985287,fastv,7b,development,visual_counterfact_size_000352,2103,dense,True,True,False
mmstar,27.507978892326356,44.046072363853455,98.1294500088552,fastv,7b,prospective,mmstar_000911,2103,432,False,False,False
mmstar,30.186975679397587,49.13548595905304,103.53619599482045,fastv,7b,development,mmstar_001128,2103,dense,False,False,False
visual_counterfact_color,28.856661639213563,45.20026244044304,91.36552699783351,fastv,7b,development,visual_counterfact_color_000248,2103,432,True,True,False
mmstar,68.82474383592606,116.332780752182,229.10196300654206,fastv,7b,prospective,mmstar_000028,2103,dense,False,True,False
visual_counterfact_size,37.564207947254175,61.76659412384033,125.67537499126047,fastv,7b,development,visual_counterfact_size_000698,2103,dense,False,False,False
pope_random,29.135368542671202,41.797112897634506,88.06718100095168,fastv,7b,prospective,pope_random_001122,2103,432,True,True,False
visual_counterfact_size,37.41217258930206,48.65516404032707,103.79785399709363,fastv,7b,development,visual_counterfact_size_000152,2103,dense,False,True,False
visual_counterfact_size,33.45049066901207,44.79758298873901,99.77066400460899,fastv,7b,development,visual_counterfact_size_000506,2103,dense,True,True,False
visual_counterfact_color,45.1044367992878,57.612949041128154,131.57858699560165,fastv,7b,prospective,visual_counterfact_color_000271,2103,432,True,True,False
mmstar,31.202930802106863,34.835513515472414,91.56901600363199,fastv,7b,prospective,mmstar_001006,2103,dense,False,False,False
pope_random,27.048811740875248,33.893447399139404,89.07767100026831,fastv,7b,development,pope_random_000175,2103,432,False,True,False
pope_random,25.900067951679233,28.823917833566664,85.40362698840909,fastv,7b,development,pope_random_000491,2103,432,False,True,False
pope_adversarial,24.0860078060627,28.879379514455795,85.54070600075647,fastv,7b,development,pope_adversarial_000254,2103,432,True,True,False
visual_counterfact_size,79.75685891032218,35.54947605609894,101.53021699807141,fastv,7b,development,visual_counterfact_size_000504,2103,dense,False,False,False
mmstar,18.45040312767029,29.92856164932251,84.64283500507008,fastv,7b,prospective,mmstar_001320,2103,dense,True,True,False
visual_counterfact_size,23.2092724609375,41.92347085952759,113.48457699932624,fastv,7b,prospective,visual_counterfact_size_000193,2103,dense,False,False,False
pope_random,16.608731937408447,34.33094046592713,91.5574859973276,fastv,7b,development,pope_random_000579,2103,432,False,True,False
mmstar,18.69422353029251,35.41290608167648,95.52560599695425,fastv,7b,development,mmstar_000555,2103,dense,False,True,False
mmstar,16.018870463371275,32.70341912508011,88.33972799766343,fastv,7b,development,mmstar_001302,2103,432,False,False,False
visual_counterfact_color,15.680859825611114,32.8165999019146,86.74697400419973,fastv,7b,development,visual_counterfact_color_000298,2103,432,True,True,False
visual_counterfact_color,31.411553738117217,61.18874492049217,158.38516899384558,fastv,7b,development,visual_counterfact_color_000339,2103,432,True,True,False
mmstar,17.118735415935515,34.56393370389938,87.65205500822049,fastv,7b,prospective,mmstar_000139,2103,dense,True,True,False
mmstar,17.292865393161772,33.57641278266907,85.63516499998514,fastv,7b,development,mmstar_001215,2103,dense,False,False,False
pope_random,21.824664764404297,32.90253579854965,89.46305699646473,fastv,7b,development,pope_random_000382,2103,432,True,True,False
mmstar,22.036955181360245,32.82334777593612,89.23513899208046,fastv,7b,development,mmstar_001178,2103,432,False,False,False
pope_popular,25.62077997207642,28.495408927202227,84.5896660030121,fastv,7b,development,pope_popular_000106,2103,432,True,True,False
mmstar,42.02872701168061,43.87673825621606,131.65786600438878,fastv,7b,development,mmstar_000381,2103,dense,False,False,False
mmstar,42.49999560236931,40.07228379249573,125.61504599580076,fastv,7b,development,mmstar_000637,2103,432,False,True,False
visual_counterfact_color,36.00519261240959,26.8894332921505,84.74357399973087,fastv,7b,prospective,visual_counterfact_color_000101,2103,432,True,True,False
pope_adversarial,33.55220377445221,26.659781721830367,84.20626900624484,fastv,7b,prospective,pope_adversarial_002772,2103,432,False,False,False
pope_popular,37.457068119049076,33.18969554424286,97.54178700677585,fastv,7b,development,pope_popular_000320,2103,432,False,False,False
pope_popular,37.7235948908329,35.13683959960938,96.76848399976734,fastv,7b,prospective,pope_popular_002490,2103,432,True,True,False
pope_adversarial,40.534658639431,34.02118734359742,85.62698500463739,fastv,7b,prospective,pope_adversarial_002347,2103,432,False,True,False
visual_counterfact_color,42.522455946207046,36.56895124197006,96.24091899604537,fastv,7b,development,visual_counterfact_color_000213,2103,432,True,True,False
mmstar,136.03573755502703,31.942459728717807,90.91219199763145,fastv,7b,prospective,mmstar_000464,2103,dense,False,False,False
pope_popular,38.175642795562744,31.345584139823917,90.91157300281338,fastv,7b,development,pope_popular_000056,2103,432,False,False,False
visual_counterfact_color,42.333277134895326,30.030847206115727,100.89318300015293,fastv,7b,prospective,visual_counterfact_color_000476,2103,432,True,True,False
mmstar,35.91484782218933,25.59599895238877,87.02564099803567,fastv,7b,development,mmstar_000260,2103,dense,False,False,False
pope_random,34.86256855487824,20.932902047634123,89.32742800971027,fastv,7b,prospective,pope_random_002592,2103,432,True,True,False
pope_random,33.76763059616089,22.604158271551128,100.94187200593296,fastv,7b,prospective,pope_random_002966,2103,432,True,True,False
visual_counterfact_size,33.621641664505006,22.415954333543777,106.89239299972542,fastv,7b,development,visual_counterfact_size_000242,2103,dense,False,False,False
mmstar,47.035520591735846,36.00075042843819,160.34391900757328,fastv,7b,prospective,mmstar_000054,2103,dense,False,False,False
visual_counterfact_size,29.59121701717377,27.20872738003731,106.61144599725958,fastv,7b,prospective,visual_counterfact_size_000721,2103,dense,True,True,False
visual_counterfact_color,24.585377774238587,24.448265433311462,90.40551699581556,fastv,7b,prospective,visual_counterfact_color_000327,2103,432,True,True,False
mmstar,26.821969664096834,31.047868108749388,96.61677500116639,fastv,7b,development,mmstar_001095,2103,dense,False,False,False
mmstar,39.15110896110535,53.16125779151916,151.7047560046194,fastv,7b,development,mmstar_001323,2103,dense,False,False,False
visual_counterfact_size,31.901363624334337,52.39343078613281,135.16021000395995,fastv,7b,prospective,visual_counterfact_size_000322,2103,dense,False,False,False
pope_adversarial,21.572112251520156,38.49322063207626,95.56064600474201,fastv,7b,development,pope_adversarial_000100,2103,432,True,True,False
visual_counterfact_color,22.067308148145674,36.41865878582001,88.56489599565975,fastv,7b,development,visual_counterfact_color_000419,2103,432,True,True,False
mmstar,23.55210504055023,38.32230150222779,87.45885700045619,fastv,7b,development,mmstar_000459,2103,dense,False,True,False
visual_counterfact_color,32.242486953735344,50.87707149028778,111.9024729996454,fastv,7b,prospective,visual_counterfact_color_000063,2103,432,True,True,False
visual_counterfact_color,25.94902433395385,43.03726601481438,91.38414700282738,fastv,7b,development,visual_counterfact_color_000310,2103,432,True,True,False
mmstar,30.03609804153442,44.01964172840118,92.56819599249866,fastv,7b,development,mmstar_001351,2103,dense,False,False,False
mmstar,31.905531933307643,47.15141509056091,99.05814100056887,fastv,7b,development,mmstar_000647,2103,dense,False,False,False
pope_random,27.7187673163414,41.65175020694733,87.43374700134154,fastv,7b,development,pope_random_000039,2103,432,False,True,False
mmstar,29.516751712560655,42.97682524681092,88.29445899755228,fastv,7b,development,mmstar_000182,2103,dense,True,True,False
visual_counterfact_size,30.430220725536348,48.41369085788727,98.10706099960953,fastv,7b,development,visual_counterfact_size_000126,2103,dense,True,True,False
mmstar,33.96279300808907,59.170192456245424,116.5305860049557,fastv,7b,prospective,mmstar_001221,2103,dense,False,True,False
mmstar,27.259551849365238,47.96492531180382,93.34962800494395,fastv,7b,development,mmstar_000253,2103,dense,False,False,False
visual_counterfact_color,26.03189454555511,47.64303404331207,93.59537600539625,fastv,7b,development,visual_counterfact_color_000080,2103,432,True,True,False
visual_counterfact_color,25.502085638046264,46.85626728773117,92.23303900216706,fastv,7b,development,visual_counterfact_color_000455,2103,432,False,True,True
pope_adversarial,28.513336943387984,46.07353263616562,95.015960992896,fastv,7b,development,pope_adversarial_000422,2103,432,True,True,False
visual_counterfact_size,25.2201862847805,40.72827841758728,85.42563699302264,fastv,7b,development,visual_counterfact_size_000230,2103,dense,False,False,False
mmstar,55.7749403655529,67.4137936091423,154.16068999911658,fastv,7b,development,mmstar_001321,2103,432,False,False,False
mmstar,35.76059099435806,37.23213499546051,88.43057700141799,fastv,7b,prospective,mmstar_001191,2103,dense,False,False,False
pope_adversarial,36.10387444496155,35.93957157611847,87.71305400296114,fastv,7b,prospective,pope_adversarial_001519,2103,432,False,True,False
pope_random,35.425726032257074,36.35391630649566,88.96349198766984,fastv,7b,development,pope_random_000474,2103,432,True,True,False
mmstar,37.86833168029785,37.46438151597977,91.87811300216708,fastv,7b,prospective,mmstar_000491,2103,432,False,True,False
visual_counterfact_size,38.87040936231613,41.25752030611038,98.71681401273236,fastv,7b,prospective,visual_counterfact_size_000089,2103,dense,True,True,False
visual_counterfact_color,36.45574280500412,42.43688181638718,99.90684200602118,fastv,7b,development,visual_counterfact_color_000167,2103,432,True,True,False
visual_counterfact_color,28.573493390083314,39.9086427462101,91.46310700452887,fastv,7b,prospective,visual_counterfact_color_000131,2103,432,True,True,False
visual_counterfact_color,30.528943819999693,47.70898536801338,107.6759139978094,fastv,7b,development,visual_counterfact_color_000166,2103,432,True,True,False
mmstar,23.921988142728804,43.38337406873703,90.85020299244206,fastv,7b,prospective,mmstar_001039,2103,dense,False,False,False
mmstar,20.062521195411684,41.98946318864822,85.66704399709124,fastv,7b,prospective,mmstar_001247,2103,dense,False,False,False
visual_counterfact_color,18.604315410852433,42.457647439241406,84.72621400142089,fastv,7b,prospective,visual_counterfact_color_000102,2103,432,True,True,False
visual_counterfact_color,16.01936658382416,41.392220026254655,88.96250200632494,fastv,7b,prospective,visual_counterfact_color_000064,2103,432,True,True,False
visual_counterfact_size,17.518338794708253,44.283797874450684,97.97904199513141,fastv,7b,prospective,visual_counterfact_size_000187,2103,dense,False,False,False
pope_popular,15.9331532227993,38.045206141471866,85.96020100230817,fastv,7b,prospective,pope_popular_001278,2103,432,True,True,False
pope_adversarial,17.656505136489866,38.996752942800526,87.60019500914495,fastv,7b,prospective,pope_adversarial_001206,2103,432,True,True,False
pope_popular,17.012996463775636,41.81375587463379,93.38312699401285,fastv,7b,prospective,pope_popular_002232,2103,432,True,True,False
pope_random,23.213493378162383,39.76898450851441,88.52629599277861,fastv,7b,prospective,pope_random_002082,2103,432,True,True,False
pope_adversarial,23.378440475463865,39.51454809904099,87.6981539913686,fastv,7b,development,pope_adversarial_000595,2103,432,False,True,False
visual_counterfact_size,37.96284733891487,46.347780183553695,102.7069840056356,fastv,7b,development,visual_counterfact_size_000582,2103,dense,True,True,False
pope_random,32.89402569651604,39.20900706768036,86.73615400039125,fastv,7b,development,pope_random_000375,2103,432,False,True,False
visual_counterfact_size,41.63584239482879,47.39824023604393,99.11296999780461,fastv,7b,development,visual_counterfact_size_000626,2103,dense,True,True,False
pope_random,35.95845800876617,43.104117660522455,86.78228298958857,fastv,7b,prospective,pope_random_000900,2103,432,True,True,False
visual_counterfact_size,61.71831935644149,65.64948902845381,128.68867498764303,fastv,7b,development,visual_counterfact_size_000564,2103,dense,True,True,False
pope_adversarial,40.65626378178597,51.39807762026786,99.40501800156198,fastv,7b,development,pope_adversarial_000122,2103,432,False,False,False
visual_counterfact_color,46.33683182001114,43.74522123456001,95.24125899770297,fastv,7b,development,visual_counterfact_color_000290,2103,432,True,True,False
mmstar,41.97733717441559,43.09646020889282,94.69422401161864,fastv,7b,development,mmstar_001411,2103,dense,False,True,False
pope_popular,38.92146828413009,38.259936872720715,97.10795000137296,fastv,7b,development,pope_popular_000429,2103,432,False,True,False
visual_counterfact_size,55.72406357288361,50.29324699401856,133.01868201233447,fastv,7b,development,visual_counterfact_size_000605,2103,dense,False,False,False
mmstar,55.021078112125394,47.88154761314392,142.02690200181678,fastv,7b,prospective,mmstar_000284,2103,432,False,True,False
pope_popular,36.43628441095352,27.588787286281587,87.2477390075801,fastv,7b,prospective,pope_popular_002328,2103,432,True,True,False
pope_random,33.44615386843682,27.020844740867616,87.73527400626335,fastv,7b,development,pope_random_000055,2103,432,False,True,False
mmstar,31.816941496133804,27.063489649295807,85.47143700707238,fastv,7b,development,mmstar_000289,2103,432,False,False,False
visual_counterfact_color,34.02973374843597,30.47768352627754,93.87919200526085,fastv,7b,development,visual_counterfact_color_000215,2103,432,True,True,False
pope_popular,32.60246487736702,31.03863775491714,88.55681600107346,fastv,7b,prospective,pope_popular_001500,2103,432,False,False,False
mmstar,35.582548409700394,33.09514273166656,88.86963299300987,fastv,7b,development,mmstar_000766,2103,432,False,False,False
pope_popular,37.453063381910326,36.55732235431671,89.76388399605639,fastv,7b,prospective,pope_popular_002724,2103,432,True,True,False
mmstar,37.85584785461426,37.68471754789353,86.15675001055934,fastv,7b,development,mmstar_000540,2103,dense,False,False,False
mmstar,41.121652262210844,39.91366548418999,85.30365800834261,fastv,7b,development,mmstar_000697,2103,dense,True,True,False
pope_adversarial,43.103589241504665,44.337206500768666,88.88815199316014,fastv,7b,prospective,pope_adversarial_000324,2103,432,True,True,False
pope_adversarial,45.46419479846954,50.12524019360542,97.72101500129793,fastv,7b,development,pope_adversarial_000710,2103,432,True,True,False
pope_random,43.81540244579315,46.100553746223454,86.86374200624414,fastv,7b,development,pope_random_000234,2103,432,False,False,False
mmstar,48.286679410934454,52.95262892603874,99.07325000676792,fastv,7b,prospective,mmstar_001227,2103,dense,False,False,False
mmstar,49.56048722267151,50.02827672600746,92.69970501190983,fastv,7b,development,mmstar_000595,2103,432,False,False,False
visual_counterfact_size,53.30928801298141,52.292727153301236,96.6449260013178,fastv,7b,prospective,visual_counterfact_size_000434,2103,dense,True,True,False
visual_counterfact_size,44.882251721620555,45.4801741528511,83.83069300907664,fastv,7b,prospective,visual_counterfact_size_000136,2103,dense,False,False,False
mmstar,46.894894934892655,52.63739376068114,96.85037299641408,fastv,7b,development,mmstar_000336,2103,432,False,False,False
visual_counterfact_size,61.2311595261097,65.7736322760582,120.77644398959819,fastv,7b,development,visual_counterfact_size_000520,2103,dense,True,True,False
mmstar,52.5317277598381,52.29281539678573,96.32044800673611,fastv,7b,prospective,mmstar_000972,2103,432,False,False,False
visual_counterfact_size,53.22630905508994,52.822861486673354,97.50727599021047,fastv,7b,development,visual_counterfact_size_000602,2103,dense,True,True,False
pope_adversarial,46.808601832389826,45.159306799173365,83.51424700231291,fastv,7b,development,pope_adversarial_000151,2103,432,False,True,False
mmstar,74.32225053668022,91.11949219465258,170.54604800068773,fastv,7b,development,mmstar_000729,2103,dense,True,True,False
pope_adversarial,34.35447651624679,39.161736615896224,88.29669799888507,fastv,7b,prospective,pope_adversarial_000852,2103,432,True,True,False
mmstar,31.050447620153427,39.75271422982216,93.72345398878679,fastv,7b,development,mmstar_001014,2103,dense,False,False,False
mmstar,30.321704186201096,37.39034409165382,90.32406800542958,fastv,7b,development,mmstar_000781,2103,dense,False,False,False
pope_random,29.062049841880796,37.09633691430092,88.9193220064044,fastv,7b,development,pope_random_000524,2103,432,True,True,False
pope_random,28.335229210853573,37.02794337272644,88.18174999032635,fastv,7b,prospective,pope_random_000907,2103,432,False,True,False
pope_adversarial,29.25880033016205,37.46826133608818,88.41021700936835,fastv,7b,prospective,pope_adversarial_001308,2103,432,False,False,False
pope_adversarial,33.40269424438477,35.918998403549196,84.02033199672587,fastv,7b,prospective,pope_adversarial_000751,2103,432,False,True,False
visual_counterfact_color,41.45262378692627,45.33577903151512,104.97963200032245,fastv,7b,prospective,visual_counterfact_color_000180,2103,432,True,True,False
pope_popular,35.01741878509522,37.70670024871826,86.62529500725213,fastv,7b,development,pope_popular_000495,2103,432,False,True,False
pope_adversarial,40.502420191764834,38.935206959247594,85.90878300310578,fastv,7b,development,pope_adversarial_000131,2103,432,False,True,False
pope_adversarial,41.05204625129699,40.225005643367766,88.1665589986369,fastv,7b,development,pope_adversarial_000490,2103,432,True,True,False
mmstar,51.66578992486001,48.65783652544022,104.16838999663014,fastv,7b,prospective,mmstar_000184,2103,432,False,True,False
visual_counterfact_size,50.61699997782708,45.543124076128,96.57697599323001,fastv,7b,development,visual_counterfact_size_000076,2103,dense,True,True,False
visual_counterfact_color,62.25132615804672,50.8652246260643,113.13127999892458,fastv,7b,development,visual_counterfact_color_000297,2103,432,True,True,False
visual_counterfact_color,44.63598164081574,38.142662435770035,87.0532200060552,fastv,7b,development,visual_counterfact_color_000235,2103,432,True,True,False
pope_random,39.79372398495674,35.149587675333024,87.01628100243397,fastv,7b,prospective,pope_random_001248,2103,432,False,False,False
visual_counterfact_size,54.681032973527905,44.02410225987435,111.1659599991981,fastv,7b,prospective,visual_counterfact_size_000146,2103,dense,True,True,False
mmstar,38.617576507329936,34.15742844700814,87.37032799399458,fastv,7b,development,mmstar_001047,2103,dense,False,False,False
pope_popular,37.27013448596,34.853469150066374,89.30234800209291,fastv,7b,prospective,pope_popular_002808,2103,432,True,True,False
visual_counterfact_color,36.485437998771665,35.10369987368584,92.06791101314593,fastv,7b,development,visual_counterfact_color_000357,2103,432,True,True,False
visual_counterfact_size,38.832228915691374,36.98405780553818,98.52825599955395,fastv,7b,development,visual_counterfact_size_000177,2103,dense,True,True,False
pope_adversarial,32.485321750640864,30.130703549385075,91.33428901259322,fastv,7b,development,pope_adversarial_000722,2103,432,True,True,False
mmstar,33.090756740570065,29.492709448337557,89.43123699282296,fastv,7b,prospective,mmstar_000803,2103,dense,True,True,False
mmstar,31.907130851745602,26.378585397005082,89.41454801242799,fastv,7b,development,mmstar_000935,2103,dense,False,False,False
visual_counterfact_size,46.33206946492195,37.32422407865524,128.45486699370667,fastv,7b,prospective,visual_counterfact_size_000411,2103,dense,True,True,False
visual_counterfact_color,35.180360336303714,22.593188116550447,91.26130799995735,fastv,7b,prospective,visual_counterfact_color_000420,2103,432,True,True,False
pope_popular,34.789232995510105,22.137437493801116,88.61326599435415,fastv,7b,development,pope_popular_000735,2103,432,False,True,False
pope_popular,35.395679054260256,22.400500431060788,88.99939099501353,fastv,7b,development,pope_popular_000420,2103,432,True,True,False
pope_random,35.05847702026367,24.593719253540037,89.7523429885041,fastv,7b,development,pope_random_000555,2103,432,False,True,False
pope_adversarial,36.79332513332367,28.067445230484005,94.80686399911065,fastv,7b,development,pope_adversarial_000385,2103,432,False,True,False
mmstar,38.846348309516905,29.743130717277523,88.4315669973148,fastv,7b,prospective,mmstar_000720,2103,dense,True,True,False
pope_adversarial,39.98273031711578,32.64206972122192,86.77262401033659,fastv,7b,development,pope_adversarial_000085,2103,432,False,True,True
visual_counterfact_size,61.3142029285431,51.750081846714025,128.75265399634372,fastv,7b,prospective,visual_counterfact_size_000617,2103,dense,False,False,False
visual_counterfact_color,49.31823082923889,40.417486660480506,97.29822901135776,fastv,7b,prospective,visual_counterfact_color_000014,2103,432,True,True,False
visual_counterfact_size,56.027039103508,47.659413175582884,112.06109100021422,fastv,7b,development,visual_counterfact_size_000082,2103,dense,True,True,False
visual_counterfact_color,39.73889294862747,37.486861555576326,87.88281200395431,fastv,7b,development,visual_counterfact_color_000136,2103,432,True,True,False
mmstar,36.559823244810104,36.086143511533734,88.5432360082632,fastv,7b,prospective,mmstar_000577,2103,432,False,False,False
mmstar,39.20202660560608,37.649544464349745,92.59032500267494,fastv,7b,prospective,mmstar_000257,2103,432,False,True,False
visual_counterfact_size,48.76427322626114,41.52210105895996,118.14125000091735,fastv,7b,development,visual_counterfact_size_000068,2103,dense,False,False,False
pope_popular,36.17192543268204,30.244123136997224,88.06954100145958,fastv,7b,development,pope_popular_000195,2103,432,False,True,False
mmstar,36.215773084163665,25.224635101556782,85.06318100262433,fastv,7b,development,mmstar_000142,2103,432,False,False,False
visual_counterfact_color,38.359955101013185,27.08340175151825,91.69278500485234,fastv,7b,prospective,visual_counterfact_color_000385,2103,432,True,True,False
pope_adversarial,37.89180537223816,22.4912936425209,86.80294299847446,fastv,7b,prospective,pope_adversarial_002022,2103,432,False,False,False
visual_counterfact_color,56.64403296947479,30.480932459831237,122.48835701029748,fastv,7b,development,visual_counterfact_color_000165,2103,432,True,True,False
pope_random,36.9118622648716,19.77276256561279,85.60671500163153,fastv,7b,prospective,pope_random_001141,2103,432,False,True,False
mmstar,35.218844368457795,19.365726413726804,84.13469999504741,fastv,7b,development,mmstar_000802,2103,dense,False,False,False
pope_popular,32.48610562562943,22.09743787407875,86.55860599537846,fastv,7b,prospective,pope_popular_002941,2103,432,False,True,False
mmstar,32.60391488671303,23.216491434574124,87.00437100196723,fastv,7b,development,mmstar_000290,2103,432,False,False,False
visual_counterfact_size,15.263486874103547,14.27670486807823,130.3219289984554,scope,7b,prospective,visual_counterfact_size_000296,2103,dense,True,True,False
visual_counterfact_color,28.52620178818703,14.271820528507233,97.6167449989589,scope,7b,development,visual_counterfact_color_000287,2103,dense,True,True,False
mmstar,23.379792684316637,12.863856594562533,86.65117499185726,scope,7b,development,mmstar_000498,2103,dense,False,False,False
visual_counterfact_size,39.051433428525925,19.996424911022185,112.95583200990222,scope,7b,development,visual_counterfact_size_000684,2103,dense,False,False,False
visual_counterfact_color,49.14269124269485,19.650810899734495,104.12319999886677,scope,7b,prospective,visual_counterfact_color_000299,2103,dense,True,True,False
mmstar,32.27944532632828,17.687369892597196,82.8867829986848,scope,7b,prospective,mmstar_001346,2103,dense,False,False,False
visual_counterfact_size,41.53401540637016,26.072661232948303,114.41093801113311,scope,7b,prospective,visual_counterfact_size_000289,2103,dense,True,True,False
visual_counterfact_color,49.75566027164459,26.592277361154554,102.70359499554615,scope,7b,development,visual_counterfact_color_000073,2103,dense,True,True,False
mmstar,33.54154293298721,25.70928584098816,88.70035399741028,scope,7b,prospective,mmstar_000254,2103,dense,False,False,False
mmstar,37.40728747844696,28.14583897352219,93.30594798666425,scope,7b,prospective,mmstar_001097,2103,dense,False,False,False
mmstar,39.23982793092727,28.75134892821312,86.73095398989972,scope,7b,development,mmstar_000502,2103,dense,False,False,False
visual_counterfact_color,38.769577703475946,31.148635118007657,89.05660100572277,scope,7b,development,visual_counterfact_color_000306,2103,dense,True,True,False
mmstar,46.39839197158813,35.58105762720108,91.71582499402575,scope,7b,prospective,mmstar_000788,2103,dense,False,True,False
visual_counterfact_size,48.128171700239186,39.63258901834488,96.29891799704637,scope,7b,prospective,visual_counterfact_size_000212,2103,dense,True,True,False
mmstar,43.72899848461151,39.996711543798455,88.84794299956411,scope,7b,development,mmstar_001498,2103,dense,False,False,False
mmstar,44.441734342575074,42.42337661743164,89.62090600107331,scope,7b,development,mmstar_001162,2103,dense,False,False,False
mmstar,44.82498896598816,43.52174798011781,86.24931900703814,scope,7b,prospective,mmstar_000796,2103,dense,False,False,False
mmstar,39.64580879449844,43.87564626216889,83.4683870052686,scope,7b,prospective,mmstar_001402,2103,dense,False,False,False
visual_counterfact_color,40.4943204677105,54.97340281605721,101.37091799697373,scope,7b,prospective,visual_counterfact_color_000312,2103,dense,True,True,False
mmstar,41.91666697740555,51.44267812371254,92.28013800748158,scope,7b,development,mmstar_001111,2103,dense,True,True,False
mmstar,42.23263970613479,48.48620585799217,86.5783850022126,scope,7b,prospective,mmstar_000794,2103,dense,False,True,False
mmstar,43.11852543354035,47.44758005857467,84.48687600321136,scope,7b,development,mmstar_000333,2103,dense,False,False,False
mmstar,41.63035083651543,47.67177080035209,84.60123599797953,scope,7b,prospective,mmstar_000105,2103,dense,False,False,False
mmstar,137.26958276987077,56.76135329604148,100.46371699718293,scope,7b,development,mmstar_001167,2103,dense,True,True,False
mmstar,55.2067075407505,82.09777931571006,144.92544300446752,scope,7b,development,mmstar_000758,2103,dense,False,False,False
mmstar,30.869683690071106,47.79064706563949,84.24446899152827,scope,7b,prospective,mmstar_000167,2103,dense,False,True,False
mmstar,103.7749738585949,213.18797206759453,428.1644650036469,scope,7b,development,mmstar_001283,2103,dense,False,False,False
visual_counterfact_size,20.30962337017059,42.775125961303715,96.65913399658166,scope,7b,prospective,visual_counterfact_size_000527,2103,dense,True,True,False
visual_counterfact_size,23.8509112238884,41.467924580574035,96.24808900116477,scope,7b,prospective,visual_counterfact_size_000044,2103,dense,False,False,False
visual_counterfact_size,30.000967150926595,38.334649085998535,94.95780199358705,scope,7b,development,visual_counterfact_size_000637,2103,dense,True,True,False
visual_counterfact_color,28.842481584548953,38.5993599152565,98.3729180006776,scope,7b,prospective,visual_counterfact_color_000149,2103,dense,True,True,False
visual_counterfact_size,26.476574535369874,30.35185379981995,83.02941100555472,scope,7b,development,visual_counterfact_size_000352,2103,dense,True,True,False
mmstar,27.507978892326356,30.774066169261935,84.45541700348258,scope,7b,prospective,mmstar_000911,2103,dense,False,False,False
mmstar,30.186975679397587,29.534198236465453,87.06299100595061,scope,7b,development,mmstar_001128,2103,dense,False,False,False
visual_counterfact_color,28.856661639213563,29.705171155929563,87.56820599955972,scope,7b,development,visual_counterfact_color_000248,2103,dense,True,True,False
mmstar,68.82474383592606,70.75796482801437,221.88447500229813,scope,7b,prospective,mmstar_000028,2103,dense,False,True,False
visual_counterfact_size,37.564207947254175,33.43523063063621,112.45606800366659,scope,7b,development,visual_counterfact_size_000698,2103,dense,False,False,False
visual_counterfact_size,37.41217258930206,31.823889508247376,108.1135309941601,scope,7b,development,visual_counterfact_size_000152,2103,dense,False,True,False
visual_counterfact_size,33.45049066901207,30.64448977947235,105.78083399741445,scope,7b,development,visual_counterfact_size_000506,2103,dense,True,True,False
visual_counterfact_color,45.1044367992878,35.99148884057998,124.07157199049834,scope,7b,prospective,visual_counterfact_color_000271,2103,dense,True,True,False
mmstar,31.202930802106863,25.34381698966026,87.31631800765172,scope,7b,prospective,mmstar_001006,2103,dense,False,False,False
visual_counterfact_size,79.75685891032218,27.3164489030838,98.66254500229843,scope,7b,development,visual_counterfact_size_000504,2103,dense,False,False,False
mmstar,18.45040312767029,23.493230414390563,84.84152299934067,scope,7b,prospective,mmstar_001320,2103,dense,True,True,False
visual_counterfact_size,23.2092724609375,30.308883039951322,110.19905899593141,scope,7b,prospective,visual_counterfact_size_000193,2103,dense,False,False,False
mmstar,18.69422353029251,25.256817111968992,91.85318199160974,scope,7b,development,mmstar_000555,2103,dense,False,True,False
mmstar,16.018870463371275,23.17063035368919,85.48765600426123,scope,7b,development,mmstar_001302,2103,dense,False,False,False
visual_counterfact_color,15.680859825611114,22.378699934482572,82.5626360019669,scope,7b,development,visual_counterfact_color_000298,2103,dense,True,True,False
visual_counterfact_color,31.411553738117217,39.971041135787964,155.2871299936669,scope,7b,development,visual_counterfact_color_000339,2103,dense,True,True,False
mmstar,17.118735415935515,22.3170611000061,86.75636400585063,scope,7b,prospective,mmstar_000139,2103,dense,True,True,False
mmstar,17.292865393161772,22.980385479927065,88.33348800544627,scope,7b,development,mmstar_001215,2103,dense,False,False,False
mmstar,22.036955181360245,25.988066246509547,89.37183799571358,scope,7b,development,mmstar_001178,2103,dense,False,False,False
mmstar,42.02872701168061,39.61368304252624,126.71358499210328,scope,7b,development,mmstar_000381,2103,dense,False,False,False
mmstar,42.49999560236931,43.386756656169894,119.087731000036,scope,7b,development,mmstar_000637,2103,dense,False,True,False
visual_counterfact_color,36.00519261240959,30.950387163162233,84.16663001116831,scope,7b,prospective,visual_counterfact_color_000101,2103,dense,True,True,False
visual_counterfact_color,42.522455946207046,34.06299119710922,92.03241100476589,scope,7b,development,visual_counterfact_color_000213,2103,dense,True,True,False
mmstar,136.03573755502703,32.0192928314209,86.52066600916442,scope,7b,prospective,mmstar_000464,2103,dense,False,False,False
visual_counterfact_color,42.333277134895326,36.67039798021317,100.8678130019689,scope,7b,prospective,visual_counterfact_color_000476,2103,dense,True,True,False
mmstar,35.91484782218933,30.2536579656601,83.4282970026834,scope,7b,development,mmstar_000260,2103,dense,False,False,False
visual_counterfact_size,33.621641664505006,34.91030889034272,97.42235699377488,scope,7b,development,visual_counterfact_size_000242,2103,dense,False,False,False
mmstar,47.035520591735846,54.04450254201889,153.0662820005091,scope,7b,prospective,mmstar_000054,2103,dense,False,False,False
visual_counterfact_size,29.59121701717377,36.720939135551454,107.55192700889893,scope,7b,prospective,visual_counterfact_size_000721,2103,dense,True,True,False
visual_counterfact_color,24.585377774238587,27.77595086336136,82.54511600534897,scope,7b,prospective,visual_counterfact_color_000327,2103,dense,True,True,False
mmstar,26.821969664096834,32.39986443281174,97.4866570031736,scope,7b,development,mmstar_001095,2103,dense,False,False,False
mmstar,39.15110896110535,51.26235852718353,143.37082899874076,scope,7b,development,mmstar_001323,2103,dense,False,False,False
visual_counterfact_size,31.901363624334337,48.0005716574192,124.5863259973703,scope,7b,prospective,visual_counterfact_size_000322,2103,dense,False,False,False
visual_counterfact_color,22.067308148145674,36.59774965524673,87.9238119960064,scope,7b,development,visual_counterfact_color_000419,2103,dense,True,True,False
mmstar,23.55210504055023,37.33226953625679,85.29721800005063,scope,7b,development,mmstar_000459,2103,dense,False,True,False
visual_counterfact_color,32.242486953735344,51.18731121540069,112.43401699175593,scope,7b,prospective,visual_counterfact_color_000063,2103,dense,True,True,False
visual_counterfact_color,25.94902433395385,38.95198812603951,82.63227499264758,scope,7b,development,visual_counterfact_color_000310,2103,dense,True,True,False
mmstar,30.03609804153442,42.659550070762634,89.22157899360172,scope,7b,development,mmstar_001351,2103,dense,False,False,False
mmstar,31.905531933307643,47.40091343641281,97.0738110045204,scope,7b,development,mmstar_000647,2103,dense,False,False,False
mmstar,29.516751712560655,42.19435484051704,85.22563899168745,scope,7b,development,mmstar_000182,2103,dense,True,True,False
visual_counterfact_size,30.430220725536348,48.82292697787285,97.33509800571483,scope,7b,development,visual_counterfact_size_000126,2103,dense,True,True,False
mmstar,33.96279300808907,58.048806974887846,114.87071299052332,scope,7b,prospective,mmstar_001221,2103,dense,False,True,False
mmstar,27.259551849365238,46.60256925344467,89.21506900514942,scope,7b,development,mmstar_000253,2103,dense,False,False,False
visual_counterfact_color,26.03189454555511,50.29730601668358,95.63954500481486,scope,7b,development,visual_counterfact_color_000080,2103,dense,True,True,False
visual_counterfact_color,25.502085638046264,45.23168971657753,87.00192099786364,scope,7b,development,visual_counterfact_color_000455,2103,dense,True,True,False
visual_counterfact_size,25.2201862847805,42.700712296962735,82.30458800971974,scope,7b,development,visual_counterfact_size_000230,2103,dense,False,False,False
mmstar,55.7749403655529,70.84931042432785,142.11155100201722,scope,7b,development,mmstar_001321,2103,dense,False,False,False
mmstar,35.76059099435806,43.02471666574478,87.39273699757177,scope,7b,prospective,mmstar_001191,2103,dense,False,False,False
mmstar,37.86833168029785,39.22381824374199,86.46058700105641,scope,7b,prospective,mmstar_000491,2103,dense,False,True,False
visual_counterfact_size,38.87040936231613,44.413955183029174,97.90643199812621,scope,7b,prospective,visual_counterfact_size_000089,2103,dense,True,True,False
visual_counterfact_color,36.45574280500412,38.72790344595909,100.85891300695948,scope,7b,development,visual_counterfact_color_000167,2103,dense,True,True,False
visual_counterfact_color,28.573493390083314,35.993037046194075,94.49566699913703,scope,7b,prospective,visual_counterfact_color_000131,2103,dense,True,True,False
visual_counterfact_color,30.528943819999693,34.202458723783494,109.16870000073686,scope,7b,development,visual_counterfact_color_000166,2103,dense,True,True,False
mmstar,23.921988142728804,29.552818174362184,95.90247200685553,scope,7b,prospective,mmstar_001039,2103,dense,False,False,False
mmstar,20.062521195411684,23.06522626876831,87.93259201047476,scope,7b,prospective,mmstar_001247,2103,dense,False,False,False
visual_counterfact_color,18.604315410852433,23.032175624370577,87.77727300184779,scope,7b,prospective,visual_counterfact_color_000102,2103,dense,True,True,False
visual_counterfact_color,16.01936658382416,17.900018272399905,87.19283899699803,scope,7b,prospective,visual_counterfact_color_000064,2103,dense,True,True,False
visual_counterfact_size,17.518338794708253,20.042450773715974,98.02988098817877,scope,7b,prospective,visual_counterfact_size_000187,2103,dense,False,False,False
visual_counterfact_size,37.96284733891487,18.323760781288147,99.47518700209912,scope,7b,development,visual_counterfact_size_000582,2103,dense,True,True,False
visual_counterfact_size,41.63584239482879,18.19348621726036,99.6345849998761,scope,7b,development,visual_counterfact_size_000626,2103,dense,True,True,False
visual_counterfact_size,61.71831935644149,25.4545741546154,131.30860899400432,scope,7b,development,visual_counterfact_size_000564,2103,dense,True,True,False
visual_counterfact_color,46.33683182001114,21.317090736627577,104.536366998218,scope,7b,development,visual_counterfact_color_000290,2103,dense,True,True,False
mmstar,41.97733717441559,22.181434593200684,101.07269100262783,scope,7b,development,mmstar_001411,2103,dense,False,True,False
visual_counterfact_size,55.72406357288361,34.070824543237684,129.23443000181578,scope,7b,development,visual_counterfact_size_000605,2103,dense,False,False,False
mmstar,55.021078112125394,36.98470866441727,127.4000780103961,scope,7b,prospective,mmstar_000284,2103,dense,False,True,False
mmstar,31.816941496133804,27.410897055864336,83.75875400088262,scope,7b,development,mmstar_000289,2103,dense,False,False,False
visual_counterfact_color,34.02973374843597,29.01117802143097,88.40453700395301,scope,7b,development,visual_counterfact_color_000215,2103,dense,True,True,False
mmstar,35.582548409700394,28.37722254395485,85.00002199434675,scope,7b,development,mmstar_000766,2103,dense,False,False,False
mmstar,37.85584785461426,28.34971159815788,84.91534300264902,scope,7b,development,mmstar_000540,2103,dense,False,False,False
mmstar,41.121652262210844,26.19772450685501,80.68052500311751,scope,7b,development,mmstar_000697,2103,dense,True,True,False
mmstar,48.286679410934454,28.267355734109877,87.28457899997011,scope,7b,prospective,mmstar_001227,2103,dense,False,False,False
mmstar,49.56048722267151,30.454940643310543,90.54018500319216,scope,7b,development,mmstar_000595,2103,dense,False,False,False
visual_counterfact_size,53.30928801298141,34.04308555364609,99.49091699672863,scope,7b,prospective,visual_counterfact_size_000434,2103,dense,True,True,False
visual_counterfact_size,44.882251721620555,30.862812570333478,88.84250299888663,scope,7b,prospective,visual_counterfact_size_000136,2103,dense,False,False,False
mmstar,46.894894934892655,29.78017692565918,85.04571099183522,scope,7b,development,mmstar_000336,2103,dense,False,False,False
visual_counterfact_size,61.2311595261097,40.02377494096756,112.32818900316488,scope,7b,development,visual_counterfact_size_000520,2103,dense,True,True,False
mmstar,52.5317277598381,38.30035811185837,104.33064799872227,scope,7b,prospective,mmstar_000972,2103,dense,False,False,False
visual_counterfact_size,53.22630905508994,36.59371616363526,93.8622630055761,scope,7b,development,visual_counterfact_size_000602,2103,dense,True,True,False
mmstar,74.32225053668022,66.05389047384263,166.46853799466044,scope,7b,development,mmstar_000729,2103,dense,True,True,False
mmstar,31.050447620153427,35.80824757099152,88.98377099831123,scope,7b,development,mmstar_001014,2103,dense,False,False,False
mmstar,30.321704186201096,34.313467457294465,88.07105099549517,scope,7b,development,mmstar_000781,2103,dense,False,False,False
visual_counterfact_color,41.45262378692627,39.19412633776665,101.06489100144245,scope,7b,prospective,visual_counterfact_color_000180,2103,dense,True,True,False
mmstar,51.66578992486001,36.47871937632561,102.55630599567667,scope,7b,prospective,mmstar_000184,2103,dense,False,True,False
visual_counterfact_size,50.61699997782708,33.00545304894447,93.58672599773854,scope,7b,development,visual_counterfact_size_000076,2103,dense,True,True,False
visual_counterfact_color,62.25132615804672,34.83472263455391,111.49142700014636,scope,7b,development,visual_counterfact_color_000297,2103,dense,True,True,False
visual_counterfact_color,44.63598164081574,24.799950551986697,80.77996400243137,scope,7b,development,visual_counterfact_color_000235,2103,dense,True,True,False
visual_counterfact_size,54.681032973527905,28.3313124704361,106.71885500778444,scope,7b,prospective,visual_counterfact_size_000146,2103,dense,True,True,False
mmstar,38.617576507329936,21.9388062286377,82.98215099785011,scope,7b,development,mmstar_001047,2103,dense,False,False,False
visual_counterfact_color,36.485437998771665,21.032946834564207,90.24004900129512,scope,7b,development,visual_counterfact_color_000357,2103,dense,True,True,False
visual_counterfact_size,38.832228915691374,21.4676602268219,92.85674299462698,scope,7b,development,visual_counterfact_size_000177,2103,dense,True,True,False
mmstar,33.090756740570065,18.615418758392334,83.72372400481254,scope,7b,prospective,mmstar_000803,2103,dense,True,True,False
mmstar,31.907130851745602,18.409194166660306,83.47023600072134,scope,7b,development,mmstar_000935,2103,dense,False,False,False
visual_counterfact_size,46.33206946492195,29.935919511318204,122.67063499893993,scope,7b,prospective,visual_counterfact_size_000411,2103,dense,True,True,False
visual_counterfact_color,35.180360336303714,23.21093967914581,90.81632299057674,scope,7b,prospective,visual_counterfact_color_000420,2103,dense,True,True,False
mmstar,38.846348309516905,22.76571660399437,82.2895979945315,scope,7b,prospective,mmstar_000720,2103,dense,True,True,False
visual_counterfact_size,61.3142029285431,33.64260682702064,121.43471799208783,scope,7b,prospective,visual_counterfact_size_000617,2103,dense,False,False,False
visual_counterfact_color,49.31823082923889,27.40397743821144,96.63528499368113,scope,7b,prospective,visual_counterfact_color_000014,2103,dense,True,True,False
visual_counterfact_size,56.027039103508,30.839327726364132,107.3992979945615,scope,7b,development,visual_counterfact_size_000082,2103,dense,True,True,False
visual_counterfact_color,39.73889294862747,25.25406649827957,83.14626000355929,scope,7b,development,visual_counterfact_color_000136,2103,dense,True,True,False
mmstar,36.559823244810104,24.361915955543516,80.23231900006067,scope,7b,prospective,mmstar_000577,2103,dense,False,False,False
mmstar,39.20202660560608,25.869171872138978,85.68573498632759,scope,7b,prospective,mmstar_000257,2103,dense,False,True,False
visual_counterfact_size,48.76427322626114,33.425340290069585,110.79220399551559,scope,7b,development,visual_counterfact_size_000068,2103,dense,False,False,False
mmstar,36.215773084163665,24.42163411259651,95.4230369970901,scope,7b,development,mmstar_000142,2103,dense,False,False,False
visual_counterfact_color,38.359955101013185,22.89280664920807,95.56850499939173,scope,7b,prospective,visual_counterfact_color_000385,2103,dense,True,True,False
visual_counterfact_color,56.64403296947479,26.27614902973175,106.28339899994899,scope,7b,development,visual_counterfact_color_000165,2103,dense,True,True,False
mmstar,35.218844368457795,21.90164577960968,82.69505499629304,scope,7b,development,mmstar_000802,2103,dense,False,False,False
mmstar,32.60391488671303,22.513290494680405,81.42498698725831,scope,7b,development,mmstar_000290,2103,dense,False,False,False
pope_random,14.773547966480256,207.9379753601551,735.410007997416,scope,7b,development,pope_random_000330,2103,256,True,True,False
pope_popular,15.630911378860477,29.65930466771126,123.49754699971527,scope,7b,prospective,pope_popular_002449,2103,432,True,True,False
pope_popular,27.763018673658372,24.497254242897036,114.51498699898366,scope,7b,development,pope_popular_000656,2103,432,True,True,False
pope_popular,37.15905283927918,24.341385500431063,123.408366998774,scope,7b,development,pope_popular_000127,2103,432,False,True,False
pope_adversarial,36.2825982940197,16.213874781131747,92.18970900110435,scope,7b,development,pope_adversarial_000398,2103,256,False,False,False
pope_popular,36.851109151840205,19.800870530605312,112.33209900092334,scope,7b,development,pope_popular_000256,2103,432,True,True,False
pope_adversarial,34.02075517296791,16.15095430612564,91.58371599914972,scope,7b,prospective,pope_adversarial_002634,2103,256,True,True,False
pope_popular,32.39454657196998,21.554468256235122,113.24655900534708,scope,7b,development,pope_popular_000357,2103,432,False,True,False
pope_popular,34.214126136302944,22.089796676635743,112.25507900235243,scope,7b,development,pope_popular_000360,2103,432,True,True,False
mmstar,42.81767835617066,28.6378879737854,131.8327040062286,scope,7b,prospective,mmstar_000324,2103,432,False,False,False
pope_popular,39.540348391532895,29.019868698120117,119.9694120005006,scope,7b,prospective,pope_popular_002670,2103,432,True,True,False
pope_adversarial,38.57904578447342,23.21705412268639,95.6774350052001,scope,7b,development,pope_adversarial_000291,2103,256,True,True,False
pope_random,41.24590631723404,22.4871415746212,97.54272599820979,scope,7b,development,pope_random_000014,2103,256,False,False,False
pope_random,27.298354611396793,24.09509839653969,104.21347900410183,scope,7b,prospective,pope_random_001362,2103,256,True,True,False
pope_random,25.815164437294005,22.33510762810707,96.1105300084455,scope,7b,prospective,pope_random_001764,2103,256,True,True,False
pope_random,29.135368542671202,24.605256646871567,99.54762599954847,scope,7b,prospective,pope_random_001122,2103,256,True,True,False
pope_random,27.048811740875248,24.876104575395583,96.43183700973168,scope,7b,development,pope_random_000175,2103,256,False,True,False
pope_random,25.900067951679233,24.962607597112655,95.6260749953799,scope,7b,development,pope_random_000491,2103,256,False,True,False
pope_adversarial,24.0860078060627,24.316959278583525,92.4365769897122,scope,7b,development,pope_adversarial_000254,2103,256,True,True,False
pope_random,16.608731937408447,23.597292298078536,92.67785400152206,scope,7b,development,pope_random_000579,2103,256,False,True,False
pope_random,21.824664764404297,24.246482849121094,97.74711400677916,scope,7b,development,pope_random_000382,2103,256,True,True,False
pope_popular,25.62077997207642,28.485543227195738,119.69840498932172,scope,7b,development,pope_popular_000106,2103,432,True,True,False
pope_adversarial,33.55220377445221,22.615156018733977,96.98120200482663,scope,7b,prospective,pope_adversarial_002772,2103,256,False,False,False
pope_popular,37.457068119049076,26.597692769765853,116.9850620062789,scope,7b,development,pope_popular_000320,2103,432,False,False,False
pope_popular,37.7235948908329,31.56541473388672,142.30333900195546,scope,7b,prospective,pope_popular_002490,2103,432,True,True,False
pope_adversarial,40.534658639431,20.26717361688614,94.99615100503433,scope,7b,prospective,pope_adversarial_002347,2103,256,False,True,False
pope_popular,38.175642795562744,24.208970197439193,115.39293799432926,scope,7b,development,pope_popular_000056,2103,432,False,False,False
pope_random,34.86256855487824,19.79865914940834,95.38387799693737,scope,7b,prospective,pope_random_002592,2103,256,True,True,False
pope_random,33.76763059616089,19.082057449817658,94.44154700031504,scope,7b,prospective,pope_random_002966,2103,256,True,True,False
pope_adversarial,21.572112251520156,19.859412093162536,99.32157800358254,scope,7b,development,pope_adversarial_000100,2103,256,True,True,False
pope_random,27.7187673163414,17.691487195491792,93.08065999357495,scope,7b,development,pope_random_000039,2103,256,False,True,False
pope_adversarial,28.513336943387984,16.514771604537966,88.41442700941116,scope,7b,development,pope_adversarial_000422,2103,256,True,True,False
pope_adversarial,36.10387444496155,17.043103208541872,93.23798900004476,scope,7b,prospective,pope_adversarial_001519,2103,256,False,True,False
pope_random,35.425726032257074,16.740213053226473,92.77415400720201,scope,7b,development,pope_random_000474,2103,256,True,True,False
pope_popular,15.9331532227993,20.344293799400333,113.97773199132644,scope,7b,prospective,pope_popular_001278,2103,432,True,True,False
pope_adversarial,17.656505136489866,16.771729868650436,94.51569699740503,scope,7b,prospective,pope_adversarial_001206,2103,256,True,True,False
pope_popular,17.012996463775636,18.24329128623009,112.08455100131687,scope,7b,prospective,pope_popular_002232,2103,432,True,True,False
pope_random,23.213493378162383,15.240858482122421,96.09480100334622,scope,7b,prospective,pope_random_002082,2103,256,True,True,False
pope_adversarial,23.378440475463865,13.575840588808058,93.9817220059922,scope,7b,development,pope_adversarial_000595,2103,256,False,True,False
pope_random,32.89402569651604,13.497347474098204,94.36015799292363,scope,7b,development,pope_random_000375,2103,256,False,True,False
pope_random,35.95845800876617,14.60952776670456,100.3294289985206,scope,7b,prospective,pope_random_000900,2103,256,True,True,False
pope_adversarial,40.65626378178597,13.531278972625731,92.72337399306707,scope,7b,development,pope_adversarial_000122,2103,256,False,False,False
pope_popular,38.92146828413009,16.428760154247282,110.43248701025732,scope,7b,development,pope_popular_000429,2103,432,False,True,False
pope_popular,36.43628441095352,17.604040503501892,115.76337399310432,scope,7b,prospective,pope_popular_002328,2103,432,True,True,False
pope_random,33.44615386843682,16.824804363250735,102.06891100096982,scope,7b,development,pope_random_000055,2103,256,False,True,False
pope_popular,32.60246487736702,22.6865259039402,126.08085099782329,scope,7b,prospective,pope_popular_001500,2103,432,False,False,False
pope_popular,37.453063381910326,22.477034652233122,114.44718700658996,scope,7b,prospective,pope_popular_002724,2103,432,True,True,False
pope_adversarial,43.103589241504665,19.545411685705183,93.49707698856946,scope,7b,prospective,pope_adversarial_000324,2103,256,True,True,False
pope_adversarial,45.46419479846954,19.80580142021179,93.41989700624254,scope,7b,development,pope_adversarial_000710,2103,256,True,True,False
pope_random,43.81540244579315,19.779614663124082,95.45559699472506,scope,7b,development,pope_random_000234,2103,256,False,False,False
pope_adversarial,46.808601832389826,19.16790599822998,93.22134900139645,scope,7b,development,pope_adversarial_000151,2103,256,False,True,False
pope_adversarial,34.35447651624679,19.11059269070625,93.67120399838313,scope,7b,prospective,pope_adversarial_000852,2103,256,True,True,False
pope_random,29.062049841880796,19.360689728260038,95.22566999658011,scope,7b,development,pope_random_000524,2103,256,True,True,False
pope_random,28.335229210853573,17.99963434934616,90.21746899816208,scope,7b,prospective,pope_random_000907,2103,256,False,True,False
pope_adversarial,29.25880033016205,18.63335066437721,93.38693699100986,scope,7b,prospective,pope_adversarial_001308,2103,256,False,False,False
pope_adversarial,33.40269424438477,15.30380302667618,89.95307100121863,scope,7b,prospective,pope_adversarial_000751,2103,256,False,True,False
pope_popular,35.01741878509522,19.236594789028167,114.47918698831927,scope,7b,development,pope_popular_000495,2103,432,False,True,False
pope_adversarial,40.502420191764834,12.976449998617174,89.78165400912985,scope,7b,development,pope_adversarial_000131,2103,256,False,True,False
pope_adversarial,41.05204625129699,14.475208172798158,100.07288100314327,scope,7b,development,pope_adversarial_000490,2103,256,True,True,False
pope_random,39.79372398495674,14.601414320468903,98.99032200337388,scope,7b,prospective,pope_random_001248,2103,256,False,False,False
pope_popular,37.27013448596,17.431654711961748,114.48471699259244,scope,7b,prospective,pope_popular_002808,2103,432,False,False,True
pope_adversarial,32.485321750640864,15.557147884368897,92.53622600226663,scope,7b,development,pope_adversarial_000722,2103,256,True,True,False
pope_popular,34.789232995510105,21.88217262029648,117.32120800297707,scope,7b,development,pope_popular_000735,2103,432,False,True,False
pope_popular,35.395679054260256,22.139147778749468,110.63233499589842,scope,7b,development,pope_popular_000420,2103,432,True,True,False
pope_random,35.05847702026367,19.559297747612,91.23456000816077,scope,7b,development,pope_random_000555,2103,256,False,True,False
pope_adversarial,36.79332513332367,21.720750710964204,100.73966400523204,scope,7b,development,pope_adversarial_000385,2103,256,False,True,False
pope_adversarial,39.98273031711578,20.397606790065765,90.22624899807852,scope,7b,development,pope_adversarial_000085,2103,256,True,True,False
pope_popular,36.17192543268204,26.313494087457656,114.10320099093951,scope,7b,development,pope_popular_000195,2103,432,False,True,False
pope_adversarial,37.89180537223816,28.70725855231285,115.25596999854315,scope,7b,prospective,pope_adversarial_002022,2103,256,False,False,False
pope_random,36.9118622648716,24.3303540456295,93.00366199749988,scope,7b,prospective,pope_random_001141,2103,256,False,True,False
pope_popular,32.48610562562943,31.661180124282836,115.03499100217596,scope,7b,prospective,pope_popular_002941,2103,432,False,True,False
visual_counterfact_size,15.263486874103547,27.48801870942116,142.0031919988105,random,7b,prospective,visual_counterfact_size_000296,2103,dense,True,True,False
pope_random,14.773547966480256,24.707098301649093,90.87019199796487,random,7b,development,pope_random_000330,2103,256,True,True,False
pope_popular,15.630911378860477,24.555978806018828,90.31164800398983,random,7b,prospective,pope_popular_002449,2103,256,True,True,False
visual_counterfact_color,28.52620178818703,38.340105323791505,126.22466898756102,random,7b,development,visual_counterfact_color_000287,2103,432,True,True,False
mmstar,23.379792684316637,28.160207426548006,91.78322298976127,random,7b,development,mmstar_000498,2103,dense,False,False,False
pope_popular,27.763018673658372,28.002097463607786,90.07763098634314,random,7b,development,pope_popular_000656,2103,256,True,True,False
visual_counterfact_size,39.051433428525925,39.06202828884125,133.51069699274376,random,7b,development,visual_counterfact_size_000684,2103,dense,False,False,False
pope_popular,37.15905283927918,25.982220454216005,92.4411180021707,random,7b,development,pope_popular_000127,2103,256,False,True,False
visual_counterfact_color,49.14269124269485,32.40883244037629,122.49389701173641,random,7b,prospective,visual_counterfact_color_000299,2103,432,True,True,False
pope_adversarial,36.2825982940197,25.284902806282044,97.54463599529117,random,7b,development,pope_adversarial_000398,2103,256,False,False,False
pope_popular,36.851109151840205,21.95199561953544,90.59461600554641,random,7b,development,pope_popular_000256,2103,256,True,True,False
pope_adversarial,34.02075517296791,21.8392388176918,90.24782900814898,random,7b,prospective,pope_adversarial_002634,2103,256,True,True,False
mmstar,32.27944532632828,23.789195147752764,90.2977980003925,random,7b,prospective,mmstar_001346,2103,dense,False,False,False
pope_popular,32.39454657196998,25.016091960668565,93.52930600289255,random,7b,development,pope_popular_000357,2103,256,False,True,False
visual_counterfact_size,41.53401540637016,39.1406670498848,118.464118000702,random,7b,prospective,visual_counterfact_size_000289,2103,dense,True,True,False
visual_counterfact_color,49.75566027164459,35.921219096183776,103.64540500449948,random,7b,development,visual_counterfact_color_000073,2103,432,False,True,True
mmstar,33.54154293298721,33.06713872432709,98.72547400300391,random,7b,prospective,mmstar_000254,2103,dense,False,False,False
mmstar,37.40728747844696,32.94694303393364,101.25253901060205,random,7b,prospective,mmstar_001097,2103,dense,False,False,False
pope_popular,34.214126136302944,28.163224571943285,94.19018001062796,random,7b,development,pope_popular_000360,2103,256,True,True,False
mmstar,39.23982793092727,29.237802200317386,99.08629998972174,random,7b,development,mmstar_000502,2103,432,False,False,False
visual_counterfact_color,38.769577703475946,27.20602815628052,95.21328000118956,random,7b,development,visual_counterfact_color_000306,2103,432,True,True,False
mmstar,42.81767835617066,27.41534920692444,98.7893540004734,random,7b,prospective,mmstar_000324,2103,dense,False,False,False
mmstar,46.39839197158813,27.759231383800504,106.31793799984735,random,7b,prospective,mmstar_000788,2103,dense,False,True,False
visual_counterfact_size,48.128171700239186,30.846659661531447,116.95113198948093,random,7b,prospective,visual_counterfact_size_000212,2103,dense,True,True,False
mmstar,43.72899848461151,24.74242001771927,92.96919099870138,random,7b,development,mmstar_001498,2103,dense,False,False,False
mmstar,44.441734342575074,30.682716122865678,94.49099599441979,random,7b,development,mmstar_001162,2103,dense,False,False,False
mmstar,44.82498896598816,37.03471568107605,111.56046600081027,random,7b,prospective,mmstar_000796,2103,dense,False,False,False
mmstar,39.64580879449844,34.740291202068335,93.56840600958094,random,7b,prospective,mmstar_001402,2103,dense,False,False,False
visual_counterfact_color,40.4943204677105,71.4080129301548,199.85830399673432,random,7b,prospective,visual_counterfact_color_000312,2103,432,True,True,False
mmstar,41.91666697740555,33.35401918888092,97.48510700592306,random,7b,development,mmstar_001111,2103,dense,True,True,False
pope_popular,39.540348391532895,28.34371110677719,94.03251099865884,random,7b,prospective,pope_popular_002670,2103,256,True,True,False
pope_adversarial,38.57904578447342,28.602898367643352,94.91990300011821,random,7b,development,pope_adversarial_000291,2103,256,True,True,False
mmstar,42.23263970613479,24.02925513267517,102.03099099453539,random,7b,prospective,mmstar_000794,2103,dense,False,True,False
pope_random,41.24590631723404,23.167636482715608,103.56979600328486,random,7b,development,pope_random_000014,2103,256,False,False,False
mmstar,43.11852543354035,20.89515440940857,99.5081669971114,random,7b,development,mmstar_000333,2103,dense,False,False,False
mmstar,41.63035083651543,22.15076312541962,94.50930599996354,random,7b,prospective,mmstar_000105,2103,dense,False,False,False
mmstar,137.26958276987077,24.645290434360508,99.07850000308827,random,7b,development,mmstar_001167,2103,dense,True,True,False
mmstar,55.2067075407505,47.120520595312115,153.05638199788518,random,7b,development,mmstar_000758,2103,432,False,False,True
mmstar,30.869683690071106,30.696562883853915,91.669235000154,random,7b,prospective,mmstar_000167,2103,432,False,True,False
mmstar,103.7749738585949,178.54087001323703,461.5382320043864,random,7b,development,mmstar_001283,2103,dense,False,False,False
visual_counterfact_size,20.30962337017059,36.1946869957447,93.68742399965413,random,7b,prospective,visual_counterfact_size_000527,2103,dense,True,True,False
visual_counterfact_size,23.8509112238884,42.34516892433167,114.81585400179029,random,7b,prospective,visual_counterfact_size_000044,2103,dense,False,False,False
visual_counterfact_size,30.000967150926595,37.65814337968826,104.8578140034806,random,7b,development,visual_counterfact_size_000637,2103,dense,True,True,False
pope_random,27.298354611396793,29.82942407369613,97.44950699678157,random,7b,prospective,pope_random_001362,2103,256,True,True,False
visual_counterfact_color,28.842481584548953,29.594467225074766,100.55138600000646,random,7b,prospective,visual_counterfact_color_000149,2103,432,True,True,False
pope_random,25.815164437294005,23.920772334337233,94.94566200010013,random,7b,prospective,pope_random_001764,2103,256,True,True,False
visual_counterfact_size,26.476574535369874,22.76329993724823,91.14181000040844,random,7b,development,visual_counterfact_size_000352,2103,dense,True,True,False
mmstar,27.507978892326356,22.204423010349274,92.45580699644051,random,7b,prospective,mmstar_000911,2103,dense,False,False,False
mmstar,30.186975679397587,23.507467900514605,98.53201599617023,random,7b,development,mmstar_001128,2103,dense,False,False,False
visual_counterfact_color,28.856661639213563,25.342301713228224,109.9762619996909,random,7b,development,visual_counterfact_color_000248,2103,432,True,True,False
mmstar,68.82474383592606,55.734284173250195,232.47528899810277,random,7b,prospective,mmstar_000028,2103,dense,False,True,False
visual_counterfact_size,37.564207947254175,33.966384410858154,123.56201600050554,random,7b,development,visual_counterfact_size_000698,2103,dense,False,False,False
pope_random,29.135368542671202,24.415700862407682,88.20934999675956,random,7b,prospective,pope_random_001122,2103,256,True,True,False
visual_counterfact_size,37.41217258930206,29.335385472774508,103.07061100320425,random,7b,development,visual_counterfact_size_000152,2103,dense,False,True,False
visual_counterfact_size,33.45049066901207,28.50115391969681,99.98157199879643,random,7b,development,visual_counterfact_size_000506,2103,dense,True,True,False
visual_counterfact_color,45.1044367992878,40.04935897350312,139.90359399758745,random,7b,prospective,visual_counterfact_color_000271,2103,432,True,True,False
mmstar,31.202930802106863,28.69003119111061,91.38424799311906,random,7b,prospective,mmstar_001006,2103,dense,False,False,False
pope_random,27.048811740875248,29.305966240167617,90.28272899740841,random,7b,development,pope_random_000175,2103,256,False,True,False
pope_random,25.900067951679233,30.57868108868599,88.38392799952999,random,7b,development,pope_random_000491,2103,256,False,True,False
pope_adversarial,24.0860078060627,32.5571159696579,90.2266400080407,random,7b,development,pope_adversarial_000254,2103,256,True,True,False
visual_counterfact_size,79.75685891032218,38.70108878612518,103.67417499946896,random,7b,development,visual_counterfact_size_000504,2103,dense,False,False,False
mmstar,18.45040312767029,34.474325375556944,90.74706400861032,random,7b,prospective,mmstar_001320,2103,dense,True,True,False
visual_counterfact_size,23.2092724609375,50.240931401252745,120.08000099740457,random,7b,prospective,visual_counterfact_size_000193,2103,dense,False,False,False
pope_random,16.608731937408447,39.278955888748165,90.76691399968695,random,7b,development,pope_random_000579,2103,256,False,True,False
mmstar,18.69422353029251,48.08233471274376,99.94866199849639,random,7b,development,mmstar_000555,2103,dense,False,True,False
mmstar,16.018870463371275,44.55222225189209,91.29955800017342,random,7b,development,mmstar_001302,2103,dense,False,False,False
visual_counterfact_color,15.680859825611114,44.84949210166931,90.15499000088312,random,7b,development,visual_counterfact_color_000298,2103,432,True,True,False
visual_counterfact_color,31.411553738117217,80.63301970124245,162.43661900807638,random,7b,development,visual_counterfact_color_000339,2103,432,True,True,False
mmstar,17.118735415935515,133.1736877954006,310.8173360087676,random,7b,prospective,mmstar_000139,2103,dense,True,True,False
mmstar,17.292865393161772,33.27524546265602,90.74636400328018,random,7b,development,mmstar_001215,2103,dense,False,False,False
pope_random,21.824664764404297,31.77364096045494,90.82096398924477,random,7b,development,pope_random_000382,2103,256,True,True,False
mmstar,22.036955181360245,33.802933430671686,93.19355900515802,random,7b,development,mmstar_001178,2103,dense,False,False,False
pope_popular,25.62077997207642,33.84535147666931,91.21978998882696,random,7b,development,pope_popular_000106,2103,256,True,True,False
mmstar,42.02872701168061,53.1970691382885,136.127921010484,random,7b,development,mmstar_000381,2103,dense,False,False,False
mmstar,42.49999560236931,35.281918123960494,88.69006398890633,random,7b,development,mmstar_000637,2103,432,False,True,False
visual_counterfact_color,36.00519261240959,35.159097012281414,85.61664499575272,random,7b,prospective,visual_counterfact_color_000101,2103,432,True,True,False
pope_adversarial,33.55220377445221,35.82246055245399,87.11824000056367,random,7b,prospective,pope_adversarial_002772,2103,256,False,False,False
pope_popular,37.457068119049076,36.40871124267578,86.64522499020677,random,7b,development,pope_popular_000320,2103,256,False,False,False
pope_popular,37.7235948908329,39.99786354899406,94.44046700082254,random,7b,prospective,pope_popular_002490,2103,256,True,True,False
pope_adversarial,40.534658639431,39.03760753989219,88.5822249983903,random,7b,prospective,pope_adversarial_002347,2103,256,False,True,False
visual_counterfact_color,42.522455946207046,41.14563696622848,91.2199690064881,random,7b,development,visual_counterfact_color_000213,2103,432,True,True,False
mmstar,136.03573755502703,44.88060170650482,97.3186880000867,random,7b,prospective,mmstar_000464,2103,dense,False,False,False
pope_popular,38.175642795562744,42.04389640331268,89.94295199227054,random,7b,development,pope_popular_000056,2103,256,False,False,False
visual_counterfact_color,42.333277134895326,48.11924378752708,103.75393500726204,random,7b,prospective,visual_counterfact_color_000476,2103,432,True,True,False
mmstar,35.91484782218933,41.50607848405838,89.8940519982716,random,7b,development,mmstar_000260,2103,dense,False,False,False
pope_random,34.86256855487824,40.85506154179573,88.65003500250168,random,7b,prospective,pope_random_002592,2103,256,True,True,False
pope_random,33.76763059616089,41.28005302906036,89.6038960054284,random,7b,prospective,pope_random_002966,2103,256,True,True,False
visual_counterfact_size,33.621641664505006,47.32465992450714,99.60627599502914,random,7b,development,visual_counterfact_size_000242,2103,dense,False,False,False
mmstar,47.035520591735846,78.70277332544327,163.61661699193064,random,7b,prospective,mmstar_000054,2103,dense,False,False,False
visual_counterfact_size,29.59121701717377,56.073145995140074,116.16201000288129,random,7b,prospective,visual_counterfact_size_000721,2103,dense,True,True,False
visual_counterfact_color,24.585377774238587,42.32040972232819,89.09724999102764,random,7b,prospective,visual_counterfact_color_000327,2103,432,True,True,False
mmstar,26.821969664096834,43.92709941029549,93.43232699029613,random,7b,development,mmstar_001095,2103,dense,False,False,False
mmstar,39.15110896110535,71.36321382522584,151.93465299671516,random,7b,development,mmstar_001323,2103,dense,False,False,False
visual_counterfact_size,31.901363624334337,65.31499500870704,140.2530599880265,random,7b,prospective,visual_counterfact_size_000322,2103,dense,False,False,False
pope_adversarial,21.572112251520156,42.33707717299462,91.85527299996465,random,7b,development,pope_adversarial_000100,2103,256,False,True,True
visual_counterfact_color,22.067308148145674,41.31155665874481,90.67234500253107,random,7b,development,visual_counterfact_color_000419,2103,432,True,True,False
mmstar,23.55210504055023,44.56937692046166,98.61428500153124,random,7b,development,mmstar_000459,2103,dense,False,True,False
visual_counterfact_color,32.242486953735344,52.08058336734772,112.98193200491369,random,7b,prospective,visual_counterfact_color_000063,2103,432,True,True,False
visual_counterfact_color,25.94902433395385,43.91298949718475,94.50744600326288,random,7b,development,visual_counterfact_color_000310,2103,432,True,True,False
mmstar,30.03609804153442,44.39134853363037,95.67206499923486,random,7b,development,mmstar_001351,2103,dense,False,False,False
mmstar,31.905531933307643,47.315765153169636,102.02010200009681,random,7b,development,mmstar_000647,2103,dense,False,False,False
pope_random,27.7187673163414,39.947038282155994,90.09641999728046,random,7b,development,pope_random_000039,2103,256,False,True,False
mmstar,29.516751712560655,39.192609143257144,88.9480819896562,random,7b,development,mmstar_000182,2103,dense,True,True,False
visual_counterfact_size,30.430220725536348,44.37941248655319,100.81158300454263,random,7b,development,visual_counterfact_size_000126,2103,dense,True,True,False
mmstar,33.96279300808907,52.59869389533996,119.53619700216223,random,7b,prospective,mmstar_001221,2103,dense,False,True,False
mmstar,27.259551849365238,40.36718786716461,92.6944149978226,random,7b,development,mmstar_000253,2103,dense,False,False,False
visual_counterfact_color,26.03189454555511,95.2712831544876,236.36198999884073,random,7b,development,visual_counterfact_color_000080,2103,432,True,True,False
visual_counterfact_color,25.502085638046264,37.83134756207466,103.1820900097955,random,7b,development,visual_counterfact_color_000455,2103,432,False,True,True
pope_adversarial,28.513336943387984,32.473840298652654,92.83053300168831,random,7b,development,pope_adversarial_000422,2103,256,True,True,False
visual_counterfact_size,25.2201862847805,30.124801378250126,83.57545599574223,random,7b,development,visual_counterfact_size_000230,2103,dense,False,False,False
mmstar,55.7749403655529,55.72387771606445,152.36786899913568,random,7b,development,mmstar_001321,2103,432,False,False,False
mmstar,35.76059099435806,33.95003917694092,91.51512700191233,random,7b,prospective,mmstar_001191,2103,dense,False,False,False
pope_adversarial,36.10387444496155,33.919034609794615,89.47197700035758,random,7b,prospective,pope_adversarial_001519,2103,256,False,True,False
pope_random,35.425726032257074,34.099954924583436,89.15112000249792,random,7b,development,pope_random_000474,2103,256,True,True,False
mmstar,37.86833168029785,38.28562166571617,92.11075000348501,random,7b,prospective,mmstar_000491,2103,432,False,True,False
visual_counterfact_size,38.87040936231613,45.91802333593368,104.58656599803362,random,7b,prospective,visual_counterfact_size_000089,2103,dense,True,True,False
visual_counterfact_color,36.45574280500412,144.74278407931328,321.55100000090897,random,7b,development,visual_counterfact_color_000167,2103,432,True,True,False
visual_counterfact_color,28.573493390083314,36.983817636966705,86.9576719996985,random,7b,prospective,visual_counterfact_color_000131,2103,432,True,True,False
visual_counterfact_color,30.528943819999693,40.91705162286758,107.12943100952543,random,7b,development,visual_counterfact_color_000166,2103,432,True,True,False
mmstar,23.921988142728804,34.838429633378986,92.02178100531455,random,7b,prospective,mmstar_001039,2103,dense,False,False,False
mmstar,20.062521195411684,28.314787133932118,84.92307200504001,random,7b,prospective,mmstar_001247,2103,dense,False,False,False
visual_counterfact_color,18.604315410852433,28.49450576901436,86.44285699119791,random,7b,prospective,visual_counterfact_color_000102,2103,432,True,True,False
visual_counterfact_color,16.01936658382416,23.335653102397917,87.97381199838128,random,7b,prospective,visual_counterfact_color_000064,2103,432,True,True,False
visual_counterfact_size,17.518338794708253,26.71974166154861,101.20796000410337,random,7b,prospective,visual_counterfact_size_000187,2103,dense,False,False,False
pope_popular,15.9331532227993,20.185730439424514,98.02027100522537,random,7b,prospective,pope_popular_001278,2103,256,True,True,False
pope_adversarial,17.656505136489866,20.96416818737984,99.56324599625077,random,7b,prospective,pope_adversarial_001206,2103,256,True,True,False
pope_popular,17.012996463775636,21.407072710990906,97.88751299493015,random,7b,prospective,pope_popular_002232,2103,256,True,True,False
pope_random,23.213493378162383,23.222891323566436,96.50175699789543,random,7b,prospective,pope_random_002082,2103,256,True,True,False
pope_adversarial,23.378440475463865,26.319029842615127,96.53063600126188,random,7b,development,pope_adversarial_000595,2103,256,False,True,False
visual_counterfact_size,37.96284733891487,99.87796015024185,322.28999299695715,random,7b,development,visual_counterfact_size_000582,2103,dense,True,True,False
pope_random,32.89402569651604,29.389124453067776,86.68311400106177,random,7b,development,pope_random_000375,2103,256,False,True,False
visual_counterfact_size,41.63584239482879,38.81466163754463,104.68215499713551,random,7b,development,visual_counterfact_size_000626,2103,dense,True,True,False
pope_random,35.95845800876617,34.4507690012455,88.3198889932828,random,7b,prospective,pope_random_000900,2103,256,True,True,False
visual_counterfact_size,61.71831935644149,54.46233719229698,129.40762800280936,random,7b,development,visual_counterfact_size_000564,2103,dense,True,True,False
pope_adversarial,40.65626378178597,37.99333999633789,87.62114499404561,random,7b,development,pope_adversarial_000122,2103,256,False,False,False
visual_counterfact_color,46.33683182001114,40.49190335154533,97.4398769903928,random,7b,development,visual_counterfact_color_000290,2103,432,True,True,False
mmstar,41.97733717441559,37.03295558094978,89.6987949963659,random,7b,development,mmstar_001411,2103,dense,False,True,False
pope_popular,38.92146828413009,33.91484506487846,89.18674000597093,random,7b,development,pope_popular_000429,2103,256,False,True,False
visual_counterfact_size,55.72406357288361,48.89419440984725,131.28426899493206,random,7b,development,visual_counterfact_size_000605,2103,dense,False,False,False
mmstar,55.021078112125394,50.94407465219498,134.554065996781,random,7b,prospective,mmstar_000284,2103,432,False,True,False
pope_popular,36.43628441095352,35.21045099258423,93.10083099990152,random,7b,prospective,pope_popular_002328,2103,256,True,True,False
pope_random,33.44615386843682,34.40260162949562,90.98094100772869,random,7b,development,pope_random_000055,2103,256,False,True,False
mmstar,31.816941496133804,30.410335940122604,87.81412300595548,random,7b,development,mmstar_000289,2103,dense,False,False,False
visual_counterfact_color,34.02973374843597,31.761466790437698,94.24414900422562,random,7b,development,visual_counterfact_color_000215,2103,432,True,True,False
pope_popular,32.60246487736702,30.224974368810653,87.94691199727822,random,7b,prospective,pope_popular_001500,2103,256,False,False,False
mmstar,35.582548409700394,31.95542484283447,92.08750099060126,random,7b,development,mmstar_000766,2103,432,False,False,False
pope_popular,37.453063381910326,33.23498701930046,89.33602800243534,random,7b,prospective,pope_popular_002724,2103,256,True,True,False
mmstar,37.85584785461426,35.5165948176384,90.45997700013686,random,7b,development,mmstar_000540,2103,dense,False,False,False
mmstar,41.121652262210844,35.65433968305588,88.0374410044169,random,7b,development,mmstar_000697,2103,dense,True,True,False
pope_adversarial,43.103589241504665,37.14843875169754,89.44228698965162,random,7b,prospective,pope_adversarial_000324,2103,256,True,True,False
pope_adversarial,45.46419479846954,38.72537556171417,88.29208899987862,random,7b,development,pope_adversarial_000710,2103,256,True,True,False
pope_random,43.81540244579315,145.17015815496444,315.9982250072062,random,7b,development,pope_random_000234,2103,256,False,False,False
mmstar,48.286679410934454,39.252904700040816,90.60499600309413,random,7b,prospective,mmstar_001227,2103,dense,False,False,False
mmstar,49.56048722267151,39.52812094449997,93.02861099422444,random,7b,development,mmstar_000595,2103,dense,False,False,False
visual_counterfact_size,53.30928801298141,37.92609528779983,99.51647599518765,random,7b,prospective,visual_counterfact_size_000434,2103,dense,True,True,False
visual_counterfact_size,44.882251721620555,31.41546800017357,82.4240570073016,random,7b,prospective,visual_counterfact_size_000136,2103,dense,False,False,False
mmstar,46.894894934892655,21.08281497955322,90.66068500396796,random,7b,development,mmstar_000336,2103,dense,False,False,False
visual_counterfact_size,61.2311595261097,26.075608348846433,113.54461600421928,random,7b,development,visual_counterfact_size_000520,2103,dense,True,True,False
mmstar,52.5317277598381,23.36937243461609,102.47315699234605,random,7b,prospective,mmstar_000972,2103,dense,False,False,False
visual_counterfact_size,53.22630905508994,25.818052421808243,99.89849200064782,random,7b,development,visual_counterfact_size_000602,2103,dense,True,True,False
pope_adversarial,46.808601832389826,22.69382044672966,85.77464400150348,random,7b,development,pope_adversarial_000151,2103,256,False,True,False
mmstar,74.32225053668022,51.054951926469805,174.05595300078858,random,7b,development,mmstar_000729,2103,dense,True,True,False
pope_adversarial,34.35447651624679,28.100308051109316,88.75452399661299,random,7b,prospective,pope_adversarial_000852,2103,256,True,True,False
mmstar,31.050447620153427,29.974538815021518,94.397287000902,random,7b,development,mmstar_001014,2103,dense,False,False,False
mmstar,30.321704186201096,31.59568492412567,91.67581499787048,random,7b,development,mmstar_000781,2103,dense,False,False,False
pope_random,29.062049841880796,30.990714064836503,88.71610400092322,random,7b,development,pope_random_000524,2103,256,True,True,False
pope_random,28.335229210853573,33.67373061180115,95.96973199222703,random,7b,prospective,pope_random_000907,2103,256,False,True,False
pope_adversarial,29.25880033016205,34.974586551189425,101.70498400111683,random,7b,prospective,pope_adversarial_001308,2103,256,False,False,True
pope_adversarial,33.40269424438477,28.596601063013075,87.24490899476223,random,7b,prospective,pope_adversarial_000751,2103,256,False,True,False
visual_counterfact_color,41.45262378692627,38.18226133465767,114.07625100400764,random,7b,prospective,visual_counterfact_color_000180,2103,432,False,True,True
pope_popular,35.01741878509522,30.152076929807663,88.3266780001577,random,7b,development,pope_popular_000495,2103,256,False,True,False
pope_adversarial,40.502420191764834,31.763838509321214,90.99463099846616,random,7b,development,pope_adversarial_000131,2103,256,False,True,False
pope_adversarial,41.05204625129699,30.65346802711487,87.41533699503634,random,7b,development,pope_adversarial_000490,2103,256,True,True,False
mmstar,51.66578992486001,36.786337902545924,101.11362099996768,random,7b,prospective,mmstar_000184,2103,432,False,True,False
visual_counterfact_size,50.61699997782708,36.69029169917106,99.46479699283373,random,7b,development,visual_counterfact_size_000076,2103,dense,True,True,False
visual_counterfact_color,62.25132615804672,46.15370002508163,117.81077299383469,random,7b,development,visual_counterfact_color_000297,2103,432,True,True,False
visual_counterfact_color,44.63598164081574,34.268207061290745,87.95105200260878,random,7b,development,visual_counterfact_color_000235,2103,432,True,True,False
pope_random,39.79372398495674,33.0378188753128,89.69178500410635,random,7b,prospective,pope_random_001248,2103,256,False,False,False
visual_counterfact_size,54.681032973527905,41.85494262933731,114.55157599993981,random,7b,prospective,visual_counterfact_size_000146,2103,dense,True,True,False
mmstar,38.617576507329936,30.532943564653397,95.1461500080768,random,7b,development,mmstar_001047,2103,dense,False,False,False
pope_popular,37.27013448596,24.060068278312684,95.25374899385497,random,7b,prospective,pope_popular_002808,2103,256,False,False,True
visual_counterfact_color,36.485437998771665,22.509506235122682,95.64768499694765,random,7b,development,visual_counterfact_color_000357,2103,432,True,True,False
visual_counterfact_size,38.832228915691374,24.545607564449313,103.36085798917338,random,7b,development,visual_counterfact_size_000177,2103,dense,True,True,False
pope_adversarial,32.485321750640864,21.746663349866868,91.12162100791465,random,7b,development,pope_adversarial_000722,2103,256,True,True,False
mmstar,33.090756740570065,25.922472542524336,94.22646899474785,random,7b,prospective,mmstar_000803,2103,dense,True,True,False
mmstar,31.907130851745602,31.91256114721298,108.45699699711986,random,7b,development,mmstar_000935,2103,dense,False,False,False
visual_counterfact_size,46.33206946492195,44.129551267623896,131.88446300046053,random,7b,prospective,visual_counterfact_size_000411,2103,dense,True,True,False
visual_counterfact_color,35.180360336303714,31.341674515008926,91.41268700477667,random,7b,prospective,visual_counterfact_color_000420,2103,432,True,True,False
pope_popular,34.789232995510105,31.368361163139344,89.4345870037796,random,7b,development,pope_popular_000735,2103,256,False,True,False
pope_popular,35.395679054260256,31.10524130344391,88.670484998147,random,7b,development,pope_popular_000420,2103,256,True,True,False
pope_random,35.05847702026367,31.446187896728514,88.6039759934647,random,7b,development,pope_random_000555,2103,256,False,True,False
pope_adversarial,36.79332513332367,32.10206369400024,90.44066700153053,random,7b,development,pope_adversarial_000385,2103,256,False,True,False
mmstar,38.846348309516905,29.957343813180923,88.95257099356968,random,7b,prospective,mmstar_000720,2103,dense,True,True,False
pope_adversarial,39.98273031711578,30.894982322454453,92.23964900593273,random,7b,development,pope_adversarial_000085,2103,256,True,True,False
visual_counterfact_size,61.3142029285431,82.40820957422257,355.31851201085374,random,7b,prospective,visual_counterfact_size_000617,2103,dense,False,False,False
visual_counterfact_color,49.31823082923889,18.719513807296753,100.06978100864217,random,7b,prospective,visual_counterfact_color_000014,2103,432,True,True,False
visual_counterfact_size,56.027039103508,20.875104250907896,113.81507400074042,random,7b,development,visual_counterfact_size_000082,2103,dense,True,True,False
visual_counterfact_color,39.73889294862747,18.387778846025466,88.2450289936969,random,7b,development,visual_counterfact_color_000136,2103,432,True,True,False
mmstar,36.559823244810104,18.527512764930727,86.04139099770691,random,7b,prospective,mmstar_000577,2103,432,False,False,True
mmstar,39.20202660560608,58.80535844802857,237.65978700248525,random,7b,prospective,mmstar_000257,2103,432,False,True,False
visual_counterfact_size,48.76427322626114,30.411516308784485,114.99167200236116,random,7b,development,visual_counterfact_size_000068,2103,dense,False,False,False
pope_popular,36.17192543268204,23.633078441619876,88.21958900080062,random,7b,development,pope_popular_000195,2103,256,False,True,False
mmstar,36.215773084163665,26.587785480022433,91.86049300478771,random,7b,development,mmstar_000142,2103,432,False,False,False
visual_counterfact_color,38.359955101013185,26.91855583190918,92.67611498944461,random,7b,prospective,visual_counterfact_color_000385,2103,432,True,True,False
pope_adversarial,37.89180537223816,27.783054006099704,90.6108550116187,random,7b,prospective,pope_adversarial_002022,2103,256,False,False,False
visual_counterfact_color,56.64403296947479,129.88118434548377,553.6274320038501,random,7b,development,visual_counterfact_color_000165,2103,432,True,True,False
pope_random,36.9118622648716,15.43225869178772,87.07205000973772,random,7b,prospective,pope_random_001141,2103,256,False,True,False
mmstar,35.218844368457795,17.097686561346052,86.21888900233898,random,7b,development,mmstar_000802,2103,dense,False,False,False
pope_popular,32.48610562562943,20.6323776113987,92.41238799586426,random,7b,prospective,pope_popular_002941,2103,256,False,True,False
mmstar,32.60391488671303,22.493037725687028,89.34485699865036,random,7b,development,mmstar_000290,2103,432,False,False,False
visual_counterfact_size,54.32020425319672,50.90776875972748,189.01083199307323,fastv,13b,prospective,visual_counterfact_size_000296,2103,dense,True,True,False
pope_random,44.704397035837175,49.194294744729994,142.21300999633968,fastv,13b,development,pope_random_000330,2103,256,True,True,False
pope_popular,48.51047450184823,54.115774540901185,140.8490339963464,fastv,13b,prospective,pope_popular_002449,2103,432,True,True,False
visual_counterfact_color,64.93697199344635,66.54964274525642,163.6316959920805,fastv,13b,development,visual_counterfact_color_000287,2103,432,True,True,False
mmstar,54.79184825301169,65.72894065618515,154.66032599215396,fastv,13b,development,mmstar_000498,2103,432,False,False,False
pope_popular,62.74140640616417,63.22599670886993,142.98879301350098,fastv,13b,development,pope_popular_000656,2103,432,True,True,False
visual_counterfact_size,78.16623930096627,91.4289838886261,203.51423899410293,fastv,13b,development,visual_counterfact_size_000684,2103,dense,False,False,False
pope_popular,58.66312630653381,66.40720974802971,150.5139969958691,fastv,13b,development,pope_popular_000127,2103,432,False,True,False
visual_counterfact_color,66.48247555375099,66.20873422265053,152.2544489998836,fastv,13b,prospective,visual_counterfact_color_000299,2103,256,True,True,False
pope_adversarial,59.960221836566916,60.51786920785904,141.7002149973996,fastv,13b,development,pope_adversarial_000398,2103,432,False,False,False
pope_popular,60.28208853602409,58.664779542684556,139.5754469995154,fastv,13b,development,pope_popular_000256,2103,432,True,True,False
pope_adversarial,59.561426841020584,60.37482504487038,144.3885080079781,fastv,13b,prospective,pope_adversarial_002634,2103,432,True,True,False
mmstar,70.51666463732718,65.81990366220474,159.40075799881015,fastv,13b,prospective,mmstar_001346,2103,432,False,False,False
pope_popular,58.91308165788651,56.82331900119782,141.83934401080478,fastv,13b,development,pope_popular_000357,2103,432,False,True,False
visual_counterfact_size,80.97860306739807,71.49990080714225,186.64130600518547,fastv,13b,prospective,visual_counterfact_size_000289,2103,dense,True,True,False
visual_counterfact_color,64.97241931915283,60.187106832265854,161.72312501294073,fastv,13b,development,visual_counterfact_color_000073,2103,256,True,True,False
mmstar,56.2499644100666,54.868501247167586,143.22707000246737,fastv,13b,prospective,mmstar_000254,2103,432,False,False,False
mmstar,61.33018920898438,63.14164533257484,159.4787880021613,fastv,13b,prospective,mmstar_001097,2103,432,False,True,False
pope_popular,56.28686169624329,57.14898626923561,144.29312900756486,fastv,13b,development,pope_popular_000360,2103,432,True,True,False
mmstar,61.78966576457024,58.98387887835503,150.90416400926188,fastv,13b,development,mmstar_000502,2103,dense,False,False,False
visual_counterfact_color,57.000765012502676,54.70697020411491,159.0604520024499,fastv,13b,development,visual_counterfact_color_000306,2103,432,True,True,False
mmstar,163.2383243072033,133.4421947133541,403.49163200880866,fastv,13b,prospective,mmstar_000324,2103,432,False,False,False
mmstar,61.93762941122055,53.58065326690674,168.31378899223637,fastv,13b,prospective,mmstar_000788,2103,432,True,True,False
visual_counterfact_size,64.58251441478728,52.03837310433388,167.7866950049065,fastv,13b,prospective,visual_counterfact_size_000212,2103,dense,False,True,False
mmstar,195.13209510684013,222.11955988526344,693.4070870047435,fastv,13b,development,mmstar_001498,2103,432,False,False,False
mmstar,56.60259725213051,47.632527904510496,150.89373399678152,fastv,13b,development,mmstar_001162,2103,432,False,False,False
mmstar,132.01686318874357,106.19343514442444,321.491621012683,fastv,13b,prospective,mmstar_000796,2103,432,False,False,False
mmstar,54.31833419203758,52.12581231117249,141.05406100861728,fastv,13b,prospective,mmstar_001402,2103,256,False,False,False
visual_counterfact_color,59.58180291652679,60.911141455173485,151.23072999995202,fastv,13b,prospective,visual_counterfact_color_000312,2103,432,True,True,False
mmstar,56.3418467605114,63.38365169048309,152.72085499600507,fastv,13b,development,mmstar_001111,2103,432,False,False,True
pope_popular,56.25505714416504,62.85983135581016,150.0392629968701,fastv,13b,prospective,pope_popular_002670,2103,432,True,True,False
pope_adversarial,57.07454828023911,35.64655316472053,147.67140499316156,fastv,13b,development,pope_adversarial_000291,2103,432,True,True,False
mmstar,59.777920677661896,33.10015780925751,148.5479969996959,fastv,13b,prospective,mmstar_000794,2103,432,False,False,True
pope_random,53.527730236053465,31.76608102440834,144.87824300886132,fastv,13b,development,pope_random_000014,2103,256,True,True,False
mmstar,57.73671897649765,39.49908789873123,152.99044200219214,fastv,13b,development,mmstar_000333,2103,432,True,True,False
mmstar,56.89337995409966,40.5436044216156,134.91755300492514,fastv,13b,prospective,mmstar_000105,2103,432,False,False,False
mmstar,63.039232074022294,250.89355721831325,849.0042240009643,fastv,13b,development,mmstar_001167,2103,256,True,True,False
mmstar,95.77220451235772,48.658426008224495,246.06681299337652,fastv,13b,development,mmstar_000758,2103,dense,False,False,False
mmstar,58.78961378574371,34.257651197910306,149.38491900102235,fastv,13b,prospective,mmstar_000167,2103,dense,False,True,False
mmstar,363.5015200269222,120.90131126523018,447.0042070024647,fastv,13b,development,mmstar_001283,2103,432,False,False,False
visual_counterfact_size,20.05718208670616,48.56034828186036,152.75884499715175,fastv,13b,prospective,visual_counterfact_size_000527,2103,dense,True,True,False
visual_counterfact_size,30.78165254831314,51.831996986866,159.57974699267652,fastv,13b,prospective,visual_counterfact_size_000044,2103,dense,True,True,False
visual_counterfact_size,39.29549465537072,50.92994661211968,178.11044199333992,fastv,13b,development,visual_counterfact_size_000637,2103,dense,True,True,False
pope_random,34.70094566941261,41.77214647889137,141.56069699674845,fastv,13b,prospective,pope_random_001362,2103,256,True,True,False
visual_counterfact_color,38.79456144571305,43.797464218139645,148.63970599253662,fastv,13b,prospective,visual_counterfact_color_000149,2103,432,True,True,False
pope_random,50.021887547969826,40.84922281980515,141.27191000443418,fastv,13b,prospective,pope_random_001764,2103,256,True,True,False
visual_counterfact_size,53.31085770606995,40.84822241306305,134.12978099950124,fastv,13b,development,visual_counterfact_size_000352,2103,dense,True,True,False
mmstar,59.59623525500298,47.741029659509664,139.86880399170332,fastv,13b,prospective,mmstar_000911,2103,432,False,False,False
mmstar,65.33758413910866,57.81680029392243,156.87824299675412,fastv,13b,development,mmstar_001128,2103,432,False,False,False
visual_counterfact_color,58.57640309333801,53.731300324201584,139.66050501039717,fastv,13b,development,visual_counterfact_color_000248,2103,256,True,True,False
mmstar,157.73904595732688,159.1309625995159,386.1536349868402,fastv,13b,prospective,mmstar_000028,2103,432,False,True,False
visual_counterfact_size,67.89389540553093,72.57280079841614,180.4049789934652,fastv,13b,development,visual_counterfact_size_000698,2103,dense,False,False,False
pope_random,53.799721947908395,56.14918076634406,138.1256909953663,fastv,13b,prospective,pope_random_001122,2103,256,True,True,False
visual_counterfact_size,62.43417484998702,66.26010269880294,160.64211599586997,fastv,13b,development,visual_counterfact_size_000152,2103,dense,True,True,False
visual_counterfact_size,64.1323772764206,66.87313173770904,161.08942199207377,fastv,13b,development,visual_counterfact_size_000506,2103,dense,True,True,False
visual_counterfact_color,72.00400348901749,77.71504071950913,190.81483500485774,fastv,13b,prospective,visual_counterfact_color_000271,2103,256,True,True,False
mmstar,56.593419028520586,57.62230842351913,141.38618900324218,fastv,13b,prospective,mmstar_001006,2103,432,True,True,False
pope_random,53.69710273027421,65.07717854380607,150.9275330026867,fastv,13b,development,pope_random_000175,2103,256,False,True,False
pope_random,59.03519771933556,64.30667486310006,148.75122500234284,fastv,13b,development,pope_random_000491,2103,256,False,True,False
pope_adversarial,60.71569851636887,63.35584604740143,148.19957000145223,fastv,13b,development,pope_adversarial_000254,2103,432,True,True,False
visual_counterfact_size,75.57723583340645,77.85052095651626,186.66343699442223,fastv,13b,development,visual_counterfact_size_000504,2103,dense,True,True,False
mmstar,71.37754928827286,65.72675756216049,159.58586700435262,fastv,13b,prospective,mmstar_001320,2103,432,False,False,False
visual_counterfact_size,86.93592319607734,80.83928699016572,193.3194699959131,fastv,13b,prospective,visual_counterfact_size_000193,2103,dense,False,False,False
pope_random,61.66375160574913,61.526310390233995,146.07608200458344,fastv,13b,development,pope_random_000579,2103,256,False,True,False
mmstar,64.32245365619659,67.69240802168846,159.95344299881253,fastv,13b,development,mmstar_000555,2103,432,True,True,False
mmstar,62.261356041431426,63.51686351537704,150.2998590003699,fastv,13b,development,mmstar_001302,2103,432,False,False,False
visual_counterfact_color,58.92008590221405,50.68483504056932,147.29503900161944,fastv,13b,development,visual_counterfact_color_000298,2103,432,True,True,False
visual_counterfact_color,87.08983660817147,71.79504285335541,218.23273100017104,fastv,13b,development,visual_counterfact_color_000339,2103,432,True,True,False
mmstar,53.64152297973632,43.93692301511764,145.90654299536254,fastv,13b,prospective,mmstar_000139,2103,dense,False,False,False
mmstar,54.51772728323937,99.24740457653998,350.58633900189307,fastv,13b,development,mmstar_001215,2103,432,False,False,True
pope_random,52.16254918813705,39.8850899040699,140.222480011289,fastv,13b,development,pope_random_000382,2103,256,True,True,False
mmstar,54.736493339538576,45.594183380603795,143.46963798743673,fastv,13b,development,mmstar_001178,2103,256,True,True,False
pope_popular,51.79952744007111,47.03470167756081,137.3312689975137,fastv,13b,development,pope_popular_000106,2103,432,True,True,False
mmstar,51.479278850555424,49.0453106200695,138.05359198886435,fastv,13b,development,mmstar_000381,2103,432,False,False,False
mmstar,85.94557615399361,69.68624919176101,190.51014799333643,fastv,13b,development,mmstar_000637,2103,dense,False,True,False
visual_counterfact_color,58.36332201123238,51.560829355716706,135.974881995935,fastv,13b,prospective,visual_counterfact_color_000101,2103,432,True,True,False
pope_adversarial,57.26839091300964,57.69593737006187,145.77744400594383,fastv,13b,prospective,pope_adversarial_002772,2103,432,True,True,False
pope_popular,57.05045775294303,54.94501301765442,140.101880999282,fastv,13b,development,pope_popular_000320,2103,432,False,False,False
pope_popular,58.22222677707672,58.09474246144295,149.08350200857967,fastv,13b,prospective,pope_popular_002490,2103,432,True,True,False
pope_adversarial,57.52112029910088,53.91295899152756,136.44311801181175,fastv,13b,prospective,pope_adversarial_002347,2103,432,True,True,False
visual_counterfact_color,54.62338096499443,56.60340193629265,140.10622100613546,fastv,13b,development,visual_counterfact_color_000213,2103,256,True,True,False
mmstar,60.013632055521015,60.700503205060954,149.28621899161953,fastv,13b,prospective,mmstar_000464,2103,432,False,False,False
pope_popular,54.1448861539364,56.81313841938972,139.00998199824244,fastv,13b,development,pope_popular_000056,2103,432,True,True,False
visual_counterfact_color,65.63281759381294,66.64494597911835,156.9963119982276,fastv,13b,prospective,visual_counterfact_color_000476,2103,432,True,True,False
mmstar,59.664390788078315,61.38061351299285,141.36611900175922,fastv,13b,development,mmstar_000260,2103,432,False,False,False
pope_random,59.35854137659073,60.80391805171966,140.56662599614356,fastv,13b,prospective,pope_random_002592,2103,256,True,True,False
pope_random,54.24911951065064,60.55178648829461,141.58400699670892,fastv,13b,prospective,pope_random_002966,2103,256,True,True,False
visual_counterfact_size,58.83525124073029,58.35237760066987,135.6136160029564,fastv,13b,development,visual_counterfact_size_000242,2103,dense,True,True,False
mmstar,59.23383590459824,59.54329220890999,138.90644299681298,fastv,13b,prospective,mmstar_000054,2103,432,False,True,False
visual_counterfact_size,63.23528103232384,71.6827348589897,170.29295999964233,fastv,13b,prospective,visual_counterfact_size_000721,2103,dense,True,True,False
visual_counterfact_color,54.52498641014099,55.68653158187866,135.85258400416933,fastv,13b,prospective,visual_counterfact_color_000327,2103,432,True,True,False
mmstar,63.47059400081635,61.43681266307831,146.07715098827612,fastv,13b,development,mmstar_001095,2103,432,False,False,False
mmstar,62.049722707271584,65.93734309673309,152.50412699242588,fastv,13b,development,mmstar_001323,2103,432,False,False,False
visual_counterfact_size,86.57579207897187,100.97430702924729,234.8790139949415,fastv,13b,prospective,visual_counterfact_size_000322,2103,dense,True,True,False
pope_adversarial,54.49365866899491,57.77635154128075,139.91652301046997,fastv,13b,development,pope_adversarial_000100,2103,432,True,True,False
visual_counterfact_color,53.955251805782325,55.40350558042526,136.63177500711754,fastv,13b,development,visual_counterfact_color_000419,2103,432,True,True,False
mmstar,56.109515700340275,55.81956459045411,138.23093900282402,fastv,13b,development,mmstar_000459,2103,432,False,False,False
visual_counterfact_color,60.0448753964901,63.84695613861085,156.80587399401702,fastv,13b,prospective,visual_counterfact_color_000063,2103,432,True,True,False
visual_counterfact_color,59.19026449561119,55.91914312839508,138.43781799369026,fastv,13b,development,visual_counterfact_color_000310,2103,256,True,True,False
mmstar,141.45586093425752,138.3800759422779,348.7507079989882,fastv,13b,development,mmstar_001351,2103,432,False,False,False
mmstar,63.48256627202034,74.66223125576974,192.30528999469243,fastv,13b,development,mmstar_000647,2103,432,False,False,False
pope_random,54.82418477535248,52.113127514123924,138.80337399314158,fastv,13b,development,pope_random_000039,2103,256,False,True,False
mmstar,58.58965699076653,51.76634640812874,137.4389979901025,fastv,13b,development,mmstar_000182,2103,dense,True,True,False
visual_counterfact_size,64.79170382738114,65.17810612797737,170.6338359945221,fastv,13b,development,visual_counterfact_size_000126,2103,dense,True,True,False
mmstar,60.38226060390473,65.63622199296951,176.31529999198392,fastv,13b,prospective,mmstar_001221,2103,256,False,False,False
mmstar,63.92298500657082,54.68392879247665,150.66232498793397,fastv,13b,development,mmstar_000253,2103,432,False,False,False
visual_counterfact_color,58.75689208745956,53.16116523981094,145.75639500981197,fastv,13b,development,visual_counterfact_color_000080,2103,432,True,True,False
visual_counterfact_color,58.31136196374892,56.45767791748046,146.9472430035239,fastv,13b,development,visual_counterfact_color_000455,2103,432,True,True,False
pope_adversarial,57.89217147827148,54.85914684295655,141.30293899506796,fastv,13b,development,pope_adversarial_000422,2103,432,True,True,False
visual_counterfact_size,59.97773575782776,51.68721133947373,132.27377900329884,fastv,13b,development,visual_counterfact_size_000230,2103,dense,False,False,False
mmstar,104.03623774051667,89.65898853302002,244.50348899699748,fastv,13b,development,mmstar_001321,2103,dense,False,False,False
mmstar,102.7674408185482,84.74714767098425,249.23587100056466,fastv,13b,prospective,mmstar_001191,2103,432,True,True,False
pope_adversarial,58.60785831928253,47.810139088630685,139.56444698851556,fastv,13b,prospective,pope_adversarial_001519,2103,432,False,True,False
pope_random,58.554834336042404,50.17792261481286,143.80043500568718,fastv,13b,development,pope_random_000474,2103,256,True,True,False
mmstar,107.47673665285112,99.52298008441926,268.9880839898251,fastv,13b,prospective,mmstar_000491,2103,dense,False,True,False
visual_counterfact_size,68.25824642181396,69.1497004365921,167.2489409975242,fastv,13b,prospective,visual_counterfact_size_000089,2103,dense,True,True,False
visual_counterfact_color,65.53322719335556,65.45820168256759,172.84837400075048,fastv,13b,development,visual_counterfact_color_000167,2103,432,True,True,False
visual_counterfact_color,54.37450194358826,44.52229082465172,150.37170899449848,fastv,13b,prospective,visual_counterfact_color_000131,2103,256,True,True,False
visual_counterfact_color,58.583754249811165,48.735182503461836,176.88602399721276,fastv,13b,development,visual_counterfact_color_000166,2103,432,False,True,False
mmstar,202.87538536071776,151.87219976186753,500.4589640011545,fastv,13b,prospective,mmstar_001039,2103,432,False,False,False
mmstar,93.76358965992927,45.96042640924453,139.00643200031482,fastv,13b,prospective,mmstar_001247,2103,432,False,False,False
visual_counterfact_color,54.94309938192368,50.263921780586244,135.06486199912615,fastv,13b,prospective,visual_counterfact_color_000102,2103,432,True,True,False
visual_counterfact_color,62.3045366203785,53.48588866710663,136.4666470035445,fastv,13b,prospective,visual_counterfact_color_000064,2103,256,True,True,False
visual_counterfact_size,61.50669109344483,62.92910372495651,158.33457998814993,fastv,13b,prospective,visual_counterfact_size_000187,2103,dense,True,True,False
pope_popular,51.415030288696286,54.73640241742134,137.28972000535578,fastv,13b,prospective,pope_popular_001278,2103,432,True,True,False
pope_adversarial,52.66361437559127,58.89016560316086,140.09102100681048,fastv,13b,prospective,pope_adversarial_001206,2103,432,True,True,False
pope_popular,52.41400845050811,61.50724326968193,139.57184700120706,fastv,13b,prospective,pope_popular_002232,2103,432,True,True,False
pope_random,50.75527665495872,70.09362207651138,157.82999400107656,fastv,13b,prospective,pope_random_002082,2103,256,True,True,False
pope_adversarial,55.991680027246474,141.31588397026061,350.5422699963674,fastv,13b,development,pope_adversarial_000595,2103,432,False,True,False
visual_counterfact_size,64.77837627887725,58.10481795787811,163.80125400610268,fastv,13b,development,visual_counterfact_size_000582,2103,dense,True,True,False
pope_random,54.42436126470565,49.164074671268466,137.61925599828828,fastv,13b,development,pope_random_000375,2103,256,False,True,False
visual_counterfact_size,54.487106839418416,48.278172535896296,136.7329350032378,fastv,13b,development,visual_counterfact_size_000626,2103,dense,False,False,False
pope_random,61.25399702310562,49.32439914345741,142.27733000006992,fastv,13b,prospective,pope_random_000900,2103,256,True,True,False
visual_counterfact_size,79.11913595199586,63.0824614727497,185.69013600063045,fastv,13b,development,visual_counterfact_size_000564,2103,dense,True,True,False
pope_adversarial,55.87945088386535,47.60113701701164,137.31233900762163,fastv,13b,development,pope_adversarial_000122,2103,432,False,False,False
visual_counterfact_color,61.29699306488037,63.14519656300545,169.59862699150108,fastv,13b,development,visual_counterfact_color_000290,2103,256,True,True,False
mmstar,66.20709174156188,56.24531014680862,144.7760040027788,fastv,13b,development,mmstar_001411,2103,432,False,False,False
pope_popular,64.7605192887783,53.555928839445116,137.2956389968749,fastv,13b,development,pope_popular_000429,2103,432,False,True,False
visual_counterfact_size,58.65347179412842,53.9237000477314,139.8731939989375,fastv,13b,development,visual_counterfact_size_000605,2103,dense,True,True,False
mmstar,98.7706254839897,81.51075769543647,216.8332650035154,fastv,13b,prospective,mmstar_000284,2103,dense,False,True,False
pope_popular,56.71829432487489,55.891710221767426,146.15538099315017,fastv,13b,prospective,pope_popular_002328,2103,432,True,True,False
pope_random,56.632044861316686,54.98272938728332,139.0387319988804,fastv,13b,development,pope_random_000055,2103,256,False,True,False
mmstar,60.572165405750276,58.03005762696266,143.9653929992346,fastv,13b,development,mmstar_000289,2103,432,False,False,False
visual_counterfact_color,65.4443026292324,59.891961126327516,145.59264699346386,fastv,13b,development,visual_counterfact_color_000215,2103,432,True,True,False
pope_popular,56.69374866485596,59.63191228270531,142.53843699407298,fastv,13b,prospective,pope_popular_001500,2103,432,True,True,False
mmstar,58.503274599313734,63.64498400568962,151.6414759971667,fastv,13b,development,mmstar_000766,2103,dense,False,False,False
pope_popular,56.475665086507796,66.53116082310676,153.88504299335182,fastv,13b,prospective,pope_popular_002724,2103,432,True,True,False
mmstar,56.7298977291584,61.36149907231331,140.87114301219117,fastv,13b,development,mmstar_000540,2103,432,False,False,False
mmstar,61.401932127475746,60.7426997590065,141.15111000137404,fastv,13b,development,mmstar_000697,2103,432,True,True,False
pope_adversarial,54.132493547201165,58.290304344892505,139.48944699950516,fastv,13b,prospective,pope_adversarial_000324,2103,432,True,True,False
pope_adversarial,60.92687231063843,58.72149467468261,139.07117200142238,fastv,13b,development,pope_adversarial_000710,2103,432,True,True,False
pope_random,57.981192131042484,58.80554162859916,140.23908899980597,fastv,13b,development,pope_random_000234,2103,256,False,True,True
mmstar,63.5724399793148,60.27117432117462,148.03841199318413,fastv,13b,prospective,mmstar_001227,2103,432,True,True,False
mmstar,56.3753009724617,57.03330718517304,146.99539200228173,fastv,13b,development,mmstar_000595,2103,256,False,True,False
visual_counterfact_size,62.91954526543616,65.14757927417755,160.53802699025255,fastv,13b,prospective,visual_counterfact_size_000434,2103,dense,True,True,False
visual_counterfact_size,59.54067977190018,57.08487860202789,135.24129000143148,fastv,13b,prospective,visual_counterfact_size_000136,2103,dense,False,False,False
mmstar,56.890910811424256,57.81953602790833,136.92722300766036,fastv,13b,development,mmstar_000336,2103,432,False,False,False
visual_counterfact_size,77.76970850229264,76.19385972619057,184.30518999230117,fastv,13b,development,visual_counterfact_size_000520,2103,dense,True,True,False
mmstar,67.49850911140442,63.3968775331974,153.5748570022406,fastv,13b,prospective,mmstar_000972,2103,256,False,False,True
visual_counterfact_size,65.93086904287338,67.47498087406157,162.27028000866994,fastv,13b,development,visual_counterfact_size_000602,2103,dense,True,True,False
pope_adversarial,62.0730458855629,56.52959461092949,135.66298500518315,fastv,13b,development,pope_adversarial_000151,2103,432,True,True,False
mmstar,60.172779618501664,55.437678685188295,134.05236200196669,fastv,13b,development,mmstar_000729,2103,432,True,True,False
pope_adversarial,60.9867543566227,56.92289024591446,140.01988200470805,fastv,13b,prospective,pope_adversarial_000852,2103,432,True,True,False
mmstar,70.75952788114547,63.78282636761665,159.201150003355,fastv,13b,development,mmstar_001014,2103,256,False,True,False
mmstar,69.8374355340004,60.022779421806334,143.92137300455943,fastv,13b,development,mmstar_000781,2103,432,False,True,False
pope_random,63.3609972512722,59.63802295804024,139.80792398797348,fastv,13b,development,pope_random_000524,2103,256,True,True,False
pope_random,67.15978556156159,61.32842011570931,143.33850900584366,fastv,13b,prospective,pope_random_000907,2103,256,False,True,False
pope_adversarial,61.241268424987794,61.627942281961445,147.61573600117117,fastv,13b,prospective,pope_adversarial_001308,2103,432,True,True,False
pope_adversarial,60.65760068893432,137.22783333182338,343.59412000048906,fastv,13b,prospective,pope_adversarial_000751,2103,432,False,True,False
visual_counterfact_color,74.33675986647606,64.7463843369484,170.60086700075772,fastv,13b,prospective,visual_counterfact_color_000180,2103,432,True,True,False
pope_popular,65.30629472851753,56.722534165382385,150.02620199811645,fastv,13b,development,pope_popular_000495,2103,432,False,True,False
pope_adversarial,63.557601919174196,53.20107375741005,141.64072599669453,fastv,13b,development,pope_adversarial_000131,2103,432,False,False,False
pope_adversarial,66.16821189880372,60.94326042294502,166.19498100772034,fastv,13b,development,pope_adversarial_000490,2103,432,True,True,False
mmstar,60.770888693332665,50.75700308918953,137.90360299753956,fastv,13b,prospective,mmstar_000184,2103,432,False,True,False
visual_counterfact_size,70.84808879613877,64.99565778255462,169.12269199383445,fastv,13b,development,visual_counterfact_size_000076,2103,dense,True,True,False
visual_counterfact_color,73.25722059726715,77.67083793401717,186.75987599999644,fastv,13b,development,visual_counterfact_color_000297,2103,432,True,True,False
visual_counterfact_color,58.809130797386175,57.458904020786285,135.88658400112763,fastv,13b,development,visual_counterfact_color_000235,2103,432,True,True,False
pope_random,57.540850017070774,55.60443262815475,138.987572005135,fastv,13b,prospective,pope_random_001248,2103,256,False,False,False
visual_counterfact_size,83.48633717179298,78.00207341670989,192.47073799488135,fastv,13b,prospective,visual_counterfact_size_000146,2103,dense,True,True,False
mmstar,65.57350859045982,67.08041412353516,155.2719100000104,fastv,13b,development,mmstar_001047,2103,432,False,False,False
pope_popular,57.86365207791328,60.049169063568115,138.2700499962084,fastv,13b,prospective,pope_popular_002808,2103,432,True,True,False
visual_counterfact_color,59.89610706567765,66.41374390125274,154.86923400021624,fastv,13b,development,visual_counterfact_color_000357,2103,432,True,True,False
visual_counterfact_size,65.69051682949066,65.66763056516646,158.11211199616082,fastv,13b,development,visual_counterfact_size_000177,2103,dense,True,True,False
pope_adversarial,56.29200451850891,58.12405693054199,139.2544989939779,fastv,13b,development,pope_adversarial_000722,2103,432,True,True,False
mmstar,58.1583737885952,70.62225940227509,166.08082099992316,fastv,13b,prospective,mmstar_000803,2103,432,True,True,False
mmstar,58.118687938451764,63.271608879566195,149.2418300040299,fastv,13b,development,mmstar_000935,2103,432,False,False,False
visual_counterfact_size,86.05451634287834,92.14320064425469,222.4452590016881,fastv,13b,prospective,visual_counterfact_size_000411,2103,dense,True,True,False
visual_counterfact_color,56.05495995283127,57.78110949039459,142.58203700592276,fastv,13b,prospective,visual_counterfact_color_000420,2103,432,True,True,False
pope_popular,54.526786744594574,56.45360315084457,140.54017700254917,fastv,13b,development,pope_popular_000735,2103,432,False,True,False
pope_popular,54.20190157651902,56.66463726758956,138.4842270053923,fastv,13b,development,pope_popular_000420,2103,432,True,True,False
pope_random,60.3631653547287,57.37931221604347,137.99910200759768,fastv,13b,development,pope_random_000555,2103,256,False,True,False
pope_adversarial,56.97770109176636,61.65512910962105,147.45534800749738,fastv,13b,development,pope_adversarial_000385,2103,432,False,True,False
mmstar,62.25869733333588,61.280194973945626,149.01508200273383,fastv,13b,prospective,mmstar_000720,2103,432,True,True,False
pope_adversarial,56.81172780275345,57.71898965835572,140.7052659924375,fastv,13b,development,pope_adversarial_000085,2103,432,True,True,False
visual_counterfact_size,69.56068817138672,72.30811054944992,174.24992099404335,fastv,13b,prospective,visual_counterfact_size_000617,2103,dense,True,True,False
visual_counterfact_color,62.24858537316322,61.33818725109101,148.87617398926523,fastv,13b,prospective,visual_counterfact_color_000014,2103,256,True,True,False
visual_counterfact_size,81.56958724617958,76.23799582123758,185.1517319882987,fastv,13b,development,visual_counterfact_size_000082,2103,dense,True,True,False
visual_counterfact_color,61.09746198415756,57.13373496532441,136.01520199154038,fastv,13b,development,visual_counterfact_color_000136,2103,256,True,True,False
mmstar,138.7919798588753,58.53161588311196,135.06407200475223,fastv,13b,prospective,mmstar_000577,2103,432,False,False,False
mmstar,146.18972097396852,173.63855355262757,401.7280400003074,fastv,13b,prospective,mmstar_000257,2103,dense,False,False,False
visual_counterfact_size,77.19313652515412,93.78205199480055,217.28322000126354,fastv,13b,development,visual_counterfact_size_000068,2103,dense,True,True,False
pope_popular,50.61030470967293,60.452240669727324,138.21930999984033,fastv,13b,development,pope_popular_000195,2103,432,False,False,False
mmstar,54.91483302354813,142.82234282016753,361.3603519916069,fastv,13b,development,mmstar_000142,2103,dense,False,False,False
visual_counterfact_color,59.44946950435639,51.23872697353363,143.26812900253572,fastv,13b,prospective,visual_counterfact_color_000385,2103,432,True,True,False
pope_adversarial,56.11892378807068,50.811604702472685,145.48830800049473,fastv,13b,prospective,pope_adversarial_002022,2103,432,False,False,False
visual_counterfact_color,72.28813831329346,138.28108707666397,422.3908720014151,fastv,13b,development,visual_counterfact_color_000165,2103,432,True,True,False
pope_random,57.387250976562505,38.192180085182194,135.76438500604127,fastv,13b,prospective,pope_random_001141,2103,256,False,True,False
mmstar,150.75849432826044,67.85017170190811,213.17074200487696,fastv,13b,development,mmstar_000802,2103,432,False,False,False
pope_popular,43.07941795349121,46.952613284587855,138.9556329959305,fastv,13b,prospective,pope_popular_002941,2103,432,False,True,False
mmstar,42.21559310436248,50.24093696951866,149.5447269990109,fastv,13b,development,mmstar_000290,2103,432,False,False,False
visual_counterfact_size,54.32020425319672,48.34025009155273,188.83353500859812,scope,13b,prospective,visual_counterfact_size_000296,2103,dense,True,True,False
mmstar,54.79184825301169,45.30942058801651,145.04045400826726,scope,13b,development,mmstar_000498,2103,dense,False,False,False
visual_counterfact_size,78.16623930096627,67.57796002745627,191.93414400797337,scope,13b,development,visual_counterfact_size_000684,2103,dense,False,False,False
mmstar,70.51666463732718,58.114772955179205,153.65187799034175,scope,13b,prospective,mmstar_001346,2103,dense,False,False,False
visual_counterfact_size,80.97860306739807,73.47670061707497,183.444350011996,scope,13b,prospective,visual_counterfact_size_000289,2103,dense,True,True,False
mmstar,56.2499644100666,55.09523788690567,131.21915300143883,scope,13b,prospective,mmstar_000254,2103,dense,False,False,False
mmstar,61.33018920898438,59.73491350769997,143.698237996432,scope,13b,prospective,mmstar_001097,2103,dense,False,True,False
mmstar,61.78966576457024,56.686948546171195,138.96144500176888,scope,13b,development,mmstar_000502,2103,dense,False,False,False
mmstar,163.2383243072033,155.8850847148895,385.1997349993326,scope,13b,prospective,mmstar_000324,2103,dense,False,False,False
mmstar,61.93762941122055,59.25914708137512,146.9908650033176,scope,13b,prospective,mmstar_000788,2103,dense,True,True,False
visual_counterfact_size,64.58251441478728,62.36796920895576,156.05833400331903,scope,13b,prospective,visual_counterfact_size_000212,2103,dense,False,True,False
mmstar,195.13209510684013,246.1039698624611,683.4332819998963,scope,13b,development,mmstar_001498,2103,dense,False,False,False
mmstar,56.60259725213051,57.589827708005906,167.28440100268926,scope,13b,development,mmstar_001162,2103,dense,False,False,False
mmstar,132.01686318874357,107.61038288354874,310.1003390038386,scope,13b,prospective,mmstar_000796,2103,dense,False,False,False
mmstar,54.31833419203758,46.271040534973146,131.93861600302625,scope,13b,prospective,mmstar_001402,2103,dense,False,False,False
mmstar,56.3418467605114,94.35640215516091,265.49375600006897,scope,13b,development,mmstar_001111,2103,dense,False,False,False
mmstar,59.777920677661896,48.65749152541161,135.66373799403664,scope,13b,prospective,mmstar_000794,2103,dense,False,False,False
mmstar,57.73671897649765,47.763790626525875,134.50962999195326,scope,13b,development,mmstar_000333,2103,dense,True,True,False
mmstar,56.89337995409966,47.55028494358063,135.71337799658068,scope,13b,prospective,mmstar_000105,2103,dense,False,False,False
mmstar,63.039232074022294,52.925479843616486,151.2632320082048,scope,13b,development,mmstar_001167,2103,dense,True,True,False
mmstar,95.77220451235772,85.59695042133333,234.91836299945135,scope,13b,development,mmstar_000758,2103,dense,False,False,False
mmstar,58.78961378574371,55.64943160057068,142.28164199448656,scope,13b,prospective,mmstar_000167,2103,dense,False,True,False
mmstar,363.5015200269222,108.948028318882,280.04533000057563,scope,13b,development,mmstar_001283,2103,dense,False,False,False
visual_counterfact_size,20.05718208670616,48.625989503860474,132.49886099947616,scope,13b,prospective,visual_counterfact_size_000527,2103,dense,True,True,False
visual_counterfact_size,30.78165254831314,56.01393934726715,154.83601699816063,scope,13b,prospective,visual_counterfact_size_000044,2103,dense,True,True,False
visual_counterfact_size,39.29549465537072,49.481247572898866,157.28270099498332,scope,13b,development,visual_counterfact_size_000637,2103,dense,True,True,False
visual_counterfact_size,53.31085770606995,102.93335786342622,350.20699599408545,scope,13b,development,visual_counterfact_size_000352,2103,dense,True,True,False
mmstar,59.59623525500298,36.383380234241486,137.09460500103887,scope,13b,prospective,mmstar_000911,2103,dense,False,False,False
mmstar,65.33758413910866,39.83346496582031,141.05097499850672,scope,13b,development,mmstar_001128,2103,dense,False,False,False
mmstar,157.73904595732688,120.61697262048719,364.5136429986451,scope,13b,prospective,mmstar_000028,2103,dense,False,True,False
visual_counterfact_size,67.89389540553093,55.88543356180192,154.77975700923707,scope,13b,development,visual_counterfact_size_000698,2103,dense,False,False,False
visual_counterfact_size,62.43417484998702,62.47913747787476,163.57687799609266,scope,13b,development,visual_counterfact_size_000152,2103,dense,True,True,False
visual_counterfact_size,64.1323772764206,64.93396148085594,162.3861910047708,scope,13b,development,visual_counterfact_size_000506,2103,dense,True,True,False
mmstar,56.593419028520586,55.997779172658916,139.1791740024928,scope,13b,prospective,mmstar_001006,2103,dense,True,True,False
visual_counterfact_size,75.57723583340645,73.07794389724731,179.28480099362787,scope,13b,development,visual_counterfact_size_000504,2103,dense,True,True,False
mmstar,71.37754928827286,63.06833921551704,160.0153239996871,scope,13b,prospective,mmstar_001320,2103,dense,False,False,False
visual_counterfact_size,86.93592319607734,71.39663386821746,188.2315309921978,scope,13b,prospective,visual_counterfact_size_000193,2103,dense,False,False,False
mmstar,64.32245365619659,53.26974249720574,144.67276899085846,scope,13b,development,mmstar_000555,2103,dense,True,True,False
mmstar,62.261356041431426,52.11540192246437,143.39317099074833,scope,13b,development,mmstar_001302,2103,dense,False,False,False
mmstar,53.64152297973632,48.71270352602005,131.43616099841893,scope,13b,prospective,mmstar_000139,2103,dense,False,False,False
mmstar,54.51772728323937,54.387039048671724,138.95056600449607,scope,13b,development,mmstar_001215,2103,dense,True,True,False
mmstar,54.736493339538576,55.40351250767708,138.92467599362135,scope,13b,development,mmstar_001178,2103,dense,True,True,False
mmstar,51.479278850555424,58.10225740075111,142.70604799094144,scope,13b,development,mmstar_000381,2103,dense,False,False,False
mmstar,85.94557615399361,75.15402297139168,179.54723798902705,scope,13b,development,mmstar_000637,2103,dense,False,True,False
mmstar,60.013632055521015,62.65751685142517,147.93901600933168,scope,13b,prospective,mmstar_000464,2103,dense,False,False,False
mmstar,59.664390788078315,58.426148300170894,139.1213040042203,scope,13b,development,mmstar_000260,2103,dense,False,False,False
visual_counterfact_size,58.83525124073029,53.8722148835659,130.88871599757113,scope,13b,development,visual_counterfact_size_000242,2103,dense,True,True,False
mmstar,59.23383590459824,59.498346176147464,145.62992900027893,scope,13b,prospective,mmstar_000054,2103,dense,False,True,False
visual_counterfact_size,63.23528103232384,63.107105383872984,153.76584700425155,scope,13b,prospective,visual_counterfact_size_000721,2103,dense,True,True,False
mmstar,63.47059400081635,62.191200935840605,148.86682700307574,scope,13b,development,mmstar_001095,2103,dense,False,False,False
mmstar,62.049722707271584,61.43896414041519,150.7126079959562,scope,13b,development,mmstar_001323,2103,dense,False,False,False
visual_counterfact_size,86.57579207897187,80.73629461169243,201.67281599424314,scope,13b,prospective,visual_counterfact_size_000322,2103,dense,True,True,False
mmstar,56.109515700340275,55.052697297334674,137.4435710022226,scope,13b,development,mmstar_000459,2103,dense,False,False,False
mmstar,141.45586093425752,133.30078346133232,331.3777739967918,scope,13b,development,mmstar_001351,2103,dense,False,False,False
mmstar,63.48256627202034,62.284689438343044,157.5388689961983,scope,13b,development,mmstar_000647,2103,dense,False,False,False
mmstar,58.58965699076653,52.99612504601478,131.30117299442645,scope,13b,development,mmstar_000182,2103,dense,True,True,False
visual_counterfact_size,64.79170382738114,61.6238868188858,152.38069101178553,scope,13b,development,visual_counterfact_size_000126,2103,dense,True,True,False
mmstar,60.38226060390473,54.80009462475777,135.98864599771332,scope,13b,prospective,mmstar_001221,2103,dense,False,False,False
mmstar,63.92298500657082,57.036105064153666,142.79688699753024,scope,13b,development,mmstar_000253,2103,dense,False,False,False
visual_counterfact_size,59.97773575782776,56.938134503364566,138.52958999632392,scope,13b,development,visual_counterfact_size_000230,2103,dense,False,False,False
mmstar,104.03623774051667,97.92564418315888,231.39217899006326,scope,13b,development,mmstar_001321,2103,dense,False,False,False
mmstar,102.7674408185482,98.98196736335754,230.8938429923728,scope,13b,prospective,mmstar_001191,2103,dense,True,True,False
mmstar,107.47673665285112,106.1060867023468,255.34916800097562,scope,13b,prospective,mmstar_000491,2103,dense,False,True,False
visual_counterfact_size,68.25824642181396,63.70447023153305,158.01789400575217,scope,13b,prospective,visual_counterfact_size_000089,2103,dense,True,True,False
mmstar,202.87538536071776,193.51463971495627,480.6581770099001,scope,13b,prospective,mmstar_001039,2103,dense,True,True,False
mmstar,93.76358965992927,90.81198145389558,230.66768600256182,scope,13b,prospective,mmstar_001247,2103,dense,False,False,False
visual_counterfact_size,61.50669109344483,62.96088187694549,158.75623699685093,scope,13b,prospective,visual_counterfact_size_000187,2103,dense,True,True,False
visual_counterfact_size,64.77837627887725,61.98378408432007,159.61019799578935,scope,13b,development,visual_counterfact_size_000582,2103,dense,True,True,False
visual_counterfact_size,54.487106839418416,48.430769319534306,127.56890000309795,scope,13b,development,visual_counterfact_size_000626,2103,dense,False,False,False
visual_counterfact_size,79.11913595199586,69.76900993824005,177.5277379929321,scope,13b,development,visual_counterfact_size_000564,2103,dense,True,True,False
mmstar,66.20709174156188,60.57443046092987,142.72666799661238,scope,13b,development,mmstar_001411,2103,dense,False,False,False
visual_counterfact_size,58.65347179412842,54.438032491207125,128.2991430052789,scope,13b,development,visual_counterfact_size_000605,2103,dense,True,True,False
mmstar,98.7706254839897,89.31249918699265,210.29944000474643,scope,13b,prospective,mmstar_000284,2103,dense,False,True,False
mmstar,60.572165405750276,59.004243516922,137.23760200082324,scope,13b,development,mmstar_000289,2103,dense,False,False,False
mmstar,58.503274599313734,62.020415267944344,139.49668098939583,scope,13b,development,mmstar_000766,2103,dense,False,False,False
mmstar,56.7298977291584,59.55208234310151,134.55524999881163,scope,13b,development,mmstar_000540,2103,dense,False,False,False
mmstar,61.401932127475746,57.738411699533465,131.21751400467474,scope,13b,development,mmstar_000697,2103,dense,True,True,False
mmstar,63.5724399793148,60.86928456783295,139.67161798791494,scope,13b,prospective,mmstar_001227,2103,dense,True,True,False
mmstar,56.3753009724617,65.312659586668,146.71452800394036,scope,13b,development,mmstar_000595,2103,dense,False,True,False
visual_counterfact_size,62.91954526543616,67.84728482961654,154.48808000655845,scope,13b,prospective,visual_counterfact_size_000434,2103,dense,True,True,False
visual_counterfact_size,59.54067977190018,53.73419510126114,127.04690599639434,scope,13b,prospective,visual_counterfact_size_000136,2103,dense,False,False,False
mmstar,56.890910811424256,56.48016348361969,140.2856719942065,scope,13b,development,mmstar_000336,2103,dense,False,False,False
visual_counterfact_size,77.76970850229264,76.8590926194191,188.9846940030111,scope,13b,development,visual_counterfact_size_000520,2103,dense,True,True,False
mmstar,67.49850911140442,61.77962715625763,145.59217900387011,scope,13b,prospective,mmstar_000972,2103,dense,False,False,False
visual_counterfact_size,65.93086904287338,70.45903805017471,168.19911199854687,scope,13b,development,visual_counterfact_size_000602,2103,dense,True,True,False
mmstar,60.172779618501664,56.497751798629764,136.61694899201393,scope,13b,development,mmstar_000729,2103,dense,True,True,False
mmstar,70.75952788114547,58.5040780544281,143.1207340065157,scope,13b,development,mmstar_001014,2103,dense,False,True,False
mmstar,69.8374355340004,61.17979663610458,151.28287200059276,scope,13b,development,mmstar_000781,2103,dense,False,True,False
mmstar,60.770888693332665,55.85649268984795,139.8419370088959,scope,13b,prospective,mmstar_000184,2103,dense,False,True,False
visual_counterfact_size,70.84808879613877,61.91283373117447,155.27892200043425,scope,13b,development,visual_counterfact_size_000076,2103,dense,True,True,False
visual_counterfact_size,83.48633717179298,71.95606067180634,178.53943799855188,scope,13b,prospective,visual_counterfact_size_000146,2103,dense,True,True,False
mmstar,65.57350859045982,61.92499184966087,150.21358299418353,scope,13b,development,mmstar_001047,2103,dense,False,False,False
visual_counterfact_size,65.69051682949066,64.71646384954452,152.69517699198332,scope,13b,development,visual_counterfact_size_000177,2103,dense,True,True,False
mmstar,58.1583737885952,59.78705585002899,139.89522600604687,scope,13b,prospective,mmstar_000803,2103,dense,True,True,False
mmstar,58.118687938451764,57.68307284474373,137.06009500310756,scope,13b,development,mmstar_000935,2103,dense,False,False,False
visual_counterfact_size,86.05451634287834,88.0822297477722,211.15682100935373,scope,13b,prospective,visual_counterfact_size_000411,2103,dense,True,True,False
mmstar,62.25869733333588,55.743154340982436,132.81802700657863,scope,13b,prospective,mmstar_000720,2103,dense,True,True,False
visual_counterfact_size,69.56068817138672,64.06376268148422,150.96356499998365,scope,13b,prospective,visual_counterfact_size_000617,2103,dense,True,True,False
visual_counterfact_size,81.56958724617958,74.71587608575823,176.67955700017046,scope,13b,development,visual_counterfact_size_000082,2103,dense,True,True,False
mmstar,138.7919798588753,57.988992972373964,137.71380799880717,scope,13b,prospective,mmstar_000577,2103,dense,False,False,False
mmstar,146.18972097396852,183.7525014579296,435.68356800824404,scope,13b,prospective,mmstar_000257,2103,dense,False,False,False
visual_counterfact_size,77.19313652515412,81.19320723176003,200.63547599420417,scope,13b,development,visual_counterfact_size_000068,2103,dense,True,True,False
mmstar,54.91483302354813,59.74870537281036,147.9477849934483,scope,13b,development,mmstar_000142,2103,dense,False,False,False
mmstar,150.75849432826044,81.94235357642174,202.8536549914861,scope,13b,development,mmstar_000802,2103,dense,False,False,False
mmstar,42.21559310436248,52.48783053874969,129.17939299950376,scope,13b,development,mmstar_000290,2103,dense,False,False,False
pope_random,44.704397035837175,301.06191857218744,1082.5504370004637,scope,13b,development,pope_random_000330,2103,128,True,True,False
pope_popular,48.51047450184823,17.327231251001358,154.8128260037629,scope,13b,prospective,pope_popular_002449,2103,432,True,True,False
visual_counterfact_color,64.93697199344635,24.17183951854706,163.33209199365228,scope,13b,development,visual_counterfact_color_000287,2103,432,True,True,False
pope_popular,62.74140640616417,25.21734181046486,146.25373300805222,scope,13b,development,pope_popular_000656,2103,432,True,True,False
pope_popular,58.66312630653381,28.811122609376906,146.04533401143271,scope,13b,development,pope_popular_000127,2103,432,False,True,False
visual_counterfact_color,66.48247555375099,39.674228200912474,169.26820200751536,scope,13b,prospective,visual_counterfact_color_000299,2103,432,True,True,False
pope_adversarial,59.960221836566916,43.29573276638985,157.91029499087017,scope,13b,development,pope_adversarial_000398,2103,432,False,False,False
pope_popular,60.28208853602409,43.13663552761078,145.26339298754465,scope,13b,development,pope_popular_000256,2103,432,True,True,False
pope_adversarial,59.561426841020584,49.14899731636047,159.0195339958882,scope,13b,prospective,pope_adversarial_002634,2103,432,True,True,False
pope_popular,58.91308165788651,52.438500618934626,172.15134200523607,scope,13b,development,pope_popular_000357,2103,432,False,True,False
visual_counterfact_color,64.97241931915283,47.118052428960794,167.33761101204436,scope,13b,development,visual_counterfact_color_000073,2103,432,True,True,False
pope_popular,56.28686169624329,37.54342799186706,144.8517569951946,scope,13b,development,pope_popular_000360,2103,432,True,True,False
visual_counterfact_color,57.000765012502676,37.112748290300374,153.6536280036671,scope,13b,development,visual_counterfact_color_000306,2103,432,True,True,False
visual_counterfact_color,59.58180291652679,39.13568863272667,154.36141099780798,scope,13b,prospective,visual_counterfact_color_000312,2103,432,True,True,False
pope_popular,56.25505714416504,37.93287835836411,145.96424499177374,scope,13b,prospective,pope_popular_002670,2103,432,True,True,False
pope_adversarial,57.07454828023911,39.06394031047821,147.5789489923045,scope,13b,development,pope_adversarial_000291,2103,432,True,True,False
pope_random,53.527730236053465,28.02269734025002,101.89036700467113,scope,13b,development,pope_random_000014,2103,128,True,True,False
pope_random,34.70094566941261,27.446201494932176,97.60030100005679,scope,13b,prospective,pope_random_001362,2103,128,True,True,False
visual_counterfact_color,38.79456144571305,44.578039941787715,149.80200699937996,scope,13b,prospective,visual_counterfact_color_000149,2103,432,True,True,False
pope_random,50.021887547969826,35.81209715247154,119.28903200896457,scope,13b,prospective,pope_random_001764,2103,128,True,True,False
visual_counterfact_color,58.57640309333801,45.299912064075464,152.73035800782964,scope,13b,development,visual_counterfact_color_000248,2103,432,True,True,False
pope_random,53.799721947908395,27.87061344623565,95.87713799555786,scope,13b,prospective,pope_random_001122,2103,128,True,True,False
visual_counterfact_color,72.00400348901749,53.12478796362877,191.08265299291816,scope,13b,prospective,visual_counterfact_color_000271,2103,432,True,True,False
pope_random,53.69710273027421,28.299771398305893,96.53684099612292,scope,13b,development,pope_random_000175,2103,128,False,True,False
pope_random,59.03519771933556,28.767391712665557,97.62416999728885,scope,13b,development,pope_random_000491,2103,128,False,True,False
pope_adversarial,60.71569851636887,46.68060693740845,145.3601510002045,scope,13b,development,pope_adversarial_000254,2103,432,True,True,False
pope_random,61.66375160574913,31.22183670520782,98.20526398834772,scope,13b,development,pope_random_000579,2103,128,False,True,False
visual_counterfact_color,58.92008590221405,48.27483984947204,153.67316799529362,scope,13b,development,visual_counterfact_color_000298,2103,432,True,True,False
visual_counterfact_color,87.08983660817147,67.64558960080147,223.03695199661888,scope,13b,development,visual_counterfact_color_000339,2103,432,True,True,False
pope_random,52.16254918813705,29.795338658094405,99.61803999613039,scope,13b,development,pope_random_000382,2103,128,True,True,False
pope_popular,51.79952744007111,42.52001393198967,146.50205000361893,scope,13b,development,pope_popular_000106,2103,432,True,True,False
visual_counterfact_color,58.36332201123238,40.700570446252826,144.99354499275796,scope,13b,prospective,visual_counterfact_color_000101,2103,432,True,True,False
pope_adversarial,57.26839091300964,39.58967612981796,145.92172599805053,scope,13b,prospective,pope_adversarial_002772,2103,432,True,True,False
pope_popular,57.05045775294303,39.70924451351165,146.82367599743884,scope,13b,development,pope_popular_000320,2103,432,False,False,False
pope_popular,58.22222677707672,45.744702596664425,160.80870600126218,scope,13b,prospective,pope_popular_002490,2103,432,True,True,False
pope_adversarial,57.52112029910088,43.62960041165352,145.37550100067165,scope,13b,prospective,pope_adversarial_002347,2103,432,True,True,False
visual_counterfact_color,54.62338096499443,49.95337884545327,159.73370699794032,scope,13b,development,visual_counterfact_color_000213,2103,432,True,True,False
pope_popular,54.1448861539364,47.93159321069718,149.51540999754798,scope,13b,development,pope_popular_000056,2103,432,True,True,False
visual_counterfact_color,65.63281759381294,51.336918373107906,162.85464599786792,scope,13b,prospective,visual_counterfact_color_000476,2103,432,True,True,False
pope_random,59.35854137659073,34.881349990367895,106.3824929879047,scope,13b,prospective,pope_random_002592,2103,128,True,True,False
pope_random,54.24911951065064,34.22571301698685,103.56119100470096,scope,13b,prospective,pope_random_002966,2103,128,True,True,False
visual_counterfact_color,54.52498641014099,50.91405180573464,151.06936400115956,scope,13b,prospective,visual_counterfact_color_000327,2103,432,False,True,True
pope_adversarial,54.49365866899491,50.23543903231621,148.21586299513,scope,13b,development,pope_adversarial_000100,2103,432,True,True,False
visual_counterfact_color,53.955251805782325,49.98303658843041,145.42652999807615,scope,13b,development,visual_counterfact_color_000419,2103,432,True,True,False
visual_counterfact_color,60.0448753964901,53.05605525016786,162.3486910102656,scope,13b,prospective,visual_counterfact_color_000063,2103,432,True,True,False
visual_counterfact_color,59.19026449561119,46.81843322992326,150.8988660061732,scope,13b,development,visual_counterfact_color_000310,2103,432,True,True,False
pope_random,54.82418477535248,30.565983700752263,100.90703700552694,scope,13b,development,pope_random_000039,2103,128,False,True,False
visual_counterfact_color,58.75689208745956,50.87083871483803,174.94662399985828,scope,13b,development,visual_counterfact_color_000080,2103,432,True,True,False
visual_counterfact_color,58.31136196374892,40.01505478858948,149.4635510025546,scope,13b,development,visual_counterfact_color_000455,2103,432,True,True,False
pope_adversarial,57.89217147827148,37.99967591643333,146.19883299747016,scope,13b,development,pope_adversarial_000422,2103,432,True,True,False
pope_adversarial,58.60785831928253,42.10897336125374,153.02676499413792,scope,13b,prospective,pope_adversarial_001519,2103,432,False,True,False
pope_random,58.554834336042404,26.97093311548233,96.19606500200462,scope,13b,development,pope_random_000474,2103,128,True,True,False
visual_counterfact_color,65.53322719335556,49.10416811943054,175.42368998692837,scope,13b,development,visual_counterfact_color_000167,2103,432,True,True,False
visual_counterfact_color,54.37450194358826,41.86853849172592,151.1326839972753,scope,13b,prospective,visual_counterfact_color_000131,2103,432,True,True,False
visual_counterfact_color,58.583754249811165,51.54223182797432,179.07997299334966,scope,13b,development,visual_counterfact_color_000166,2103,432,False,True,False
visual_counterfact_color,54.94309938192368,47.06058585524559,155.90723499190062,scope,13b,prospective,visual_counterfact_color_000102,2103,432,True,True,False
visual_counterfact_color,62.3045366203785,45.70425631046295,150.82748599525075,scope,13b,prospective,visual_counterfact_color_000064,2103,432,True,True,False
pope_popular,51.415030288696286,43.31680680513382,148.10291399771813,scope,13b,prospective,pope_popular_001278,2103,432,True,True,False
pope_adversarial,52.66361437559127,42.79594192385674,152.99681399483234,scope,13b,prospective,pope_adversarial_001206,2103,432,True,True,False
pope_popular,52.41400845050811,42.82008908510208,146.50634001009166,scope,13b,prospective,pope_popular_002232,2103,432,True,True,False
pope_random,50.75527665495872,31.04235791683197,104.81772800267208,scope,13b,prospective,pope_random_002082,2103,128,True,True,False
pope_adversarial,55.991680027246474,45.960092830657956,155.66945800674148,scope,13b,development,pope_adversarial_000595,2103,432,False,True,False
pope_random,54.42436126470565,31.677309545278547,105.50163200241514,scope,13b,development,pope_random_000375,2103,128,False,True,False
pope_random,61.25399702310562,29.082572001218796,96.64553999027703,scope,13b,prospective,pope_random_000900,2103,128,True,True,False
pope_adversarial,55.87945088386535,47.08635632753372,147.87414598686155,scope,13b,development,pope_adversarial_000122,2103,432,False,False,False
visual_counterfact_color,61.29699306488037,52.19436944246293,158.5541189997457,scope,13b,development,visual_counterfact_color_000290,2103,432,True,True,False
pope_popular,64.7605192887783,47.335020742416376,143.75348800967913,scope,13b,development,pope_popular_000429,2103,432,False,True,False
pope_popular,56.71829432487489,47.21569454789161,146.2392530083889,scope,13b,prospective,pope_popular_002328,2103,432,True,True,False
pope_random,56.632044861316686,31.263273060321804,97.54960100690369,scope,13b,development,pope_random_000055,2103,128,False,True,False
visual_counterfact_color,65.4443026292324,51.37611217856407,157.26905199699104,scope,13b,development,visual_counterfact_color_000215,2103,432,True,True,False
pope_popular,56.69374866485596,52.750824766159056,159.1854119906202,scope,13b,prospective,pope_popular_001500,2103,432,True,True,False
pope_popular,56.475665086507796,49.027274436950684,152.58406900102273,scope,13b,prospective,pope_popular_002724,2103,432,True,True,False
pope_adversarial,54.132493547201165,48.22935549259186,149.7071180056082,scope,13b,prospective,pope_adversarial_000324,2103,432,True,True,False
pope_adversarial,60.92687231063843,49.82935654044152,149.41540099971462,scope,13b,development,pope_adversarial_000710,2103,432,True,True,False
pope_random,57.981192131042484,32.9927756369114,97.87505799613427,scope,13b,development,pope_random_000234,2103,128,False,False,False
pope_adversarial,62.0730458855629,50.55013633728027,154.27476199693047,scope,13b,development,pope_adversarial_000151,2103,432,True,True,False
pope_adversarial,60.9867543566227,51.76025909900666,160.4138900001999,scope,13b,prospective,pope_adversarial_000852,2103,432,True,True,False
pope_random,63.3609972512722,32.31526040673256,100.47890200803522,scope,13b,development,pope_random_000524,2103,128,True,True,False
pope_random,67.15978556156159,31.126732667684557,96.85082900978159,scope,13b,prospective,pope_random_000907,2103,128,False,True,False
pope_adversarial,61.241268424987794,46.03745953798295,148.9310850010952,scope,13b,prospective,pope_adversarial_001308,2103,432,True,True,False
pope_adversarial,60.65760068893432,44.78459794640541,150.05473401106428,scope,13b,prospective,pope_adversarial_000751,2103,432,False,True,False
visual_counterfact_color,74.33675986647606,51.241115291118625,176.39305999909993,scope,13b,prospective,visual_counterfact_color_000180,2103,432,True,True,False
pope_popular,65.30629472851753,38.79820747971535,152.35644199128728,scope,13b,development,pope_popular_000495,2103,432,False,True,False
pope_adversarial,63.557601919174196,35.428217434883116,149.66646800166927,scope,13b,development,pope_adversarial_000131,2103,432,False,False,False
pope_adversarial,66.16821189880372,40.4166691493988,158.98535400629044,scope,13b,development,pope_adversarial_000490,2103,432,True,True,False
visual_counterfact_color,73.25722059726715,47.73650824666023,179.37809000432026,scope,13b,development,visual_counterfact_color_000297,2103,432,True,True,False
visual_counterfact_color,58.809130797386175,40.28385696649552,155.01490500173531,scope,13b,development,visual_counterfact_color_000235,2103,432,True,True,False
pope_random,57.540850017070774,24.812097979784014,96.83176799444482,scope,13b,prospective,pope_random_001248,2103,128,False,False,False
pope_popular,57.86365207791328,41.56405282258988,153.84403700591065,scope,13b,prospective,pope_popular_002808,2103,432,True,True,False
visual_counterfact_color,59.89610706567765,48.75357569456101,167.0195440092357,scope,13b,development,visual_counterfact_color_000357,2103,432,True,True,False
pope_adversarial,56.29200451850891,46.20118101000786,151.5178690024186,scope,13b,development,pope_adversarial_000722,2103,432,True,True,False
visual_counterfact_color,56.05495995283127,49.68039807915687,160.37047099962365,scope,13b,prospective,visual_counterfact_color_000420,2103,432,True,True,False
pope_popular,54.526786744594574,50.482648878097535,162.10207299445756,scope,13b,development,pope_popular_000735,2103,432,False,True,False
pope_popular,54.20190157651902,47.715458035469055,148.83622698835097,scope,13b,development,pope_popular_000420,2103,432,True,True,False
pope_random,60.3631653547287,34.33602901816368,102.14046499459073,scope,13b,development,pope_random_000555,2103,128,False,True,False
pope_adversarial,56.97770109176636,49.12120937466621,146.9117649976397,scope,13b,development,pope_adversarial_000385,2103,432,False,True,False
pope_adversarial,56.81172780275345,50.70934550285339,154.2851919948589,scope,13b,development,pope_adversarial_000085,2103,432,True,True,False
visual_counterfact_color,62.24858537316322,50.75458017349243,163.34107099100947,scope,13b,prospective,visual_counterfact_color_000014,2103,432,True,True,False
visual_counterfact_color,61.09746198415756,45.962912455797195,147.50820001063403,scope,13b,development,visual_counterfact_color_000136,2103,432,True,True,False
pope_popular,50.61030470967293,45.825902471542356,144.58376901166048,scope,13b,development,pope_popular_000195,2103,432,False,False,False
visual_counterfact_color,59.44946950435639,48.86432155489922,155.80793700064532,scope,13b,prospective,visual_counterfact_color_000385,2103,432,True,True,False
pope_adversarial,56.11892378807068,48.32316887974739,158.8283559976844,scope,13b,prospective,pope_adversarial_002022,2103,432,False,False,False
visual_counterfact_color,72.28813831329346,110.79756868720054,402.6121399947442,scope,13b,development,visual_counterfact_color_000165,2103,432,True,True,False
pope_random,57.387250976562505,22.607126898765564,99.28223400493152,scope,13b,prospective,pope_random_001141,2103,128,False,True,False
pope_popular,43.07941795349121,34.4672293651104,158.55632899911143,scope,13b,prospective,pope_popular_002941,2103,432,False,True,False
visual_counterfact_size,54.32020425319672,51.424951223135,188.95240398705937,random,13b,prospective,visual_counterfact_size_000296,2103,dense,True,True,False
pope_random,44.704397035837175,42.321905380487436,143.38818899705075,random,13b,development,pope_random_000330,2103,432,True,True,False
pope_popular,48.51047450184823,44.95679604053497,148.89266400132328,random,13b,prospective,pope_popular_002449,2103,432,True,True,False
visual_counterfact_color,64.93697199344635,53.768007574081416,162.86975399998482,random,13b,development,visual_counterfact_color_000287,2103,432,True,True,False
mmstar,54.79184825301169,51.0176858663559,139.14227100030985,random,13b,development,mmstar_000498,2103,dense,False,False,False
pope_popular,62.74140640616417,55.611704021692276,139.42665798822418,random,13b,development,pope_popular_000656,2103,432,True,True,False
visual_counterfact_size,78.16623930096627,73.92935933232307,188.15768099739216,random,13b,development,visual_counterfact_size_000684,2103,dense,False,False,False
pope_popular,58.66312630653381,56.10585933446884,140.6694850011263,random,13b,development,pope_popular_000127,2103,432,False,True,False
visual_counterfact_color,66.48247555375099,60.103651689291,148.5203969932627,random,13b,prospective,visual_counterfact_color_000299,2103,432,True,True,False
pope_adversarial,59.960221836566916,56.80667578816414,138.50968699262012,random,13b,development,pope_adversarial_000398,2103,432,False,False,False
pope_popular,60.28208853602409,58.63321513652801,142.590356990695,random,13b,development,pope_popular_000256,2103,432,True,True,False
pope_adversarial,59.561426841020584,57.46467279911041,141.1878799990518,random,13b,prospective,pope_adversarial_002634,2103,432,True,True,False
mmstar,70.51666463732718,57.685205669403075,142.0202919980511,random,13b,prospective,mmstar_001346,2103,dense,False,False,False
pope_popular,58.91308165788651,58.93041213274002,145.18604100157972,random,13b,development,pope_popular_000357,2103,432,False,True,False
visual_counterfact_size,80.97860306739807,74.95420375585556,188.12947200785857,random,13b,prospective,visual_counterfact_size_000289,2103,dense,True,True,False
visual_counterfact_color,64.97241931915283,61.36759758710861,157.2798800043529,random,13b,development,visual_counterfact_color_000073,2103,432,True,True,False
mmstar,56.2499644100666,54.30634622216225,139.5075869950233,random,13b,prospective,mmstar_000254,2103,dense,False,False,False
mmstar,61.33018920898438,61.74798113822936,155.8540539990645,random,13b,prospective,mmstar_001097,2103,dense,False,True,False
pope_popular,56.28686169624329,57.601829696893695,141.8752440076787,random,13b,development,pope_popular_000360,2103,432,True,True,False
mmstar,61.78966576457024,62.88173313736915,150.4896880069282,random,13b,development,mmstar_000502,2103,dense,False,False,False
visual_counterfact_color,57.000765012502676,59.329362361431116,145.5852259969106,random,13b,development,visual_counterfact_color_000306,2103,432,True,True,False
mmstar,163.2383243072033,162.73655530929565,399.43510200828314,random,13b,prospective,mmstar_000324,2103,dense,False,False,False
mmstar,61.93762941122055,65.65007922649383,164.50492800504435,random,13b,prospective,mmstar_000788,2103,dense,True,True,False
visual_counterfact_size,64.58251441478728,64.62252964496612,161.9230130017968,random,13b,prospective,visual_counterfact_size_000212,2103,dense,False,True,False
mmstar,195.13209510684013,186.19784579038617,470.1898759958567,random,13b,development,mmstar_001498,2103,dense,False,False,False
mmstar,56.60259725213051,60.35240247726441,156.2224900117144,random,13b,development,mmstar_001162,2103,dense,False,False,False
mmstar,132.01686318874357,125.44831166267396,319.75462700938806,random,13b,prospective,mmstar_000796,2103,dense,False,False,False
mmstar,54.31833419203758,56.51014366865159,146.5818269934971,random,13b,prospective,mmstar_001402,2103,432,False,False,False
visual_counterfact_color,59.58180291652679,56.231011729240414,147.99460300127976,random,13b,prospective,visual_counterfact_color_000312,2103,432,True,True,False
mmstar,56.3418467605114,58.125468060970306,149.1130710055586,random,13b,development,mmstar_001111,2103,dense,False,False,False
pope_popular,56.25505714416504,56.34887484908104,140.5555070086848,random,13b,prospective,pope_popular_002670,2103,432,True,True,False
pope_adversarial,57.07454828023911,57.32507979393005,140.2994399977615,random,13b,development,pope_adversarial_000291,2103,432,True,True,False
mmstar,59.777920677661896,58.839282381534574,145.38298799016047,random,13b,prospective,mmstar_000794,2103,dense,False,False,False
pope_random,53.527730236053465,58.19086162090302,140.12798199837562,random,13b,development,pope_random_000014,2103,432,True,False,False
mmstar,57.73671897649765,61.5715826511383,141.96031200117432,random,13b,development,mmstar_000333,2103,dense,True,True,False
mmstar,56.89337995409966,61.176368379592894,138.74951499747112,random,13b,prospective,mmstar_000105,2103,dense,False,False,False
mmstar,63.039232074022294,201.61735210299491,592.0170899917139,random,13b,development,mmstar_001167,2103,432,True,True,False
mmstar,95.77220451235772,68.08169470667839,243.903214999591,random,13b,development,mmstar_000758,2103,dense,False,False,False
mmstar,58.78961378574371,39.264414727687836,142.2369299980346,random,13b,prospective,mmstar_000167,2103,dense,False,True,False
mmstar,363.5015200269222,120.67970251917838,450.27479401323944,random,13b,development,mmstar_001283,2103,dense,False,False,False
visual_counterfact_size,20.05718208670616,43.80889457225799,137.68154599529225,random,13b,prospective,visual_counterfact_size_000527,2103,dense,True,True,False
visual_counterfact_size,30.78165254831314,51.19712511181831,158.39738798968028,random,13b,prospective,visual_counterfact_size_000044,2103,dense,True,True,False
visual_counterfact_size,39.29549465537072,52.54579524040222,164.22997100744396,random,13b,development,visual_counterfact_size_000637,2103,dense,True,True,False
pope_random,34.70094566941261,46.27490310430527,143.34129900089465,random,13b,prospective,pope_random_001362,2103,432,True,True,False
visual_counterfact_color,38.79456144571305,55.71612997055054,160.55942699313164,random,13b,prospective,visual_counterfact_color_000149,2103,432,True,True,False
pope_random,50.021887547969826,54.96637730360032,140.84220300719608,random,13b,prospective,pope_random_001764,2103,432,True,True,False
visual_counterfact_size,53.31085770606995,58.11203016996383,145.0329320068704,random,13b,development,visual_counterfact_size_000352,2103,dense,True,True,False
mmstar,59.59623525500298,58.960476912260056,145.5615860031685,random,13b,prospective,mmstar_000911,2103,dense,False,False,False
mmstar,65.33758413910866,64.32083064079285,160.6481659982819,random,13b,development,mmstar_001128,2103,dense,False,False,False
visual_counterfact_color,58.57640309333801,56.85006569623947,142.43656799953897,random,13b,development,visual_counterfact_color_000248,2103,432,True,True,False
mmstar,157.73904595732688,153.99293251395227,377.96824699034914,random,13b,prospective,mmstar_000028,2103,dense,False,True,False
visual_counterfact_size,67.89389540553093,67.6548037815094,168.09789100079797,random,13b,development,visual_counterfact_size_000698,2103,dense,False,False,False
pope_random,53.799721947908395,57.29719571948051,142.5337069958914,random,13b,prospective,pope_random_001122,2103,432,True,True,False
visual_counterfact_size,62.43417484998702,66.66307450413704,162.21512100310065,random,13b,development,visual_counterfact_size_000152,2103,dense,True,True,False
visual_counterfact_size,64.1323772764206,67.54984031677246,157.34039898961782,random,13b,development,visual_counterfact_size_000506,2103,dense,True,True,False
visual_counterfact_color,72.00400348901749,80.14501574993133,191.77341599424835,random,13b,prospective,visual_counterfact_color_000271,2103,432,False,True,True
mmstar,56.593419028520586,58.46557941198349,141.5083269966999,random,13b,prospective,mmstar_001006,2103,dense,True,True,False
pope_random,53.69710273027421,57.70750816941262,135.9428330033552,random,13b,development,pope_random_000175,2103,432,False,True,False
pope_random,59.03519771933556,60.29061783790589,137.69458599563222,random,13b,development,pope_random_000491,2103,432,False,True,False
pope_adversarial,60.71569851636887,141.55718032360076,353.3178020006744,random,13b,development,pope_adversarial_000254,2103,432,True,True,False
visual_counterfact_size,75.57723583340645,70.08847364664078,184.808724996401,random,13b,development,visual_counterfact_size_000504,2103,dense,True,True,False
mmstar,71.37754928827286,60.96865949749947,160.71238499716856,random,13b,prospective,mmstar_001320,2103,dense,False,False,False
visual_counterfact_size,86.93592319607734,67.94531992912292,185.05214199831244,random,13b,prospective,visual_counterfact_size_000193,2103,dense,False,False,False
pope_random,61.66375160574913,49.8961229789257,135.8173339976929,random,13b,development,pope_random_000579,2103,432,False,True,False
mmstar,64.32245365619659,58.48240995526313,151.26232999318745,random,13b,development,mmstar_000555,2103,dense,True,True,False
mmstar,62.261356041431426,59.60939045548439,140.33266899059527,random,13b,development,mmstar_001302,2103,dense,False,False,False
visual_counterfact_color,58.92008590221405,57.13834023475647,136.06372100184672,random,13b,development,visual_counterfact_color_000298,2103,432,True,True,False
visual_counterfact_color,87.08983660817147,92.9549442088604,227.21667200676166,random,13b,development,visual_counterfact_color_000339,2103,432,True,True,False
mmstar,53.64152297973632,58.874380128383635,147.25137999630533,random,13b,prospective,mmstar_000139,2103,dense,False,False,False
mmstar,54.51772728323937,57.1841518163681,140.78718399105128,random,13b,development,mmstar_001215,2103,dense,True,True,False
pope_random,52.16254918813705,60.698551046848294,146.0440820083022,random,13b,development,pope_random_000382,2103,432,True,True,False
mmstar,54.736493339538576,59.40443803071976,142.7129950025119,random,13b,development,mmstar_001178,2103,432,True,True,False
pope_popular,51.79952744007111,67.83270431280135,162.51647799799684,random,13b,development,pope_popular_000106,2103,432,True,True,False
mmstar,51.479278850555424,58.04988018631935,137.70367499091662,random,13b,development,mmstar_000381,2103,dense,False,False,False
mmstar,85.94557615399361,85.8613852095604,195.90990399592556,random,13b,development,mmstar_000637,2103,dense,False,True,False
visual_counterfact_color,58.36332201123238,67.44635912418366,146.97329299815465,random,13b,prospective,visual_counterfact_color_000101,2103,432,True,True,False
pope_adversarial,57.26839091300964,61.16847855091095,134.83349399757572,random,13b,prospective,pope_adversarial_002772,2103,432,True,True,False
pope_popular,57.05045775294303,62.2408692407608,137.77354400372133,random,13b,development,pope_popular_000320,2103,432,False,False,False
pope_popular,58.22222677707672,63.04604836940765,139.95883200550452,random,13b,prospective,pope_popular_002490,2103,432,True,True,False
pope_adversarial,57.52112029910088,63.396682510375975,141.9572119921213,random,13b,prospective,pope_adversarial_002347,2103,432,True,True,False
visual_counterfact_color,54.62338096499443,60.75910914421081,139.10946100077126,random,13b,development,visual_counterfact_color_000213,2103,432,True,True,False
mmstar,60.013632055521015,61.89988404273986,143.364928997471,random,13b,prospective,mmstar_000464,2103,dense,False,False,False
pope_popular,54.1448861539364,59.803000144958496,138.779753993731,random,13b,development,pope_popular_000056,2103,432,True,True,False
visual_counterfact_color,65.63281759381294,66.71574921369553,157.86722300981637,random,13b,prospective,visual_counterfact_color_000476,2103,432,True,True,False
mmstar,59.664390788078315,57.024184492826464,142.00500199513044,random,13b,development,mmstar_000260,2103,dense,False,False,False
pope_random,59.35854137659073,54.674222491979606,138.060751996818,random,13b,prospective,pope_random_002592,2103,432,True,True,False
pope_random,54.24911951065064,58.83929410934448,147.12714099732693,random,13b,prospective,pope_random_002966,2103,432,True,True,False
visual_counterfact_size,58.83525124073029,54.94701530456543,135.12064100359567,random,13b,development,visual_counterfact_size_000242,2103,dense,True,True,False
mmstar,59.23383590459824,54.63406944394112,137.0265220029978,random,13b,prospective,mmstar_000054,2103,dense,False,True,False
visual_counterfact_size,63.23528103232384,63.56094782352447,160.47109800274484,random,13b,prospective,visual_counterfact_size_000721,2103,dense,True,True,False
visual_counterfact_color,54.52498641014099,58.7831376850605,147.81889399455395,random,13b,prospective,visual_counterfact_color_000327,2103,432,False,True,True
mmstar,63.47059400081635,58.26703607082367,147.54066700697877,random,13b,development,mmstar_001095,2103,dense,False,False,False
mmstar,62.049722707271584,57.3250147998333,145.62088600359857,random,13b,development,mmstar_001323,2103,dense,False,False,False
visual_counterfact_size,86.57579207897187,90.4179246711731,226.76517599029467,random,13b,prospective,visual_counterfact_size_000322,2103,dense,True,True,False
pope_adversarial,54.49365866899491,133.356049118042,356.19562400097493,random,13b,development,pope_adversarial_000100,2103,432,True,True,False
visual_counterfact_color,53.955251805782325,52.295663404464726,147.65256599639542,random,13b,development,visual_counterfact_color_000419,2103,432,True,True,False
mmstar,56.109515700340275,51.5477151966095,142.2632500034524,random,13b,development,mmstar_000459,2103,dense,False,False,False
visual_counterfact_color,60.0448753964901,58.51379196405411,156.14335099235177,random,13b,prospective,visual_counterfact_color_000063,2103,432,True,True,False
visual_counterfact_color,59.19026449561119,51.79930944681168,143.1086610100465,random,13b,development,visual_counterfact_color_000310,2103,432,True,True,False
mmstar,141.45586093425752,137.90659529685973,365.0676349934656,random,13b,development,mmstar_001351,2103,dense,False,False,False
mmstar,63.48256627202034,66.57336229205131,165.89399399526883,random,13b,development,mmstar_000647,2103,dense,False,False,False
pope_random,54.82418477535248,55.52456263542175,138.25772001291625,random,13b,development,pope_random_000039,2103,432,False,True,False
mmstar,58.58965699076653,55.56711251378059,141.33390900678933,random,13b,development,mmstar_000182,2103,dense,True,True,False
visual_counterfact_size,64.79170382738114,63.58769078135491,161.65068600093946,random,13b,development,visual_counterfact_size_000126,2103,dense,True,True,False
mmstar,60.38226060390473,62.42101428389549,157.8277750086272,random,13b,prospective,mmstar_001221,2103,432,False,False,True
mmstar,63.92298500657082,58.4277977001667,146.16756100440398,random,13b,development,mmstar_000253,2103,dense,False,False,False
visual_counterfact_color,58.75689208745956,65.51507161617279,160.11818101105746,random,13b,development,visual_counterfact_color_000080,2103,432,True,True,False
visual_counterfact_color,58.31136196374892,61.06617820382118,144.25931998994201,random,13b,development,visual_counterfact_color_000455,2103,432,True,True,False
pope_adversarial,57.89217147827148,58.35782798051834,138.8602030056063,random,13b,development,pope_adversarial_000422,2103,432,True,True,False
visual_counterfact_size,59.97773575782776,56.43165632963181,135.25340899650473,random,13b,development,visual_counterfact_size_000230,2103,dense,False,False,False
mmstar,104.03623774051667,104.22352725505829,256.5714980009943,random,13b,development,mmstar_001321,2103,dense,False,False,False
mmstar,102.7674408185482,93.42732904911043,245.4565390071366,random,13b,prospective,mmstar_001191,2103,dense,True,True,False
pope_adversarial,58.60785831928253,52.3405413889885,141.48410699272063,random,13b,prospective,pope_adversarial_001519,2103,432,False,True,False
pope_random,58.554834336042404,53.572788695096975,143.79298500716686,random,13b,development,pope_random_000474,2103,432,True,True,False
mmstar,107.47673665285112,104.61532161712645,271.4142110053217,random,13b,prospective,mmstar_000491,2103,dense,False,True,False
visual_counterfact_size,68.25824642181396,65.95703991889954,168.78352500498295,random,13b,prospective,visual_counterfact_size_000089,2103,dense,True,True,False
visual_counterfact_color,65.53322719335556,64.64514462709427,164.31733898934908,random,13b,development,visual_counterfact_color_000167,2103,432,True,True,False
visual_counterfact_color,54.37450194358826,55.321753376722334,138.39472801191732,random,13b,prospective,visual_counterfact_color_000131,2103,432,True,True,False
visual_counterfact_color,58.583754249811165,69.93312082886696,169.3694990099175,random,13b,development,visual_counterfact_color_000166,2103,432,False,True,False
mmstar,202.87538536071776,201.50599607586858,503.59341299918015,random,13b,prospective,mmstar_001039,2103,dense,True,True,False
mmstar,93.76358965992927,89.03844838857651,238.7066759984009,random,13b,prospective,mmstar_001247,2103,dense,False,False,False
visual_counterfact_color,54.94309938192368,52.79214796423912,144.88464398891665,random,13b,prospective,visual_counterfact_color_000102,2103,432,True,True,False
visual_counterfact_color,62.3045366203785,51.24404523134232,138.88522300112527,random,13b,prospective,visual_counterfact_color_000064,2103,432,True,True,False
visual_counterfact_size,61.50669109344483,67.18555757999421,173.32909999822732,random,13b,prospective,visual_counterfact_size_000187,2103,dense,True,True,False
pope_popular,51.415030288696286,54.659463043212895,138.61727601033635,random,13b,prospective,pope_popular_001278,2103,432,True,True,False
pope_adversarial,52.66361437559127,54.720340938568114,139.9901919940021,random,13b,prospective,pope_adversarial_001206,2103,432,True,True,False
pope_popular,52.41400845050811,56.014304995536804,141.9234030036023,random,13b,prospective,pope_popular_002232,2103,432,True,True,False
pope_random,50.75527665495872,58.33760465383529,142.75840400659945,random,13b,prospective,pope_random_002082,2103,432,True,True,False
pope_adversarial,55.991680027246474,58.67184081077575,138.55175601202063,random,13b,development,pope_adversarial_000595,2103,432,False,True,False
visual_counterfact_size,64.77837627887725,66.64661956071853,161.37589899881277,random,13b,development,visual_counterfact_size_000582,2103,dense,True,True,False
pope_random,54.42436126470565,58.563234436512,141.3586989947362,random,13b,development,pope_random_000375,2103,432,False,True,False
visual_counterfact_size,54.487106839418416,57.74655532836914,136.1396799911745,random,13b,development,visual_counterfact_size_000626,2103,dense,False,False,False
pope_random,61.25399702310562,60.18321898698807,140.45264800370205,random,13b,prospective,pope_random_000900,2103,432,True,True,False
visual_counterfact_size,79.11913595199586,79.55453447699547,189.20324099599384,random,13b,development,visual_counterfact_size_000564,2103,dense,True,True,False
pope_adversarial,55.87945088386535,59.46713666915894,139.9112729995977,random,13b,development,pope_adversarial_000122,2103,432,False,False,False
visual_counterfact_color,61.29699306488037,69.85289528489113,162.86426399892662,random,13b,development,visual_counterfact_color_000290,2103,432,True,True,False
mmstar,66.20709174156188,60.27022073864937,140.48242699936964,random,13b,development,mmstar_001411,2103,dense,False,False,False
pope_popular,64.7605192887783,62.77575825929642,148.88991399493534,random,13b,development,pope_popular_000429,2103,432,False,True,False
visual_counterfact_size,58.65347179412842,56.76749185085296,136.46079698810354,random,13b,development,visual_counterfact_size_000605,2103,dense,True,True,False
mmstar,98.7706254839897,96.55834884405135,233.66481700213626,random,13b,prospective,mmstar_000284,2103,dense,False,True,False
pope_popular,56.71829432487489,60.155670061111444,145.238099998096,random,13b,prospective,pope_popular_002328,2103,432,True,True,False
pope_random,56.632044861316686,58.921587219238276,141.25859999330714,random,13b,development,pope_random_000055,2103,432,False,True,False
mmstar,60.572165405750276,59.09310136795044,139.70168499508873,random,13b,development,mmstar_000289,2103,dense,False,False,False
visual_counterfact_color,65.4443026292324,63.807679927349085,148.78022500488441,random,13b,development,visual_counterfact_color_000215,2103,432,False,True,True
pope_popular,56.69374866485596,57.832241935729975,138.701094998396,random,13b,prospective,pope_popular_001500,2103,432,True,True,False
mmstar,58.503274599313734,59.45773055076599,144.6596559981117,random,13b,development,mmstar_000766,2103,dense,False,False,False
pope_popular,56.475665086507796,57.666122646331786,139.70529499056283,random,13b,prospective,pope_popular_002724,2103,432,True,True,False
mmstar,56.7298977291584,141.5650651717186,371.9265570107382,random,13b,development,mmstar_000540,2103,dense,False,False,False
mmstar,61.401932127475746,48.59457640171051,139.35709900397342,random,13b,development,mmstar_000697,2103,dense,True,True,False
pope_adversarial,54.132493547201165,53.83641827583313,151.86373399046715,random,13b,prospective,pope_adversarial_000324,2103,432,True,True,False
pope_adversarial,60.92687231063843,51.15559302568436,140.22714000020642,random,13b,development,pope_adversarial_000710,2103,432,True,True,False
pope_random,57.981192131042484,50.82324426651001,137.9067939997185,random,13b,development,pope_random_000234,2103,432,False,False,False
mmstar,63.5724399793148,56.30779777765274,148.20569100265857,random,13b,prospective,mmstar_001227,2103,dense,True,True,False
mmstar,56.3753009724617,60.60907514095307,149.10633199906442,random,13b,development,mmstar_000595,2103,432,False,True,False
visual_counterfact_size,62.91954526543616,71.46499798655509,160.88991399738006,random,13b,prospective,visual_counterfact_size_000434,2103,dense,True,True,False
visual_counterfact_size,59.54067977190018,67.02929620742798,143.0070920032449,random,13b,prospective,visual_counterfact_size_000136,2103,dense,False,False,False
mmstar,56.890910811424256,65.05089352607726,142.25669000006747,random,13b,development,mmstar_000336,2103,dense,False,False,False
visual_counterfact_size,77.76970850229264,87.2362954545021,193.77064499713015,random,13b,development,visual_counterfact_size_000520,2103,dense,True,True,False
mmstar,67.49850911140442,150.97244176149366,372.9530260025058,random,13b,prospective,mmstar_000972,2103,432,False,True,True
visual_counterfact_size,65.93086904287338,57.325399650335314,160.454879005556,random,13b,development,visual_counterfact_size_000602,2103,dense,True,True,False
pope_adversarial,62.0730458855629,48.46016777157784,134.74538500304334,random,13b,development,pope_adversarial_000151,2103,432,True,True,False
mmstar,60.172779618501664,51.896126461029056,139.6528559998842,random,13b,development,mmstar_000729,2103,dense,True,True,False
pope_adversarial,60.9867543566227,50.44409150481225,139.53267699980643,random,13b,prospective,pope_adversarial_000852,2103,432,True,True,False
mmstar,70.75952788114547,51.915354007482534,142.87028400576673,random,13b,development,mmstar_001014,2103,dense,False,True,False
mmstar,69.8374355340004,56.12589762687683,144.32886899157893,random,13b,development,mmstar_000781,2103,dense,False,True,False
pope_random,63.3609972512722,57.85312267303467,138.5950359981507,random,13b,development,pope_random_000524,2103,432,True,True,False
pope_random,67.15978556156159,57.05343834757805,140.4666279995581,random,13b,prospective,pope_random_000907,2103,432,False,True,False
pope_adversarial,61.241268424987794,54.47036451101303,136.22801000019535,random,13b,prospective,pope_adversarial_001308,2103,432,True,True,False
pope_adversarial,60.65760068893432,59.751744685173044,147.18592099961825,random,13b,prospective,pope_adversarial_000751,2103,432,False,True,False
visual_counterfact_color,74.33675986647606,69.1155128645897,167.86901399609633,random,13b,prospective,visual_counterfact_color_000180,2103,432,True,True,False
pope_popular,65.30629472851753,55.56372485637665,140.14998999482486,random,13b,development,pope_popular_000495,2103,432,False,True,False
pope_adversarial,63.557601919174196,54.58971308469772,140.37445800204296,random,13b,development,pope_adversarial_000131,2103,432,False,False,False
pope_adversarial,66.16821189880372,53.4559788107872,136.52005699987058,random,13b,development,pope_adversarial_000490,2103,432,True,True,False
mmstar,60.770888693332665,55.3666493833065,139.52658700873144,random,13b,prospective,mmstar_000184,2103,dense,False,True,False
visual_counterfact_size,70.84808879613877,64.214724111557,166.26250999979675,random,13b,development,visual_counterfact_size_000076,2103,dense,True,True,False
visual_counterfact_color,73.25722059726715,69.93210869073869,181.08329198730644,random,13b,development,visual_counterfact_color_000297,2103,432,True,True,False
visual_counterfact_color,58.809130797386175,52.09525539159775,137.40769799915142,random,13b,development,visual_counterfact_color_000235,2103,432,True,True,False
pope_random,57.540850017070774,128.18649660587312,360.8472880005138,random,13b,prospective,pope_random_001248,2103,432,False,False,False
visual_counterfact_size,83.48633717179298,63.50058128356933,186.29459000658244,random,13b,prospective,visual_counterfact_size_000146,2103,dense,True,True,False
mmstar,65.57350859045982,47.799781494140625,142.78336500865407,random,13b,development,mmstar_001047,2103,dense,False,False,False
pope_popular,57.86365207791328,47.826177840232845,142.78922400262672,random,13b,prospective,pope_popular_002808,2103,432,True,True,False
visual_counterfact_color,59.89610706567765,49.31564901947975,143.26297999650706,random,13b,development,visual_counterfact_color_000357,2103,432,True,True,False
visual_counterfact_size,65.69051682949066,58.589157321453094,157.25836000638083,random,13b,development,visual_counterfact_size_000177,2103,dense,True,True,False
pope_adversarial,56.29200451850891,68.60820307731629,166.42035900440533,random,13b,development,pope_adversarial_000722,2103,432,True,True,False
mmstar,58.1583737885952,61.429770334959024,143.95141300337855,random,13b,prospective,mmstar_000803,2103,dense,True,True,False
mmstar,58.118687938451764,64.50383381843568,148.20817999134306,random,13b,development,mmstar_000935,2103,dense,False,False,False
visual_counterfact_size,86.05451634287834,92.27074634552002,210.77108499594033,random,13b,prospective,visual_counterfact_size_000411,2103,dense,True,True,False
visual_counterfact_color,56.05495995283127,62.237795064449315,144.34134899056517,random,13b,prospective,visual_counterfact_color_000420,2103,432,True,True,False
pope_popular,54.526786744594574,60.44513788223267,142.46041800652165,random,13b,development,pope_popular_000735,2103,432,False,True,False
pope_popular,54.20190157651902,58.47547663211822,138.5399669961771,random,13b,development,pope_popular_000420,2103,432,True,True,False
pope_random,60.3631653547287,56.72118533849716,137.94982299441472,random,13b,development,pope_random_000555,2103,432,False,True,False
pope_adversarial,56.97770109176636,55.97046140432357,139.0787319978699,random,13b,development,pope_adversarial_000385,2103,432,False,True,False
mmstar,62.25869733333588,58.793666181564326,148.0309119942831,random,13b,prospective,mmstar_000720,2103,dense,True,True,False
pope_adversarial,56.81172780275345,54.00739732623101,135.52669699129183,random,13b,development,pope_adversarial_000085,2103,432,True,True,False
visual_counterfact_size,69.56068817138672,68.90462238073349,173.091442004079,random,13b,prospective,visual_counterfact_size_000617,2103,dense,True,True,False
visual_counterfact_color,62.24858537316322,61.93049232840538,153.28771900385618,random,13b,prospective,visual_counterfact_color_000014,2103,432,True,True,False
visual_counterfact_size,81.56958724617958,77.43779341936111,183.87724499916658,random,13b,development,visual_counterfact_size_000082,2103,dense,True,True,False
visual_counterfact_color,61.09746198415756,58.4927236032486,134.77534399135038,random,13b,development,visual_counterfact_color_000136,2103,432,True,True,False
mmstar,138.7919798588753,60.08582910656929,138.97662299859803,random,13b,prospective,mmstar_000577,2103,432,False,False,False
mmstar,146.18972097396852,176.4260562849045,405.2055649954127,random,13b,prospective,mmstar_000257,2103,dense,False,False,False
visual_counterfact_size,77.19313652515412,92.10628575801849,213.57309698942117,random,13b,development,visual_counterfact_size_000068,2103,dense,True,True,False
pope_popular,50.61030470967293,58.52582091093063,139.45104699814692,random,13b,development,pope_popular_000195,2103,432,False,True,False
mmstar,54.91483302354813,57.822153377532956,137.95403200492729,random,13b,development,mmstar_000142,2103,dense,False,False,False
visual_counterfact_color,59.44946950435639,61.512204633951185,144.42139799939469,random,13b,prospective,visual_counterfact_color_000385,2103,432,True,True,False
pope_adversarial,56.11892378807068,61.98528658151626,142.64354499755427,random,13b,prospective,pope_adversarial_002022,2103,432,False,False,False
visual_counterfact_color,72.28813831329346,76.81385546207429,181.1909310054034,random,13b,development,visual_counterfact_color_000165,2103,432,True,True,False
pope_random,57.387250976562505,60.46063447475433,146.48281800327823,random,13b,prospective,pope_random_001141,2103,432,False,True,False
mmstar,150.75849432826044,84.1232127892971,210.8466649951879,random,13b,development,mmstar_000802,2103,dense,False,False,False
pope_popular,43.07941795349121,53.11854404449463,139.23459000943694,random,13b,prospective,pope_popular_002941,2103,432,False,True,False
mmstar,42.21559310436248,125.94048905849458,359.39493199111894,random,13b,development,mmstar_000290,2103,432,False,False,False
