method,sample_id,split,dataset,budget,dense_correct,dense_reliant,eligible_interventions,answer_fidelity,intervention_pass,intervention_answer_fidelity,legacy_flip_safe,reference_safe,combined_gold_safe,safety_pattern_64_128_256_432,minimum_observed_safe_budget,monotonic
fastv,mmstar_000009,test,mmstar,64,False,True,gray|irrelevant,False,True,True,False,False,,0111,128,True
fastv,mmstar_000009,test,mmstar,128,False,True,gray|irrelevant,True,True,True,True,True,,0111,128,True
fastv,mmstar_000009,test,mmstar,256,False,True,gray|irrelevant,True,True,True,True,True,,0111,128,True
fastv,mmstar_000009,test,mmstar,432,False,True,gray|irrelevant,True,True,True,True,True,,0111,128,True
fastv,mmstar_000013,test,mmstar,64,True,True,gray|irrelevant,False,False,False,False,False,False,0000,full,True
fastv,mmstar_000013,test,mmstar,128,True,True,gray|irrelevant,False,True,True,False,False,False,0000,full,True
fastv,mmstar_000013,test,mmstar,256,True,True,gray|irrelevant,False,True,True,False,False,False,0000,full,True
fastv,mmstar_000013,test,mmstar,432,True,True,gray|irrelevant,False,True,True,False,False,False,0000,full,True
fastv,mmstar_000016,test,mmstar,64,True,False,,True,True,True,True,True,,1111,64,True
fastv,mmstar_000016,test,mmstar,128,True,False,,True,True,True,True,True,,1111,64,True
fastv,mmstar_000016,test,mmstar,256,True,False,,True,True,True,True,True,,1111,64,True
fastv,mmstar_000016,test,mmstar,432,True,False,,True,True,True,True,True,,1111,64,True
fastv,mmstar_000018,validation,mmstar,64,True,True,gray|irrelevant,True,True,True,True,True,True,1001,64,False
fastv,mmstar_000018,validation,mmstar,128,True,True,gray|irrelevant,True,False,False,False,False,False,1001,64,False
fastv,mmstar_000018,validation,mmstar,256,True,True,gray|irrelevant,True,False,False,False,False,False,1001,64,False
fastv,mmstar_000018,validation,mmstar,432,True,True,gray|irrelevant,True,True,True,True,True,True,1001,64,False
fastv,mmstar_000019,test,mmstar,64,False,True,irrelevant,True,False,False,False,False,,0111,128,True
fastv,mmstar_000019,test,mmstar,128,False,True,irrelevant,True,True,True,True,True,,0111,128,True
fastv,mmstar_000019,test,mmstar,256,False,True,irrelevant,True,True,True,True,True,,0111,128,True
fastv,mmstar_000019,test,mmstar,432,False,True,irrelevant,True,True,True,True,True,,0111,128,True
fastv,mmstar_000021,validation,mmstar,64,False,True,irrelevant,True,True,True,True,True,,1111,64,True
fastv,mmstar_000021,validation,mmstar,128,False,True,irrelevant,True,True,True,True,True,,1111,64,True
fastv,mmstar_000021,validation,mmstar,256,False,True,irrelevant,True,True,True,True,True,,1111,64,True
fastv,mmstar_000021,validation,mmstar,432,False,True,irrelevant,True,True,True,True,True,,1111,64,True
fastv,mmstar_000022,test,mmstar,64,True,True,blur|irrelevant,True,False,False,False,False,False,0111,128,True
fastv,mmstar_000022,test,mmstar,128,True,True,blur|irrelevant,True,True,True,True,True,True,0111,128,True
fastv,mmstar_000022,test,mmstar,256,True,True,blur|irrelevant,True,True,True,True,True,True,0111,128,True
fastv,mmstar_000022,test,mmstar,432,True,True,blur|irrelevant,True,True,True,True,True,True,0111,128,True
fastv,mmstar_000023,test,mmstar,64,False,True,gray|blur|irrelevant,True,False,False,False,False,,0001,432,True
fastv,mmstar_000023,test,mmstar,128,False,True,gray|blur|irrelevant,True,False,False,False,False,,0001,432,True
fastv,mmstar_000023,test,mmstar,256,False,True,gray|blur|irrelevant,True,False,False,False,False,,0001,432,True
fastv,mmstar_000023,test,mmstar,432,False,True,gray|blur|irrelevant,True,True,True,True,True,,0001,432,True
fastv,mmstar_000034,validation,mmstar,64,False,True,gray|irrelevant,False,False,True,False,False,,0001,432,True
fastv,mmstar_000034,validation,mmstar,128,False,True,gray|irrelevant,False,False,True,False,False,,0001,432,True
fastv,mmstar_000034,validation,mmstar,256,False,True,gray|irrelevant,False,False,True,False,False,,0001,432,True
fastv,mmstar_000034,validation,mmstar,432,False,True,gray|irrelevant,True,True,True,True,True,,0001,432,True
fastv,mmstar_000035,test,mmstar,64,True,True,irrelevant,False,True,False,False,False,False,0111,128,True
fastv,mmstar_000035,test,mmstar,128,True,True,irrelevant,True,True,True,True,True,True,0111,128,True
fastv,mmstar_000035,test,mmstar,256,True,True,irrelevant,True,True,True,True,True,True,0111,128,True
fastv,mmstar_000035,test,mmstar,432,True,True,irrelevant,True,True,True,True,True,True,0111,128,True
fastv,mmstar_000040,test,mmstar,64,True,False,,True,True,True,True,True,,1111,64,True
fastv,mmstar_000040,test,mmstar,128,True,False,,True,True,True,True,True,,1111,64,True
fastv,mmstar_000040,test,mmstar,256,True,False,,True,True,True,True,True,,1111,64,True
fastv,mmstar_000040,test,mmstar,432,True,False,,True,True,True,True,True,,1111,64,True
fastv,mmstar_000042,test,mmstar,64,True,False,,True,True,True,True,True,,1111,64,True
fastv,mmstar_000042,test,mmstar,128,True,False,,True,True,True,True,True,,1111,64,True
fastv,mmstar_000042,test,mmstar,256,True,False,,True,True,True,True,True,,1111,64,True
fastv,mmstar_000042,test,mmstar,432,True,False,,True,True,True,True,True,,1111,64,True
fastv,mmstar_000047,test,mmstar,64,True,True,gray|blur|irrelevant,False,False,True,False,False,False,0111,128,True
fastv,mmstar_000047,test,mmstar,128,True,True,gray|blur|irrelevant,True,True,True,True,True,True,0111,128,True
fastv,mmstar_000047,test,mmstar,256,True,True,gray|blur|irrelevant,True,True,True,True,True,True,0111,128,True
fastv,mmstar_000047,test,mmstar,432,True,True,gray|blur|irrelevant,True,True,True,True,True,True,0111,128,True
fastv,mmstar_000051,test,mmstar,64,True,True,gray|blur,True,True,True,True,True,True,1111,64,True
fastv,mmstar_000051,test,mmstar,128,True,True,gray|blur,True,True,True,True,True,True,1111,64,True
fastv,mmstar_000051,test,mmstar,256,True,True,gray|blur,True,True,True,True,True,True,1111,64,True
fastv,mmstar_000051,test,mmstar,432,True,True,gray|blur,True,True,True,True,True,True,1111,64,True
fastv,mmstar_000053,test,mmstar,64,True,True,gray|irrelevant,False,False,True,False,False,False,0011,256,True
fastv,mmstar_000053,test,mmstar,128,True,True,gray|irrelevant,True,False,False,False,False,False,0011,256,True
fastv,mmstar_000053,test,mmstar,256,True,True,gray|irrelevant,True,True,True,True,True,True,0011,256,True
fastv,mmstar_000053,test,mmstar,432,True,True,gray|irrelevant,True,True,True,True,True,True,0011,256,True
fastv,mmstar_000061,test,mmstar,64,False,True,blur|irrelevant,True,True,False,True,False,,0000,full,True
fastv,mmstar_000061,test,mmstar,128,False,True,blur|irrelevant,True,True,False,True,False,,0000,full,True
fastv,mmstar_000061,test,mmstar,256,False,True,blur|irrelevant,True,True,False,True,False,,0000,full,True
fastv,mmstar_000061,test,mmstar,432,False,True,blur|irrelevant,True,True,False,True,False,,0000,full,True
fastv,mmstar_000067,test,mmstar,64,False,False,,True,True,True,True,True,,1111,64,True
fastv,mmstar_000067,test,mmstar,128,False,False,,True,True,True,True,True,,1111,64,True
fastv,mmstar_000067,test,mmstar,256,False,False,,True,True,True,True,True,,1111,64,True
fastv,mmstar_000067,test,mmstar,432,False,False,,True,True,True,True,True,,1111,64,True
fastv,mmstar_000069,test,mmstar,64,True,True,gray|blur|irrelevant,True,True,True,True,True,True,1111,64,True
fastv,mmstar_000069,test,mmstar,128,True,True,gray|blur|irrelevant,True,True,True,True,True,True,1111,64,True
fastv,mmstar_000069,test,mmstar,256,True,True,gray|blur|irrelevant,True,True,True,True,True,True,1111,64,True
fastv,mmstar_000069,test,mmstar,432,True,True,gray|blur|irrelevant,True,True,True,True,True,True,1111,64,True
fastv,mmstar_000075,test,mmstar,64,False,True,irrelevant,True,True,False,True,False,,0001,432,True
fastv,mmstar_000075,test,mmstar,128,False,True,irrelevant,False,False,False,False,False,,0001,432,True
fastv,mmstar_000075,test,mmstar,256,False,True,irrelevant,True,True,False,True,False,,0001,432,True
fastv,mmstar_000075,test,mmstar,432,False,True,irrelevant,True,True,True,True,True,,0001,432,True
fastv,mmstar_000085,test,mmstar,64,False,True,gray|irrelevant,True,True,True,True,True,,1111,64,True
fastv,mmstar_000085,test,mmstar,128,False,True,gray|irrelevant,True,True,True,True,True,,1111,64,True
fastv,mmstar_000085,test,mmstar,256,False,True,gray|irrelevant,True,True,True,True,True,,1111,64,True
fastv,mmstar_000085,test,mmstar,432,False,True,gray|irrelevant,True,True,True,True,True,,1111,64,True
fastv,mmstar_000087,test,mmstar,64,True,True,irrelevant,True,True,False,True,False,False,0001,432,True
fastv,mmstar_000087,test,mmstar,128,True,True,irrelevant,True,True,False,True,False,False,0001,432,True
fastv,mmstar_000087,test,mmstar,256,True,True,irrelevant,True,True,False,True,False,False,0001,432,True
fastv,mmstar_000087,test,mmstar,432,True,True,irrelevant,True,True,True,True,True,True,0001,432,True
fastv,mmstar_000096,test,mmstar,64,True,False,,True,True,True,True,True,,1111,64,True
fastv,mmstar_000096,test,mmstar,128,True,False,,True,True,True,True,True,,1111,64,True
fastv,mmstar_000096,test,mmstar,256,True,False,,True,True,True,True,True,,1111,64,True
fastv,mmstar_000096,test,mmstar,432,True,False,,True,True,True,True,True,,1111,64,True
fastv,mmstar_000112,test,mmstar,64,False,True,irrelevant,False,True,False,False,False,,0001,432,True
fastv,mmstar_000112,test,mmstar,128,False,True,irrelevant,True,False,False,False,False,,0001,432,True
fastv,mmstar_000112,test,mmstar,256,False,True,irrelevant,True,False,False,False,False,,0001,432,True
fastv,mmstar_000112,test,mmstar,432,False,True,irrelevant,True,True,True,True,True,,0001,432,True
fastv,mmstar_000118,test,mmstar,64,False,False,,True,True,True,True,True,,1111,64,True
fastv,mmstar_000118,test,mmstar,128,False,False,,True,True,True,True,True,,1111,64,True
fastv,mmstar_000118,test,mmstar,256,False,False,,True,True,True,True,True,,1111,64,True
fastv,mmstar_000118,test,mmstar,432,False,False,,True,True,True,True,True,,1111,64,True
fastv,mmstar_000120,test,mmstar,64,True,True,irrelevant,True,True,True,True,True,True,1111,64,True
fastv,mmstar_000120,test,mmstar,128,True,True,irrelevant,True,True,True,True,True,True,1111,64,True
fastv,mmstar_000120,test,mmstar,256,True,True,irrelevant,True,True,True,True,True,True,1111,64,True
fastv,mmstar_000120,test,mmstar,432,True,True,irrelevant,True,True,True,True,True,True,1111,64,True
fastv,mmstar_000122,test,mmstar,64,False,True,blur,False,True,False,False,False,,0011,256,True
fastv,mmstar_000122,test,mmstar,128,False,True,blur,False,False,True,False,False,,0011,256,True
fastv,mmstar_000122,test,mmstar,256,False,True,blur,True,True,True,True,True,,0011,256,True
fastv,mmstar_000122,test,mmstar,432,False,True,blur,True,True,True,True,True,,0011,256,True
fastv,mmstar_000132,test,mmstar,64,True,True,gray|irrelevant,True,True,True,True,True,True,1011,64,False
fastv,mmstar_000132,test,mmstar,128,True,True,gray|irrelevant,True,True,False,True,False,False,1011,64,False
fastv,mmstar_000132,test,mmstar,256,True,True,gray|irrelevant,True,True,True,True,True,True,1011,64,False
fastv,mmstar_000132,test,mmstar,432,True,True,gray|irrelevant,True,True,True,True,True,True,1011,64,False
fastv,mmstar_000133,test,mmstar,64,True,True,gray|irrelevant,True,True,True,True,True,True,1111,64,True
fastv,mmstar_000133,test,mmstar,128,True,True,gray|irrelevant,True,True,True,True,True,True,1111,64,True
fastv,mmstar_000133,test,mmstar,256,True,True,gray|irrelevant,True,True,True,True,True,True,1111,64,True
fastv,mmstar_000133,test,mmstar,432,True,True,gray|irrelevant,True,True,True,True,True,True,1111,64,True
fastv,mmstar_000138,test,mmstar,64,True,True,gray|irrelevant,True,True,True,True,True,True,1111,64,True
fastv,mmstar_000138,test,mmstar,128,True,True,gray|irrelevant,True,True,True,True,True,True,1111,64,True
fastv,mmstar_000138,test,mmstar,256,True,True,gray|irrelevant,True,True,True,True,True,True,1111,64,True
fastv,mmstar_000138,test,mmstar,432,True,True,gray|irrelevant,True,True,True,True,True,True,1111,64,True
fastv,mmstar_000140,test,mmstar,64,False,True,gray|irrelevant,True,True,True,True,True,,1111,64,True
fastv,mmstar_000140,test,mmstar,128,False,True,gray|irrelevant,True,True,True,True,True,,1111,64,True
fastv,mmstar_000140,test,mmstar,256,False,True,gray|irrelevant,True,True,True,True,True,,1111,64,True
fastv,mmstar_000140,test,mmstar,432,False,True,gray|irrelevant,True,True,True,True,True,,1111,64,True
fastv,mmstar_000141,test,mmstar,64,False,False,,True,True,True,True,True,,1111,64,True
fastv,mmstar_000141,test,mmstar,128,False,False,,True,True,True,True,True,,1111,64,True
fastv,mmstar_000141,test,mmstar,256,False,False,,True,True,True,True,True,,1111,64,True
fastv,mmstar_000141,test,mmstar,432,False,False,,True,True,True,True,True,,1111,64,True
fastv,mmstar_000142,test,mmstar,64,False,False,,True,True,True,True,True,,1111,64,True
fastv,mmstar_000142,test,mmstar,128,False,False,,True,True,True,True,True,,1111,64,True
fastv,mmstar_000142,test,mmstar,256,False,False,,True,True,True,True,True,,1111,64,True
fastv,mmstar_000142,test,mmstar,432,False,False,,True,True,True,True,True,,1111,64,True
fastv,mmstar_000144,test,mmstar,64,False,False,,True,True,True,True,True,,1111,64,True
fastv,mmstar_000144,test,mmstar,128,False,False,,True,True,True,True,True,,1111,64,True
fastv,mmstar_000144,test,mmstar,256,False,False,,True,True,True,True,True,,1111,64,True
fastv,mmstar_000144,test,mmstar,432,False,False,,True,True,True,True,True,,1111,64,True
fastv,mmstar_000146,test,mmstar,64,False,False,,True,True,True,True,True,,1111,64,True
fastv,mmstar_000146,test,mmstar,128,False,False,,True,True,True,True,True,,1111,64,True
fastv,mmstar_000146,test,mmstar,256,False,False,,True,True,True,True,True,,1111,64,True
fastv,mmstar_000146,test,mmstar,432,False,False,,True,True,True,True,True,,1111,64,True
fastv,mmstar_000148,test,mmstar,64,False,False,,True,True,True,True,True,,1111,64,True
fastv,mmstar_000148,test,mmstar,128,False,False,,True,True,True,True,True,,1111,64,True
fastv,mmstar_000148,test,mmstar,256,False,False,,True,True,True,True,True,,1111,64,True
fastv,mmstar_000148,test,mmstar,432,False,False,,True,True,True,True,True,,1111,64,True
fastv,mmstar_000149,test,mmstar,64,False,False,,True,True,True,True,True,,1111,64,True
fastv,mmstar_000149,test,mmstar,128,False,False,,True,True,True,True,True,,1111,64,True
fastv,mmstar_000149,test,mmstar,256,False,False,,True,True,True,True,True,,1111,64,True
fastv,mmstar_000149,test,mmstar,432,False,False,,True,True,True,True,True,,1111,64,True
fastv,mmstar_000151,test,mmstar,64,False,False,,True,True,True,True,True,,1111,64,True
fastv,mmstar_000151,test,mmstar,128,False,False,,True,True,True,True,True,,1111,64,True
fastv,mmstar_000151,test,mmstar,256,False,False,,True,True,True,True,True,,1111,64,True
fastv,mmstar_000151,test,mmstar,432,False,False,,True,True,True,True,True,,1111,64,True
fastv,mmstar_000159,test,mmstar,64,True,True,gray|blur|irrelevant,True,True,True,True,True,True,1111,64,True
fastv,mmstar_000159,test,mmstar,128,True,True,gray|blur|irrelevant,True,True,True,True,True,True,1111,64,True
fastv,mmstar_000159,test,mmstar,256,True,True,gray|blur|irrelevant,True,True,True,True,True,True,1111,64,True
fastv,mmstar_000159,test,mmstar,432,True,True,gray|blur|irrelevant,True,True,True,True,True,True,1111,64,True
fastv,mmstar_000161,test,mmstar,64,True,True,gray|irrelevant,True,True,True,True,True,True,1111,64,True
fastv,mmstar_000161,test,mmstar,128,True,True,gray|irrelevant,True,True,True,True,True,True,1111,64,True
fastv,mmstar_000161,test,mmstar,256,True,True,gray|irrelevant,True,True,True,True,True,True,1111,64,True
fastv,mmstar_000161,test,mmstar,432,True,True,gray|irrelevant,True,True,True,True,True,True,1111,64,True
fastv,mmstar_000162,test,mmstar,64,False,True,gray|irrelevant,True,True,True,True,True,,1111,64,True
fastv,mmstar_000162,test,mmstar,128,False,True,gray|irrelevant,True,True,True,True,True,,1111,64,True
fastv,mmstar_000162,test,mmstar,256,False,True,gray|irrelevant,True,True,True,True,True,,1111,64,True
fastv,mmstar_000162,test,mmstar,432,False,True,gray|irrelevant,True,True,True,True,True,,1111,64,True
fastv,mmstar_000164,test,mmstar,64,True,False,,True,True,True,True,True,,1111,64,True
fastv,mmstar_000164,test,mmstar,128,True,False,,True,True,True,True,True,,1111,64,True
fastv,mmstar_000164,test,mmstar,256,True,False,,True,True,True,True,True,,1111,64,True
fastv,mmstar_000164,test,mmstar,432,True,False,,True,True,True,True,True,,1111,64,True
fastv,mmstar_000165,validation,mmstar,64,True,True,gray|blur|irrelevant,False,False,True,False,False,False,0111,128,True
fastv,mmstar_000165,validation,mmstar,128,True,True,gray|blur|irrelevant,True,True,True,True,True,True,0111,128,True
fastv,mmstar_000165,validation,mmstar,256,True,True,gray|blur|irrelevant,True,True,True,True,True,True,0111,128,True
fastv,mmstar_000165,validation,mmstar,432,True,True,gray|blur|irrelevant,True,True,True,True,True,True,0111,128,True
fastv,mmstar_000168,test,mmstar,64,True,False,,True,True,True,True,True,,1111,64,True
fastv,mmstar_000168,test,mmstar,128,True,False,,True,True,True,True,True,,1111,64,True
fastv,mmstar_000168,test,mmstar,256,True,False,,True,True,True,True,True,,1111,64,True
fastv,mmstar_000168,test,mmstar,432,True,False,,True,True,True,True,True,,1111,64,True
fastv,mmstar_000173,test,mmstar,64,True,False,,True,True,True,True,True,,1111,64,True
fastv,mmstar_000173,test,mmstar,128,True,False,,True,True,True,True,True,,1111,64,True
fastv,mmstar_000173,test,mmstar,256,True,False,,True,True,True,True,True,,1111,64,True
fastv,mmstar_000173,test,mmstar,432,True,False,,True,True,True,True,True,,1111,64,True
fastv,mmstar_000177,test,mmstar,64,True,False,,True,True,True,True,True,,1111,64,True
fastv,mmstar_000177,test,mmstar,128,True,False,,True,True,True,True,True,,1111,64,True
fastv,mmstar_000177,test,mmstar,256,True,False,,True,True,True,True,True,,1111,64,True
fastv,mmstar_000177,test,mmstar,432,True,False,,True,True,True,True,True,,1111,64,True
fastv,mmstar_000182,test,mmstar,64,True,True,irrelevant,False,True,True,False,False,False,0111,128,True
fastv,mmstar_000182,test,mmstar,128,True,True,irrelevant,True,True,True,True,True,True,0111,128,True
fastv,mmstar_000182,test,mmstar,256,True,True,irrelevant,True,True,True,True,True,True,0111,128,True
fastv,mmstar_000182,test,mmstar,432,True,True,irrelevant,True,True,True,True,True,True,0111,128,True
fastv,mmstar_000188,validation,mmstar,64,True,True,blur,True,False,False,False,False,False,0011,256,True
fastv,mmstar_000188,validation,mmstar,128,True,True,blur,True,False,False,False,False,False,0011,256,True
fastv,mmstar_000188,validation,mmstar,256,True,True,blur,True,True,True,True,True,True,0011,256,True
fastv,mmstar_000188,validation,mmstar,432,True,True,blur,True,True,True,True,True,True,0011,256,True
fastv,mmstar_000189,test,mmstar,64,True,True,blur|irrelevant,True,True,True,True,True,True,1111,64,True
fastv,mmstar_000189,test,mmstar,128,True,True,blur|irrelevant,True,True,True,True,True,True,1111,64,True
fastv,mmstar_000189,test,mmstar,256,True,True,blur|irrelevant,True,True,True,True,True,True,1111,64,True
fastv,mmstar_000189,test,mmstar,432,True,True,blur|irrelevant,True,True,True,True,True,True,1111,64,True
fastv,mmstar_000190,test,mmstar,64,False,True,gray|irrelevant,False,False,True,False,False,,0111,128,True
fastv,mmstar_000190,test,mmstar,128,False,True,gray|irrelevant,True,True,True,True,True,,0111,128,True
fastv,mmstar_000190,test,mmstar,256,False,True,gray|irrelevant,True,True,True,True,True,,0111,128,True
fastv,mmstar_000190,test,mmstar,432,False,True,gray|irrelevant,True,True,True,True,True,,0111,128,True
fastv,mmstar_000201,test,mmstar,64,True,False,,True,True,True,True,True,,1111,64,True
fastv,mmstar_000201,test,mmstar,128,True,False,,True,True,True,True,True,,1111,64,True
fastv,mmstar_000201,test,mmstar,256,True,False,,True,True,True,True,True,,1111,64,True
fastv,mmstar_000201,test,mmstar,432,True,False,,True,True,True,True,True,,1111,64,True
fastv,mmstar_000202,test,mmstar,64,True,True,irrelevant,True,True,False,True,False,False,0111,128,True
fastv,mmstar_000202,test,mmstar,128,True,True,irrelevant,True,True,True,True,True,True,0111,128,True
fastv,mmstar_000202,test,mmstar,256,True,True,irrelevant,True,True,True,True,True,True,0111,128,True
fastv,mmstar_000202,test,mmstar,432,True,True,irrelevant,True,True,True,True,True,True,0111,128,True
fastv,mmstar_000203,validation,mmstar,64,True,True,irrelevant,True,True,True,True,True,True,1111,64,True
fastv,mmstar_000203,validation,mmstar,128,True,True,irrelevant,True,True,True,True,True,True,1111,64,True
fastv,mmstar_000203,validation,mmstar,256,True,True,irrelevant,True,True,True,True,True,True,1111,64,True
fastv,mmstar_000203,validation,mmstar,432,True,True,irrelevant,True,True,True,True,True,True,1111,64,True
fastv,mmstar_000206,test,mmstar,64,True,True,gray|irrelevant,True,True,True,True,True,True,1111,64,True
fastv,mmstar_000206,test,mmstar,128,True,True,gray|irrelevant,True,True,True,True,True,True,1111,64,True
fastv,mmstar_000206,test,mmstar,256,True,True,gray|irrelevant,True,True,True,True,True,True,1111,64,True
fastv,mmstar_000206,test,mmstar,432,True,True,gray|irrelevant,True,True,True,True,True,True,1111,64,True
fastv,mmstar_000208,test,mmstar,64,True,True,gray|irrelevant,True,True,True,True,True,True,1111,64,True
fastv,mmstar_000208,test,mmstar,128,True,True,gray|irrelevant,True,True,True,True,True,True,1111,64,True
fastv,mmstar_000208,test,mmstar,256,True,True,gray|irrelevant,True,True,True,True,True,True,1111,64,True
fastv,mmstar_000208,test,mmstar,432,True,True,gray|irrelevant,True,True,True,True,True,True,1111,64,True
fastv,mmstar_000209,validation,mmstar,64,True,True,gray|irrelevant,True,True,True,True,True,True,1111,64,True
fastv,mmstar_000209,validation,mmstar,128,True,True,gray|irrelevant,True,True,True,True,True,True,1111,64,True
fastv,mmstar_000209,validation,mmstar,256,True,True,gray|irrelevant,True,True,True,True,True,True,1111,64,True
fastv,mmstar_000209,validation,mmstar,432,True,True,gray|irrelevant,True,True,True,True,True,True,1111,64,True
fastv,mmstar_000212,test,mmstar,64,True,False,,True,True,True,True,True,,1111,64,True
fastv,mmstar_000212,test,mmstar,128,True,False,,True,True,True,True,True,,1111,64,True
fastv,mmstar_000212,test,mmstar,256,True,False,,True,True,True,True,True,,1111,64,True
fastv,mmstar_000212,test,mmstar,432,True,False,,True,True,True,True,True,,1111,64,True
fastv,mmstar_000215,test,mmstar,64,True,True,gray|blur|irrelevant,True,True,True,True,True,True,1101,64,False
fastv,mmstar_000215,test,mmstar,128,True,True,gray|blur|irrelevant,True,True,True,True,True,True,1101,64,False
fastv,mmstar_000215,test,mmstar,256,True,True,gray|blur|irrelevant,True,False,False,False,False,False,1101,64,False
fastv,mmstar_000215,test,mmstar,432,True,True,gray|blur|irrelevant,True,True,True,True,True,True,1101,64,False
fastv,mmstar_000217,test,mmstar,64,True,False,,True,True,True,True,True,,1111,64,True
fastv,mmstar_000217,test,mmstar,128,True,False,,True,True,True,True,True,,1111,64,True
fastv,mmstar_000217,test,mmstar,256,True,False,,True,True,True,True,True,,1111,64,True
fastv,mmstar_000217,test,mmstar,432,True,False,,True,True,True,True,True,,1111,64,True
fastv,mmstar_000221,test,mmstar,64,True,True,gray|blur|irrelevant,False,False,True,False,False,False,0011,256,True
fastv,mmstar_000221,test,mmstar,128,True,True,gray|blur|irrelevant,True,True,False,True,False,False,0011,256,True
fastv,mmstar_000221,test,mmstar,256,True,True,gray|blur|irrelevant,True,True,True,True,True,True,0011,256,True
fastv,mmstar_000221,test,mmstar,432,True,True,gray|blur|irrelevant,True,True,True,True,True,True,0011,256,True
fastv,mmstar_000222,test,mmstar,64,True,True,gray|blur|irrelevant,True,True,True,True,True,True,1111,64,True
fastv,mmstar_000222,test,mmstar,128,True,True,gray|blur|irrelevant,True,True,True,True,True,True,1111,64,True
fastv,mmstar_000222,test,mmstar,256,True,True,gray|blur|irrelevant,True,True,True,True,True,True,1111,64,True
fastv,mmstar_000222,test,mmstar,432,True,True,gray|blur|irrelevant,True,True,True,True,True,True,1111,64,True
fastv,mmstar_000223,test,mmstar,64,True,True,gray|irrelevant,True,True,True,True,True,True,1111,64,True
fastv,mmstar_000223,test,mmstar,128,True,True,gray|irrelevant,True,True,True,True,True,True,1111,64,True
fastv,mmstar_000223,test,mmstar,256,True,True,gray|irrelevant,True,True,True,True,True,True,1111,64,True
fastv,mmstar_000223,test,mmstar,432,True,True,gray|irrelevant,True,True,True,True,True,True,1111,64,True
fastv,mmstar_000224,test,mmstar,64,True,True,gray|irrelevant,True,True,True,True,True,True,1111,64,True
fastv,mmstar_000224,test,mmstar,128,True,True,gray|irrelevant,True,True,True,True,True,True,1111,64,True
fastv,mmstar_000224,test,mmstar,256,True,True,gray|irrelevant,True,True,True,True,True,True,1111,64,True
fastv,mmstar_000224,test,mmstar,432,True,True,gray|irrelevant,True,True,True,True,True,True,1111,64,True
fastv,mmstar_000226,test,mmstar,64,True,True,gray|blur|irrelevant,True,True,False,True,False,False,0111,128,True
fastv,mmstar_000226,test,mmstar,128,True,True,gray|blur|irrelevant,True,True,True,True,True,True,0111,128,True
fastv,mmstar_000226,test,mmstar,256,True,True,gray|blur|irrelevant,True,True,True,True,True,True,0111,128,True
fastv,mmstar_000226,test,mmstar,432,True,True,gray|blur|irrelevant,True,True,True,True,True,True,0111,128,True
fastv,mmstar_000230,test,mmstar,64,True,True,gray|irrelevant,False,True,False,False,False,False,0011,256,True
fastv,mmstar_000230,test,mmstar,128,True,True,gray|irrelevant,True,True,False,True,False,False,0011,256,True
fastv,mmstar_000230,test,mmstar,256,True,True,gray|irrelevant,True,True,True,True,True,True,0011,256,True
fastv,mmstar_000230,test,mmstar,432,True,True,gray|irrelevant,True,True,True,True,True,True,0011,256,True
fastv,mmstar_000232,validation,mmstar,64,True,True,gray|irrelevant,True,True,True,True,True,True,1111,64,True
fastv,mmstar_000232,validation,mmstar,128,True,True,gray|irrelevant,True,True,True,True,True,True,1111,64,True
fastv,mmstar_000232,validation,mmstar,256,True,True,gray|irrelevant,True,True,True,True,True,True,1111,64,True
fastv,mmstar_000232,validation,mmstar,432,True,True,gray|irrelevant,True,True,True,True,True,True,1111,64,True
fastv,mmstar_000249,test,mmstar,64,True,True,irrelevant,True,False,False,False,False,False,0001,432,True
fastv,mmstar_000249,test,mmstar,128,True,True,irrelevant,True,False,False,False,False,False,0001,432,True
fastv,mmstar_000249,test,mmstar,256,True,True,irrelevant,True,False,False,False,False,False,0001,432,True
fastv,mmstar_000249,test,mmstar,432,True,True,irrelevant,True,True,True,True,True,True,0001,432,True
fastv,mmstar_000251,test,mmstar,64,True,True,gray|blur|irrelevant,False,False,True,False,False,False,0111,128,True
fastv,mmstar_000251,test,mmstar,128,True,True,gray|blur|irrelevant,True,True,True,True,True,True,0111,128,True
fastv,mmstar_000251,test,mmstar,256,True,True,gray|blur|irrelevant,True,True,True,True,True,True,0111,128,True
fastv,mmstar_000251,test,mmstar,432,True,True,gray|blur|irrelevant,True,True,True,True,True,True,0111,128,True
fastv,mmstar_000252,test,mmstar,64,False,True,gray|irrelevant,True,False,False,False,False,,0111,128,True
fastv,mmstar_000252,test,mmstar,128,False,True,gray|irrelevant,True,True,True,True,True,,0111,128,True
fastv,mmstar_000252,test,mmstar,256,False,True,gray|irrelevant,True,True,True,True,True,,0111,128,True
fastv,mmstar_000252,test,mmstar,432,False,True,gray|irrelevant,True,True,True,True,True,,0111,128,True
fastv,mmstar_000253,test,mmstar,64,False,False,,True,True,True,True,True,,1111,64,True
fastv,mmstar_000253,test,mmstar,128,False,False,,True,True,True,True,True,,1111,64,True
fastv,mmstar_000253,test,mmstar,256,False,False,,True,True,True,True,True,,1111,64,True
fastv,mmstar_000253,test,mmstar,432,False,False,,True,True,True,True,True,,1111,64,True
fastv,mmstar_000256,test,mmstar,64,False,True,gray|blur|irrelevant,False,False,False,False,False,,0011,256,True
fastv,mmstar_000256,test,mmstar,128,False,True,gray|blur|irrelevant,True,False,False,False,False,,0011,256,True
fastv,mmstar_000256,test,mmstar,256,False,True,gray|blur|irrelevant,True,True,True,True,True,,0011,256,True
fastv,mmstar_000256,test,mmstar,432,False,True,gray|blur|irrelevant,True,True,True,True,True,,0011,256,True
fastv,mmstar_000259,test,mmstar,64,False,True,gray,True,True,True,True,True,,1111,64,True
fastv,mmstar_000259,test,mmstar,128,False,True,gray,True,True,True,True,True,,1111,64,True
fastv,mmstar_000259,test,mmstar,256,False,True,gray,True,True,True,True,True,,1111,64,True
fastv,mmstar_000259,test,mmstar,432,False,True,gray,True,True,True,True,True,,1111,64,True
fastv,mmstar_000260,test,mmstar,64,False,True,gray|irrelevant,True,False,False,False,False,,0011,256,True
fastv,mmstar_000260,test,mmstar,128,False,True,gray|irrelevant,True,False,False,False,False,,0011,256,True
fastv,mmstar_000260,test,mmstar,256,False,True,gray|irrelevant,True,True,True,True,True,,0011,256,True
fastv,mmstar_000260,test,mmstar,432,False,True,gray|irrelevant,True,True,True,True,True,,0011,256,True
fastv,mmstar_000279,test,mmstar,64,True,False,,True,True,True,True,True,,1111,64,True
fastv,mmstar_000279,test,mmstar,128,True,False,,True,True,True,True,True,,1111,64,True
fastv,mmstar_000279,test,mmstar,256,True,False,,True,True,True,True,True,,1111,64,True
fastv,mmstar_000279,test,mmstar,432,True,False,,True,True,True,True,True,,1111,64,True
fastv,mmstar_000280,test,mmstar,64,False,True,gray|blur|irrelevant,True,True,False,True,False,,0001,432,True
fastv,mmstar_000280,test,mmstar,128,False,True,gray|blur|irrelevant,True,True,False,True,False,,0001,432,True
fastv,mmstar_000280,test,mmstar,256,False,True,gray|blur|irrelevant,True,True,False,True,False,,0001,432,True
fastv,mmstar_000280,test,mmstar,432,False,True,gray|blur|irrelevant,True,True,True,True,True,,0001,432,True
fastv,mmstar_000285,test,mmstar,64,False,False,,True,True,True,True,True,,1111,64,True
fastv,mmstar_000285,test,mmstar,128,False,False,,True,True,True,True,True,,1111,64,True
fastv,mmstar_000285,test,mmstar,256,False,False,,True,True,True,True,True,,1111,64,True
fastv,mmstar_000285,test,mmstar,432,False,False,,True,True,True,True,True,,1111,64,True
fastv,mmstar_000286,test,mmstar,64,False,False,,True,True,True,True,True,,1111,64,True
fastv,mmstar_000286,test,mmstar,128,False,False,,True,True,True,True,True,,1111,64,True
fastv,mmstar_000286,test,mmstar,256,False,False,,True,True,True,True,True,,1111,64,True
fastv,mmstar_000286,test,mmstar,432,False,False,,True,True,True,True,True,,1111,64,True
fastv,mmstar_000287,test,mmstar,64,False,True,irrelevant,False,True,False,False,False,,0111,128,True
fastv,mmstar_000287,test,mmstar,128,False,True,irrelevant,True,True,True,True,True,,0111,128,True
fastv,mmstar_000287,test,mmstar,256,False,True,irrelevant,True,True,True,True,True,,0111,128,True
fastv,mmstar_000287,test,mmstar,432,False,True,irrelevant,True,True,True,True,True,,0111,128,True
fastv,mmstar_000289,test,mmstar,64,False,True,gray,True,False,False,False,False,,0001,432,True
fastv,mmstar_000289,test,mmstar,128,False,True,gray,True,False,False,False,False,,0001,432,True
fastv,mmstar_000289,test,mmstar,256,False,True,gray,True,False,False,False,False,,0001,432,True
fastv,mmstar_000289,test,mmstar,432,False,True,gray,True,True,True,True,True,,0001,432,True
fastv,mmstar_000290,test,mmstar,64,False,True,irrelevant,True,False,False,False,False,,0011,256,True
fastv,mmstar_000290,test,mmstar,128,False,True,irrelevant,True,False,False,False,False,,0011,256,True
fastv,mmstar_000290,test,mmstar,256,False,True,irrelevant,True,True,True,True,True,,0011,256,True
fastv,mmstar_000290,test,mmstar,432,False,True,irrelevant,True,True,True,True,True,,0011,256,True
fastv,mmstar_000292,test,mmstar,64,False,False,,True,True,True,True,True,,1111,64,True
fastv,mmstar_000292,test,mmstar,128,False,False,,True,True,True,True,True,,1111,64,True
fastv,mmstar_000292,test,mmstar,256,False,False,,True,True,True,True,True,,1111,64,True
fastv,mmstar_000292,test,mmstar,432,False,False,,True,True,True,True,True,,1111,64,True
fastv,mmstar_000294,test,mmstar,64,True,False,,True,True,True,True,True,,1111,64,True
fastv,mmstar_000294,test,mmstar,128,True,False,,True,True,True,True,True,,1111,64,True
fastv,mmstar_000294,test,mmstar,256,True,False,,True,True,True,True,True,,1111,64,True
fastv,mmstar_000294,test,mmstar,432,True,False,,True,True,True,True,True,,1111,64,True
fastv,mmstar_000295,test,mmstar,64,False,True,blur,True,False,False,False,False,,0011,256,True
fastv,mmstar_000295,test,mmstar,128,False,True,blur,False,True,True,False,False,,0011,256,True
fastv,mmstar_000295,test,mmstar,256,False,True,blur,True,True,True,True,True,,0011,256,True
fastv,mmstar_000295,test,mmstar,432,False,True,blur,True,True,True,True,True,,0011,256,True
fastv,mmstar_000297,test,mmstar,64,True,True,gray|irrelevant,True,True,True,True,True,True,1111,64,True
fastv,mmstar_000297,test,mmstar,128,True,True,gray|irrelevant,True,True,True,True,True,True,1111,64,True
fastv,mmstar_000297,test,mmstar,256,True,True,gray|irrelevant,True,True,True,True,True,True,1111,64,True
fastv,mmstar_000297,test,mmstar,432,True,True,gray|irrelevant,True,True,True,True,True,True,1111,64,True
fastv,mmstar_000301,test,mmstar,64,False,False,,True,True,True,True,True,,1111,64,True
fastv,mmstar_000301,test,mmstar,128,False,False,,True,True,True,True,True,,1111,64,True
fastv,mmstar_000301,test,mmstar,256,False,False,,True,True,True,True,True,,1111,64,True
fastv,mmstar_000301,test,mmstar,432,False,False,,True,True,True,True,True,,1111,64,True
fastv,mmstar_000302,test,mmstar,64,False,True,gray|irrelevant,False,True,False,False,False,,0001,432,True
fastv,mmstar_000302,test,mmstar,128,False,True,gray|irrelevant,False,True,False,False,False,,0001,432,True
fastv,mmstar_000302,test,mmstar,256,False,True,gray|irrelevant,True,False,False,False,False,,0001,432,True
fastv,mmstar_000302,test,mmstar,432,False,True,gray|irrelevant,True,True,True,True,True,,0001,432,True
fastv,mmstar_000306,test,mmstar,64,False,False,,True,True,True,True,True,,1111,64,True
fastv,mmstar_000306,test,mmstar,128,False,False,,True,True,True,True,True,,1111,64,True
fastv,mmstar_000306,test,mmstar,256,False,False,,True,True,True,True,True,,1111,64,True
fastv,mmstar_000306,test,mmstar,432,False,False,,True,True,True,True,True,,1111,64,True
fastv,mmstar_000314,test,mmstar,64,False,True,gray|blur|irrelevant,True,True,True,True,True,,1111,64,True
fastv,mmstar_000314,test,mmstar,128,False,True,gray|blur|irrelevant,True,True,True,True,True,,1111,64,True
fastv,mmstar_000314,test,mmstar,256,False,True,gray|blur|irrelevant,True,True,True,True,True,,1111,64,True
fastv,mmstar_000314,test,mmstar,432,False,True,gray|blur|irrelevant,True,True,True,True,True,,1111,64,True
fastv,mmstar_000317,test,mmstar,64,True,False,,True,True,True,True,True,,1111,64,True
fastv,mmstar_000317,test,mmstar,128,True,False,,True,True,True,True,True,,1111,64,True
fastv,mmstar_000317,test,mmstar,256,True,False,,True,True,True,True,True,,1111,64,True
fastv,mmstar_000317,test,mmstar,432,True,False,,True,True,True,True,True,,1111,64,True
fastv,mmstar_000330,test,mmstar,64,False,True,gray|irrelevant,True,True,True,True,True,,1111,64,True
fastv,mmstar_000330,test,mmstar,128,False,True,gray|irrelevant,True,True,True,True,True,,1111,64,True
fastv,mmstar_000330,test,mmstar,256,False,True,gray|irrelevant,True,True,True,True,True,,1111,64,True
fastv,mmstar_000330,test,mmstar,432,False,True,gray|irrelevant,True,True,True,True,True,,1111,64,True
fastv,mmstar_000333,test,mmstar,64,True,True,gray|blur|irrelevant,False,True,False,False,False,False,0111,128,True
fastv,mmstar_000333,test,mmstar,128,True,True,gray|blur|irrelevant,True,True,True,True,True,True,0111,128,True
fastv,mmstar_000333,test,mmstar,256,True,True,gray|blur|irrelevant,True,True,True,True,True,True,0111,128,True
fastv,mmstar_000333,test,mmstar,432,True,True,gray|blur|irrelevant,True,True,True,True,True,True,0111,128,True
fastv,mmstar_000334,test,mmstar,64,True,True,irrelevant,False,False,True,False,False,False,0011,256,True
fastv,mmstar_000334,test,mmstar,128,True,True,irrelevant,False,False,True,False,False,False,0011,256,True
fastv,mmstar_000334,test,mmstar,256,True,True,irrelevant,True,True,True,True,True,True,0011,256,True
fastv,mmstar_000334,test,mmstar,432,True,True,irrelevant,True,True,True,True,True,True,0011,256,True
fastv,mmstar_000336,test,mmstar,64,False,True,gray|blur|irrelevant,True,True,True,True,True,,1111,64,True
fastv,mmstar_000336,test,mmstar,128,False,True,gray|blur|irrelevant,True,True,True,True,True,,1111,64,True
fastv,mmstar_000336,test,mmstar,256,False,True,gray|blur|irrelevant,True,True,True,True,True,,1111,64,True
fastv,mmstar_000336,test,mmstar,432,False,True,gray|blur|irrelevant,True,True,True,True,True,,1111,64,True
fastv,mmstar_000342,test,mmstar,64,False,False,,False,True,True,False,False,,0111,128,True
fastv,mmstar_000342,test,mmstar,128,False,False,,True,True,True,True,True,,0111,128,True
fastv,mmstar_000342,test,mmstar,256,False,False,,True,True,True,True,True,,0111,128,True
fastv,mmstar_000342,test,mmstar,432,False,False,,True,True,True,True,True,,0111,128,True
fastv,mmstar_000343,test,mmstar,64,False,True,gray|irrelevant,True,False,False,False,False,,0001,432,True
fastv,mmstar_000343,test,mmstar,128,False,True,gray|irrelevant,True,False,False,False,False,,0001,432,True
fastv,mmstar_000343,test,mmstar,256,False,True,gray|irrelevant,True,False,False,False,False,,0001,432,True
fastv,mmstar_000343,test,mmstar,432,False,True,gray|irrelevant,True,True,True,True,True,,0001,432,True
fastv,mmstar_000346,test,mmstar,64,False,True,blur,True,False,False,False,False,,0001,432,True
fastv,mmstar_000346,test,mmstar,128,False,True,blur,True,False,False,False,False,,0001,432,True
fastv,mmstar_000346,test,mmstar,256,False,True,blur,True,False,False,False,False,,0001,432,True
fastv,mmstar_000346,test,mmstar,432,False,True,blur,True,True,True,True,True,,0001,432,True
fastv,mmstar_000352,test,mmstar,64,True,True,gray|irrelevant,False,True,True,False,False,False,0111,128,True
fastv,mmstar_000352,test,mmstar,128,True,True,gray|irrelevant,True,True,True,True,True,True,0111,128,True
fastv,mmstar_000352,test,mmstar,256,True,True,gray|irrelevant,True,True,True,True,True,True,0111,128,True
fastv,mmstar_000352,test,mmstar,432,True,True,gray|irrelevant,True,True,True,True,True,True,0111,128,True
fastv,mmstar_000368,test,mmstar,64,True,True,irrelevant,True,True,False,True,False,False,0001,432,True
fastv,mmstar_000368,test,mmstar,128,True,True,irrelevant,True,True,False,True,False,False,0001,432,True
fastv,mmstar_000368,test,mmstar,256,True,True,irrelevant,True,True,False,True,False,False,0001,432,True
fastv,mmstar_000368,test,mmstar,432,True,True,irrelevant,True,True,True,True,True,True,0001,432,True
fastv,mmstar_000371,validation,mmstar,64,True,False,,True,True,True,True,True,,1111,64,True
fastv,mmstar_000371,validation,mmstar,128,True,False,,True,True,True,True,True,,1111,64,True
fastv,mmstar_000371,validation,mmstar,256,True,False,,True,True,True,True,True,,1111,64,True
fastv,mmstar_000371,validation,mmstar,432,True,False,,True,True,True,True,True,,1111,64,True
fastv,mmstar_000378,test,mmstar,64,False,True,blur|irrelevant,True,True,True,True,True,,1111,64,True
fastv,mmstar_000378,test,mmstar,128,False,True,blur|irrelevant,True,True,True,True,True,,1111,64,True
fastv,mmstar_000378,test,mmstar,256,False,True,blur|irrelevant,True,True,True,True,True,,1111,64,True
fastv,mmstar_000378,test,mmstar,432,False,True,blur|irrelevant,True,True,True,True,True,,1111,64,True
fastv,mmstar_000381,validation,mmstar,64,False,True,gray|blur,True,True,False,True,False,,0111,128,True
fastv,mmstar_000381,validation,mmstar,128,False,True,gray|blur,True,True,True,True,True,,0111,128,True
fastv,mmstar_000381,validation,mmstar,256,False,True,gray|blur,True,True,True,True,True,,0111,128,True
fastv,mmstar_000381,validation,mmstar,432,False,True,gray|blur,True,True,True,True,True,,0111,128,True
fastv,mmstar_000382,test,mmstar,64,False,False,,False,True,True,False,False,,0001,432,True
fastv,mmstar_000382,test,mmstar,128,False,False,,False,True,True,False,False,,0001,432,True
fastv,mmstar_000382,test,mmstar,256,False,False,,False,True,True,False,False,,0001,432,True
fastv,mmstar_000382,test,mmstar,432,False,False,,True,True,True,True,True,,0001,432,True
fastv,mmstar_000388,test,mmstar,64,False,True,gray|irrelevant,False,False,False,False,False,,0111,128,True
fastv,mmstar_000388,test,mmstar,128,False,True,gray|irrelevant,True,True,True,True,True,,0111,128,True
fastv,mmstar_000388,test,mmstar,256,False,True,gray|irrelevant,True,True,True,True,True,,0111,128,True
fastv,mmstar_000388,test,mmstar,432,False,True,gray|irrelevant,True,True,True,True,True,,0111,128,True
fastv,mmstar_000389,test,mmstar,64,False,True,gray|blur|irrelevant,True,True,True,True,True,,1111,64,True
fastv,mmstar_000389,test,mmstar,128,False,True,gray|blur|irrelevant,True,True,True,True,True,,1111,64,True
fastv,mmstar_000389,test,mmstar,256,False,True,gray|blur|irrelevant,True,True,True,True,True,,1111,64,True
fastv,mmstar_000389,test,mmstar,432,False,True,gray|blur|irrelevant,True,True,True,True,True,,1111,64,True
fastv,mmstar_000390,test,mmstar,64,False,True,blur,True,False,False,False,False,,0011,256,True
fastv,mmstar_000390,test,mmstar,128,False,True,blur,True,False,False,False,False,,0011,256,True
fastv,mmstar_000390,test,mmstar,256,False,True,blur,True,True,True,True,True,,0011,256,True
fastv,mmstar_000390,test,mmstar,432,False,True,blur,True,True,True,True,True,,0011,256,True
fastv,mmstar_000396,test,mmstar,64,True,False,,True,True,True,True,True,,1111,64,True
fastv,mmstar_000396,test,mmstar,128,True,False,,True,True,True,True,True,,1111,64,True
fastv,mmstar_000396,test,mmstar,256,True,False,,True,True,True,True,True,,1111,64,True
fastv,mmstar_000396,test,mmstar,432,True,False,,True,True,True,True,True,,1111,64,True
fastv,mmstar_000401,test,mmstar,64,False,True,irrelevant,True,True,True,True,True,,1111,64,True
fastv,mmstar_000401,test,mmstar,128,False,True,irrelevant,True,True,True,True,True,,1111,64,True
fastv,mmstar_000401,test,mmstar,256,False,True,irrelevant,True,True,True,True,True,,1111,64,True
fastv,mmstar_000401,test,mmstar,432,False,True,irrelevant,True,True,True,True,True,,1111,64,True
fastv,mmstar_000404,validation,mmstar,64,False,True,gray|blur|irrelevant,False,False,True,False,False,,0001,432,True
fastv,mmstar_000404,validation,mmstar,128,False,True,gray|blur|irrelevant,False,False,True,False,False,,0001,432,True
fastv,mmstar_000404,validation,mmstar,256,False,True,gray|blur|irrelevant,False,True,True,False,False,,0001,432,True
fastv,mmstar_000404,validation,mmstar,432,False,True,gray|blur|irrelevant,True,True,True,True,True,,0001,432,True
fastv,mmstar_000409,test,mmstar,64,True,False,,True,True,True,True,True,,1111,64,True
fastv,mmstar_000409,test,mmstar,128,True,False,,True,True,True,True,True,,1111,64,True
fastv,mmstar_000409,test,mmstar,256,True,False,,True,True,True,True,True,,1111,64,True
fastv,mmstar_000409,test,mmstar,432,True,False,,True,True,True,True,True,,1111,64,True
fastv,mmstar_000410,test,mmstar,64,True,False,,False,True,True,False,False,,0111,128,True
fastv,mmstar_000410,test,mmstar,128,True,False,,True,True,True,True,True,,0111,128,True
fastv,mmstar_000410,test,mmstar,256,True,False,,True,True,True,True,True,,0111,128,True
fastv,mmstar_000410,test,mmstar,432,True,False,,True,True,True,True,True,,0111,128,True
fastv,mmstar_000411,test,mmstar,64,True,True,gray|blur|irrelevant,False,False,True,False,False,False,0011,256,True
fastv,mmstar_000411,test,mmstar,128,True,True,gray|blur|irrelevant,False,False,True,False,False,False,0011,256,True
fastv,mmstar_000411,test,mmstar,256,True,True,gray|blur|irrelevant,True,True,True,True,True,True,0011,256,True
fastv,mmstar_000411,test,mmstar,432,True,True,gray|blur|irrelevant,True,True,True,True,True,True,0011,256,True
fastv,mmstar_000417,test,mmstar,64,True,True,irrelevant,True,False,False,False,False,False,0011,256,True
fastv,mmstar_000417,test,mmstar,128,True,True,irrelevant,True,True,False,True,False,False,0011,256,True
fastv,mmstar_000417,test,mmstar,256,True,True,irrelevant,True,True,True,True,True,True,0011,256,True
fastv,mmstar_000417,test,mmstar,432,True,True,irrelevant,True,True,True,True,True,True,0011,256,True
fastv,mmstar_000421,test,mmstar,64,True,True,blur,False,False,True,False,False,False,0000,full,True
fastv,mmstar_000421,test,mmstar,128,True,True,blur,False,True,True,False,False,False,0000,full,True
fastv,mmstar_000421,test,mmstar,256,True,True,blur,False,True,True,False,False,False,0000,full,True
fastv,mmstar_000421,test,mmstar,432,True,True,blur,False,True,True,False,False,False,0000,full,True
fastv,mmstar_000422,test,mmstar,64,False,False,,True,True,True,True,True,,1111,64,True
fastv,mmstar_000422,test,mmstar,128,False,False,,True,True,True,True,True,,1111,64,True
fastv,mmstar_000422,test,mmstar,256,False,False,,True,True,True,True,True,,1111,64,True
fastv,mmstar_000422,test,mmstar,432,False,False,,True,True,True,True,True,,1111,64,True
fastv,mmstar_000426,test,mmstar,64,False,False,,True,True,True,True,True,,1111,64,True
fastv,mmstar_000426,test,mmstar,128,False,False,,True,True,True,True,True,,1111,64,True
fastv,mmstar_000426,test,mmstar,256,False,False,,True,True,True,True,True,,1111,64,True
fastv,mmstar_000426,test,mmstar,432,False,False,,True,True,True,True,True,,1111,64,True
fastv,mmstar_000436,test,mmstar,64,False,False,,True,True,True,True,True,,1111,64,True
fastv,mmstar_000436,test,mmstar,128,False,False,,True,True,True,True,True,,1111,64,True
fastv,mmstar_000436,test,mmstar,256,False,False,,True,True,True,True,True,,1111,64,True
fastv,mmstar_000436,test,mmstar,432,False,False,,True,True,True,True,True,,1111,64,True
fastv,mmstar_000443,test,mmstar,64,False,False,,True,True,True,True,True,,1111,64,True
fastv,mmstar_000443,test,mmstar,128,False,False,,True,True,True,True,True,,1111,64,True
fastv,mmstar_000443,test,mmstar,256,False,False,,True,True,True,True,True,,1111,64,True
fastv,mmstar_000443,test,mmstar,432,False,False,,True,True,True,True,True,,1111,64,True
fastv,mmstar_000449,test,mmstar,64,False,False,,True,True,True,True,True,,1111,64,True
fastv,mmstar_000449,test,mmstar,128,False,False,,True,True,True,True,True,,1111,64,True
fastv,mmstar_000449,test,mmstar,256,False,False,,True,True,True,True,True,,1111,64,True
fastv,mmstar_000449,test,mmstar,432,False,False,,True,True,True,True,True,,1111,64,True
fastv,mmstar_000454,test,mmstar,64,False,True,blur,False,True,False,False,False,,0001,432,True
fastv,mmstar_000454,test,mmstar,128,False,True,blur,False,True,False,False,False,,0001,432,True
fastv,mmstar_000454,test,mmstar,256,False,True,blur,False,False,True,False,False,,0001,432,True
fastv,mmstar_000454,test,mmstar,432,False,True,blur,True,True,True,True,True,,0001,432,True
fastv,mmstar_000459,test,mmstar,64,False,False,,True,True,True,True,True,,1111,64,True
fastv,mmstar_000459,test,mmstar,128,False,False,,True,True,True,True,True,,1111,64,True
fastv,mmstar_000459,test,mmstar,256,False,False,,True,True,True,True,True,,1111,64,True
fastv,mmstar_000459,test,mmstar,432,False,False,,True,True,True,True,True,,1111,64,True
fastv,mmstar_000460,test,mmstar,64,True,True,gray|irrelevant,True,False,False,False,False,False,0111,128,True
fastv,mmstar_000460,test,mmstar,128,True,True,gray|irrelevant,True,True,True,True,True,True,0111,128,True
fastv,mmstar_000460,test,mmstar,256,True,True,gray|irrelevant,True,True,True,True,True,True,0111,128,True
fastv,mmstar_000460,test,mmstar,432,True,True,gray|irrelevant,True,True,True,True,True,True,0111,128,True
fastv,mmstar_000461,validation,mmstar,64,False,False,,True,True,True,True,True,,1111,64,True
fastv,mmstar_000461,validation,mmstar,128,False,False,,True,True,True,True,True,,1111,64,True
fastv,mmstar_000461,validation,mmstar,256,False,False,,True,True,True,True,True,,1111,64,True
fastv,mmstar_000461,validation,mmstar,432,False,False,,True,True,True,True,True,,1111,64,True
fastv,mmstar_000471,test,mmstar,64,True,True,gray|blur|irrelevant,False,False,True,False,False,False,0111,128,True
fastv,mmstar_000471,test,mmstar,128,True,True,gray|blur|irrelevant,True,True,True,True,True,True,0111,128,True
fastv,mmstar_000471,test,mmstar,256,True,True,gray|blur|irrelevant,True,True,True,True,True,True,0111,128,True
fastv,mmstar_000471,test,mmstar,432,True,True,gray|blur|irrelevant,True,True,True,True,True,True,0111,128,True
fastv,mmstar_000476,test,mmstar,64,False,True,gray|irrelevant,True,True,True,True,True,,1111,64,True
fastv,mmstar_000476,test,mmstar,128,False,True,gray|irrelevant,True,True,True,True,True,,1111,64,True
fastv,mmstar_000476,test,mmstar,256,False,True,gray|irrelevant,True,True,True,True,True,,1111,64,True
fastv,mmstar_000476,test,mmstar,432,False,True,gray|irrelevant,True,True,True,True,True,,1111,64,True
fastv,mmstar_000477,test,mmstar,64,False,True,gray|blur|irrelevant,True,True,False,True,False,,0111,128,True
fastv,mmstar_000477,test,mmstar,128,False,True,gray|blur|irrelevant,True,True,True,True,True,,0111,128,True
fastv,mmstar_000477,test,mmstar,256,False,True,gray|blur|irrelevant,True,True,True,True,True,,0111,128,True
fastv,mmstar_000477,test,mmstar,432,False,True,gray|blur|irrelevant,True,True,True,True,True,,0111,128,True
fastv,mmstar_000482,test,mmstar,64,False,True,gray|blur|irrelevant,True,True,False,True,False,,0111,128,True
fastv,mmstar_000482,test,mmstar,128,False,True,gray|blur|irrelevant,True,True,True,True,True,,0111,128,True
fastv,mmstar_000482,test,mmstar,256,False,True,gray|blur|irrelevant,True,True,True,True,True,,0111,128,True
fastv,mmstar_000482,test,mmstar,432,False,True,gray|blur|irrelevant,True,True,True,True,True,,0111,128,True
fastv,mmstar_000484,test,mmstar,64,False,True,gray,True,False,False,False,False,,0001,432,True
fastv,mmstar_000484,test,mmstar,128,False,True,gray,True,False,False,False,False,,0001,432,True
fastv,mmstar_000484,test,mmstar,256,False,True,gray,True,False,False,False,False,,0001,432,True
fastv,mmstar_000484,test,mmstar,432,False,True,gray,True,True,True,True,True,,0001,432,True
fastv,mmstar_000487,test,mmstar,64,True,True,gray|blur,False,False,True,False,False,False,0000,full,True
fastv,mmstar_000487,test,mmstar,128,True,True,gray|blur,False,False,True,False,False,False,0000,full,True
fastv,mmstar_000487,test,mmstar,256,True,True,gray|blur,False,False,True,False,False,False,0000,full,True
fastv,mmstar_000487,test,mmstar,432,True,True,gray|blur,False,False,True,False,False,False,0000,full,True
fastv,mmstar_000488,test,mmstar,64,False,False,,True,True,True,True,True,,1111,64,True
fastv,mmstar_000488,test,mmstar,128,False,False,,True,True,True,True,True,,1111,64,True
fastv,mmstar_000488,test,mmstar,256,False,False,,True,True,True,True,True,,1111,64,True
fastv,mmstar_000488,test,mmstar,432,False,False,,True,True,True,True,True,,1111,64,True
fastv,mmstar_000490,test,mmstar,64,True,True,gray|blur|irrelevant,False,False,True,False,False,False,0000,full,True
fastv,mmstar_000490,test,mmstar,128,True,True,gray|blur|irrelevant,False,False,True,False,False,False,0000,full,True
fastv,mmstar_000490,test,mmstar,256,True,True,gray|blur|irrelevant,False,False,True,False,False,False,0000,full,True
fastv,mmstar_000490,test,mmstar,432,True,True,gray|blur|irrelevant,False,False,True,False,False,False,0000,full,True
fastv,mmstar_000492,test,mmstar,64,False,False,,True,True,True,True,True,,1101,64,False
fastv,mmstar_000492,test,mmstar,128,False,False,,True,True,True,True,True,,1101,64,False
fastv,mmstar_000492,test,mmstar,256,False,False,,False,True,True,False,False,,1101,64,False
fastv,mmstar_000492,test,mmstar,432,False,False,,True,True,True,True,True,,1101,64,False
fastv,mmstar_000493,validation,mmstar,64,True,False,,True,True,True,True,True,,1111,64,True
fastv,mmstar_000493,validation,mmstar,128,True,False,,True,True,True,True,True,,1111,64,True
fastv,mmstar_000493,validation,mmstar,256,True,False,,True,True,True,True,True,,1111,64,True
fastv,mmstar_000493,validation,mmstar,432,True,False,,True,True,True,True,True,,1111,64,True
fastv,mmstar_000498,test,mmstar,64,False,True,gray|irrelevant,True,False,False,False,False,,0111,128,True
fastv,mmstar_000498,test,mmstar,128,False,True,gray|irrelevant,True,True,True,True,True,,0111,128,True
fastv,mmstar_000498,test,mmstar,256,False,True,gray|irrelevant,True,True,True,True,True,,0111,128,True
fastv,mmstar_000498,test,mmstar,432,False,True,gray|irrelevant,True,True,True,True,True,,0111,128,True
fastv,mmstar_000502,validation,mmstar,64,False,True,blur,True,False,False,False,False,,0010,256,False
fastv,mmstar_000502,validation,mmstar,128,False,True,blur,True,False,False,False,False,,0010,256,False
fastv,mmstar_000502,validation,mmstar,256,False,True,blur,True,True,True,True,True,,0010,256,False
fastv,mmstar_000502,validation,mmstar,432,False,True,blur,False,False,True,False,False,,0010,256,False
fastv,mmstar_000505,test,mmstar,64,False,False,,True,True,True,True,True,,1111,64,True
fastv,mmstar_000505,test,mmstar,128,False,False,,True,True,True,True,True,,1111,64,True
fastv,mmstar_000505,test,mmstar,256,False,False,,True,True,True,True,True,,1111,64,True
fastv,mmstar_000505,test,mmstar,432,False,False,,True,True,True,True,True,,1111,64,True
fastv,mmstar_000506,test,mmstar,64,False,False,,True,True,True,True,True,,1111,64,True
fastv,mmstar_000506,test,mmstar,128,False,False,,True,True,True,True,True,,1111,64,True
fastv,mmstar_000506,test,mmstar,256,False,False,,True,True,True,True,True,,1111,64,True
fastv,mmstar_000506,test,mmstar,432,False,False,,True,True,True,True,True,,1111,64,True
fastv,mmstar_000507,test,mmstar,64,False,True,irrelevant,False,True,False,False,False,,0011,256,True
fastv,mmstar_000507,test,mmstar,128,False,True,irrelevant,False,True,False,False,False,,0011,256,True
fastv,mmstar_000507,test,mmstar,256,False,True,irrelevant,True,True,True,True,True,,0011,256,True
fastv,mmstar_000507,test,mmstar,432,False,True,irrelevant,True,True,True,True,True,,0011,256,True
fastv,mmstar_000510,validation,mmstar,64,False,True,gray|irrelevant,True,True,False,True,False,,0011,256,True
fastv,mmstar_000510,validation,mmstar,128,False,True,gray|irrelevant,True,True,False,True,False,,0011,256,True
fastv,mmstar_000510,validation,mmstar,256,False,True,gray|irrelevant,True,True,True,True,True,,0011,256,True
fastv,mmstar_000510,validation,mmstar,432,False,True,gray|irrelevant,True,True,True,True,True,,0011,256,True
fastv,mmstar_000516,test,mmstar,64,False,True,blur,True,False,False,False,False,,0000,full,True
fastv,mmstar_000516,test,mmstar,128,False,True,blur,True,False,False,False,False,,0000,full,True
fastv,mmstar_000516,test,mmstar,256,False,True,blur,True,False,False,False,False,,0000,full,True
fastv,mmstar_000516,test,mmstar,432,False,True,blur,True,False,False,False,False,,0000,full,True
fastv,mmstar_000517,test,mmstar,64,False,True,gray|blur|irrelevant,False,False,True,False,False,,0011,256,True
fastv,mmstar_000517,test,mmstar,128,False,True,gray|blur|irrelevant,False,False,True,False,False,,0011,256,True
fastv,mmstar_000517,test,mmstar,256,False,True,gray|blur|irrelevant,True,True,True,True,True,,0011,256,True
fastv,mmstar_000517,test,mmstar,432,False,True,gray|blur|irrelevant,True,True,True,True,True,,0011,256,True
fastv,mmstar_000520,test,mmstar,64,False,True,gray|blur|irrelevant,False,False,True,False,False,,0111,128,True
fastv,mmstar_000520,test,mmstar,128,False,True,gray|blur|irrelevant,True,True,True,True,True,,0111,128,True
fastv,mmstar_000520,test,mmstar,256,False,True,gray|blur|irrelevant,True,True,True,True,True,,0111,128,True
fastv,mmstar_000520,test,mmstar,432,False,True,gray|blur|irrelevant,True,True,True,True,True,,0111,128,True
fastv,mmstar_000525,test,mmstar,64,False,False,,True,True,True,True,True,,1111,64,True
fastv,mmstar_000525,test,mmstar,128,False,False,,True,True,True,True,True,,1111,64,True
fastv,mmstar_000525,test,mmstar,256,False,False,,True,True,True,True,True,,1111,64,True
fastv,mmstar_000525,test,mmstar,432,False,False,,True,True,True,True,True,,1111,64,True
fastv,mmstar_000532,test,mmstar,64,False,True,gray|blur|irrelevant,False,False,True,False,False,,0110,128,False
fastv,mmstar_000532,test,mmstar,128,False,True,gray|blur|irrelevant,True,True,True,True,True,,0110,128,False
fastv,mmstar_000532,test,mmstar,256,False,True,gray|blur|irrelevant,True,True,True,True,True,,0110,128,False
fastv,mmstar_000532,test,mmstar,432,False,True,gray|blur|irrelevant,False,False,True,False,False,,0110,128,False
fastv,mmstar_000533,test,mmstar,64,False,False,,True,True,True,True,True,,1111,64,True
fastv,mmstar_000533,test,mmstar,128,False,False,,True,True,True,True,True,,1111,64,True
fastv,mmstar_000533,test,mmstar,256,False,False,,True,True,True,True,True,,1111,64,True
fastv,mmstar_000533,test,mmstar,432,False,False,,True,True,True,True,True,,1111,64,True
fastv,mmstar_000534,test,mmstar,64,True,True,gray|irrelevant,True,True,True,True,True,True,1111,64,True
fastv,mmstar_000534,test,mmstar,128,True,True,gray|irrelevant,True,True,True,True,True,True,1111,64,True
fastv,mmstar_000534,test,mmstar,256,True,True,gray|irrelevant,True,True,True,True,True,True,1111,64,True
fastv,mmstar_000534,test,mmstar,432,True,True,gray|irrelevant,True,True,True,True,True,True,1111,64,True
fastv,mmstar_000535,test,mmstar,64,False,False,,True,True,True,True,True,,1111,64,True
fastv,mmstar_000535,test,mmstar,128,False,False,,True,True,True,True,True,,1111,64,True
fastv,mmstar_000535,test,mmstar,256,False,False,,True,True,True,True,True,,1111,64,True
fastv,mmstar_000535,test,mmstar,432,False,False,,True,True,True,True,True,,1111,64,True
fastv,mmstar_000540,validation,mmstar,64,False,True,gray|irrelevant,True,True,True,True,True,,1111,64,True
fastv,mmstar_000540,validation,mmstar,128,False,True,gray|irrelevant,True,True,True,True,True,,1111,64,True
fastv,mmstar_000540,validation,mmstar,256,False,True,gray|irrelevant,True,True,True,True,True,,1111,64,True
fastv,mmstar_000540,validation,mmstar,432,False,True,gray|irrelevant,True,True,True,True,True,,1111,64,True
fastv,mmstar_000543,test,mmstar,64,False,False,,True,True,True,True,True,,1111,64,True
fastv,mmstar_000543,test,mmstar,128,False,False,,True,True,True,True,True,,1111,64,True
fastv,mmstar_000543,test,mmstar,256,False,False,,True,True,True,True,True,,1111,64,True
fastv,mmstar_000543,test,mmstar,432,False,False,,True,True,True,True,True,,1111,64,True
fastv,mmstar_000546,test,mmstar,64,False,False,,True,True,True,True,True,,1111,64,True
fastv,mmstar_000546,test,mmstar,128,False,False,,True,True,True,True,True,,1111,64,True
fastv,mmstar_000546,test,mmstar,256,False,False,,True,True,True,True,True,,1111,64,True
fastv,mmstar_000546,test,mmstar,432,False,False,,True,True,True,True,True,,1111,64,True
fastv,mmstar_000548,test,mmstar,64,False,False,,True,True,True,True,True,,1111,64,True
fastv,mmstar_000548,test,mmstar,128,False,False,,True,True,True,True,True,,1111,64,True
fastv,mmstar_000548,test,mmstar,256,False,False,,True,True,True,True,True,,1111,64,True
fastv,mmstar_000548,test,mmstar,432,False,False,,True,True,True,True,True,,1111,64,True
fastv,mmstar_000555,test,mmstar,64,True,True,gray|blur|irrelevant,True,True,True,True,True,True,1111,64,True
fastv,mmstar_000555,test,mmstar,128,True,True,gray|blur|irrelevant,True,True,True,True,True,True,1111,64,True
fastv,mmstar_000555,test,mmstar,256,True,True,gray|blur|irrelevant,True,True,True,True,True,True,1111,64,True
fastv,mmstar_000555,test,mmstar,432,True,True,gray|blur|irrelevant,True,True,True,True,True,True,1111,64,True
fastv,mmstar_000556,test,mmstar,64,False,False,,True,True,True,True,True,,1111,64,True
fastv,mmstar_000556,test,mmstar,128,False,False,,True,True,True,True,True,,1111,64,True
fastv,mmstar_000556,test,mmstar,256,False,False,,True,True,True,True,True,,1111,64,True
fastv,mmstar_000556,test,mmstar,432,False,False,,True,True,True,True,True,,1111,64,True
fastv,mmstar_000558,test,mmstar,64,False,True,gray|irrelevant,True,True,False,True,False,,0001,432,True
fastv,mmstar_000558,test,mmstar,128,False,True,gray|irrelevant,True,True,False,True,False,,0001,432,True
fastv,mmstar_000558,test,mmstar,256,False,True,gray|irrelevant,True,True,False,True,False,,0001,432,True
fastv,mmstar_000558,test,mmstar,432,False,True,gray|irrelevant,True,True,True,True,True,,0001,432,True
fastv,mmstar_000559,test,mmstar,64,False,False,,True,True,True,True,True,,1111,64,True
fastv,mmstar_000559,test,mmstar,128,False,False,,True,True,True,True,True,,1111,64,True
fastv,mmstar_000559,test,mmstar,256,False,False,,True,True,True,True,True,,1111,64,True
fastv,mmstar_000559,test,mmstar,432,False,False,,True,True,True,True,True,,1111,64,True
fastv,mmstar_000566,test,mmstar,64,False,True,irrelevant,True,True,False,True,False,,0001,432,True
fastv,mmstar_000566,test,mmstar,128,False,True,irrelevant,True,True,False,True,False,,0001,432,True
fastv,mmstar_000566,test,mmstar,256,False,True,irrelevant,True,True,False,True,False,,0001,432,True
fastv,mmstar_000566,test,mmstar,432,False,True,irrelevant,True,True,True,True,True,,0001,432,True
fastv,mmstar_000568,test,mmstar,64,False,False,,True,True,True,True,True,,1111,64,True
fastv,mmstar_000568,test,mmstar,128,False,False,,True,True,True,True,True,,1111,64,True
fastv,mmstar_000568,test,mmstar,256,False,False,,True,True,True,True,True,,1111,64,True
fastv,mmstar_000568,test,mmstar,432,False,False,,True,True,True,True,True,,1111,64,True
fastv,mmstar_000571,test,mmstar,64,True,False,,True,True,True,True,True,,1111,64,True
fastv,mmstar_000571,test,mmstar,128,True,False,,True,True,True,True,True,,1111,64,True
fastv,mmstar_000571,test,mmstar,256,True,False,,True,True,True,True,True,,1111,64,True
fastv,mmstar_000571,test,mmstar,432,True,False,,True,True,True,True,True,,1111,64,True
fastv,mmstar_000583,validation,mmstar,64,False,False,,True,True,True,True,True,,1111,64,True
fastv,mmstar_000583,validation,mmstar,128,False,False,,True,True,True,True,True,,1111,64,True
fastv,mmstar_000583,validation,mmstar,256,False,False,,True,True,True,True,True,,1111,64,True
fastv,mmstar_000583,validation,mmstar,432,False,False,,True,True,True,True,True,,1111,64,True
fastv,mmstar_000595,test,mmstar,64,True,False,,True,True,True,True,True,,1111,64,True
fastv,mmstar_000595,test,mmstar,128,True,False,,True,True,True,True,True,,1111,64,True
fastv,mmstar_000595,test,mmstar,256,True,False,,True,True,True,True,True,,1111,64,True
fastv,mmstar_000595,test,mmstar,432,True,False,,True,True,True,True,True,,1111,64,True
fastv,mmstar_000596,test,mmstar,64,False,True,gray|irrelevant,False,False,False,False,False,,0011,256,True
fastv,mmstar_000596,test,mmstar,128,False,True,gray|irrelevant,False,False,False,False,False,,0011,256,True
fastv,mmstar_000596,test,mmstar,256,False,True,gray|irrelevant,True,True,True,True,True,,0011,256,True
fastv,mmstar_000596,test,mmstar,432,False,True,gray|irrelevant,True,True,True,True,True,,0011,256,True
fastv,mmstar_000604,test,mmstar,64,False,True,gray|blur|irrelevant,True,True,True,True,True,,1111,64,True
fastv,mmstar_000604,test,mmstar,128,False,True,gray|blur|irrelevant,True,True,True,True,True,,1111,64,True
fastv,mmstar_000604,test,mmstar,256,False,True,gray|blur|irrelevant,True,True,True,True,True,,1111,64,True
fastv,mmstar_000604,test,mmstar,432,False,True,gray|blur|irrelevant,True,True,True,True,True,,1111,64,True
fastv,mmstar_000606,test,mmstar,64,True,True,gray|irrelevant,False,False,True,False,False,False,0011,256,True
fastv,mmstar_000606,test,mmstar,128,True,True,gray|irrelevant,False,False,True,False,False,False,0011,256,True
fastv,mmstar_000606,test,mmstar,256,True,True,gray|irrelevant,True,True,True,True,True,True,0011,256,True
fastv,mmstar_000606,test,mmstar,432,True,True,gray|irrelevant,True,True,True,True,True,True,0011,256,True
fastv,mmstar_000610,test,mmstar,64,False,True,gray|irrelevant,True,False,False,False,False,,0011,256,True
fastv,mmstar_000610,test,mmstar,128,False,True,gray|irrelevant,True,False,False,False,False,,0011,256,True
fastv,mmstar_000610,test,mmstar,256,False,True,gray|irrelevant,True,True,True,True,True,,0011,256,True
fastv,mmstar_000610,test,mmstar,432,False,True,gray|irrelevant,True,True,True,True,True,,0011,256,True
fastv,mmstar_000611,validation,mmstar,64,True,False,,True,True,True,True,True,,1111,64,True
fastv,mmstar_000611,validation,mmstar,128,True,False,,True,True,True,True,True,,1111,64,True
fastv,mmstar_000611,validation,mmstar,256,True,False,,True,True,True,True,True,,1111,64,True
fastv,mmstar_000611,validation,mmstar,432,True,False,,True,True,True,True,True,,1111,64,True
fastv,mmstar_000612,test,mmstar,64,False,False,,True,True,True,True,True,,1111,64,True
fastv,mmstar_000612,test,mmstar,128,False,False,,True,True,True,True,True,,1111,64,True
fastv,mmstar_000612,test,mmstar,256,False,False,,True,True,True,True,True,,1111,64,True
fastv,mmstar_000612,test,mmstar,432,False,False,,True,True,True,True,True,,1111,64,True
fastv,mmstar_000618,validation,mmstar,64,False,True,gray|irrelevant,True,True,True,True,True,,1111,64,True
fastv,mmstar_000618,validation,mmstar,128,False,True,gray|irrelevant,True,True,True,True,True,,1111,64,True
fastv,mmstar_000618,validation,mmstar,256,False,True,gray|irrelevant,True,True,True,True,True,,1111,64,True
fastv,mmstar_000618,validation,mmstar,432,False,True,gray|irrelevant,True,True,True,True,True,,1111,64,True
fastv,mmstar_000620,test,mmstar,64,True,True,irrelevant,True,False,False,False,False,False,0010,256,False
fastv,mmstar_000620,test,mmstar,128,True,True,irrelevant,True,False,False,False,False,False,0010,256,False
fastv,mmstar_000620,test,mmstar,256,True,True,irrelevant,True,True,True,True,True,True,0010,256,False
fastv,mmstar_000620,test,mmstar,432,True,True,irrelevant,False,False,True,False,False,False,0010,256,False
fastv,mmstar_000621,validation,mmstar,64,True,False,,True,True,True,True,True,,1111,64,True
fastv,mmstar_000621,validation,mmstar,128,True,False,,True,True,True,True,True,,1111,64,True
fastv,mmstar_000621,validation,mmstar,256,True,False,,True,True,True,True,True,,1111,64,True
fastv,mmstar_000621,validation,mmstar,432,True,False,,True,True,True,True,True,,1111,64,True
fastv,mmstar_000625,test,mmstar,64,False,False,,True,True,True,True,True,,1111,64,True
fastv,mmstar_000625,test,mmstar,128,False,False,,True,True,True,True,True,,1111,64,True
fastv,mmstar_000625,test,mmstar,256,False,False,,True,True,True,True,True,,1111,64,True
fastv,mmstar_000625,test,mmstar,432,False,False,,True,True,True,True,True,,1111,64,True
fastv,mmstar_000630,test,mmstar,64,True,False,,True,True,True,True,True,,1111,64,True
fastv,mmstar_000630,test,mmstar,128,True,False,,True,True,True,True,True,,1111,64,True
fastv,mmstar_000630,test,mmstar,256,True,False,,True,True,True,True,True,,1111,64,True
fastv,mmstar_000630,test,mmstar,432,True,False,,True,True,True,True,True,,1111,64,True
fastv,mmstar_000637,validation,mmstar,64,True,False,,True,True,True,True,True,,1111,64,True
fastv,mmstar_000637,validation,mmstar,128,True,False,,True,True,True,True,True,,1111,64,True
fastv,mmstar_000637,validation,mmstar,256,True,False,,True,True,True,True,True,,1111,64,True
fastv,mmstar_000637,validation,mmstar,432,True,False,,True,True,True,True,True,,1111,64,True
fastv,mmstar_000641,test,mmstar,64,False,False,,True,True,True,True,True,,1111,64,True
fastv,mmstar_000641,test,mmstar,128,False,False,,True,True,True,True,True,,1111,64,True
fastv,mmstar_000641,test,mmstar,256,False,False,,True,True,True,True,True,,1111,64,True
fastv,mmstar_000641,test,mmstar,432,False,False,,True,True,True,True,True,,1111,64,True
fastv,mmstar_000645,validation,mmstar,64,True,False,,True,True,True,True,True,,1111,64,True
fastv,mmstar_000645,validation,mmstar,128,True,False,,True,True,True,True,True,,1111,64,True
fastv,mmstar_000645,validation,mmstar,256,True,False,,True,True,True,True,True,,1111,64,True
fastv,mmstar_000645,validation,mmstar,432,True,False,,True,True,True,True,True,,1111,64,True
fastv,mmstar_000647,test,mmstar,64,False,False,,True,True,True,True,True,,1111,64,True
fastv,mmstar_000647,test,mmstar,128,False,False,,True,True,True,True,True,,1111,64,True
fastv,mmstar_000647,test,mmstar,256,False,False,,True,True,True,True,True,,1111,64,True
fastv,mmstar_000647,test,mmstar,432,False,False,,True,True,True,True,True,,1111,64,True
fastv,mmstar_000649,test,mmstar,64,False,False,,True,True,True,True,True,,1111,64,True
fastv,mmstar_000649,test,mmstar,128,False,False,,True,True,True,True,True,,1111,64,True
fastv,mmstar_000649,test,mmstar,256,False,False,,True,True,True,True,True,,1111,64,True
fastv,mmstar_000649,test,mmstar,432,False,False,,True,True,True,True,True,,1111,64,True
fastv,mmstar_000651,validation,mmstar,64,False,False,,True,True,True,True,True,,1111,64,True
fastv,mmstar_000651,validation,mmstar,128,False,False,,True,True,True,True,True,,1111,64,True
fastv,mmstar_000651,validation,mmstar,256,False,False,,True,True,True,True,True,,1111,64,True
fastv,mmstar_000651,validation,mmstar,432,False,False,,True,True,True,True,True,,1111,64,True
fastv,mmstar_000654,test,mmstar,64,True,True,gray|blur|irrelevant,True,True,True,True,True,True,1111,64,True
fastv,mmstar_000654,test,mmstar,128,True,True,gray|blur|irrelevant,True,True,True,True,True,True,1111,64,True
fastv,mmstar_000654,test,mmstar,256,True,True,gray|blur|irrelevant,True,True,True,True,True,True,1111,64,True
fastv,mmstar_000654,test,mmstar,432,True,True,gray|blur|irrelevant,True,True,True,True,True,True,1111,64,True
fastv,mmstar_000655,test,mmstar,64,False,True,irrelevant,True,True,True,True,True,,1111,64,True
fastv,mmstar_000655,test,mmstar,128,False,True,irrelevant,True,True,True,True,True,,1111,64,True
fastv,mmstar_000655,test,mmstar,256,False,True,irrelevant,True,True,True,True,True,,1111,64,True
fastv,mmstar_000655,test,mmstar,432,False,True,irrelevant,True,True,True,True,True,,1111,64,True
fastv,mmstar_000656,test,mmstar,64,False,True,gray|blur|irrelevant,True,False,False,False,False,,0000,full,True
fastv,mmstar_000656,test,mmstar,128,False,True,gray|blur|irrelevant,True,False,False,False,False,,0000,full,True
fastv,mmstar_000656,test,mmstar,256,False,True,gray|blur|irrelevant,True,False,False,False,False,,0000,full,True
fastv,mmstar_000656,test,mmstar,432,False,True,gray|blur|irrelevant,True,True,False,True,False,,0000,full,True
fastv,mmstar_000660,validation,mmstar,64,True,False,,True,True,True,True,True,,1111,64,True
fastv,mmstar_000660,validation,mmstar,128,True,False,,True,True,True,True,True,,1111,64,True
fastv,mmstar_000660,validation,mmstar,256,True,False,,True,True,True,True,True,,1111,64,True
fastv,mmstar_000660,validation,mmstar,432,True,False,,True,True,True,True,True,,1111,64,True
fastv,mmstar_000661,test,mmstar,64,True,True,gray|irrelevant,True,True,True,True,True,True,1111,64,True
fastv,mmstar_000661,test,mmstar,128,True,True,gray|irrelevant,True,True,True,True,True,True,1111,64,True
fastv,mmstar_000661,test,mmstar,256,True,True,gray|irrelevant,True,True,True,True,True,True,1111,64,True
fastv,mmstar_000661,test,mmstar,432,True,True,gray|irrelevant,True,True,True,True,True,True,1111,64,True
fastv,mmstar_000671,test,mmstar,64,False,False,,True,True,True,True,True,,1111,64,True
fastv,mmstar_000671,test,mmstar,128,False,False,,True,True,True,True,True,,1111,64,True
fastv,mmstar_000671,test,mmstar,256,False,False,,True,True,True,True,True,,1111,64,True
fastv,mmstar_000671,test,mmstar,432,False,False,,True,True,True,True,True,,1111,64,True
fastv,mmstar_000676,test,mmstar,64,True,False,,True,True,True,True,True,,1111,64,True
fastv,mmstar_000676,test,mmstar,128,True,False,,True,True,True,True,True,,1111,64,True
fastv,mmstar_000676,test,mmstar,256,True,False,,True,True,True,True,True,,1111,64,True
fastv,mmstar_000676,test,mmstar,432,True,False,,True,True,True,True,True,,1111,64,True
fastv,mmstar_000678,test,mmstar,64,True,True,gray,False,True,False,False,False,False,0001,432,True
fastv,mmstar_000678,test,mmstar,128,True,True,gray,False,True,False,False,False,False,0001,432,True
fastv,mmstar_000678,test,mmstar,256,True,True,gray,False,False,True,False,False,False,0001,432,True
fastv,mmstar_000678,test,mmstar,432,True,True,gray,True,True,True,True,True,True,0001,432,True
fastv,mmstar_000686,test,mmstar,64,False,True,gray|irrelevant,True,True,False,True,False,,0011,256,True
fastv,mmstar_000686,test,mmstar,128,False,True,gray|irrelevant,True,True,False,True,False,,0011,256,True
fastv,mmstar_000686,test,mmstar,256,False,True,gray|irrelevant,True,True,True,True,True,,0011,256,True
fastv,mmstar_000686,test,mmstar,432,False,True,gray|irrelevant,True,True,True,True,True,,0011,256,True
fastv,mmstar_000688,test,mmstar,64,False,True,gray,False,False,True,False,False,,0011,256,True
fastv,mmstar_000688,test,mmstar,128,False,True,gray,False,False,True,False,False,,0011,256,True
fastv,mmstar_000688,test,mmstar,256,False,True,gray,True,True,True,True,True,,0011,256,True
fastv,mmstar_000688,test,mmstar,432,False,True,gray,True,True,True,True,True,,0011,256,True
fastv,mmstar_000697,test,mmstar,64,True,True,gray,True,True,True,True,True,True,1111,64,True
fastv,mmstar_000697,test,mmstar,128,True,True,gray,True,True,True,True,True,True,1111,64,True
fastv,mmstar_000697,test,mmstar,256,True,True,gray,True,True,True,True,True,True,1111,64,True
fastv,mmstar_000697,test,mmstar,432,True,True,gray,True,True,True,True,True,True,1111,64,True
fastv,mmstar_000699,validation,mmstar,64,True,False,,True,True,True,True,True,,1111,64,True
fastv,mmstar_000699,validation,mmstar,128,True,False,,True,True,True,True,True,,1111,64,True
fastv,mmstar_000699,validation,mmstar,256,True,False,,True,True,True,True,True,,1111,64,True
fastv,mmstar_000699,validation,mmstar,432,True,False,,True,True,True,True,True,,1111,64,True
fastv,mmstar_000709,test,mmstar,64,True,True,gray|blur,False,False,True,False,False,False,0111,128,True
fastv,mmstar_000709,test,mmstar,128,True,True,gray|blur,True,True,True,True,True,True,0111,128,True
fastv,mmstar_000709,test,mmstar,256,True,True,gray|blur,True,True,True,True,True,True,0111,128,True
fastv,mmstar_000709,test,mmstar,432,True,True,gray|blur,True,True,True,True,True,True,0111,128,True
fastv,mmstar_000710,test,mmstar,64,True,True,gray|irrelevant,True,True,True,True,True,True,1111,64,True
fastv,mmstar_000710,test,mmstar,128,True,True,gray|irrelevant,True,True,True,True,True,True,1111,64,True
fastv,mmstar_000710,test,mmstar,256,True,True,gray|irrelevant,True,True,True,True,True,True,1111,64,True
fastv,mmstar_000710,test,mmstar,432,True,True,gray|irrelevant,True,True,True,True,True,True,1111,64,True
fastv,mmstar_000714,test,mmstar,64,True,True,gray|blur|irrelevant,False,False,True,False,False,False,0111,128,True
fastv,mmstar_000714,test,mmstar,128,True,True,gray|blur|irrelevant,True,True,True,True,True,True,0111,128,True
fastv,mmstar_000714,test,mmstar,256,True,True,gray|blur|irrelevant,True,True,True,True,True,True,0111,128,True
fastv,mmstar_000714,test,mmstar,432,True,True,gray|blur|irrelevant,True,True,True,True,True,True,0111,128,True
fastv,mmstar_000715,test,mmstar,64,True,True,gray|blur|irrelevant,True,True,True,True,True,True,1111,64,True
fastv,mmstar_000715,test,mmstar,128,True,True,gray|blur|irrelevant,True,True,True,True,True,True,1111,64,True
fastv,mmstar_000715,test,mmstar,256,True,True,gray|blur|irrelevant,True,True,True,True,True,True,1111,64,True
fastv,mmstar_000715,test,mmstar,432,True,True,gray|blur|irrelevant,True,True,True,True,True,True,1111,64,True
fastv,mmstar_000718,test,mmstar,64,True,True,gray|irrelevant,True,True,True,True,True,True,1111,64,True
fastv,mmstar_000718,test,mmstar,128,True,True,gray|irrelevant,True,True,True,True,True,True,1111,64,True
fastv,mmstar_000718,test,mmstar,256,True,True,gray|irrelevant,True,True,True,True,True,True,1111,64,True
fastv,mmstar_000718,test,mmstar,432,True,True,gray|irrelevant,True,True,True,True,True,True,1111,64,True
fastv,mmstar_000724,test,mmstar,64,True,True,gray|irrelevant,True,True,True,True,True,True,1111,64,True
fastv,mmstar_000724,test,mmstar,128,True,True,gray|irrelevant,True,True,True,True,True,True,1111,64,True
fastv,mmstar_000724,test,mmstar,256,True,True,gray|irrelevant,True,True,True,True,True,True,1111,64,True
fastv,mmstar_000724,test,mmstar,432,True,True,gray|irrelevant,True,True,True,True,True,True,1111,64,True
fastv,mmstar_000727,test,mmstar,64,True,True,gray|irrelevant,True,True,True,True,True,True,1111,64,True
fastv,mmstar_000727,test,mmstar,128,True,True,gray|irrelevant,True,True,True,True,True,True,1111,64,True
fastv,mmstar_000727,test,mmstar,256,True,True,gray|irrelevant,True,True,True,True,True,True,1111,64,True
fastv,mmstar_000727,test,mmstar,432,True,True,gray|irrelevant,True,True,True,True,True,True,1111,64,True
fastv,mmstar_000729,test,mmstar,64,True,True,gray|blur|irrelevant,True,True,True,True,True,True,1111,64,True
fastv,mmstar_000729,test,mmstar,128,True,True,gray|blur|irrelevant,True,True,True,True,True,True,1111,64,True
fastv,mmstar_000729,test,mmstar,256,True,True,gray|blur|irrelevant,True,True,True,True,True,True,1111,64,True
fastv,mmstar_000729,test,mmstar,432,True,True,gray|blur|irrelevant,True,True,True,True,True,True,1111,64,True
fastv,mmstar_000735,test,mmstar,64,True,True,gray|blur|irrelevant,False,False,False,False,False,False,0111,128,True
fastv,mmstar_000735,test,mmstar,128,True,True,gray|blur|irrelevant,True,True,True,True,True,True,0111,128,True
fastv,mmstar_000735,test,mmstar,256,True,True,gray|blur|irrelevant,True,True,True,True,True,True,0111,128,True
fastv,mmstar_000735,test,mmstar,432,True,True,gray|blur|irrelevant,True,True,True,True,True,True,0111,128,True
fastv,mmstar_000737,test,mmstar,64,False,True,gray|irrelevant,True,True,True,True,True,,1111,64,True
fastv,mmstar_000737,test,mmstar,128,False,True,gray|irrelevant,True,True,True,True,True,,1111,64,True
fastv,mmstar_000737,test,mmstar,256,False,True,gray|irrelevant,True,True,True,True,True,,1111,64,True
fastv,mmstar_000737,test,mmstar,432,False,True,gray|irrelevant,True,True,True,True,True,,1111,64,True
fastv,mmstar_000743,test,mmstar,64,True,False,,True,True,True,True,True,,1111,64,True
fastv,mmstar_000743,test,mmstar,128,True,False,,True,True,True,True,True,,1111,64,True
fastv,mmstar_000743,test,mmstar,256,True,False,,True,True,True,True,True,,1111,64,True
fastv,mmstar_000743,test,mmstar,432,True,False,,True,True,True,True,True,,1111,64,True
fastv,mmstar_000744,test,mmstar,64,False,False,,True,True,True,True,True,,1111,64,True
fastv,mmstar_000744,test,mmstar,128,False,False,,True,True,True,True,True,,1111,64,True
fastv,mmstar_000744,test,mmstar,256,False,False,,True,True,True,True,True,,1111,64,True
fastv,mmstar_000744,test,mmstar,432,False,False,,True,True,True,True,True,,1111,64,True
fastv,mmstar_000750,test,mmstar,64,False,True,gray,True,True,True,True,True,,1111,64,True
fastv,mmstar_000750,test,mmstar,128,False,True,gray,True,True,True,True,True,,1111,64,True
fastv,mmstar_000750,test,mmstar,256,False,True,gray,True,True,True,True,True,,1111,64,True
fastv,mmstar_000750,test,mmstar,432,False,True,gray,True,True,True,True,True,,1111,64,True
fastv,mmstar_000752,test,mmstar,64,False,True,gray|irrelevant,True,False,False,False,False,,0011,256,True
fastv,mmstar_000752,test,mmstar,128,False,True,gray|irrelevant,True,True,False,True,False,,0011,256,True
fastv,mmstar_000752,test,mmstar,256,False,True,gray|irrelevant,True,True,True,True,True,,0011,256,True
fastv,mmstar_000752,test,mmstar,432,False,True,gray|irrelevant,True,True,True,True,True,,0011,256,True
fastv,mmstar_000756,test,mmstar,64,False,False,,True,True,True,True,True,,1111,64,True
fastv,mmstar_000756,test,mmstar,128,False,False,,True,True,True,True,True,,1111,64,True
fastv,mmstar_000756,test,mmstar,256,False,False,,True,True,True,True,True,,1111,64,True
fastv,mmstar_000756,test,mmstar,432,False,False,,True,True,True,True,True,,1111,64,True
fastv,mmstar_000758,test,mmstar,64,False,True,irrelevant,True,False,False,False,False,,0000,full,True
fastv,mmstar_000758,test,mmstar,128,False,True,irrelevant,True,False,False,False,False,,0000,full,True
fastv,mmstar_000758,test,mmstar,256,False,True,irrelevant,True,False,False,False,False,,0000,full,True
fastv,mmstar_000758,test,mmstar,432,False,True,irrelevant,True,False,False,False,False,,0000,full,True
fastv,mmstar_000764,test,mmstar,64,True,False,,True,True,True,True,True,,1111,64,True
fastv,mmstar_000764,test,mmstar,128,True,False,,True,True,True,True,True,,1111,64,True
fastv,mmstar_000764,test,mmstar,256,True,False,,True,True,True,True,True,,1111,64,True
fastv,mmstar_000764,test,mmstar,432,True,False,,True,True,True,True,True,,1111,64,True
fastv,mmstar_000765,test,mmstar,64,False,False,,True,True,True,True,True,,1111,64,True
fastv,mmstar_000765,test,mmstar,128,False,False,,True,True,True,True,True,,1111,64,True
fastv,mmstar_000765,test,mmstar,256,False,False,,True,True,True,True,True,,1111,64,True
fastv,mmstar_000765,test,mmstar,432,False,False,,True,True,True,True,True,,1111,64,True
fastv,mmstar_000766,test,mmstar,64,False,True,gray|blur|irrelevant,False,False,True,False,False,,0001,432,True
fastv,mmstar_000766,test,mmstar,128,False,True,gray|blur|irrelevant,False,False,True,False,False,,0001,432,True
fastv,mmstar_000766,test,mmstar,256,False,True,gray|blur|irrelevant,False,False,True,False,False,,0001,432,True
fastv,mmstar_000766,test,mmstar,432,False,True,gray|blur|irrelevant,True,True,True,True,True,,0001,432,True
fastv,mmstar_000767,test,mmstar,64,False,True,gray,True,True,True,True,True,,1111,64,True
fastv,mmstar_000767,test,mmstar,128,False,True,gray,True,True,True,True,True,,1111,64,True
fastv,mmstar_000767,test,mmstar,256,False,True,gray,True,True,True,True,True,,1111,64,True
fastv,mmstar_000767,test,mmstar,432,False,True,gray,True,True,True,True,True,,1111,64,True
fastv,mmstar_000768,test,mmstar,64,False,True,gray|blur|irrelevant,False,True,False,False,False,,0001,432,True
fastv,mmstar_000768,test,mmstar,128,False,True,gray|blur|irrelevant,False,True,False,False,False,,0001,432,True
fastv,mmstar_000768,test,mmstar,256,False,True,gray|blur|irrelevant,False,True,False,False,False,,0001,432,True
fastv,mmstar_000768,test,mmstar,432,False,True,gray|blur|irrelevant,True,True,True,True,True,,0001,432,True
fastv,mmstar_000773,test,mmstar,64,False,False,,True,True,True,True,True,,1111,64,True
fastv,mmstar_000773,test,mmstar,128,False,False,,True,True,True,True,True,,1111,64,True
fastv,mmstar_000773,test,mmstar,256,False,False,,True,True,True,True,True,,1111,64,True
fastv,mmstar_000773,test,mmstar,432,False,False,,True,True,True,True,True,,1111,64,True
fastv,mmstar_000774,test,mmstar,64,False,False,,True,True,True,True,True,,1111,64,True
fastv,mmstar_000774,test,mmstar,128,False,False,,True,True,True,True,True,,1111,64,True
fastv,mmstar_000774,test,mmstar,256,False,False,,True,True,True,True,True,,1111,64,True
fastv,mmstar_000774,test,mmstar,432,False,False,,True,True,True,True,True,,1111,64,True
fastv,mmstar_000775,test,mmstar,64,True,False,,True,True,True,True,True,,1111,64,True
fastv,mmstar_000775,test,mmstar,128,True,False,,True,True,True,True,True,,1111,64,True
fastv,mmstar_000775,test,mmstar,256,True,False,,True,True,True,True,True,,1111,64,True
fastv,mmstar_000775,test,mmstar,432,True,False,,True,True,True,True,True,,1111,64,True
fastv,mmstar_000781,test,mmstar,64,True,False,,True,True,True,True,True,,1111,64,True
fastv,mmstar_000781,test,mmstar,128,True,False,,True,True,True,True,True,,1111,64,True
fastv,mmstar_000781,test,mmstar,256,True,False,,True,True,True,True,True,,1111,64,True
fastv,mmstar_000781,test,mmstar,432,True,False,,True,True,True,True,True,,1111,64,True
fastv,mmstar_000785,validation,mmstar,64,False,False,,True,True,True,True,True,,1111,64,True
fastv,mmstar_000785,validation,mmstar,128,False,False,,True,True,True,True,True,,1111,64,True
fastv,mmstar_000785,validation,mmstar,256,False,False,,True,True,True,True,True,,1111,64,True
fastv,mmstar_000785,validation,mmstar,432,False,False,,True,True,True,True,True,,1111,64,True
fastv,mmstar_000787,test,mmstar,64,False,False,,True,True,True,True,True,,1111,64,True
fastv,mmstar_000787,test,mmstar,128,False,False,,True,True,True,True,True,,1111,64,True
fastv,mmstar_000787,test,mmstar,256,False,False,,True,True,True,True,True,,1111,64,True
fastv,mmstar_000787,test,mmstar,432,False,False,,True,True,True,True,True,,1111,64,True
fastv,mmstar_000793,validation,mmstar,64,False,False,,True,True,True,True,True,,1111,64,True
fastv,mmstar_000793,validation,mmstar,128,False,False,,True,True,True,True,True,,1111,64,True
fastv,mmstar_000793,validation,mmstar,256,False,False,,True,True,True,True,True,,1111,64,True
fastv,mmstar_000793,validation,mmstar,432,False,False,,True,True,True,True,True,,1111,64,True
fastv,mmstar_000799,test,mmstar,64,False,False,,True,True,True,True,True,,1111,64,True
fastv,mmstar_000799,test,mmstar,128,False,False,,True,True,True,True,True,,1111,64,True
fastv,mmstar_000799,test,mmstar,256,False,False,,True,True,True,True,True,,1111,64,True
fastv,mmstar_000799,test,mmstar,432,False,False,,True,True,True,True,True,,1111,64,True
fastv,mmstar_000800,test,mmstar,64,False,True,irrelevant,True,False,False,False,False,,0111,128,True
fastv,mmstar_000800,test,mmstar,128,False,True,irrelevant,True,True,True,True,True,,0111,128,True
fastv,mmstar_000800,test,mmstar,256,False,True,irrelevant,True,True,True,True,True,,0111,128,True
fastv,mmstar_000800,test,mmstar,432,False,True,irrelevant,True,True,True,True,True,,0111,128,True
fastv,mmstar_000801,validation,mmstar,64,False,False,,True,True,True,True,True,,1111,64,True
fastv,mmstar_000801,validation,mmstar,128,False,False,,True,True,True,True,True,,1111,64,True
fastv,mmstar_000801,validation,mmstar,256,False,False,,True,True,True,True,True,,1111,64,True
fastv,mmstar_000801,validation,mmstar,432,False,False,,True,True,True,True,True,,1111,64,True
fastv,mmstar_000802,test,mmstar,64,False,False,,True,True,True,True,True,,1111,64,True
fastv,mmstar_000802,test,mmstar,128,False,False,,True,True,True,True,True,,1111,64,True
fastv,mmstar_000802,test,mmstar,256,False,False,,True,True,True,True,True,,1111,64,True
fastv,mmstar_000802,test,mmstar,432,False,False,,True,True,True,True,True,,1111,64,True
fastv,mmstar_000812,test,mmstar,64,True,True,gray,True,True,True,True,True,True,1001,64,False
fastv,mmstar_000812,test,mmstar,128,True,True,gray,True,False,False,False,False,False,1001,64,False
fastv,mmstar_000812,test,mmstar,256,True,True,gray,True,False,False,False,False,False,1001,64,False
fastv,mmstar_000812,test,mmstar,432,True,True,gray,True,True,True,True,True,True,1001,64,False
fastv,mmstar_000816,test,mmstar,64,True,False,,True,True,True,True,True,,1111,64,True
fastv,mmstar_000816,test,mmstar,128,True,False,,True,True,True,True,True,,1111,64,True
fastv,mmstar_000816,test,mmstar,256,True,False,,True,True,True,True,True,,1111,64,True
fastv,mmstar_000816,test,mmstar,432,True,False,,True,True,True,True,True,,1111,64,True
fastv,mmstar_000817,test,mmstar,64,False,False,,True,True,True,True,True,,1111,64,True
fastv,mmstar_000817,test,mmstar,128,False,False,,True,True,True,True,True,,1111,64,True
fastv,mmstar_000817,test,mmstar,256,False,False,,True,True,True,True,True,,1111,64,True
fastv,mmstar_000817,test,mmstar,432,False,False,,True,True,True,True,True,,1111,64,True
fastv,mmstar_000818,validation,mmstar,64,False,False,,True,True,True,True,True,,1111,64,True
fastv,mmstar_000818,validation,mmstar,128,False,False,,True,True,True,True,True,,1111,64,True
fastv,mmstar_000818,validation,mmstar,256,False,False,,True,True,True,True,True,,1111,64,True
fastv,mmstar_000818,validation,mmstar,432,False,False,,True,True,True,True,True,,1111,64,True
fastv,mmstar_000819,test,mmstar,64,True,True,gray|blur|irrelevant,True,True,False,True,False,False,0011,256,True
fastv,mmstar_000819,test,mmstar,128,True,True,gray|blur|irrelevant,True,True,False,True,False,False,0011,256,True
fastv,mmstar_000819,test,mmstar,256,True,True,gray|blur|irrelevant,True,True,True,True,True,True,0011,256,True
fastv,mmstar_000819,test,mmstar,432,True,True,gray|blur|irrelevant,True,True,True,True,True,True,0011,256,True
fastv,mmstar_000821,test,mmstar,64,False,True,blur,False,False,True,False,False,,0111,128,True
fastv,mmstar_000821,test,mmstar,128,False,True,blur,True,True,True,True,True,,0111,128,True
fastv,mmstar_000821,test,mmstar,256,False,True,blur,True,True,True,True,True,,0111,128,True
fastv,mmstar_000821,test,mmstar,432,False,True,blur,True,True,True,True,True,,0111,128,True
fastv,mmstar_000826,test,mmstar,64,False,True,gray,True,True,False,True,False,,0011,256,True
fastv,mmstar_000826,test,mmstar,128,False,True,gray,True,True,False,True,False,,0011,256,True
fastv,mmstar_000826,test,mmstar,256,False,True,gray,True,True,True,True,True,,0011,256,True
fastv,mmstar_000826,test,mmstar,432,False,True,gray,True,True,True,True,True,,0011,256,True
fastv,mmstar_000830,validation,mmstar,64,True,True,gray|blur|irrelevant,False,False,True,False,False,False,0111,128,True
fastv,mmstar_000830,validation,mmstar,128,True,True,gray|blur|irrelevant,True,True,True,True,True,True,0111,128,True
fastv,mmstar_000830,validation,mmstar,256,True,True,gray|blur|irrelevant,True,True,True,True,True,True,0111,128,True
fastv,mmstar_000830,validation,mmstar,432,True,True,gray|blur|irrelevant,True,True,True,True,True,True,0111,128,True
fastv,mmstar_000832,test,mmstar,64,False,True,gray|irrelevant,True,True,True,True,True,,1111,64,True
fastv,mmstar_000832,test,mmstar,128,False,True,gray|irrelevant,True,True,True,True,True,,1111,64,True
fastv,mmstar_000832,test,mmstar,256,False,True,gray|irrelevant,True,True,True,True,True,,1111,64,True
fastv,mmstar_000832,test,mmstar,432,False,True,gray|irrelevant,True,True,True,True,True,,1111,64,True
fastv,mmstar_000839,test,mmstar,64,False,True,gray|blur|irrelevant,False,True,True,False,False,,0111,128,True
fastv,mmstar_000839,test,mmstar,128,False,True,gray|blur|irrelevant,True,True,True,True,True,,0111,128,True
fastv,mmstar_000839,test,mmstar,256,False,True,gray|blur|irrelevant,True,True,True,True,True,,0111,128,True
fastv,mmstar_000839,test,mmstar,432,False,True,gray|blur|irrelevant,True,True,True,True,True,,0111,128,True
fastv,mmstar_000853,test,mmstar,64,True,False,,True,True,True,True,True,,1111,64,True
fastv,mmstar_000853,test,mmstar,128,True,False,,True,True,True,True,True,,1111,64,True
fastv,mmstar_000853,test,mmstar,256,True,False,,True,True,True,True,True,,1111,64,True
fastv,mmstar_000853,test,mmstar,432,True,False,,True,True,True,True,True,,1111,64,True
fastv,mmstar_000855,test,mmstar,64,False,False,,True,True,True,True,True,,1111,64,True
fastv,mmstar_000855,test,mmstar,128,False,False,,True,True,True,True,True,,1111,64,True
fastv,mmstar_000855,test,mmstar,256,False,False,,True,True,True,True,True,,1111,64,True
fastv,mmstar_000855,test,mmstar,432,False,False,,True,True,True,True,True,,1111,64,True
fastv,mmstar_000856,test,mmstar,64,True,True,gray,False,False,True,False,False,False,0011,256,True
fastv,mmstar_000856,test,mmstar,128,True,True,gray,False,False,True,False,False,False,0011,256,True
fastv,mmstar_000856,test,mmstar,256,True,True,gray,True,True,True,True,True,True,0011,256,True
fastv,mmstar_000856,test,mmstar,432,True,True,gray,True,True,True,True,True,True,0011,256,True
fastv,mmstar_000861,validation,mmstar,64,True,False,,True,True,True,True,True,,1111,64,True
fastv,mmstar_000861,validation,mmstar,128,True,False,,True,True,True,True,True,,1111,64,True
fastv,mmstar_000861,validation,mmstar,256,True,False,,True,True,True,True,True,,1111,64,True
fastv,mmstar_000861,validation,mmstar,432,True,False,,True,True,True,True,True,,1111,64,True
fastv,mmstar_000871,validation,mmstar,64,True,True,gray,False,True,False,False,False,False,0111,128,True
fastv,mmstar_000871,validation,mmstar,128,True,True,gray,True,True,True,True,True,True,0111,128,True
fastv,mmstar_000871,validation,mmstar,256,True,True,gray,True,True,True,True,True,True,0111,128,True
fastv,mmstar_000871,validation,mmstar,432,True,True,gray,True,True,True,True,True,True,0111,128,True
fastv,mmstar_000877,test,mmstar,64,False,False,,True,True,True,True,True,,1111,64,True
fastv,mmstar_000877,test,mmstar,128,False,False,,True,True,True,True,True,,1111,64,True
fastv,mmstar_000877,test,mmstar,256,False,False,,True,True,True,True,True,,1111,64,True
fastv,mmstar_000877,test,mmstar,432,False,False,,True,True,True,True,True,,1111,64,True
fastv,mmstar_000890,test,mmstar,64,True,True,gray|irrelevant,True,True,True,True,True,True,1111,64,True
fastv,mmstar_000890,test,mmstar,128,True,True,gray|irrelevant,True,True,True,True,True,True,1111,64,True
fastv,mmstar_000890,test,mmstar,256,True,True,gray|irrelevant,True,True,True,True,True,True,1111,64,True
fastv,mmstar_000890,test,mmstar,432,True,True,gray|irrelevant,True,True,True,True,True,True,1111,64,True
fastv,mmstar_000891,test,mmstar,64,False,True,gray|irrelevant,True,True,True,True,True,,1111,64,True
fastv,mmstar_000891,test,mmstar,128,False,True,gray|irrelevant,True,True,True,True,True,,1111,64,True
fastv,mmstar_000891,test,mmstar,256,False,True,gray|irrelevant,True,True,True,True,True,,1111,64,True
fastv,mmstar_000891,test,mmstar,432,False,True,gray|irrelevant,True,True,True,True,True,,1111,64,True
fastv,mmstar_000892,test,mmstar,64,False,True,gray|blur|irrelevant,False,True,True,False,False,,0011,256,True
fastv,mmstar_000892,test,mmstar,128,False,True,gray|blur|irrelevant,False,False,True,False,False,,0011,256,True
fastv,mmstar_000892,test,mmstar,256,False,True,gray|blur|irrelevant,True,True,True,True,True,,0011,256,True
fastv,mmstar_000892,test,mmstar,432,False,True,gray|blur|irrelevant,True,True,True,True,True,,0011,256,True
fastv,mmstar_000895,validation,mmstar,64,False,False,,False,True,True,False,False,,0111,128,True
fastv,mmstar_000895,validation,mmstar,128,False,False,,True,True,True,True,True,,0111,128,True
fastv,mmstar_000895,validation,mmstar,256,False,False,,True,True,True,True,True,,0111,128,True
fastv,mmstar_000895,validation,mmstar,432,False,False,,True,True,True,True,True,,0111,128,True
fastv,mmstar_000896,validation,mmstar,64,True,True,gray,True,True,False,True,False,False,0111,128,True
fastv,mmstar_000896,validation,mmstar,128,True,True,gray,True,True,True,True,True,True,0111,128,True
fastv,mmstar_000896,validation,mmstar,256,True,True,gray,True,True,True,True,True,True,0111,128,True
fastv,mmstar_000896,validation,mmstar,432,True,True,gray,True,True,True,True,True,True,0111,128,True
fastv,mmstar_000898,test,mmstar,64,False,False,,False,True,True,False,False,,0101,128,False
fastv,mmstar_000898,test,mmstar,128,False,False,,True,True,True,True,True,,0101,128,False
fastv,mmstar_000898,test,mmstar,256,False,False,,False,True,True,False,False,,0101,128,False
fastv,mmstar_000898,test,mmstar,432,False,False,,True,True,True,True,True,,0101,128,False
fastv,mmstar_000899,test,mmstar,64,True,False,,True,True,True,True,True,,1111,64,True
fastv,mmstar_000899,test,mmstar,128,True,False,,True,True,True,True,True,,1111,64,True
fastv,mmstar_000899,test,mmstar,256,True,False,,True,True,True,True,True,,1111,64,True
fastv,mmstar_000899,test,mmstar,432,True,False,,True,True,True,True,True,,1111,64,True
fastv,mmstar_000903,test,mmstar,64,False,False,,True,True,True,True,True,,1111,64,True
fastv,mmstar_000903,test,mmstar,128,False,False,,True,True,True,True,True,,1111,64,True
fastv,mmstar_000903,test,mmstar,256,False,False,,True,True,True,True,True,,1111,64,True
fastv,mmstar_000903,test,mmstar,432,False,False,,True,True,True,True,True,,1111,64,True
fastv,mmstar_000908,test,mmstar,64,True,True,gray,True,False,False,False,False,False,0011,256,True
fastv,mmstar_000908,test,mmstar,128,True,True,gray,False,True,False,False,False,False,0011,256,True
fastv,mmstar_000908,test,mmstar,256,True,True,gray,True,True,True,True,True,True,0011,256,True
fastv,mmstar_000908,test,mmstar,432,True,True,gray,True,True,True,True,True,True,0011,256,True
fastv,mmstar_000916,test,mmstar,64,True,False,,True,True,True,True,True,,1111,64,True
fastv,mmstar_000916,test,mmstar,128,True,False,,True,True,True,True,True,,1111,64,True
fastv,mmstar_000916,test,mmstar,256,True,False,,True,True,True,True,True,,1111,64,True
fastv,mmstar_000916,test,mmstar,432,True,False,,True,True,True,True,True,,1111,64,True
fastv,mmstar_000921,test,mmstar,64,False,False,,True,True,True,True,True,,1111,64,True
fastv,mmstar_000921,test,mmstar,128,False,False,,True,True,True,True,True,,1111,64,True
fastv,mmstar_000921,test,mmstar,256,False,False,,True,True,True,True,True,,1111,64,True
fastv,mmstar_000921,test,mmstar,432,False,False,,True,True,True,True,True,,1111,64,True
fastv,mmstar_000931,test,mmstar,64,True,False,,True,True,True,True,True,,1111,64,True
fastv,mmstar_000931,test,mmstar,128,True,False,,True,True,True,True,True,,1111,64,True
fastv,mmstar_000931,test,mmstar,256,True,False,,True,True,True,True,True,,1111,64,True
fastv,mmstar_000931,test,mmstar,432,True,False,,True,True,True,True,True,,1111,64,True
fastv,mmstar_000935,test,mmstar,64,False,True,gray,True,True,True,True,True,,1111,64,True
fastv,mmstar_000935,test,mmstar,128,False,True,gray,True,True,True,True,True,,1111,64,True
fastv,mmstar_000935,test,mmstar,256,False,True,gray,True,True,True,True,True,,1111,64,True
fastv,mmstar_000935,test,mmstar,432,False,True,gray,True,True,True,True,True,,1111,64,True
fastv,mmstar_000949,validation,mmstar,64,False,False,,True,True,True,True,True,,1111,64,True
fastv,mmstar_000949,validation,mmstar,128,False,False,,True,True,True,True,True,,1111,64,True
fastv,mmstar_000949,validation,mmstar,256,False,False,,True,True,True,True,True,,1111,64,True
fastv,mmstar_000949,validation,mmstar,432,False,False,,True,True,True,True,True,,1111,64,True
fastv,mmstar_000955,test,mmstar,64,False,False,,True,True,True,True,True,,1111,64,True
fastv,mmstar_000955,test,mmstar,128,False,False,,True,True,True,True,True,,1111,64,True
fastv,mmstar_000955,test,mmstar,256,False,False,,True,True,True,True,True,,1111,64,True
fastv,mmstar_000955,test,mmstar,432,False,False,,True,True,True,True,True,,1111,64,True
fastv,mmstar_000956,validation,mmstar,64,True,False,,True,True,True,True,True,,1111,64,True
fastv,mmstar_000956,validation,mmstar,128,True,False,,True,True,True,True,True,,1111,64,True
fastv,mmstar_000956,validation,mmstar,256,True,False,,True,True,True,True,True,,1111,64,True
fastv,mmstar_000956,validation,mmstar,432,True,False,,True,True,True,True,True,,1111,64,True
fastv,mmstar_000961,test,mmstar,64,False,True,irrelevant,True,True,True,True,True,,1111,64,True
fastv,mmstar_000961,test,mmstar,128,False,True,irrelevant,True,True,True,True,True,,1111,64,True
fastv,mmstar_000961,test,mmstar,256,False,True,irrelevant,True,True,True,True,True,,1111,64,True
fastv,mmstar_000961,test,mmstar,432,False,True,irrelevant,True,True,True,True,True,,1111,64,True
fastv,mmstar_000965,test,mmstar,64,False,True,blur|irrelevant,True,False,False,False,False,,0011,256,True
fastv,mmstar_000965,test,mmstar,128,False,True,blur|irrelevant,True,False,False,False,False,,0011,256,True
fastv,mmstar_000965,test,mmstar,256,False,True,blur|irrelevant,True,True,True,True,True,,0011,256,True
fastv,mmstar_000965,test,mmstar,432,False,True,blur|irrelevant,True,True,True,True,True,,0011,256,True
fastv,mmstar_000966,test,mmstar,64,False,True,gray|blur|irrelevant,False,False,False,False,False,,0001,432,True
fastv,mmstar_000966,test,mmstar,128,False,True,gray|blur|irrelevant,True,False,False,False,False,,0001,432,True
fastv,mmstar_000966,test,mmstar,256,False,True,gray|blur|irrelevant,True,False,False,False,False,,0001,432,True
fastv,mmstar_000966,test,mmstar,432,False,True,gray|blur|irrelevant,True,True,True,True,True,,0001,432,True
fastv,mmstar_000968,validation,mmstar,64,True,False,,True,True,True,True,True,,1111,64,True
fastv,mmstar_000968,validation,mmstar,128,True,False,,True,True,True,True,True,,1111,64,True
fastv,mmstar_000968,validation,mmstar,256,True,False,,True,True,True,True,True,,1111,64,True
fastv,mmstar_000968,validation,mmstar,432,True,False,,True,True,True,True,True,,1111,64,True
fastv,mmstar_000973,test,mmstar,64,False,False,,True,True,True,True,True,,1111,64,True
fastv,mmstar_000973,test,mmstar,128,False,False,,True,True,True,True,True,,1111,64,True
fastv,mmstar_000973,test,mmstar,256,False,False,,True,True,True,True,True,,1111,64,True
fastv,mmstar_000973,test,mmstar,432,False,False,,True,True,True,True,True,,1111,64,True
fastv,mmstar_000977,validation,mmstar,64,False,False,,True,True,True,True,True,,1111,64,True
fastv,mmstar_000977,validation,mmstar,128,False,False,,True,True,True,True,True,,1111,64,True
fastv,mmstar_000977,validation,mmstar,256,False,False,,True,True,True,True,True,,1111,64,True
fastv,mmstar_000977,validation,mmstar,432,False,False,,True,True,True,True,True,,1111,64,True
fastv,mmstar_000980,test,mmstar,64,True,True,gray|blur,False,False,True,False,False,False,0001,432,True
fastv,mmstar_000980,test,mmstar,128,True,True,gray|blur,False,False,True,False,False,False,0001,432,True
fastv,mmstar_000980,test,mmstar,256,True,True,gray|blur,False,False,True,False,False,False,0001,432,True
fastv,mmstar_000980,test,mmstar,432,True,True,gray|blur,True,True,True,True,True,True,0001,432,True
fastv,mmstar_000981,test,mmstar,64,False,True,gray|blur|irrelevant,True,False,False,False,False,,0001,432,True
fastv,mmstar_000981,test,mmstar,128,False,True,gray|blur|irrelevant,False,False,False,False,False,,0001,432,True
fastv,mmstar_000981,test,mmstar,256,False,True,gray|blur|irrelevant,True,False,False,False,False,,0001,432,True
fastv,mmstar_000981,test,mmstar,432,False,True,gray|blur|irrelevant,True,True,True,True,True,,0001,432,True
fastv,mmstar_000982,validation,mmstar,64,False,False,,True,True,True,True,True,,1111,64,True
fastv,mmstar_000982,validation,mmstar,128,False,False,,True,True,True,True,True,,1111,64,True
fastv,mmstar_000982,validation,mmstar,256,False,False,,True,True,True,True,True,,1111,64,True
fastv,mmstar_000982,validation,mmstar,432,False,False,,True,True,True,True,True,,1111,64,True
fastv,mmstar_000983,validation,mmstar,64,False,True,gray|irrelevant,False,False,False,False,False,,0100,128,False
fastv,mmstar_000983,validation,mmstar,128,False,True,gray|irrelevant,True,True,True,True,True,,0100,128,False
fastv,mmstar_000983,validation,mmstar,256,False,True,gray|irrelevant,True,True,False,True,False,,0100,128,False
fastv,mmstar_000983,validation,mmstar,432,False,True,gray|irrelevant,True,True,False,True,False,,0100,128,False
fastv,mmstar_000984,test,mmstar,64,False,True,blur,True,False,False,False,False,,0011,256,True
fastv,mmstar_000984,test,mmstar,128,False,True,blur,True,False,False,False,False,,0011,256,True
fastv,mmstar_000984,test,mmstar,256,False,True,blur,True,True,True,True,True,,0011,256,True
fastv,mmstar_000984,test,mmstar,432,False,True,blur,True,True,True,True,True,,0011,256,True
fastv,mmstar_000985,validation,mmstar,64,False,True,gray,True,True,True,True,True,,1111,64,True
fastv,mmstar_000985,validation,mmstar,128,False,True,gray,True,True,True,True,True,,1111,64,True
fastv,mmstar_000985,validation,mmstar,256,False,True,gray,True,True,True,True,True,,1111,64,True
fastv,mmstar_000985,validation,mmstar,432,False,True,gray,True,True,True,True,True,,1111,64,True
fastv,mmstar_000986,test,mmstar,64,True,True,gray|blur|irrelevant,True,True,True,True,True,True,1111,64,True
fastv,mmstar_000986,test,mmstar,128,True,True,gray|blur|irrelevant,True,True,True,True,True,True,1111,64,True
fastv,mmstar_000986,test,mmstar,256,True,True,gray|blur|irrelevant,True,True,True,True,True,True,1111,64,True
fastv,mmstar_000986,test,mmstar,432,True,True,gray|blur|irrelevant,True,True,True,True,True,True,1111,64,True
fastv,mmstar_000989,test,mmstar,64,True,False,,True,True,True,True,True,,1111,64,True
fastv,mmstar_000989,test,mmstar,128,True,False,,True,True,True,True,True,,1111,64,True
fastv,mmstar_000989,test,mmstar,256,True,False,,True,True,True,True,True,,1111,64,True
fastv,mmstar_000989,test,mmstar,432,True,False,,True,True,True,True,True,,1111,64,True
fastv,mmstar_000992,test,mmstar,64,False,False,,True,True,True,True,True,,1111,64,True
fastv,mmstar_000992,test,mmstar,128,False,False,,True,True,True,True,True,,1111,64,True
fastv,mmstar_000992,test,mmstar,256,False,False,,True,True,True,True,True,,1111,64,True
fastv,mmstar_000992,test,mmstar,432,False,False,,True,True,True,True,True,,1111,64,True
fastv,mmstar_000999,validation,mmstar,64,False,True,gray,False,True,True,False,False,,0111,128,True
fastv,mmstar_000999,validation,mmstar,128,False,True,gray,True,True,True,True,True,,0111,128,True
fastv,mmstar_000999,validation,mmstar,256,False,True,gray,True,True,True,True,True,,0111,128,True
fastv,mmstar_000999,validation,mmstar,432,False,True,gray,True,True,True,True,True,,0111,128,True
fastv,mmstar_001008,test,mmstar,64,True,False,,True,True,True,True,True,,1111,64,True
fastv,mmstar_001008,test,mmstar,128,True,False,,True,True,True,True,True,,1111,64,True
fastv,mmstar_001008,test,mmstar,256,True,False,,True,True,True,True,True,,1111,64,True
fastv,mmstar_001008,test,mmstar,432,True,False,,True,True,True,True,True,,1111,64,True
fastv,mmstar_001009,test,mmstar,64,True,False,,True,True,True,True,True,,1111,64,True
fastv,mmstar_001009,test,mmstar,128,True,False,,True,True,True,True,True,,1111,64,True
fastv,mmstar_001009,test,mmstar,256,True,False,,True,True,True,True,True,,1111,64,True
fastv,mmstar_001009,test,mmstar,432,True,False,,True,True,True,True,True,,1111,64,True
fastv,mmstar_001011,test,mmstar,64,False,True,gray|blur|irrelevant,False,False,True,False,False,,0011,256,True
fastv,mmstar_001011,test,mmstar,128,False,True,gray|blur|irrelevant,False,False,True,False,False,,0011,256,True
fastv,mmstar_001011,test,mmstar,256,False,True,gray|blur|irrelevant,True,True,True,True,True,,0011,256,True
fastv,mmstar_001011,test,mmstar,432,False,True,gray|blur|irrelevant,True,True,True,True,True,,0011,256,True
fastv,mmstar_001013,test,mmstar,64,False,False,,True,True,True,True,True,,1111,64,True
fastv,mmstar_001013,test,mmstar,128,False,False,,True,True,True,True,True,,1111,64,True
fastv,mmstar_001013,test,mmstar,256,False,False,,True,True,True,True,True,,1111,64,True
fastv,mmstar_001013,test,mmstar,432,False,False,,True,True,True,True,True,,1111,64,True
fastv,mmstar_001014,validation,mmstar,64,True,False,,True,True,True,True,True,,1111,64,True
fastv,mmstar_001014,validation,mmstar,128,True,False,,True,True,True,True,True,,1111,64,True
fastv,mmstar_001014,validation,mmstar,256,True,False,,True,True,True,True,True,,1111,64,True
fastv,mmstar_001014,validation,mmstar,432,True,False,,True,True,True,True,True,,1111,64,True
fastv,mmstar_001015,test,mmstar,64,False,False,,True,True,True,True,True,,1111,64,True
fastv,mmstar_001015,test,mmstar,128,False,False,,True,True,True,True,True,,1111,64,True
fastv,mmstar_001015,test,mmstar,256,False,False,,True,True,True,True,True,,1111,64,True
fastv,mmstar_001015,test,mmstar,432,False,False,,True,True,True,True,True,,1111,64,True
fastv,mmstar_001023,test,mmstar,64,True,True,gray|irrelevant,True,True,True,True,True,True,1111,64,True
fastv,mmstar_001023,test,mmstar,128,True,True,gray|irrelevant,True,True,True,True,True,True,1111,64,True
fastv,mmstar_001023,test,mmstar,256,True,True,gray|irrelevant,True,True,True,True,True,True,1111,64,True
fastv,mmstar_001023,test,mmstar,432,True,True,gray|irrelevant,True,True,True,True,True,True,1111,64,True
fastv,mmstar_001028,test,mmstar,64,False,True,irrelevant,True,False,False,False,False,,0001,432,True
fastv,mmstar_001028,test,mmstar,128,False,True,irrelevant,True,False,False,False,False,,0001,432,True
fastv,mmstar_001028,test,mmstar,256,False,True,irrelevant,True,True,False,True,False,,0001,432,True
fastv,mmstar_001028,test,mmstar,432,False,True,irrelevant,True,True,True,True,True,,0001,432,True
fastv,mmstar_001030,validation,mmstar,64,False,True,gray|blur|irrelevant,True,True,True,True,True,,1111,64,True
fastv,mmstar_001030,validation,mmstar,128,False,True,gray|blur|irrelevant,True,True,True,True,True,,1111,64,True
fastv,mmstar_001030,validation,mmstar,256,False,True,gray|blur|irrelevant,True,True,True,True,True,,1111,64,True
fastv,mmstar_001030,validation,mmstar,432,False,True,gray|blur|irrelevant,True,True,True,True,True,,1111,64,True
fastv,mmstar_001033,test,mmstar,64,False,False,,True,True,True,True,True,,1111,64,True
fastv,mmstar_001033,test,mmstar,128,False,False,,True,True,True,True,True,,1111,64,True
fastv,mmstar_001033,test,mmstar,256,False,False,,True,True,True,True,True,,1111,64,True
fastv,mmstar_001033,test,mmstar,432,False,False,,True,True,True,True,True,,1111,64,True
fastv,mmstar_001034,test,mmstar,64,True,False,,True,True,True,True,True,,1111,64,True
fastv,mmstar_001034,test,mmstar,128,True,False,,True,True,True,True,True,,1111,64,True
fastv,mmstar_001034,test,mmstar,256,True,False,,True,True,True,True,True,,1111,64,True
fastv,mmstar_001034,test,mmstar,432,True,False,,True,True,True,True,True,,1111,64,True
fastv,mmstar_001042,test,mmstar,64,False,True,irrelevant,True,False,False,False,False,,0111,128,True
fastv,mmstar_001042,test,mmstar,128,False,True,irrelevant,True,True,True,True,True,,0111,128,True
fastv,mmstar_001042,test,mmstar,256,False,True,irrelevant,True,True,True,True,True,,0111,128,True
fastv,mmstar_001042,test,mmstar,432,False,True,irrelevant,True,True,True,True,True,,0111,128,True
fastv,mmstar_001043,test,mmstar,64,False,True,irrelevant,True,True,True,True,True,,1111,64,True
fastv,mmstar_001043,test,mmstar,128,False,True,irrelevant,True,True,True,True,True,,1111,64,True
fastv,mmstar_001043,test,mmstar,256,False,True,irrelevant,True,True,True,True,True,,1111,64,True
fastv,mmstar_001043,test,mmstar,432,False,True,irrelevant,True,True,True,True,True,,1111,64,True
fastv,mmstar_001046,test,mmstar,64,True,True,gray|irrelevant,True,True,True,True,True,True,1111,64,True
fastv,mmstar_001046,test,mmstar,128,True,True,gray|irrelevant,True,True,True,True,True,True,1111,64,True
fastv,mmstar_001046,test,mmstar,256,True,True,gray|irrelevant,True,True,True,True,True,True,1111,64,True
fastv,mmstar_001046,test,mmstar,432,True,True,gray|irrelevant,True,True,True,True,True,True,1111,64,True
fastv,mmstar_001047,test,mmstar,64,False,True,gray|blur|irrelevant,True,True,True,True,True,,1111,64,True
fastv,mmstar_001047,test,mmstar,128,False,True,gray|blur|irrelevant,True,True,True,True,True,,1111,64,True
fastv,mmstar_001047,test,mmstar,256,False,True,gray|blur|irrelevant,True,True,True,True,True,,1111,64,True
fastv,mmstar_001047,test,mmstar,432,False,True,gray|blur|irrelevant,True,True,True,True,True,,1111,64,True
fastv,mmstar_001051,validation,mmstar,64,True,False,,True,True,True,True,True,,1111,64,True
fastv,mmstar_001051,validation,mmstar,128,True,False,,True,True,True,True,True,,1111,64,True
fastv,mmstar_001051,validation,mmstar,256,True,False,,True,True,True,True,True,,1111,64,True
fastv,mmstar_001051,validation,mmstar,432,True,False,,True,True,True,True,True,,1111,64,True
fastv,mmstar_001053,test,mmstar,64,True,False,,True,True,True,True,True,,1111,64,True
fastv,mmstar_001053,test,mmstar,128,True,False,,True,True,True,True,True,,1111,64,True
fastv,mmstar_001053,test,mmstar,256,True,False,,True,True,True,True,True,,1111,64,True
fastv,mmstar_001053,test,mmstar,432,True,False,,True,True,True,True,True,,1111,64,True
fastv,mmstar_001057,test,mmstar,64,True,False,,True,True,True,True,True,,1111,64,True
fastv,mmstar_001057,test,mmstar,128,True,False,,True,True,True,True,True,,1111,64,True
fastv,mmstar_001057,test,mmstar,256,True,False,,True,True,True,True,True,,1111,64,True
fastv,mmstar_001057,test,mmstar,432,True,False,,True,True,True,True,True,,1111,64,True
fastv,mmstar_001058,test,mmstar,64,False,False,,True,True,True,True,True,,1111,64,True
fastv,mmstar_001058,test,mmstar,128,False,False,,True,True,True,True,True,,1111,64,True
fastv,mmstar_001058,test,mmstar,256,False,False,,True,True,True,True,True,,1111,64,True
fastv,mmstar_001058,test,mmstar,432,False,False,,True,True,True,True,True,,1111,64,True
fastv,mmstar_001062,test,mmstar,64,True,True,gray|irrelevant,True,True,True,True,True,True,1111,64,True
fastv,mmstar_001062,test,mmstar,128,True,True,gray|irrelevant,True,True,True,True,True,True,1111,64,True
fastv,mmstar_001062,test,mmstar,256,True,True,gray|irrelevant,True,True,True,True,True,True,1111,64,True
fastv,mmstar_001062,test,mmstar,432,True,True,gray|irrelevant,True,True,True,True,True,True,1111,64,True
fastv,mmstar_001063,test,mmstar,64,False,False,,True,True,True,True,True,,1111,64,True
fastv,mmstar_001063,test,mmstar,128,False,False,,True,True,True,True,True,,1111,64,True
fastv,mmstar_001063,test,mmstar,256,False,False,,True,True,True,True,True,,1111,64,True
fastv,mmstar_001063,test,mmstar,432,False,False,,True,True,True,True,True,,1111,64,True
fastv,mmstar_001067,test,mmstar,64,True,False,,True,True,True,True,True,,1111,64,True
fastv,mmstar_001067,test,mmstar,128,True,False,,True,True,True,True,True,,1111,64,True
fastv,mmstar_001067,test,mmstar,256,True,False,,True,True,True,True,True,,1111,64,True
fastv,mmstar_001067,test,mmstar,432,True,False,,True,True,True,True,True,,1111,64,True
fastv,mmstar_001071,test,mmstar,64,False,False,,True,True,True,True,True,,1111,64,True
fastv,mmstar_001071,test,mmstar,128,False,False,,True,True,True,True,True,,1111,64,True
fastv,mmstar_001071,test,mmstar,256,False,False,,True,True,True,True,True,,1111,64,True
fastv,mmstar_001071,test,mmstar,432,False,False,,True,True,True,True,True,,1111,64,True
fastv,mmstar_001074,test,mmstar,64,False,False,,True,True,True,True,True,,1111,64,True
fastv,mmstar_001074,test,mmstar,128,False,False,,True,True,True,True,True,,1111,64,True
fastv,mmstar_001074,test,mmstar,256,False,False,,True,True,True,True,True,,1111,64,True
fastv,mmstar_001074,test,mmstar,432,False,False,,True,True,True,True,True,,1111,64,True
fastv,mmstar_001075,test,mmstar,64,False,True,gray,True,False,False,False,False,,0111,128,True
fastv,mmstar_001075,test,mmstar,128,False,True,gray,True,True,True,True,True,,0111,128,True
fastv,mmstar_001075,test,mmstar,256,False,True,gray,True,True,True,True,True,,0111,128,True
fastv,mmstar_001075,test,mmstar,432,False,True,gray,True,True,True,True,True,,0111,128,True
fastv,mmstar_001084,validation,mmstar,64,False,True,gray|blur|irrelevant,False,False,True,False,False,,0011,256,True
fastv,mmstar_001084,validation,mmstar,128,False,True,gray|blur|irrelevant,False,True,True,False,False,,0011,256,True
fastv,mmstar_001084,validation,mmstar,256,False,True,gray|blur|irrelevant,True,True,True,True,True,,0011,256,True
fastv,mmstar_001084,validation,mmstar,432,False,True,gray|blur|irrelevant,True,True,True,True,True,,0011,256,True
fastv,mmstar_001085,validation,mmstar,64,False,False,,True,True,True,True,True,,1111,64,True
fastv,mmstar_001085,validation,mmstar,128,False,False,,True,True,True,True,True,,1111,64,True
fastv,mmstar_001085,validation,mmstar,256,False,False,,True,True,True,True,True,,1111,64,True
fastv,mmstar_001085,validation,mmstar,432,False,False,,True,True,True,True,True,,1111,64,True
fastv,mmstar_001086,test,mmstar,64,True,False,,True,True,True,True,True,,1111,64,True
fastv,mmstar_001086,test,mmstar,128,True,False,,True,True,True,True,True,,1111,64,True
fastv,mmstar_001086,test,mmstar,256,True,False,,True,True,True,True,True,,1111,64,True
fastv,mmstar_001086,test,mmstar,432,True,False,,True,True,True,True,True,,1111,64,True
fastv,mmstar_001089,test,mmstar,64,True,True,blur,True,False,False,False,False,False,0000,full,True
fastv,mmstar_001089,test,mmstar,128,True,True,blur,True,False,False,False,False,False,0000,full,True
fastv,mmstar_001089,test,mmstar,256,True,True,blur,True,False,False,False,False,False,0000,full,True
fastv,mmstar_001089,test,mmstar,432,True,True,blur,True,False,False,False,False,False,0000,full,True
fastv,mmstar_001093,validation,mmstar,64,False,False,,True,True,True,True,True,,1111,64,True
fastv,mmstar_001093,validation,mmstar,128,False,False,,True,True,True,True,True,,1111,64,True
fastv,mmstar_001093,validation,mmstar,256,False,False,,True,True,True,True,True,,1111,64,True
fastv,mmstar_001093,validation,mmstar,432,False,False,,True,True,True,True,True,,1111,64,True
fastv,mmstar_001095,test,mmstar,64,False,False,,True,True,True,True,True,,1111,64,True
fastv,mmstar_001095,test,mmstar,128,False,False,,True,True,True,True,True,,1111,64,True
fastv,mmstar_001095,test,mmstar,256,False,False,,True,True,True,True,True,,1111,64,True
fastv,mmstar_001095,test,mmstar,432,False,False,,True,True,True,True,True,,1111,64,True
fastv,mmstar_001099,test,mmstar,64,False,True,gray|blur|irrelevant,False,True,True,False,False,,0011,256,True
fastv,mmstar_001099,test,mmstar,128,False,True,gray|blur|irrelevant,False,True,True,False,False,,0011,256,True
fastv,mmstar_001099,test,mmstar,256,False,True,gray|blur|irrelevant,True,True,True,True,True,,0011,256,True
fastv,mmstar_001099,test,mmstar,432,False,True,gray|blur|irrelevant,True,True,True,True,True,,0011,256,True
fastv,mmstar_001101,test,mmstar,64,True,True,gray|blur|irrelevant,True,True,True,True,True,True,1111,64,True
fastv,mmstar_001101,test,mmstar,128,True,True,gray|blur|irrelevant,True,True,True,True,True,True,1111,64,True
fastv,mmstar_001101,test,mmstar,256,True,True,gray|blur|irrelevant,True,True,True,True,True,True,1111,64,True
fastv,mmstar_001101,test,mmstar,432,True,True,gray|blur|irrelevant,True,True,True,True,True,True,1111,64,True
fastv,mmstar_001102,validation,mmstar,64,False,False,,True,True,True,True,True,,1111,64,True
fastv,mmstar_001102,validation,mmstar,128,False,False,,True,True,True,True,True,,1111,64,True
fastv,mmstar_001102,validation,mmstar,256,False,False,,True,True,True,True,True,,1111,64,True
fastv,mmstar_001102,validation,mmstar,432,False,False,,True,True,True,True,True,,1111,64,True
fastv,mmstar_001109,validation,mmstar,64,False,True,irrelevant,True,True,True,True,True,,1111,64,True
fastv,mmstar_001109,validation,mmstar,128,False,True,irrelevant,True,True,True,True,True,,1111,64,True
fastv,mmstar_001109,validation,mmstar,256,False,True,irrelevant,True,True,True,True,True,,1111,64,True
fastv,mmstar_001109,validation,mmstar,432,False,True,irrelevant,True,True,True,True,True,,1111,64,True
fastv,mmstar_001111,test,mmstar,64,False,True,gray|blur,True,False,False,False,False,,0000,full,True
fastv,mmstar_001111,test,mmstar,128,False,True,gray|blur,True,False,False,False,False,,0000,full,True
fastv,mmstar_001111,test,mmstar,256,False,True,gray|blur,True,False,False,False,False,,0000,full,True
fastv,mmstar_001111,test,mmstar,432,False,True,gray|blur,True,False,False,False,False,,0000,full,True
fastv,mmstar_001113,validation,mmstar,64,False,False,,True,True,True,True,True,,1111,64,True
fastv,mmstar_001113,validation,mmstar,128,False,False,,True,True,True,True,True,,1111,64,True
fastv,mmstar_001113,validation,mmstar,256,False,False,,True,True,True,True,True,,1111,64,True
fastv,mmstar_001113,validation,mmstar,432,False,False,,True,True,True,True,True,,1111,64,True
fastv,mmstar_001119,test,mmstar,64,True,False,,True,True,True,True,True,,1111,64,True
fastv,mmstar_001119,test,mmstar,128,True,False,,True,True,True,True,True,,1111,64,True
fastv,mmstar_001119,test,mmstar,256,True,False,,True,True,True,True,True,,1111,64,True
fastv,mmstar_001119,test,mmstar,432,True,False,,True,True,True,True,True,,1111,64,True
fastv,mmstar_001128,validation,mmstar,64,False,False,,True,True,True,True,True,,1101,64,False
fastv,mmstar_001128,validation,mmstar,128,False,False,,True,True,True,True,True,,1101,64,False
fastv,mmstar_001128,validation,mmstar,256,False,False,,False,True,True,False,False,,1101,64,False
fastv,mmstar_001128,validation,mmstar,432,False,False,,True,True,True,True,True,,1101,64,False
fastv,mmstar_001136,test,mmstar,64,True,False,,True,True,True,True,True,,1111,64,True
fastv,mmstar_001136,test,mmstar,128,True,False,,True,True,True,True,True,,1111,64,True
fastv,mmstar_001136,test,mmstar,256,True,False,,True,True,True,True,True,,1111,64,True
fastv,mmstar_001136,test,mmstar,432,True,False,,True,True,True,True,True,,1111,64,True
fastv,mmstar_001141,test,mmstar,64,False,False,,True,True,True,True,True,,1111,64,True
fastv,mmstar_001141,test,mmstar,128,False,False,,True,True,True,True,True,,1111,64,True
fastv,mmstar_001141,test,mmstar,256,False,False,,True,True,True,True,True,,1111,64,True
fastv,mmstar_001141,test,mmstar,432,False,False,,True,True,True,True,True,,1111,64,True
fastv,mmstar_001153,test,mmstar,64,False,False,,False,True,True,False,False,,0111,128,True
fastv,mmstar_001153,test,mmstar,128,False,False,,True,True,True,True,True,,0111,128,True
fastv,mmstar_001153,test,mmstar,256,False,False,,True,True,True,True,True,,0111,128,True
fastv,mmstar_001153,test,mmstar,432,False,False,,True,True,True,True,True,,0111,128,True
fastv,mmstar_001154,test,mmstar,64,True,True,gray|blur|irrelevant,True,True,True,True,True,True,1111,64,True
fastv,mmstar_001154,test,mmstar,128,True,True,gray|blur|irrelevant,True,True,True,True,True,True,1111,64,True
fastv,mmstar_001154,test,mmstar,256,True,True,gray|blur|irrelevant,True,True,True,True,True,True,1111,64,True
fastv,mmstar_001154,test,mmstar,432,True,True,gray|blur|irrelevant,True,True,True,True,True,True,1111,64,True
fastv,mmstar_001158,test,mmstar,64,True,False,,True,True,True,True,True,,1111,64,True
fastv,mmstar_001158,test,mmstar,128,True,False,,True,True,True,True,True,,1111,64,True
fastv,mmstar_001158,test,mmstar,256,True,False,,True,True,True,True,True,,1111,64,True
fastv,mmstar_001158,test,mmstar,432,True,False,,True,True,True,True,True,,1111,64,True
fastv,mmstar_001162,test,mmstar,64,False,True,gray|blur|irrelevant,False,True,True,False,False,,0111,128,True
fastv,mmstar_001162,test,mmstar,128,False,True,gray|blur|irrelevant,True,True,True,True,True,,0111,128,True
fastv,mmstar_001162,test,mmstar,256,False,True,gray|blur|irrelevant,True,True,True,True,True,,0111,128,True
fastv,mmstar_001162,test,mmstar,432,False,True,gray|blur|irrelevant,True,True,True,True,True,,0111,128,True
fastv,mmstar_001167,test,mmstar,64,True,True,irrelevant,True,False,False,False,False,False,0011,256,True
fastv,mmstar_001167,test,mmstar,128,True,True,irrelevant,True,False,False,False,False,False,0011,256,True
fastv,mmstar_001167,test,mmstar,256,True,True,irrelevant,True,True,True,True,True,True,0011,256,True
fastv,mmstar_001167,test,mmstar,432,True,True,irrelevant,True,True,True,True,True,True,0011,256,True
fastv,mmstar_001170,test,mmstar,64,True,True,irrelevant,True,False,False,False,False,False,0001,432,True
fastv,mmstar_001170,test,mmstar,128,True,True,irrelevant,True,False,False,False,False,False,0001,432,True
fastv,mmstar_001170,test,mmstar,256,True,True,irrelevant,True,False,False,False,False,False,0001,432,True
fastv,mmstar_001170,test,mmstar,432,True,True,irrelevant,True,True,True,True,True,True,0001,432,True
fastv,mmstar_001176,validation,mmstar,64,False,False,,True,True,True,True,True,,1111,64,True
fastv,mmstar_001176,validation,mmstar,128,False,False,,True,True,True,True,True,,1111,64,True
fastv,mmstar_001176,validation,mmstar,256,False,False,,True,True,True,True,True,,1111,64,True
fastv,mmstar_001176,validation,mmstar,432,False,False,,True,True,True,True,True,,1111,64,True
fastv,mmstar_001178,test,mmstar,64,True,True,gray|blur|irrelevant,True,True,True,True,True,True,1111,64,True
fastv,mmstar_001178,test,mmstar,128,True,True,gray|blur|irrelevant,True,True,True,True,True,True,1111,64,True
fastv,mmstar_001178,test,mmstar,256,True,True,gray|blur|irrelevant,True,True,True,True,True,True,1111,64,True
fastv,mmstar_001178,test,mmstar,432,True,True,gray|blur|irrelevant,True,True,True,True,True,True,1111,64,True
fastv,mmstar_001180,test,mmstar,64,True,False,,True,True,True,True,True,,1111,64,True
fastv,mmstar_001180,test,mmstar,128,True,False,,True,True,True,True,True,,1111,64,True
fastv,mmstar_001180,test,mmstar,256,True,False,,True,True,True,True,True,,1111,64,True
fastv,mmstar_001180,test,mmstar,432,True,False,,True,True,True,True,True,,1111,64,True
fastv,mmstar_001181,test,mmstar,64,False,True,irrelevant,True,True,True,True,True,,1111,64,True
fastv,mmstar_001181,test,mmstar,128,False,True,irrelevant,True,True,True,True,True,,1111,64,True
fastv,mmstar_001181,test,mmstar,256,False,True,irrelevant,True,True,True,True,True,,1111,64,True
fastv,mmstar_001181,test,mmstar,432,False,True,irrelevant,True,True,True,True,True,,1111,64,True
fastv,mmstar_001182,test,mmstar,64,True,False,,True,True,True,True,True,,1111,64,True
fastv,mmstar_001182,test,mmstar,128,True,False,,True,True,True,True,True,,1111,64,True
fastv,mmstar_001182,test,mmstar,256,True,False,,True,True,True,True,True,,1111,64,True
fastv,mmstar_001182,test,mmstar,432,True,False,,True,True,True,True,True,,1111,64,True
fastv,mmstar_001187,test,mmstar,64,False,False,,True,True,True,True,True,,1111,64,True
fastv,mmstar_001187,test,mmstar,128,False,False,,True,True,True,True,True,,1111,64,True
fastv,mmstar_001187,test,mmstar,256,False,False,,True,True,True,True,True,,1111,64,True
fastv,mmstar_001187,test,mmstar,432,False,False,,True,True,True,True,True,,1111,64,True
fastv,mmstar_001189,test,mmstar,64,True,True,gray|blur,True,True,True,True,True,True,1111,64,True
fastv,mmstar_001189,test,mmstar,128,True,True,gray|blur,True,True,True,True,True,True,1111,64,True
fastv,mmstar_001189,test,mmstar,256,True,True,gray|blur,True,True,True,True,True,True,1111,64,True
fastv,mmstar_001189,test,mmstar,432,True,True,gray|blur,True,True,True,True,True,True,1111,64,True
fastv,mmstar_001192,test,mmstar,64,True,False,,True,True,True,True,True,,1111,64,True
fastv,mmstar_001192,test,mmstar,128,True,False,,True,True,True,True,True,,1111,64,True
fastv,mmstar_001192,test,mmstar,256,True,False,,True,True,True,True,True,,1111,64,True
fastv,mmstar_001192,test,mmstar,432,True,False,,True,True,True,True,True,,1111,64,True
fastv,mmstar_001200,test,mmstar,64,False,False,,True,True,True,True,True,,1111,64,True
fastv,mmstar_001200,test,mmstar,128,False,False,,True,True,True,True,True,,1111,64,True
fastv,mmstar_001200,test,mmstar,256,False,False,,True,True,True,True,True,,1111,64,True
fastv,mmstar_001200,test,mmstar,432,False,False,,True,True,True,True,True,,1111,64,True
fastv,mmstar_001206,test,mmstar,64,False,False,,True,True,True,True,True,,1111,64,True
fastv,mmstar_001206,test,mmstar,128,False,False,,True,True,True,True,True,,1111,64,True
fastv,mmstar_001206,test,mmstar,256,False,False,,True,True,True,True,True,,1111,64,True
fastv,mmstar_001206,test,mmstar,432,False,False,,True,True,True,True,True,,1111,64,True
fastv,mmstar_001215,test,mmstar,64,True,True,gray|blur|irrelevant,False,False,True,False,False,False,0000,full,True
fastv,mmstar_001215,test,mmstar,128,True,True,gray|blur|irrelevant,False,False,True,False,False,False,0000,full,True
fastv,mmstar_001215,test,mmstar,256,True,True,gray|blur|irrelevant,False,True,True,False,False,False,0000,full,True
fastv,mmstar_001215,test,mmstar,432,True,True,gray|blur|irrelevant,False,True,True,False,False,False,0000,full,True
fastv,mmstar_001218,validation,mmstar,64,False,True,gray|irrelevant,True,True,True,True,True,,1111,64,True
fastv,mmstar_001218,validation,mmstar,128,False,True,gray|irrelevant,True,True,True,True,True,,1111,64,True
fastv,mmstar_001218,validation,mmstar,256,False,True,gray|irrelevant,True,True,True,True,True,,1111,64,True
fastv,mmstar_001218,validation,mmstar,432,False,True,gray|irrelevant,True,True,True,True,True,,1111,64,True
fastv,mmstar_001220,test,mmstar,64,False,True,gray|blur|irrelevant,False,True,True,False,False,,0011,256,True
fastv,mmstar_001220,test,mmstar,128,False,True,gray|blur|irrelevant,False,True,True,False,False,,0011,256,True
fastv,mmstar_001220,test,mmstar,256,False,True,gray|blur|irrelevant,True,True,True,True,True,,0011,256,True
fastv,mmstar_001220,test,mmstar,432,False,True,gray|blur|irrelevant,True,True,True,True,True,,0011,256,True
fastv,mmstar_001231,test,mmstar,64,True,False,,True,True,True,True,True,,1111,64,True
fastv,mmstar_001231,test,mmstar,128,True,False,,True,True,True,True,True,,1111,64,True
fastv,mmstar_001231,test,mmstar,256,True,False,,True,True,True,True,True,,1111,64,True
fastv,mmstar_001231,test,mmstar,432,True,False,,True,True,True,True,True,,1111,64,True
fastv,mmstar_001232,validation,mmstar,64,False,False,,True,True,True,True,True,,1111,64,True
fastv,mmstar_001232,validation,mmstar,128,False,False,,True,True,True,True,True,,1111,64,True
fastv,mmstar_001232,validation,mmstar,256,False,False,,True,True,True,True,True,,1111,64,True
fastv,mmstar_001232,validation,mmstar,432,False,False,,True,True,True,True,True,,1111,64,True
fastv,mmstar_001233,test,mmstar,64,False,False,,True,True,True,True,True,,1011,64,False
fastv,mmstar_001233,test,mmstar,128,False,False,,False,True,True,False,False,,1011,64,False
fastv,mmstar_001233,test,mmstar,256,False,False,,True,True,True,True,True,,1011,64,False
fastv,mmstar_001233,test,mmstar,432,False,False,,True,True,True,True,True,,1011,64,False
fastv,mmstar_001235,test,mmstar,64,True,False,,True,True,True,True,True,,1111,64,True
fastv,mmstar_001235,test,mmstar,128,True,False,,True,True,True,True,True,,1111,64,True
fastv,mmstar_001235,test,mmstar,256,True,False,,True,True,True,True,True,,1111,64,True
fastv,mmstar_001235,test,mmstar,432,True,False,,True,True,True,True,True,,1111,64,True
fastv,mmstar_001242,test,mmstar,64,False,False,,True,True,True,True,True,,1111,64,True
fastv,mmstar_001242,test,mmstar,128,False,False,,True,True,True,True,True,,1111,64,True
fastv,mmstar_001242,test,mmstar,256,False,False,,True,True,True,True,True,,1111,64,True
fastv,mmstar_001242,test,mmstar,432,False,False,,True,True,True,True,True,,1111,64,True
fastv,mmstar_001248,test,mmstar,64,False,False,,True,True,True,True,True,,1111,64,True
fastv,mmstar_001248,test,mmstar,128,False,False,,True,True,True,True,True,,1111,64,True
fastv,mmstar_001248,test,mmstar,256,False,False,,True,True,True,True,True,,1111,64,True
fastv,mmstar_001248,test,mmstar,432,False,False,,True,True,True,True,True,,1111,64,True
fastv,mmstar_001254,test,mmstar,64,True,False,,True,True,True,True,True,,1111,64,True
fastv,mmstar_001254,test,mmstar,128,True,False,,True,True,True,True,True,,1111,64,True
fastv,mmstar_001254,test,mmstar,256,True,False,,True,True,True,True,True,,1111,64,True
fastv,mmstar_001254,test,mmstar,432,True,False,,True,True,True,True,True,,1111,64,True
fastv,mmstar_001260,test,mmstar,64,False,True,blur,True,False,False,False,False,,0011,256,True
fastv,mmstar_001260,test,mmstar,128,False,True,blur,True,False,False,False,False,,0011,256,True
fastv,mmstar_001260,test,mmstar,256,False,True,blur,True,True,True,True,True,,0011,256,True
fastv,mmstar_001260,test,mmstar,432,False,True,blur,True,True,True,True,True,,0011,256,True
fastv,mmstar_001262,test,mmstar,64,False,True,gray|blur|irrelevant,False,False,True,False,False,,0111,128,True
fastv,mmstar_001262,test,mmstar,128,False,True,gray|blur|irrelevant,True,True,True,True,True,,0111,128,True
fastv,mmstar_001262,test,mmstar,256,False,True,gray|blur|irrelevant,True,True,True,True,True,,0111,128,True
fastv,mmstar_001262,test,mmstar,432,False,True,gray|blur|irrelevant,True,True,True,True,True,,0111,128,True
fastv,mmstar_001265,test,mmstar,64,False,False,,True,True,True,True,True,,1111,64,True
fastv,mmstar_001265,test,mmstar,128,False,False,,True,True,True,True,True,,1111,64,True
fastv,mmstar_001265,test,mmstar,256,False,False,,True,True,True,True,True,,1111,64,True
fastv,mmstar_001265,test,mmstar,432,False,False,,True,True,True,True,True,,1111,64,True
fastv,mmstar_001268,test,mmstar,64,False,True,gray|blur|irrelevant,True,True,True,True,True,,1111,64,True
fastv,mmstar_001268,test,mmstar,128,False,True,gray|blur|irrelevant,True,True,True,True,True,,1111,64,True
fastv,mmstar_001268,test,mmstar,256,False,True,gray|blur|irrelevant,True,True,True,True,True,,1111,64,True
fastv,mmstar_001268,test,mmstar,432,False,True,gray|blur|irrelevant,True,True,True,True,True,,1111,64,True
fastv,mmstar_001270,test,mmstar,64,True,True,blur,True,False,False,False,False,False,0111,128,True
fastv,mmstar_001270,test,mmstar,128,True,True,blur,True,True,True,True,True,True,0111,128,True
fastv,mmstar_001270,test,mmstar,256,True,True,blur,True,True,True,True,True,True,0111,128,True
fastv,mmstar_001270,test,mmstar,432,True,True,blur,True,True,True,True,True,True,0111,128,True
fastv,mmstar_001272,validation,mmstar,64,False,True,blur,True,False,False,False,False,,0000,full,True
fastv,mmstar_001272,validation,mmstar,128,False,True,blur,True,False,False,False,False,,0000,full,True
fastv,mmstar_001272,validation,mmstar,256,False,True,blur,True,False,False,False,False,,0000,full,True
fastv,mmstar_001272,validation,mmstar,432,False,True,blur,True,False,False,False,False,,0000,full,True
fastv,mmstar_001273,test,mmstar,64,False,False,,True,True,True,True,True,,1111,64,True
fastv,mmstar_001273,test,mmstar,128,False,False,,True,True,True,True,True,,1111,64,True
fastv,mmstar_001273,test,mmstar,256,False,False,,True,True,True,True,True,,1111,64,True
fastv,mmstar_001273,test,mmstar,432,False,False,,True,True,True,True,True,,1111,64,True
fastv,mmstar_001283,test,mmstar,64,False,False,,True,True,True,True,True,,1111,64,True
fastv,mmstar_001283,test,mmstar,128,False,False,,True,True,True,True,True,,1111,64,True
fastv,mmstar_001283,test,mmstar,256,False,False,,True,True,True,True,True,,1111,64,True
fastv,mmstar_001283,test,mmstar,432,False,False,,True,True,True,True,True,,1111,64,True
fastv,mmstar_001294,validation,mmstar,64,False,True,blur,True,False,False,False,False,,0001,432,True
fastv,mmstar_001294,validation,mmstar,128,False,True,blur,True,False,False,False,False,,0001,432,True
fastv,mmstar_001294,validation,mmstar,256,False,True,blur,True,False,False,False,False,,0001,432,True
fastv,mmstar_001294,validation,mmstar,432,False,True,blur,True,True,True,True,True,,0001,432,True
fastv,mmstar_001296,test,mmstar,64,False,False,,True,True,True,True,True,,1111,64,True
fastv,mmstar_001296,test,mmstar,128,False,False,,True,True,True,True,True,,1111,64,True
fastv,mmstar_001296,test,mmstar,256,False,False,,True,True,True,True,True,,1111,64,True
fastv,mmstar_001296,test,mmstar,432,False,False,,True,True,True,True,True,,1111,64,True
fastv,mmstar_001302,test,mmstar,64,False,True,irrelevant,True,True,True,True,True,,1111,64,True
fastv,mmstar_001302,test,mmstar,128,False,True,irrelevant,True,True,True,True,True,,1111,64,True
fastv,mmstar_001302,test,mmstar,256,False,True,irrelevant,True,True,True,True,True,,1111,64,True
fastv,mmstar_001302,test,mmstar,432,False,True,irrelevant,True,True,True,True,True,,1111,64,True
fastv,mmstar_001303,test,mmstar,64,False,False,,True,True,True,True,True,,1111,64,True
fastv,mmstar_001303,test,mmstar,128,False,False,,True,True,True,True,True,,1111,64,True
fastv,mmstar_001303,test,mmstar,256,False,False,,True,True,True,True,True,,1111,64,True
fastv,mmstar_001303,test,mmstar,432,False,False,,True,True,True,True,True,,1111,64,True
fastv,mmstar_001305,test,mmstar,64,False,False,,True,True,True,True,True,,1111,64,True
fastv,mmstar_001305,test,mmstar,128,False,False,,True,True,True,True,True,,1111,64,True
fastv,mmstar_001305,test,mmstar,256,False,False,,True,True,True,True,True,,1111,64,True
fastv,mmstar_001305,test,mmstar,432,False,False,,True,True,True,True,True,,1111,64,True
fastv,mmstar_001306,test,mmstar,64,False,True,gray,True,False,False,False,False,,0011,256,True
fastv,mmstar_001306,test,mmstar,128,False,True,gray,True,False,False,False,False,,0011,256,True
fastv,mmstar_001306,test,mmstar,256,False,True,gray,True,True,True,True,True,,0011,256,True
fastv,mmstar_001306,test,mmstar,432,False,True,gray,True,True,True,True,True,,0011,256,True
fastv,mmstar_001312,test,mmstar,64,False,False,,True,True,True,True,True,,1111,64,True
fastv,mmstar_001312,test,mmstar,128,False,False,,True,True,True,True,True,,1111,64,True
fastv,mmstar_001312,test,mmstar,256,False,False,,True,True,True,True,True,,1111,64,True
fastv,mmstar_001312,test,mmstar,432,False,False,,True,True,True,True,True,,1111,64,True
fastv,mmstar_001321,test,mmstar,64,False,False,,True,True,True,True,True,,1111,64,True
fastv,mmstar_001321,test,mmstar,128,False,False,,True,True,True,True,True,,1111,64,True
fastv,mmstar_001321,test,mmstar,256,False,False,,True,True,True,True,True,,1111,64,True
fastv,mmstar_001321,test,mmstar,432,False,False,,True,True,True,True,True,,1111,64,True
fastv,mmstar_001323,test,mmstar,64,False,False,,True,True,True,True,True,,1111,64,True
fastv,mmstar_001323,test,mmstar,128,False,False,,True,True,True,True,True,,1111,64,True
fastv,mmstar_001323,test,mmstar,256,False,False,,True,True,True,True,True,,1111,64,True
fastv,mmstar_001323,test,mmstar,432,False,False,,True,True,True,True,True,,1111,64,True
fastv,mmstar_001324,test,mmstar,64,False,False,,True,True,True,True,True,,1111,64,True
fastv,mmstar_001324,test,mmstar,128,False,False,,True,True,True,True,True,,1111,64,True
fastv,mmstar_001324,test,mmstar,256,False,False,,True,True,True,True,True,,1111,64,True
fastv,mmstar_001324,test,mmstar,432,False,False,,True,True,True,True,True,,1111,64,True
fastv,mmstar_001327,validation,mmstar,64,False,True,gray|blur|irrelevant,False,False,False,False,False,,0111,128,True
fastv,mmstar_001327,validation,mmstar,128,False,True,gray|blur|irrelevant,True,True,True,True,True,,0111,128,True
fastv,mmstar_001327,validation,mmstar,256,False,True,gray|blur|irrelevant,True,True,True,True,True,,0111,128,True
fastv,mmstar_001327,validation,mmstar,432,False,True,gray|blur|irrelevant,True,True,True,True,True,,0111,128,True
fastv,mmstar_001328,validation,mmstar,64,False,False,,True,True,True,True,True,,1111,64,True
fastv,mmstar_001328,validation,mmstar,128,False,False,,True,True,True,True,True,,1111,64,True
fastv,mmstar_001328,validation,mmstar,256,False,False,,True,True,True,True,True,,1111,64,True
fastv,mmstar_001328,validation,mmstar,432,False,False,,True,True,True,True,True,,1111,64,True
fastv,mmstar_001338,validation,mmstar,64,False,False,,True,True,True,True,True,,1111,64,True
fastv,mmstar_001338,validation,mmstar,128,False,False,,True,True,True,True,True,,1111,64,True
fastv,mmstar_001338,validation,mmstar,256,False,False,,True,True,True,True,True,,1111,64,True
fastv,mmstar_001338,validation,mmstar,432,False,False,,True,True,True,True,True,,1111,64,True
fastv,mmstar_001342,test,mmstar,64,False,False,,True,True,True,True,True,,1111,64,True
fastv,mmstar_001342,test,mmstar,128,False,False,,True,True,True,True,True,,1111,64,True
fastv,mmstar_001342,test,mmstar,256,False,False,,True,True,True,True,True,,1111,64,True
fastv,mmstar_001342,test,mmstar,432,False,False,,True,True,True,True,True,,1111,64,True
fastv,mmstar_001343,validation,mmstar,64,False,False,,False,True,True,False,False,,0111,128,True
fastv,mmstar_001343,validation,mmstar,128,False,False,,True,True,True,True,True,,0111,128,True
fastv,mmstar_001343,validation,mmstar,256,False,False,,True,True,True,True,True,,0111,128,True
fastv,mmstar_001343,validation,mmstar,432,False,False,,True,True,True,True,True,,0111,128,True
fastv,mmstar_001345,validation,mmstar,64,False,False,,True,True,True,True,True,,1111,64,True
fastv,mmstar_001345,validation,mmstar,128,False,False,,True,True,True,True,True,,1111,64,True
fastv,mmstar_001345,validation,mmstar,256,False,False,,True,True,True,True,True,,1111,64,True
fastv,mmstar_001345,validation,mmstar,432,False,False,,True,True,True,True,True,,1111,64,True
fastv,mmstar_001349,validation,mmstar,64,False,False,,True,True,True,True,True,,1111,64,True
fastv,mmstar_001349,validation,mmstar,128,False,False,,True,True,True,True,True,,1111,64,True
fastv,mmstar_001349,validation,mmstar,256,False,False,,True,True,True,True,True,,1111,64,True
fastv,mmstar_001349,validation,mmstar,432,False,False,,True,True,True,True,True,,1111,64,True
fastv,mmstar_001351,test,mmstar,64,False,False,,True,True,True,True,True,,1111,64,True
fastv,mmstar_001351,test,mmstar,128,False,False,,True,True,True,True,True,,1111,64,True
fastv,mmstar_001351,test,mmstar,256,False,False,,True,True,True,True,True,,1111,64,True
fastv,mmstar_001351,test,mmstar,432,False,False,,True,True,True,True,True,,1111,64,True
fastv,mmstar_001358,validation,mmstar,64,True,False,,True,True,True,True,True,,1111,64,True
fastv,mmstar_001358,validation,mmstar,128,True,False,,True,True,True,True,True,,1111,64,True
fastv,mmstar_001358,validation,mmstar,256,True,False,,True,True,True,True,True,,1111,64,True
fastv,mmstar_001358,validation,mmstar,432,True,False,,True,True,True,True,True,,1111,64,True
fastv,mmstar_001364,test,mmstar,64,True,False,,True,True,True,True,True,,1111,64,True
fastv,mmstar_001364,test,mmstar,128,True,False,,True,True,True,True,True,,1111,64,True
fastv,mmstar_001364,test,mmstar,256,True,False,,True,True,True,True,True,,1111,64,True
fastv,mmstar_001364,test,mmstar,432,True,False,,True,True,True,True,True,,1111,64,True
fastv,mmstar_001380,validation,mmstar,64,False,False,,True,True,True,True,True,,1111,64,True
fastv,mmstar_001380,validation,mmstar,128,False,False,,True,True,True,True,True,,1111,64,True
fastv,mmstar_001380,validation,mmstar,256,False,False,,True,True,True,True,True,,1111,64,True
fastv,mmstar_001380,validation,mmstar,432,False,False,,True,True,True,True,True,,1111,64,True
fastv,mmstar_001385,test,mmstar,64,True,True,gray|blur|irrelevant,True,True,True,True,True,True,1111,64,True
fastv,mmstar_001385,test,mmstar,128,True,True,gray|blur|irrelevant,True,True,True,True,True,True,1111,64,True
fastv,mmstar_001385,test,mmstar,256,True,True,gray|blur|irrelevant,True,True,True,True,True,True,1111,64,True
fastv,mmstar_001385,test,mmstar,432,True,True,gray|blur|irrelevant,True,True,True,True,True,True,1111,64,True
fastv,mmstar_001386,validation,mmstar,64,True,False,,False,True,True,False,False,,0011,256,True
fastv,mmstar_001386,validation,mmstar,128,True,False,,False,True,True,False,False,,0011,256,True
fastv,mmstar_001386,validation,mmstar,256,True,False,,True,True,True,True,True,,0011,256,True
fastv,mmstar_001386,validation,mmstar,432,True,False,,True,True,True,True,True,,0011,256,True
fastv,mmstar_001388,validation,mmstar,64,True,False,,True,True,True,True,True,,1111,64,True
fastv,mmstar_001388,validation,mmstar,128,True,False,,True,True,True,True,True,,1111,64,True
fastv,mmstar_001388,validation,mmstar,256,True,False,,True,True,True,True,True,,1111,64,True
fastv,mmstar_001388,validation,mmstar,432,True,False,,True,True,True,True,True,,1111,64,True
fastv,mmstar_001392,validation,mmstar,64,False,False,,True,True,True,True,True,,1111,64,True
fastv,mmstar_001392,validation,mmstar,128,False,False,,True,True,True,True,True,,1111,64,True
fastv,mmstar_001392,validation,mmstar,256,False,False,,True,True,True,True,True,,1111,64,True
fastv,mmstar_001392,validation,mmstar,432,False,False,,True,True,True,True,True,,1111,64,True
fastv,mmstar_001398,test,mmstar,64,False,False,,True,True,True,True,True,,1111,64,True
fastv,mmstar_001398,test,mmstar,128,False,False,,True,True,True,True,True,,1111,64,True
fastv,mmstar_001398,test,mmstar,256,False,False,,True,True,True,True,True,,1111,64,True
fastv,mmstar_001398,test,mmstar,432,False,False,,True,True,True,True,True,,1111,64,True
fastv,mmstar_001400,test,mmstar,64,False,False,,True,True,True,True,True,,1111,64,True
fastv,mmstar_001400,test,mmstar,128,False,False,,True,True,True,True,True,,1111,64,True
fastv,mmstar_001400,test,mmstar,256,False,False,,True,True,True,True,True,,1111,64,True
fastv,mmstar_001400,test,mmstar,432,False,False,,True,True,True,True,True,,1111,64,True
fastv,mmstar_001403,test,mmstar,64,True,True,irrelevant,True,False,False,False,False,False,0011,256,True
fastv,mmstar_001403,test,mmstar,128,True,True,irrelevant,True,False,False,False,False,False,0011,256,True
fastv,mmstar_001403,test,mmstar,256,True,True,irrelevant,True,True,True,True,True,True,0011,256,True
fastv,mmstar_001403,test,mmstar,432,True,True,irrelevant,True,True,True,True,True,True,0011,256,True
fastv,mmstar_001404,test,mmstar,64,True,True,blur,False,False,True,False,False,False,0011,256,True
fastv,mmstar_001404,test,mmstar,128,True,True,blur,True,False,False,False,False,False,0011,256,True
fastv,mmstar_001404,test,mmstar,256,True,True,blur,True,True,True,True,True,True,0011,256,True
fastv,mmstar_001404,test,mmstar,432,True,True,blur,True,True,True,True,True,True,0011,256,True
fastv,mmstar_001405,test,mmstar,64,False,False,,True,True,True,True,True,,1111,64,True
fastv,mmstar_001405,test,mmstar,128,False,False,,True,True,True,True,True,,1111,64,True
fastv,mmstar_001405,test,mmstar,256,False,False,,True,True,True,True,True,,1111,64,True
fastv,mmstar_001405,test,mmstar,432,False,False,,True,True,True,True,True,,1111,64,True
fastv,mmstar_001406,test,mmstar,64,False,False,,True,True,True,True,True,,1111,64,True
fastv,mmstar_001406,test,mmstar,128,False,False,,True,True,True,True,True,,1111,64,True
fastv,mmstar_001406,test,mmstar,256,False,False,,True,True,True,True,True,,1111,64,True
fastv,mmstar_001406,test,mmstar,432,False,False,,True,True,True,True,True,,1111,64,True
fastv,mmstar_001411,test,mmstar,64,False,True,gray|blur|irrelevant,True,True,False,True,False,,0011,256,True
fastv,mmstar_001411,test,mmstar,128,False,True,gray|blur|irrelevant,True,True,False,True,False,,0011,256,True
fastv,mmstar_001411,test,mmstar,256,False,True,gray|blur|irrelevant,True,True,True,True,True,,0011,256,True
fastv,mmstar_001411,test,mmstar,432,False,True,gray|blur|irrelevant,True,True,True,True,True,,0011,256,True
fastv,mmstar_001413,test,mmstar,64,False,False,,True,True,True,True,True,,1111,64,True
fastv,mmstar_001413,test,mmstar,128,False,False,,True,True,True,True,True,,1111,64,True
fastv,mmstar_001413,test,mmstar,256,False,False,,True,True,True,True,True,,1111,64,True
fastv,mmstar_001413,test,mmstar,432,False,False,,True,True,True,True,True,,1111,64,True
fastv,mmstar_001416,validation,mmstar,64,True,False,,True,True,True,True,True,,1111,64,True
fastv,mmstar_001416,validation,mmstar,128,True,False,,True,True,True,True,True,,1111,64,True
fastv,mmstar_001416,validation,mmstar,256,True,False,,True,True,True,True,True,,1111,64,True
fastv,mmstar_001416,validation,mmstar,432,True,False,,True,True,True,True,True,,1111,64,True
fastv,mmstar_001417,validation,mmstar,64,False,True,gray|irrelevant,True,True,True,True,True,,1111,64,True
fastv,mmstar_001417,validation,mmstar,128,False,True,gray|irrelevant,True,True,True,True,True,,1111,64,True
fastv,mmstar_001417,validation,mmstar,256,False,True,gray|irrelevant,True,True,True,True,True,,1111,64,True
fastv,mmstar_001417,validation,mmstar,432,False,True,gray|irrelevant,True,True,True,True,True,,1111,64,True
fastv,mmstar_001418,test,mmstar,64,False,False,,True,True,True,True,True,,1111,64,True
fastv,mmstar_001418,test,mmstar,128,False,False,,True,True,True,True,True,,1111,64,True
fastv,mmstar_001418,test,mmstar,256,False,False,,True,True,True,True,True,,1111,64,True
fastv,mmstar_001418,test,mmstar,432,False,False,,True,True,True,True,True,,1111,64,True
fastv,mmstar_001419,test,mmstar,64,True,False,,False,True,True,False,False,,0011,256,True
fastv,mmstar_001419,test,mmstar,128,True,False,,False,True,True,False,False,,0011,256,True
fastv,mmstar_001419,test,mmstar,256,True,False,,True,True,True,True,True,,0011,256,True
fastv,mmstar_001419,test,mmstar,432,True,False,,True,True,True,True,True,,0011,256,True
fastv,mmstar_001422,test,mmstar,64,True,False,,True,True,True,True,True,,1111,64,True
fastv,mmstar_001422,test,mmstar,128,True,False,,True,True,True,True,True,,1111,64,True
fastv,mmstar_001422,test,mmstar,256,True,False,,True,True,True,True,True,,1111,64,True
fastv,mmstar_001422,test,mmstar,432,True,False,,True,True,True,True,True,,1111,64,True
fastv,mmstar_001423,validation,mmstar,64,False,True,gray|irrelevant,True,True,True,True,True,,1101,64,False
fastv,mmstar_001423,validation,mmstar,128,False,True,gray|irrelevant,True,True,True,True,True,,1101,64,False
fastv,mmstar_001423,validation,mmstar,256,False,True,gray|irrelevant,True,False,False,False,False,,1101,64,False
fastv,mmstar_001423,validation,mmstar,432,False,True,gray|irrelevant,True,True,True,True,True,,1101,64,False
fastv,mmstar_001425,test,mmstar,64,False,False,,True,True,True,True,True,,1111,64,True
fastv,mmstar_001425,test,mmstar,128,False,False,,True,True,True,True,True,,1111,64,True
fastv,mmstar_001425,test,mmstar,256,False,False,,True,True,True,True,True,,1111,64,True
fastv,mmstar_001425,test,mmstar,432,False,False,,True,True,True,True,True,,1111,64,True
fastv,mmstar_001426,test,mmstar,64,False,True,gray|irrelevant,True,False,False,False,False,,0000,full,True
fastv,mmstar_001426,test,mmstar,128,False,True,gray|irrelevant,True,False,False,False,False,,0000,full,True
fastv,mmstar_001426,test,mmstar,256,False,True,gray|irrelevant,True,False,False,False,False,,0000,full,True
fastv,mmstar_001426,test,mmstar,432,False,True,gray|irrelevant,True,False,False,False,False,,0000,full,True
fastv,mmstar_001428,test,mmstar,64,False,False,,True,True,True,True,True,,1111,64,True
fastv,mmstar_001428,test,mmstar,128,False,False,,True,True,True,True,True,,1111,64,True
fastv,mmstar_001428,test,mmstar,256,False,False,,True,True,True,True,True,,1111,64,True
fastv,mmstar_001428,test,mmstar,432,False,False,,True,True,True,True,True,,1111,64,True
fastv,mmstar_001429,test,mmstar,64,False,False,,True,True,True,True,True,,1111,64,True
fastv,mmstar_001429,test,mmstar,128,False,False,,True,True,True,True,True,,1111,64,True
fastv,mmstar_001429,test,mmstar,256,False,False,,True,True,True,True,True,,1111,64,True
fastv,mmstar_001429,test,mmstar,432,False,False,,True,True,True,True,True,,1111,64,True
fastv,mmstar_001435,test,mmstar,64,False,False,,True,True,True,True,True,,1111,64,True
fastv,mmstar_001435,test,mmstar,128,False,False,,True,True,True,True,True,,1111,64,True
fastv,mmstar_001435,test,mmstar,256,False,False,,True,True,True,True,True,,1111,64,True
fastv,mmstar_001435,test,mmstar,432,False,False,,True,True,True,True,True,,1111,64,True
fastv,mmstar_001437,test,mmstar,64,False,False,,True,True,True,True,True,,1111,64,True
fastv,mmstar_001437,test,mmstar,128,False,False,,True,True,True,True,True,,1111,64,True
fastv,mmstar_001437,test,mmstar,256,False,False,,True,True,True,True,True,,1111,64,True
fastv,mmstar_001437,test,mmstar,432,False,False,,True,True,True,True,True,,1111,64,True
fastv,mmstar_001438,test,mmstar,64,False,True,irrelevant,True,True,True,True,True,,1111,64,True
fastv,mmstar_001438,test,mmstar,128,False,True,irrelevant,True,True,True,True,True,,1111,64,True
fastv,mmstar_001438,test,mmstar,256,False,True,irrelevant,True,True,True,True,True,,1111,64,True
fastv,mmstar_001438,test,mmstar,432,False,True,irrelevant,True,True,True,True,True,,1111,64,True
fastv,mmstar_001441,test,mmstar,64,False,False,,True,True,True,True,True,,1111,64,True
fastv,mmstar_001441,test,mmstar,128,False,False,,True,True,True,True,True,,1111,64,True
fastv,mmstar_001441,test,mmstar,256,False,False,,True,True,True,True,True,,1111,64,True
fastv,mmstar_001441,test,mmstar,432,False,False,,True,True,True,True,True,,1111,64,True
fastv,mmstar_001442,test,mmstar,64,True,False,,True,True,True,True,True,,1111,64,True
fastv,mmstar_001442,test,mmstar,128,True,False,,True,True,True,True,True,,1111,64,True
fastv,mmstar_001442,test,mmstar,256,True,False,,True,True,True,True,True,,1111,64,True
fastv,mmstar_001442,test,mmstar,432,True,False,,True,True,True,True,True,,1111,64,True
fastv,mmstar_001445,test,mmstar,64,False,True,gray,True,True,True,True,True,,1111,64,True
fastv,mmstar_001445,test,mmstar,128,False,True,gray,True,True,True,True,True,,1111,64,True
fastv,mmstar_001445,test,mmstar,256,False,True,gray,True,True,True,True,True,,1111,64,True
fastv,mmstar_001445,test,mmstar,432,False,True,gray,True,True,True,True,True,,1111,64,True
fastv,mmstar_001447,test,mmstar,64,False,False,,True,True,True,True,True,,1111,64,True
fastv,mmstar_001447,test,mmstar,128,False,False,,True,True,True,True,True,,1111,64,True
fastv,mmstar_001447,test,mmstar,256,False,False,,True,True,True,True,True,,1111,64,True
fastv,mmstar_001447,test,mmstar,432,False,False,,True,True,True,True,True,,1111,64,True
fastv,mmstar_001456,test,mmstar,64,False,False,,True,True,True,True,True,,1111,64,True
fastv,mmstar_001456,test,mmstar,128,False,False,,True,True,True,True,True,,1111,64,True
fastv,mmstar_001456,test,mmstar,256,False,False,,True,True,True,True,True,,1111,64,True
fastv,mmstar_001456,test,mmstar,432,False,False,,True,True,True,True,True,,1111,64,True
fastv,mmstar_001458,test,mmstar,64,True,False,,True,True,True,True,True,,1111,64,True
fastv,mmstar_001458,test,mmstar,128,True,False,,True,True,True,True,True,,1111,64,True
fastv,mmstar_001458,test,mmstar,256,True,False,,True,True,True,True,True,,1111,64,True
fastv,mmstar_001458,test,mmstar,432,True,False,,True,True,True,True,True,,1111,64,True
fastv,mmstar_001459,validation,mmstar,64,False,False,,False,True,True,False,False,,0011,256,True
fastv,mmstar_001459,validation,mmstar,128,False,False,,False,True,True,False,False,,0011,256,True
fastv,mmstar_001459,validation,mmstar,256,False,False,,True,True,True,True,True,,0011,256,True
fastv,mmstar_001459,validation,mmstar,432,False,False,,True,True,True,True,True,,0011,256,True
fastv,mmstar_001471,test,mmstar,64,False,True,gray|blur|irrelevant,True,True,False,True,False,,0001,432,True
fastv,mmstar_001471,test,mmstar,128,False,True,gray|blur|irrelevant,True,True,False,True,False,,0001,432,True
fastv,mmstar_001471,test,mmstar,256,False,True,gray|blur|irrelevant,True,True,False,True,False,,0001,432,True
fastv,mmstar_001471,test,mmstar,432,False,True,gray|blur|irrelevant,True,True,True,True,True,,0001,432,True
fastv,mmstar_001472,validation,mmstar,64,True,False,,True,True,True,True,True,,1111,64,True
fastv,mmstar_001472,validation,mmstar,128,True,False,,True,True,True,True,True,,1111,64,True
fastv,mmstar_001472,validation,mmstar,256,True,False,,True,True,True,True,True,,1111,64,True
fastv,mmstar_001472,validation,mmstar,432,True,False,,True,True,True,True,True,,1111,64,True
fastv,mmstar_001485,test,mmstar,64,True,True,gray|blur|irrelevant,False,False,False,False,False,False,0001,432,True
fastv,mmstar_001485,test,mmstar,128,True,True,gray|blur|irrelevant,False,False,False,False,False,False,0001,432,True
fastv,mmstar_001485,test,mmstar,256,True,True,gray|blur|irrelevant,False,False,False,False,False,False,0001,432,True
fastv,mmstar_001485,test,mmstar,432,True,True,gray|blur|irrelevant,True,True,True,True,True,True,0001,432,True
fastv,mmstar_001493,test,mmstar,64,False,True,gray|blur|irrelevant,False,True,False,False,False,,0001,432,True
fastv,mmstar_001493,test,mmstar,128,False,True,gray|blur|irrelevant,False,True,False,False,False,,0001,432,True
fastv,mmstar_001493,test,mmstar,256,False,True,gray|blur|irrelevant,True,True,False,True,False,,0001,432,True
fastv,mmstar_001493,test,mmstar,432,False,True,gray|blur|irrelevant,True,True,True,True,True,,0001,432,True
fastv,mmstar_001498,validation,mmstar,64,False,False,,True,True,True,True,True,,1111,64,True
fastv,mmstar_001498,validation,mmstar,128,False,False,,True,True,True,True,True,,1111,64,True
fastv,mmstar_001498,validation,mmstar,256,False,False,,True,True,True,True,True,,1111,64,True
fastv,mmstar_001498,validation,mmstar,432,False,False,,True,True,True,True,True,,1111,64,True
fastv,pope_adversarial_000001,test,pope_adversarial,64,True,False,,True,True,True,True,True,,1111,64,True
fastv,pope_adversarial_000001,test,pope_adversarial,128,True,False,,True,True,True,True,True,,1111,64,True
fastv,pope_adversarial_000001,test,pope_adversarial,256,True,False,,True,True,True,True,True,,1111,64,True
fastv,pope_adversarial_000001,test,pope_adversarial,432,True,False,,True,True,True,True,True,,1111,64,True
fastv,pope_adversarial_000003,test,pope_adversarial,64,True,False,,True,True,True,True,True,,1111,64,True
fastv,pope_adversarial_000003,test,pope_adversarial,128,True,False,,True,True,True,True,True,,1111,64,True
fastv,pope_adversarial_000003,test,pope_adversarial,256,True,False,,True,True,True,True,True,,1111,64,True
fastv,pope_adversarial_000003,test,pope_adversarial,432,True,False,,True,True,True,True,True,,1111,64,True
fastv,pope_adversarial_000006,test,pope_adversarial,64,True,True,gray|irrelevant,False,False,True,False,False,False,0011,256,True
fastv,pope_adversarial_000006,test,pope_adversarial,128,True,True,gray|irrelevant,False,False,True,False,False,False,0011,256,True
fastv,pope_adversarial_000006,test,pope_adversarial,256,True,True,gray|irrelevant,True,True,True,True,True,True,0011,256,True
fastv,pope_adversarial_000006,test,pope_adversarial,432,True,True,gray|irrelevant,True,True,True,True,True,True,0011,256,True
fastv,pope_adversarial_000011,test,pope_adversarial,64,False,True,gray|irrelevant,False,False,True,False,False,,0011,256,True
fastv,pope_adversarial_000011,test,pope_adversarial,128,False,True,gray|irrelevant,False,False,True,False,False,,0011,256,True
fastv,pope_adversarial_000011,test,pope_adversarial,256,False,True,gray|irrelevant,True,True,True,True,True,,0011,256,True
fastv,pope_adversarial_000011,test,pope_adversarial,432,False,True,gray|irrelevant,True,True,True,True,True,,0011,256,True
fastv,pope_adversarial_000013,test,pope_adversarial,64,True,False,,True,True,True,True,True,,1111,64,True
fastv,pope_adversarial_000013,test,pope_adversarial,128,True,False,,True,True,True,True,True,,1111,64,True
fastv,pope_adversarial_000013,test,pope_adversarial,256,True,False,,True,True,True,True,True,,1111,64,True
fastv,pope_adversarial_000013,test,pope_adversarial,432,True,False,,True,True,True,True,True,,1111,64,True
fastv,pope_adversarial_000018,test,pope_adversarial,64,True,True,gray,True,True,True,True,True,True,1111,64,True
fastv,pope_adversarial_000018,test,pope_adversarial,128,True,True,gray,True,True,True,True,True,True,1111,64,True
fastv,pope_adversarial_000018,test,pope_adversarial,256,True,True,gray,True,True,True,True,True,True,1111,64,True
fastv,pope_adversarial_000018,test,pope_adversarial,432,True,True,gray,True,True,True,True,True,True,1111,64,True
fastv,pope_adversarial_000019,test,pope_adversarial,64,True,False,,True,True,True,True,True,,1111,64,True
fastv,pope_adversarial_000019,test,pope_adversarial,128,True,False,,True,True,True,True,True,,1111,64,True
fastv,pope_adversarial_000019,test,pope_adversarial,256,True,False,,True,True,True,True,True,,1111,64,True
fastv,pope_adversarial_000019,test,pope_adversarial,432,True,False,,True,True,True,True,True,,1111,64,True
fastv,pope_adversarial_000028,test,pope_adversarial,64,True,True,gray|irrelevant,True,True,True,True,True,True,1111,64,True
fastv,pope_adversarial_000028,test,pope_adversarial,128,True,True,gray|irrelevant,True,True,True,True,True,True,1111,64,True
fastv,pope_adversarial_000028,test,pope_adversarial,256,True,True,gray|irrelevant,True,True,True,True,True,True,1111,64,True
fastv,pope_adversarial_000028,test,pope_adversarial,432,True,True,gray|irrelevant,True,True,True,True,True,True,1111,64,True
fastv,pope_adversarial_000038,test,pope_adversarial,64,True,True,gray|irrelevant,False,False,True,False,False,False,0011,256,True
fastv,pope_adversarial_000038,test,pope_adversarial,128,True,True,gray|irrelevant,False,False,True,False,False,False,0011,256,True
fastv,pope_adversarial_000038,test,pope_adversarial,256,True,True,gray|irrelevant,True,True,True,True,True,True,0011,256,True
fastv,pope_adversarial_000038,test,pope_adversarial,432,True,True,gray|irrelevant,True,True,True,True,True,True,0011,256,True
fastv,pope_adversarial_000042,test,pope_adversarial,64,False,False,,True,True,True,True,True,,1111,64,True
fastv,pope_adversarial_000042,test,pope_adversarial,128,False,False,,True,True,True,True,True,,1111,64,True
fastv,pope_adversarial_000042,test,pope_adversarial,256,False,False,,True,True,True,True,True,,1111,64,True
fastv,pope_adversarial_000042,test,pope_adversarial,432,False,False,,True,True,True,True,True,,1111,64,True
fastv,pope_adversarial_000056,test,pope_adversarial,64,True,True,gray|blur,False,False,True,False,False,False,0011,256,True
fastv,pope_adversarial_000056,test,pope_adversarial,128,True,True,gray|blur,False,False,True,False,False,False,0011,256,True
fastv,pope_adversarial_000056,test,pope_adversarial,256,True,True,gray|blur,True,True,True,True,True,True,0011,256,True
fastv,pope_adversarial_000056,test,pope_adversarial,432,True,True,gray|blur,True,True,True,True,True,True,0011,256,True
fastv,pope_adversarial_000059,test,pope_adversarial,64,True,False,,True,True,True,True,True,,1111,64,True
fastv,pope_adversarial_000059,test,pope_adversarial,128,True,False,,True,True,True,True,True,,1111,64,True
fastv,pope_adversarial_000059,test,pope_adversarial,256,True,False,,True,True,True,True,True,,1111,64,True
fastv,pope_adversarial_000059,test,pope_adversarial,432,True,False,,True,True,True,True,True,,1111,64,True
fastv,pope_adversarial_000061,test,pope_adversarial,64,True,False,,True,True,True,True,True,,1111,64,True
fastv,pope_adversarial_000061,test,pope_adversarial,128,True,False,,True,True,True,True,True,,1111,64,True
fastv,pope_adversarial_000061,test,pope_adversarial,256,True,False,,True,True,True,True,True,,1111,64,True
fastv,pope_adversarial_000061,test,pope_adversarial,432,True,False,,True,True,True,True,True,,1111,64,True
fastv,pope_adversarial_000075,test,pope_adversarial,64,True,False,,True,True,True,True,True,,1111,64,True
fastv,pope_adversarial_000075,test,pope_adversarial,128,True,False,,True,True,True,True,True,,1111,64,True
fastv,pope_adversarial_000075,test,pope_adversarial,256,True,False,,True,True,True,True,True,,1111,64,True
fastv,pope_adversarial_000075,test,pope_adversarial,432,True,False,,True,True,True,True,True,,1111,64,True
fastv,pope_adversarial_000076,validation,pope_adversarial,64,True,True,gray|irrelevant,False,False,True,False,False,False,0111,128,True
fastv,pope_adversarial_000076,validation,pope_adversarial,128,True,True,gray|irrelevant,True,True,True,True,True,True,0111,128,True
fastv,pope_adversarial_000076,validation,pope_adversarial,256,True,True,gray|irrelevant,True,True,True,True,True,True,0111,128,True
fastv,pope_adversarial_000076,validation,pope_adversarial,432,True,True,gray|irrelevant,True,True,True,True,True,True,0111,128,True
fastv,pope_adversarial_000085,test,pope_adversarial,64,True,True,irrelevant,True,False,False,False,False,False,0011,256,True
fastv,pope_adversarial_000085,test,pope_adversarial,128,True,True,irrelevant,True,False,False,False,False,False,0011,256,True
fastv,pope_adversarial_000085,test,pope_adversarial,256,True,True,irrelevant,True,True,True,True,True,True,0011,256,True
fastv,pope_adversarial_000085,test,pope_adversarial,432,True,True,irrelevant,True,True,True,True,True,True,0011,256,True
fastv,pope_adversarial_000087,test,pope_adversarial,64,False,True,gray|blur|irrelevant,False,False,True,False,False,,0011,256,True
fastv,pope_adversarial_000087,test,pope_adversarial,128,False,True,gray|blur|irrelevant,False,False,True,False,False,,0011,256,True
fastv,pope_adversarial_000087,test,pope_adversarial,256,False,True,gray|blur|irrelevant,True,True,True,True,True,,0011,256,True
fastv,pope_adversarial_000087,test,pope_adversarial,432,False,True,gray|blur|irrelevant,True,True,True,True,True,,0011,256,True
fastv,pope_adversarial_000093,test,pope_adversarial,64,True,False,,True,True,True,True,True,,1111,64,True
fastv,pope_adversarial_000093,test,pope_adversarial,128,True,False,,True,True,True,True,True,,1111,64,True
fastv,pope_adversarial_000093,test,pope_adversarial,256,True,False,,True,True,True,True,True,,1111,64,True
fastv,pope_adversarial_000093,test,pope_adversarial,432,True,False,,True,True,True,True,True,,1111,64,True
fastv,pope_adversarial_000099,test,pope_adversarial,64,True,False,,True,True,True,True,True,,1111,64,True
fastv,pope_adversarial_000099,test,pope_adversarial,128,True,False,,True,True,True,True,True,,1111,64,True
fastv,pope_adversarial_000099,test,pope_adversarial,256,True,False,,True,True,True,True,True,,1111,64,True
fastv,pope_adversarial_000099,test,pope_adversarial,432,True,False,,True,True,True,True,True,,1111,64,True
fastv,pope_adversarial_000100,test,pope_adversarial,64,True,True,gray,True,True,True,True,True,True,1111,64,True
fastv,pope_adversarial_000100,test,pope_adversarial,128,True,True,gray,True,True,True,True,True,True,1111,64,True
fastv,pope_adversarial_000100,test,pope_adversarial,256,True,True,gray,True,True,True,True,True,True,1111,64,True
fastv,pope_adversarial_000100,test,pope_adversarial,432,True,True,gray,True,True,True,True,True,True,1111,64,True
fastv,pope_adversarial_000103,test,pope_adversarial,64,False,True,gray|irrelevant,True,True,True,True,True,,1111,64,True
fastv,pope_adversarial_000103,test,pope_adversarial,128,False,True,gray|irrelevant,True,True,True,True,True,,1111,64,True
fastv,pope_adversarial_000103,test,pope_adversarial,256,False,True,gray|irrelevant,True,True,True,True,True,,1111,64,True
fastv,pope_adversarial_000103,test,pope_adversarial,432,False,True,gray|irrelevant,True,True,True,True,True,,1111,64,True
fastv,pope_adversarial_000109,test,pope_adversarial,64,False,True,gray|blur|irrelevant,False,False,True,False,False,,0011,256,True
fastv,pope_adversarial_000109,test,pope_adversarial,128,False,True,gray|blur|irrelevant,False,False,True,False,False,,0011,256,True
fastv,pope_adversarial_000109,test,pope_adversarial,256,False,True,gray|blur|irrelevant,True,True,True,True,True,,0011,256,True
fastv,pope_adversarial_000109,test,pope_adversarial,432,False,True,gray|blur|irrelevant,True,True,True,True,True,,0011,256,True
fastv,pope_adversarial_000110,test,pope_adversarial,64,True,True,gray|blur|irrelevant,False,False,True,False,False,False,0111,128,True
fastv,pope_adversarial_000110,test,pope_adversarial,128,True,True,gray|blur|irrelevant,True,True,True,True,True,True,0111,128,True
fastv,pope_adversarial_000110,test,pope_adversarial,256,True,True,gray|blur|irrelevant,True,True,True,True,True,True,0111,128,True
fastv,pope_adversarial_000110,test,pope_adversarial,432,True,True,gray|blur|irrelevant,True,True,True,True,True,True,0111,128,True
fastv,pope_adversarial_000118,validation,pope_adversarial,64,True,True,gray|irrelevant,True,True,True,True,True,True,1111,64,True
fastv,pope_adversarial_000118,validation,pope_adversarial,128,True,True,gray|irrelevant,True,True,True,True,True,True,1111,64,True
fastv,pope_adversarial_000118,validation,pope_adversarial,256,True,True,gray|irrelevant,True,True,True,True,True,True,1111,64,True
fastv,pope_adversarial_000118,validation,pope_adversarial,432,True,True,gray|irrelevant,True,True,True,True,True,True,1111,64,True
fastv,pope_adversarial_000122,test,pope_adversarial,64,False,False,,True,True,True,True,True,,1111,64,True
fastv,pope_adversarial_000122,test,pope_adversarial,128,False,False,,True,True,True,True,True,,1111,64,True
fastv,pope_adversarial_000122,test,pope_adversarial,256,False,False,,True,True,True,True,True,,1111,64,True
fastv,pope_adversarial_000122,test,pope_adversarial,432,False,False,,True,True,True,True,True,,1111,64,True
fastv,pope_adversarial_000126,validation,pope_adversarial,64,True,True,gray|irrelevant,True,True,True,True,True,True,1111,64,True
fastv,pope_adversarial_000126,validation,pope_adversarial,128,True,True,gray|irrelevant,True,True,True,True,True,True,1111,64,True
fastv,pope_adversarial_000126,validation,pope_adversarial,256,True,True,gray|irrelevant,True,True,True,True,True,True,1111,64,True
fastv,pope_adversarial_000126,validation,pope_adversarial,432,True,True,gray|irrelevant,True,True,True,True,True,True,1111,64,True
fastv,pope_adversarial_000128,test,pope_adversarial,64,True,True,gray|irrelevant,False,False,True,False,False,False,0111,128,True
fastv,pope_adversarial_000128,test,pope_adversarial,128,True,True,gray|irrelevant,True,True,True,True,True,True,0111,128,True
fastv,pope_adversarial_000128,test,pope_adversarial,256,True,True,gray|irrelevant,True,True,True,True,True,True,0111,128,True
fastv,pope_adversarial_000128,test,pope_adversarial,432,True,True,gray|irrelevant,True,True,True,True,True,True,0111,128,True
fastv,pope_adversarial_000131,test,pope_adversarial,64,False,True,gray|blur|irrelevant,True,True,True,True,True,,1111,64,True
fastv,pope_adversarial_000131,test,pope_adversarial,128,False,True,gray|blur|irrelevant,True,True,True,True,True,,1111,64,True
fastv,pope_adversarial_000131,test,pope_adversarial,256,False,True,gray|blur|irrelevant,True,True,True,True,True,,1111,64,True
fastv,pope_adversarial_000131,test,pope_adversarial,432,False,True,gray|blur|irrelevant,True,True,True,True,True,,1111,64,True
fastv,pope_adversarial_000132,test,pope_adversarial,64,False,True,blur,True,False,False,False,False,,0001,432,True
fastv,pope_adversarial_000132,test,pope_adversarial,128,False,True,blur,True,False,False,False,False,,0001,432,True
fastv,pope_adversarial_000132,test,pope_adversarial,256,False,True,blur,True,False,False,False,False,,0001,432,True
fastv,pope_adversarial_000132,test,pope_adversarial,432,False,True,blur,True,True,True,True,True,,0001,432,True
fastv,pope_adversarial_000141,test,pope_adversarial,64,True,False,,True,True,True,True,True,,1111,64,True
fastv,pope_adversarial_000141,test,pope_adversarial,128,True,False,,True,True,True,True,True,,1111,64,True
fastv,pope_adversarial_000141,test,pope_adversarial,256,True,False,,True,True,True,True,True,,1111,64,True
fastv,pope_adversarial_000141,test,pope_adversarial,432,True,False,,True,True,True,True,True,,1111,64,True
fastv,pope_adversarial_000143,validation,pope_adversarial,64,True,False,,True,True,True,True,True,,1111,64,True
fastv,pope_adversarial_000143,validation,pope_adversarial,128,True,False,,True,True,True,True,True,,1111,64,True
fastv,pope_adversarial_000143,validation,pope_adversarial,256,True,False,,True,True,True,True,True,,1111,64,True
fastv,pope_adversarial_000143,validation,pope_adversarial,432,True,False,,True,True,True,True,True,,1111,64,True
fastv,pope_adversarial_000151,test,pope_adversarial,64,True,True,irrelevant,True,False,False,False,False,False,0001,432,True
fastv,pope_adversarial_000151,test,pope_adversarial,128,True,True,irrelevant,True,False,False,False,False,False,0001,432,True
fastv,pope_adversarial_000151,test,pope_adversarial,256,True,True,irrelevant,True,False,False,False,False,False,0001,432,True
fastv,pope_adversarial_000151,test,pope_adversarial,432,True,True,irrelevant,True,True,True,True,True,True,0001,432,True
fastv,pope_adversarial_000152,test,pope_adversarial,64,True,True,gray,True,True,True,True,True,True,1111,64,True
fastv,pope_adversarial_000152,test,pope_adversarial,128,True,True,gray,True,True,True,True,True,True,1111,64,True
fastv,pope_adversarial_000152,test,pope_adversarial,256,True,True,gray,True,True,True,True,True,True,1111,64,True
fastv,pope_adversarial_000152,test,pope_adversarial,432,True,True,gray,True,True,True,True,True,True,1111,64,True
fastv,pope_adversarial_000156,test,pope_adversarial,64,True,True,gray|blur|irrelevant,False,False,True,False,False,False,0111,128,True
fastv,pope_adversarial_000156,test,pope_adversarial,128,True,True,gray|blur|irrelevant,True,True,True,True,True,True,0111,128,True
fastv,pope_adversarial_000156,test,pope_adversarial,256,True,True,gray|blur|irrelevant,True,True,True,True,True,True,0111,128,True
fastv,pope_adversarial_000156,test,pope_adversarial,432,True,True,gray|blur|irrelevant,True,True,True,True,True,True,0111,128,True
fastv,pope_adversarial_000163,test,pope_adversarial,64,True,True,blur,True,False,False,False,False,False,0011,256,True
fastv,pope_adversarial_000163,test,pope_adversarial,128,True,True,blur,True,False,False,False,False,False,0011,256,True
fastv,pope_adversarial_000163,test,pope_adversarial,256,True,True,blur,True,True,True,True,True,True,0011,256,True
fastv,pope_adversarial_000163,test,pope_adversarial,432,True,True,blur,True,True,True,True,True,True,0011,256,True
fastv,pope_adversarial_000165,test,pope_adversarial,64,True,False,,True,True,True,True,True,,1111,64,True
fastv,pope_adversarial_000165,test,pope_adversarial,128,True,False,,True,True,True,True,True,,1111,64,True
fastv,pope_adversarial_000165,test,pope_adversarial,256,True,False,,True,True,True,True,True,,1111,64,True
fastv,pope_adversarial_000165,test,pope_adversarial,432,True,False,,True,True,True,True,True,,1111,64,True
fastv,pope_adversarial_000167,validation,pope_adversarial,64,True,False,,True,True,True,True,True,,1111,64,True
fastv,pope_adversarial_000167,validation,pope_adversarial,128,True,False,,True,True,True,True,True,,1111,64,True
fastv,pope_adversarial_000167,validation,pope_adversarial,256,True,False,,True,True,True,True,True,,1111,64,True
fastv,pope_adversarial_000167,validation,pope_adversarial,432,True,False,,True,True,True,True,True,,1111,64,True
fastv,pope_adversarial_000172,test,pope_adversarial,64,True,True,gray|irrelevant,True,True,True,True,True,True,1111,64,True
fastv,pope_adversarial_000172,test,pope_adversarial,128,True,True,gray|irrelevant,True,True,True,True,True,True,1111,64,True
fastv,pope_adversarial_000172,test,pope_adversarial,256,True,True,gray|irrelevant,True,True,True,True,True,True,1111,64,True
fastv,pope_adversarial_000172,test,pope_adversarial,432,True,True,gray|irrelevant,True,True,True,True,True,True,1111,64,True
fastv,pope_adversarial_000177,test,pope_adversarial,64,True,False,,True,True,True,True,True,,1111,64,True
fastv,pope_adversarial_000177,test,pope_adversarial,128,True,False,,True,True,True,True,True,,1111,64,True
fastv,pope_adversarial_000177,test,pope_adversarial,256,True,False,,True,True,True,True,True,,1111,64,True
fastv,pope_adversarial_000177,test,pope_adversarial,432,True,False,,True,True,True,True,True,,1111,64,True
fastv,pope_adversarial_000179,test,pope_adversarial,64,True,False,,True,True,True,True,True,,1111,64,True
fastv,pope_adversarial_000179,test,pope_adversarial,128,True,False,,True,True,True,True,True,,1111,64,True
fastv,pope_adversarial_000179,test,pope_adversarial,256,True,False,,True,True,True,True,True,,1111,64,True
fastv,pope_adversarial_000179,test,pope_adversarial,432,True,False,,True,True,True,True,True,,1111,64,True
fastv,pope_adversarial_000187,test,pope_adversarial,64,True,False,,True,True,True,True,True,,1111,64,True
fastv,pope_adversarial_000187,test,pope_adversarial,128,True,False,,True,True,True,True,True,,1111,64,True
fastv,pope_adversarial_000187,test,pope_adversarial,256,True,False,,True,True,True,True,True,,1111,64,True
fastv,pope_adversarial_000187,test,pope_adversarial,432,True,False,,True,True,True,True,True,,1111,64,True
fastv,pope_adversarial_000203,test,pope_adversarial,64,True,False,,True,True,True,True,True,,1111,64,True
fastv,pope_adversarial_000203,test,pope_adversarial,128,True,False,,True,True,True,True,True,,1111,64,True
fastv,pope_adversarial_000203,test,pope_adversarial,256,True,False,,True,True,True,True,True,,1111,64,True
fastv,pope_adversarial_000203,test,pope_adversarial,432,True,False,,True,True,True,True,True,,1111,64,True
fastv,pope_adversarial_000216,test,pope_adversarial,64,False,False,,True,True,True,True,True,,1111,64,True
fastv,pope_adversarial_000216,test,pope_adversarial,128,False,False,,True,True,True,True,True,,1111,64,True
fastv,pope_adversarial_000216,test,pope_adversarial,256,False,False,,True,True,True,True,True,,1111,64,True
fastv,pope_adversarial_000216,test,pope_adversarial,432,False,False,,True,True,True,True,True,,1111,64,True
fastv,pope_adversarial_000225,test,pope_adversarial,64,True,True,blur,True,False,False,False,False,False,0111,128,True
fastv,pope_adversarial_000225,test,pope_adversarial,128,True,True,blur,True,True,True,True,True,True,0111,128,True
fastv,pope_adversarial_000225,test,pope_adversarial,256,True,True,blur,True,True,True,True,True,True,0111,128,True
fastv,pope_adversarial_000225,test,pope_adversarial,432,True,True,blur,True,True,True,True,True,True,0111,128,True
fastv,pope_adversarial_000226,validation,pope_adversarial,64,True,True,gray|irrelevant,True,True,True,True,True,True,1111,64,True
fastv,pope_adversarial_000226,validation,pope_adversarial,128,True,True,gray|irrelevant,True,True,True,True,True,True,1111,64,True
fastv,pope_adversarial_000226,validation,pope_adversarial,256,True,True,gray|irrelevant,True,True,True,True,True,True,1111,64,True
fastv,pope_adversarial_000226,validation,pope_adversarial,432,True,True,gray|irrelevant,True,True,True,True,True,True,1111,64,True
fastv,pope_adversarial_000227,test,pope_adversarial,64,False,True,gray|blur|irrelevant,True,True,True,True,True,,1111,64,True
fastv,pope_adversarial_000227,test,pope_adversarial,128,False,True,gray|blur|irrelevant,True,True,True,True,True,,1111,64,True
fastv,pope_adversarial_000227,test,pope_adversarial,256,False,True,gray|blur|irrelevant,True,True,True,True,True,,1111,64,True
fastv,pope_adversarial_000227,test,pope_adversarial,432,False,True,gray|blur|irrelevant,True,True,True,True,True,,1111,64,True
fastv,pope_adversarial_000228,validation,pope_adversarial,64,False,False,,True,True,True,True,True,,1111,64,True
fastv,pope_adversarial_000228,validation,pope_adversarial,128,False,False,,True,True,True,True,True,,1111,64,True
fastv,pope_adversarial_000228,validation,pope_adversarial,256,False,False,,True,True,True,True,True,,1111,64,True
fastv,pope_adversarial_000228,validation,pope_adversarial,432,False,False,,True,True,True,True,True,,1111,64,True
fastv,pope_adversarial_000237,test,pope_adversarial,64,True,False,,False,True,True,False,False,,0011,256,True
fastv,pope_adversarial_000237,test,pope_adversarial,128,True,False,,False,True,True,False,False,,0011,256,True
fastv,pope_adversarial_000237,test,pope_adversarial,256,True,False,,True,True,True,True,True,,0011,256,True
fastv,pope_adversarial_000237,test,pope_adversarial,432,True,False,,True,True,True,True,True,,0011,256,True
fastv,pope_adversarial_000238,test,pope_adversarial,64,True,True,gray|irrelevant,True,True,True,True,True,True,1111,64,True
fastv,pope_adversarial_000238,test,pope_adversarial,128,True,True,gray|irrelevant,True,True,True,True,True,True,1111,64,True
fastv,pope_adversarial_000238,test,pope_adversarial,256,True,True,gray|irrelevant,True,True,True,True,True,True,1111,64,True
fastv,pope_adversarial_000238,test,pope_adversarial,432,True,True,gray|irrelevant,True,True,True,True,True,True,1111,64,True
fastv,pope_adversarial_000246,validation,pope_adversarial,64,True,True,gray|blur|irrelevant,False,False,True,False,False,False,0011,256,True
fastv,pope_adversarial_000246,validation,pope_adversarial,128,True,True,gray|blur|irrelevant,False,False,True,False,False,False,0011,256,True
fastv,pope_adversarial_000246,validation,pope_adversarial,256,True,True,gray|blur|irrelevant,True,True,True,True,True,True,0011,256,True
fastv,pope_adversarial_000246,validation,pope_adversarial,432,True,True,gray|blur|irrelevant,True,True,True,True,True,True,0011,256,True
fastv,pope_adversarial_000254,test,pope_adversarial,64,True,True,gray|irrelevant,True,True,True,True,True,True,1111,64,True
fastv,pope_adversarial_000254,test,pope_adversarial,128,True,True,gray|irrelevant,True,True,True,True,True,True,1111,64,True
fastv,pope_adversarial_000254,test,pope_adversarial,256,True,True,gray|irrelevant,True,True,True,True,True,True,1111,64,True
fastv,pope_adversarial_000254,test,pope_adversarial,432,True,True,gray|irrelevant,True,True,True,True,True,True,1111,64,True
fastv,pope_adversarial_000260,validation,pope_adversarial,64,True,True,gray|irrelevant,True,True,True,True,True,True,1111,64,True
fastv,pope_adversarial_000260,validation,pope_adversarial,128,True,True,gray|irrelevant,True,True,True,True,True,True,1111,64,True
fastv,pope_adversarial_000260,validation,pope_adversarial,256,True,True,gray|irrelevant,True,True,True,True,True,True,1111,64,True
fastv,pope_adversarial_000260,validation,pope_adversarial,432,True,True,gray|irrelevant,True,True,True,True,True,True,1111,64,True
fastv,pope_adversarial_000266,test,pope_adversarial,64,True,True,gray|blur|irrelevant,True,True,True,True,True,True,1111,64,True
fastv,pope_adversarial_000266,test,pope_adversarial,128,True,True,gray|blur|irrelevant,True,True,True,True,True,True,1111,64,True
fastv,pope_adversarial_000266,test,pope_adversarial,256,True,True,gray|blur|irrelevant,True,True,True,True,True,True,1111,64,True
fastv,pope_adversarial_000266,test,pope_adversarial,432,True,True,gray|blur|irrelevant,True,True,True,True,True,True,1111,64,True
fastv,pope_adversarial_000278,test,pope_adversarial,64,True,True,gray|irrelevant,True,True,True,True,True,True,1111,64,True
fastv,pope_adversarial_000278,test,pope_adversarial,128,True,True,gray|irrelevant,True,True,True,True,True,True,1111,64,True
fastv,pope_adversarial_000278,test,pope_adversarial,256,True,True,gray|irrelevant,True,True,True,True,True,True,1111,64,True
fastv,pope_adversarial_000278,test,pope_adversarial,432,True,True,gray|irrelevant,True,True,True,True,True,True,1111,64,True
fastv,pope_adversarial_000285,test,pope_adversarial,64,True,False,,True,True,True,True,True,,1111,64,True
fastv,pope_adversarial_000285,test,pope_adversarial,128,True,False,,True,True,True,True,True,,1111,64,True
fastv,pope_adversarial_000285,test,pope_adversarial,256,True,False,,True,True,True,True,True,,1111,64,True
fastv,pope_adversarial_000285,test,pope_adversarial,432,True,False,,True,True,True,True,True,,1111,64,True
fastv,pope_adversarial_000291,test,pope_adversarial,64,True,True,blur,True,False,False,False,False,False,0111,128,True
fastv,pope_adversarial_000291,test,pope_adversarial,128,True,True,blur,True,True,True,True,True,True,0111,128,True
fastv,pope_adversarial_000291,test,pope_adversarial,256,True,True,blur,True,True,True,True,True,True,0111,128,True
fastv,pope_adversarial_000291,test,pope_adversarial,432,True,True,blur,True,True,True,True,True,True,0111,128,True
fastv,pope_adversarial_000292,test,pope_adversarial,64,True,True,gray|blur|irrelevant,True,True,True,True,True,True,1111,64,True
fastv,pope_adversarial_000292,test,pope_adversarial,128,True,True,gray|blur|irrelevant,True,True,True,True,True,True,1111,64,True
fastv,pope_adversarial_000292,test,pope_adversarial,256,True,True,gray|blur|irrelevant,True,True,True,True,True,True,1111,64,True
fastv,pope_adversarial_000292,test,pope_adversarial,432,True,True,gray|blur|irrelevant,True,True,True,True,True,True,1111,64,True
fastv,pope_adversarial_000294,test,pope_adversarial,64,True,True,gray|blur|irrelevant,True,True,True,True,True,True,1111,64,True
fastv,pope_adversarial_000294,test,pope_adversarial,128,True,True,gray|blur|irrelevant,True,True,True,True,True,True,1111,64,True
fastv,pope_adversarial_000294,test,pope_adversarial,256,True,True,gray|blur|irrelevant,True,True,True,True,True,True,1111,64,True
fastv,pope_adversarial_000294,test,pope_adversarial,432,True,True,gray|blur|irrelevant,True,True,True,True,True,True,1111,64,True
fastv,pope_adversarial_000303,test,pope_adversarial,64,True,False,,True,True,True,True,True,,1111,64,True
fastv,pope_adversarial_000303,test,pope_adversarial,128,True,False,,True,True,True,True,True,,1111,64,True
fastv,pope_adversarial_000303,test,pope_adversarial,256,True,False,,True,True,True,True,True,,1111,64,True
fastv,pope_adversarial_000303,test,pope_adversarial,432,True,False,,True,True,True,True,True,,1111,64,True
fastv,pope_adversarial_000307,test,pope_adversarial,64,False,True,gray|blur|irrelevant,True,True,True,True,True,,1111,64,True
fastv,pope_adversarial_000307,test,pope_adversarial,128,False,True,gray|blur|irrelevant,True,True,True,True,True,,1111,64,True
fastv,pope_adversarial_000307,test,pope_adversarial,256,False,True,gray|blur|irrelevant,True,True,True,True,True,,1111,64,True
fastv,pope_adversarial_000307,test,pope_adversarial,432,False,True,gray|blur|irrelevant,True,True,True,True,True,,1111,64,True
fastv,pope_adversarial_000308,test,pope_adversarial,64,True,True,gray|irrelevant,True,True,True,True,True,True,1111,64,True
fastv,pope_adversarial_000308,test,pope_adversarial,128,True,True,gray|irrelevant,True,True,True,True,True,True,1111,64,True
fastv,pope_adversarial_000308,test,pope_adversarial,256,True,True,gray|irrelevant,True,True,True,True,True,True,1111,64,True
fastv,pope_adversarial_000308,test,pope_adversarial,432,True,True,gray|irrelevant,True,True,True,True,True,True,1111,64,True
fastv,pope_adversarial_000310,test,pope_adversarial,64,True,True,gray|blur,True,False,False,False,False,False,0111,128,True
fastv,pope_adversarial_000310,test,pope_adversarial,128,True,True,gray|blur,True,True,True,True,True,True,0111,128,True
fastv,pope_adversarial_000310,test,pope_adversarial,256,True,True,gray|blur,True,True,True,True,True,True,0111,128,True
fastv,pope_adversarial_000310,test,pope_adversarial,432,True,True,gray|blur,True,True,True,True,True,True,0111,128,True
fastv,pope_adversarial_000316,test,pope_adversarial,64,True,True,gray|irrelevant,True,True,True,True,True,True,1111,64,True
fastv,pope_adversarial_000316,test,pope_adversarial,128,True,True,gray|irrelevant,True,True,True,True,True,True,1111,64,True
fastv,pope_adversarial_000316,test,pope_adversarial,256,True,True,gray|irrelevant,True,True,True,True,True,True,1111,64,True
fastv,pope_adversarial_000316,test,pope_adversarial,432,True,True,gray|irrelevant,True,True,True,True,True,True,1111,64,True
fastv,pope_adversarial_000334,validation,pope_adversarial,64,True,True,gray|irrelevant,True,True,True,True,True,True,1111,64,True
fastv,pope_adversarial_000334,validation,pope_adversarial,128,True,True,gray|irrelevant,True,True,True,True,True,True,1111,64,True
fastv,pope_adversarial_000334,validation,pope_adversarial,256,True,True,gray|irrelevant,True,True,True,True,True,True,1111,64,True
fastv,pope_adversarial_000334,validation,pope_adversarial,432,True,True,gray|irrelevant,True,True,True,True,True,True,1111,64,True
fastv,pope_adversarial_000342,test,pope_adversarial,64,True,True,gray|blur|irrelevant,False,False,True,False,False,False,0011,256,True
fastv,pope_adversarial_000342,test,pope_adversarial,128,True,True,gray|blur|irrelevant,False,False,True,False,False,False,0011,256,True
fastv,pope_adversarial_000342,test,pope_adversarial,256,True,True,gray|blur|irrelevant,True,True,True,True,True,True,0011,256,True
fastv,pope_adversarial_000342,test,pope_adversarial,432,True,True,gray|blur|irrelevant,True,True,True,True,True,True,0011,256,True
fastv,pope_adversarial_000354,test,pope_adversarial,64,True,True,gray|blur,False,False,True,False,False,False,0011,256,True
fastv,pope_adversarial_000354,test,pope_adversarial,128,True,True,gray|blur,False,False,True,False,False,False,0011,256,True
fastv,pope_adversarial_000354,test,pope_adversarial,256,True,True,gray|blur,True,True,True,True,True,True,0011,256,True
fastv,pope_adversarial_000354,test,pope_adversarial,432,True,True,gray|blur,True,True,True,True,True,True,0011,256,True
fastv,pope_adversarial_000358,test,pope_adversarial,64,True,True,gray|blur|irrelevant,False,False,True,False,False,False,0000,full,True
fastv,pope_adversarial_000358,test,pope_adversarial,128,True,True,gray|blur|irrelevant,False,False,True,False,False,False,0000,full,True
fastv,pope_adversarial_000358,test,pope_adversarial,256,True,True,gray|blur|irrelevant,False,False,True,False,False,False,0000,full,True
fastv,pope_adversarial_000358,test,pope_adversarial,432,True,True,gray|blur|irrelevant,False,False,True,False,False,False,0000,full,True
fastv,pope_adversarial_000359,test,pope_adversarial,64,True,False,,True,True,True,True,True,,1111,64,True
fastv,pope_adversarial_000359,test,pope_adversarial,128,True,False,,True,True,True,True,True,,1111,64,True
fastv,pope_adversarial_000359,test,pope_adversarial,256,True,False,,True,True,True,True,True,,1111,64,True
fastv,pope_adversarial_000359,test,pope_adversarial,432,True,False,,True,True,True,True,True,,1111,64,True
fastv,pope_adversarial_000361,test,pope_adversarial,64,True,False,,True,True,True,True,True,,1111,64,True
fastv,pope_adversarial_000361,test,pope_adversarial,128,True,False,,True,True,True,True,True,,1111,64,True
fastv,pope_adversarial_000361,test,pope_adversarial,256,True,False,,True,True,True,True,True,,1111,64,True
fastv,pope_adversarial_000361,test,pope_adversarial,432,True,False,,True,True,True,True,True,,1111,64,True
fastv,pope_adversarial_000369,validation,pope_adversarial,64,True,True,blur,True,True,True,True,True,True,1111,64,True
fastv,pope_adversarial_000369,validation,pope_adversarial,128,True,True,blur,True,True,True,True,True,True,1111,64,True
fastv,pope_adversarial_000369,validation,pope_adversarial,256,True,True,blur,True,True,True,True,True,True,1111,64,True
fastv,pope_adversarial_000369,validation,pope_adversarial,432,True,True,blur,True,True,True,True,True,True,1111,64,True
fastv,pope_adversarial_000385,test,pope_adversarial,64,True,False,,True,True,True,True,True,,1101,64,False
fastv,pope_adversarial_000385,test,pope_adversarial,128,True,False,,True,True,True,True,True,,1101,64,False
fastv,pope_adversarial_000385,test,pope_adversarial,256,True,False,,False,True,True,False,False,,1101,64,False
fastv,pope_adversarial_000385,test,pope_adversarial,432,True,False,,True,True,True,True,True,,1101,64,False
fastv,pope_adversarial_000398,validation,pope_adversarial,64,False,False,,True,True,True,True,True,,1111,64,True
fastv,pope_adversarial_000398,validation,pope_adversarial,128,False,False,,True,True,True,True,True,,1111,64,True
fastv,pope_adversarial_000398,validation,pope_adversarial,256,False,False,,True,True,True,True,True,,1111,64,True
fastv,pope_adversarial_000398,validation,pope_adversarial,432,False,False,,True,True,True,True,True,,1111,64,True
fastv,pope_adversarial_000401,test,pope_adversarial,64,True,False,,True,True,True,True,True,,1111,64,True
fastv,pope_adversarial_000401,test,pope_adversarial,128,True,False,,True,True,True,True,True,,1111,64,True
fastv,pope_adversarial_000401,test,pope_adversarial,256,True,False,,True,True,True,True,True,,1111,64,True
fastv,pope_adversarial_000401,test,pope_adversarial,432,True,False,,True,True,True,True,True,,1111,64,True
fastv,pope_adversarial_000406,test,pope_adversarial,64,True,True,gray|blur|irrelevant,True,False,False,False,False,False,0111,128,True
fastv,pope_adversarial_000406,test,pope_adversarial,128,True,True,gray|blur|irrelevant,True,True,True,True,True,True,0111,128,True
fastv,pope_adversarial_000406,test,pope_adversarial,256,True,True,gray|blur|irrelevant,True,True,True,True,True,True,0111,128,True
fastv,pope_adversarial_000406,test,pope_adversarial,432,True,True,gray|blur|irrelevant,True,True,True,True,True,True,0111,128,True
fastv,pope_adversarial_000409,test,pope_adversarial,64,True,False,,True,True,True,True,True,,1111,64,True
fastv,pope_adversarial_000409,test,pope_adversarial,128,True,False,,True,True,True,True,True,,1111,64,True
fastv,pope_adversarial_000409,test,pope_adversarial,256,True,False,,True,True,True,True,True,,1111,64,True
fastv,pope_adversarial_000409,test,pope_adversarial,432,True,False,,True,True,True,True,True,,1111,64,True
fastv,pope_adversarial_000411,test,pope_adversarial,64,True,False,,True,True,True,True,True,,1111,64,True
fastv,pope_adversarial_000411,test,pope_adversarial,128,True,False,,True,True,True,True,True,,1111,64,True
fastv,pope_adversarial_000411,test,pope_adversarial,256,True,False,,True,True,True,True,True,,1111,64,True
fastv,pope_adversarial_000411,test,pope_adversarial,432,True,False,,True,True,True,True,True,,1111,64,True
fastv,pope_adversarial_000413,test,pope_adversarial,64,True,False,,True,True,True,True,True,,1111,64,True
fastv,pope_adversarial_000413,test,pope_adversarial,128,True,False,,True,True,True,True,True,,1111,64,True
fastv,pope_adversarial_000413,test,pope_adversarial,256,True,False,,True,True,True,True,True,,1111,64,True
fastv,pope_adversarial_000413,test,pope_adversarial,432,True,False,,True,True,True,True,True,,1111,64,True
fastv,pope_adversarial_000414,test,pope_adversarial,64,True,True,gray,False,False,True,False,False,False,0111,128,True
fastv,pope_adversarial_000414,test,pope_adversarial,128,True,True,gray,True,True,True,True,True,True,0111,128,True
fastv,pope_adversarial_000414,test,pope_adversarial,256,True,True,gray,True,True,True,True,True,True,0111,128,True
fastv,pope_adversarial_000414,test,pope_adversarial,432,True,True,gray,True,True,True,True,True,True,0111,128,True
fastv,pope_adversarial_000418,test,pope_adversarial,64,True,True,gray|irrelevant,True,True,True,True,True,True,1111,64,True
fastv,pope_adversarial_000418,test,pope_adversarial,128,True,True,gray|irrelevant,True,True,True,True,True,True,1111,64,True
fastv,pope_adversarial_000418,test,pope_adversarial,256,True,True,gray|irrelevant,True,True,True,True,True,True,1111,64,True
fastv,pope_adversarial_000418,test,pope_adversarial,432,True,True,gray|irrelevant,True,True,True,True,True,True,1111,64,True
fastv,pope_adversarial_000419,validation,pope_adversarial,64,True,True,blur,True,False,False,False,False,False,0111,128,True
fastv,pope_adversarial_000419,validation,pope_adversarial,128,True,True,blur,True,True,True,True,True,True,0111,128,True
fastv,pope_adversarial_000419,validation,pope_adversarial,256,True,True,blur,True,True,True,True,True,True,0111,128,True
fastv,pope_adversarial_000419,validation,pope_adversarial,432,True,True,blur,True,True,True,True,True,True,0111,128,True
fastv,pope_adversarial_000421,test,pope_adversarial,64,True,False,,True,True,True,True,True,,1111,64,True
fastv,pope_adversarial_000421,test,pope_adversarial,128,True,False,,True,True,True,True,True,,1111,64,True
fastv,pope_adversarial_000421,test,pope_adversarial,256,True,False,,True,True,True,True,True,,1111,64,True
fastv,pope_adversarial_000421,test,pope_adversarial,432,True,False,,True,True,True,True,True,,1111,64,True
fastv,pope_adversarial_000422,test,pope_adversarial,64,True,True,gray,True,True,True,True,True,True,1111,64,True
fastv,pope_adversarial_000422,test,pope_adversarial,128,True,True,gray,True,True,True,True,True,True,1111,64,True
fastv,pope_adversarial_000422,test,pope_adversarial,256,True,True,gray,True,True,True,True,True,True,1111,64,True
fastv,pope_adversarial_000422,test,pope_adversarial,432,True,True,gray,True,True,True,True,True,True,1111,64,True
fastv,pope_adversarial_000434,test,pope_adversarial,64,False,False,,True,True,True,True,True,,1111,64,True
fastv,pope_adversarial_000434,test,pope_adversarial,128,False,False,,True,True,True,True,True,,1111,64,True
fastv,pope_adversarial_000434,test,pope_adversarial,256,False,False,,True,True,True,True,True,,1111,64,True
fastv,pope_adversarial_000434,test,pope_adversarial,432,False,False,,True,True,True,True,True,,1111,64,True
fastv,pope_adversarial_000453,test,pope_adversarial,64,True,False,,True,True,True,True,True,,1111,64,True
fastv,pope_adversarial_000453,test,pope_adversarial,128,True,False,,True,True,True,True,True,,1111,64,True
fastv,pope_adversarial_000453,test,pope_adversarial,256,True,False,,True,True,True,True,True,,1111,64,True
fastv,pope_adversarial_000453,test,pope_adversarial,432,True,False,,True,True,True,True,True,,1111,64,True
fastv,pope_adversarial_000458,test,pope_adversarial,64,True,True,gray|blur,True,True,True,True,True,True,1111,64,True
fastv,pope_adversarial_000458,test,pope_adversarial,128,True,True,gray|blur,True,True,True,True,True,True,1111,64,True
fastv,pope_adversarial_000458,test,pope_adversarial,256,True,True,gray|blur,True,True,True,True,True,True,1111,64,True
fastv,pope_adversarial_000458,test,pope_adversarial,432,True,True,gray|blur,True,True,True,True,True,True,1111,64,True
fastv,pope_adversarial_000469,test,pope_adversarial,64,True,False,,True,True,True,True,True,,1111,64,True
fastv,pope_adversarial_000469,test,pope_adversarial,128,True,False,,True,True,True,True,True,,1111,64,True
fastv,pope_adversarial_000469,test,pope_adversarial,256,True,False,,True,True,True,True,True,,1111,64,True
fastv,pope_adversarial_000469,test,pope_adversarial,432,True,False,,True,True,True,True,True,,1111,64,True
fastv,pope_adversarial_000470,validation,pope_adversarial,64,True,True,gray,True,True,True,True,True,True,1111,64,True
fastv,pope_adversarial_000470,validation,pope_adversarial,128,True,True,gray,True,True,True,True,True,True,1111,64,True
fastv,pope_adversarial_000470,validation,pope_adversarial,256,True,True,gray,True,True,True,True,True,True,1111,64,True
fastv,pope_adversarial_000470,validation,pope_adversarial,432,True,True,gray,True,True,True,True,True,True,1111,64,True
fastv,pope_adversarial_000481,test,pope_adversarial,64,True,False,,True,True,True,True,True,,1111,64,True
fastv,pope_adversarial_000481,test,pope_adversarial,128,True,False,,True,True,True,True,True,,1111,64,True
fastv,pope_adversarial_000481,test,pope_adversarial,256,True,False,,True,True,True,True,True,,1111,64,True
fastv,pope_adversarial_000481,test,pope_adversarial,432,True,False,,True,True,True,True,True,,1111,64,True
fastv,pope_adversarial_000487,test,pope_adversarial,64,True,False,,True,True,True,True,True,,1111,64,True
fastv,pope_adversarial_000487,test,pope_adversarial,128,True,False,,True,True,True,True,True,,1111,64,True
fastv,pope_adversarial_000487,test,pope_adversarial,256,True,False,,True,True,True,True,True,,1111,64,True
fastv,pope_adversarial_000487,test,pope_adversarial,432,True,False,,True,True,True,True,True,,1111,64,True
fastv,pope_adversarial_000490,test,pope_adversarial,64,True,True,gray|irrelevant,False,False,True,False,False,False,0111,128,True
fastv,pope_adversarial_000490,test,pope_adversarial,128,True,True,gray|irrelevant,True,True,True,True,True,True,0111,128,True
fastv,pope_adversarial_000490,test,pope_adversarial,256,True,True,gray|irrelevant,True,True,True,True,True,True,0111,128,True
fastv,pope_adversarial_000490,test,pope_adversarial,432,True,True,gray|irrelevant,True,True,True,True,True,True,0111,128,True
fastv,pope_adversarial_000492,validation,pope_adversarial,64,True,True,gray|blur|irrelevant,False,False,True,False,False,False,0111,128,True
fastv,pope_adversarial_000492,validation,pope_adversarial,128,True,True,gray|blur|irrelevant,True,True,True,True,True,True,0111,128,True
fastv,pope_adversarial_000492,validation,pope_adversarial,256,True,True,gray|blur|irrelevant,True,True,True,True,True,True,0111,128,True
fastv,pope_adversarial_000492,validation,pope_adversarial,432,True,True,gray|blur|irrelevant,True,True,True,True,True,True,0111,128,True
fastv,pope_adversarial_000495,test,pope_adversarial,64,True,True,irrelevant,True,False,False,False,False,False,0011,256,True
fastv,pope_adversarial_000495,test,pope_adversarial,128,True,True,irrelevant,True,False,False,False,False,False,0011,256,True
fastv,pope_adversarial_000495,test,pope_adversarial,256,True,True,irrelevant,True,True,True,True,True,True,0011,256,True
fastv,pope_adversarial_000495,test,pope_adversarial,432,True,True,irrelevant,True,True,True,True,True,True,0011,256,True
fastv,pope_adversarial_000512,test,pope_adversarial,64,True,True,gray|irrelevant,True,True,True,True,True,True,1111,64,True
fastv,pope_adversarial_000512,test,pope_adversarial,128,True,True,gray|irrelevant,True,True,True,True,True,True,1111,64,True
fastv,pope_adversarial_000512,test,pope_adversarial,256,True,True,gray|irrelevant,True,True,True,True,True,True,1111,64,True
fastv,pope_adversarial_000512,test,pope_adversarial,432,True,True,gray|irrelevant,True,True,True,True,True,True,1111,64,True
fastv,pope_adversarial_000517,test,pope_adversarial,64,True,True,irrelevant,True,True,True,True,True,True,1111,64,True
fastv,pope_adversarial_000517,test,pope_adversarial,128,True,True,irrelevant,True,True,True,True,True,True,1111,64,True
fastv,pope_adversarial_000517,test,pope_adversarial,256,True,True,irrelevant,True,True,True,True,True,True,1111,64,True
fastv,pope_adversarial_000517,test,pope_adversarial,432,True,True,irrelevant,True,True,True,True,True,True,1111,64,True
fastv,pope_adversarial_000518,validation,pope_adversarial,64,True,True,gray|blur|irrelevant,False,False,True,False,False,False,0111,128,True
fastv,pope_adversarial_000518,validation,pope_adversarial,128,True,True,gray|blur|irrelevant,True,True,True,True,True,True,0111,128,True
fastv,pope_adversarial_000518,validation,pope_adversarial,256,True,True,gray|blur|irrelevant,True,True,True,True,True,True,0111,128,True
fastv,pope_adversarial_000518,validation,pope_adversarial,432,True,True,gray|blur|irrelevant,True,True,True,True,True,True,0111,128,True
fastv,pope_adversarial_000520,validation,pope_adversarial,64,False,False,,True,True,True,True,True,,1111,64,True
fastv,pope_adversarial_000520,validation,pope_adversarial,128,False,False,,True,True,True,True,True,,1111,64,True
fastv,pope_adversarial_000520,validation,pope_adversarial,256,False,False,,True,True,True,True,True,,1111,64,True
fastv,pope_adversarial_000520,validation,pope_adversarial,432,False,False,,True,True,True,True,True,,1111,64,True
fastv,pope_adversarial_000529,test,pope_adversarial,64,True,False,,True,True,True,True,True,,1111,64,True
fastv,pope_adversarial_000529,test,pope_adversarial,128,True,False,,True,True,True,True,True,,1111,64,True
fastv,pope_adversarial_000529,test,pope_adversarial,256,True,False,,True,True,True,True,True,,1111,64,True
fastv,pope_adversarial_000529,test,pope_adversarial,432,True,False,,True,True,True,True,True,,1111,64,True
fastv,pope_adversarial_000534,test,pope_adversarial,64,True,True,gray|irrelevant,False,False,True,False,False,False,0111,128,True
fastv,pope_adversarial_000534,test,pope_adversarial,128,True,True,gray|irrelevant,True,True,True,True,True,True,0111,128,True
fastv,pope_adversarial_000534,test,pope_adversarial,256,True,True,gray|irrelevant,True,True,True,True,True,True,0111,128,True
fastv,pope_adversarial_000534,test,pope_adversarial,432,True,True,gray|irrelevant,True,True,True,True,True,True,0111,128,True
fastv,pope_adversarial_000548,test,pope_adversarial,64,True,True,gray|irrelevant,True,True,True,True,True,True,1111,64,True
fastv,pope_adversarial_000548,test,pope_adversarial,128,True,True,gray|irrelevant,True,True,True,True,True,True,1111,64,True
fastv,pope_adversarial_000548,test,pope_adversarial,256,True,True,gray|irrelevant,True,True,True,True,True,True,1111,64,True
fastv,pope_adversarial_000548,test,pope_adversarial,432,True,True,gray|irrelevant,True,True,True,True,True,True,1111,64,True
fastv,pope_adversarial_000550,test,pope_adversarial,64,True,True,gray|blur|irrelevant,False,False,True,False,False,False,0111,128,True
fastv,pope_adversarial_000550,test,pope_adversarial,128,True,True,gray|blur|irrelevant,True,True,True,True,True,True,0111,128,True
fastv,pope_adversarial_000550,test,pope_adversarial,256,True,True,gray|blur|irrelevant,True,True,True,True,True,True,0111,128,True
fastv,pope_adversarial_000550,test,pope_adversarial,432,True,True,gray|blur|irrelevant,True,True,True,True,True,True,0111,128,True
fastv,pope_adversarial_000551,validation,pope_adversarial,64,True,False,,True,True,True,True,True,,1111,64,True
fastv,pope_adversarial_000551,validation,pope_adversarial,128,True,False,,True,True,True,True,True,,1111,64,True
fastv,pope_adversarial_000551,validation,pope_adversarial,256,True,False,,True,True,True,True,True,,1111,64,True
fastv,pope_adversarial_000551,validation,pope_adversarial,432,True,False,,True,True,True,True,True,,1111,64,True
fastv,pope_adversarial_000552,test,pope_adversarial,64,False,False,,True,True,True,True,True,,1111,64,True
fastv,pope_adversarial_000552,test,pope_adversarial,128,False,False,,True,True,True,True,True,,1111,64,True
fastv,pope_adversarial_000552,test,pope_adversarial,256,False,False,,True,True,True,True,True,,1111,64,True
fastv,pope_adversarial_000552,test,pope_adversarial,432,False,False,,True,True,True,True,True,,1111,64,True
fastv,pope_adversarial_000557,test,pope_adversarial,64,False,True,gray|irrelevant,False,False,True,False,False,,0011,256,True
fastv,pope_adversarial_000557,test,pope_adversarial,128,False,True,gray|irrelevant,False,False,True,False,False,,0011,256,True
fastv,pope_adversarial_000557,test,pope_adversarial,256,False,True,gray|irrelevant,True,True,True,True,True,,0011,256,True
fastv,pope_adversarial_000557,test,pope_adversarial,432,False,True,gray|irrelevant,True,True,True,True,True,,0011,256,True
fastv,pope_adversarial_000558,test,pope_adversarial,64,True,True,gray|irrelevant,False,False,True,False,False,False,0111,128,True
fastv,pope_adversarial_000558,test,pope_adversarial,128,True,True,gray|irrelevant,True,True,True,True,True,True,0111,128,True
fastv,pope_adversarial_000558,test,pope_adversarial,256,True,True,gray|irrelevant,True,True,True,True,True,True,0111,128,True
fastv,pope_adversarial_000558,test,pope_adversarial,432,True,True,gray|irrelevant,True,True,True,True,True,True,0111,128,True
fastv,pope_adversarial_000561,test,pope_adversarial,64,True,True,irrelevant,True,False,False,False,False,False,0111,128,True
fastv,pope_adversarial_000561,test,pope_adversarial,128,True,True,irrelevant,True,True,True,True,True,True,0111,128,True
fastv,pope_adversarial_000561,test,pope_adversarial,256,True,True,irrelevant,True,True,True,True,True,True,0111,128,True
fastv,pope_adversarial_000561,test,pope_adversarial,432,True,True,irrelevant,True,True,True,True,True,True,0111,128,True
fastv,pope_adversarial_000572,test,pope_adversarial,64,True,True,gray|irrelevant,True,True,True,True,True,True,1111,64,True
fastv,pope_adversarial_000572,test,pope_adversarial,128,True,True,gray|irrelevant,True,True,True,True,True,True,1111,64,True
fastv,pope_adversarial_000572,test,pope_adversarial,256,True,True,gray|irrelevant,True,True,True,True,True,True,1111,64,True
fastv,pope_adversarial_000572,test,pope_adversarial,432,True,True,gray|irrelevant,True,True,True,True,True,True,1111,64,True
fastv,pope_adversarial_000595,test,pope_adversarial,64,True,False,,True,True,True,True,True,,1111,64,True
fastv,pope_adversarial_000595,test,pope_adversarial,128,True,False,,True,True,True,True,True,,1111,64,True
fastv,pope_adversarial_000595,test,pope_adversarial,256,True,False,,True,True,True,True,True,,1111,64,True
fastv,pope_adversarial_000595,test,pope_adversarial,432,True,False,,True,True,True,True,True,,1111,64,True
fastv,pope_adversarial_000604,test,pope_adversarial,64,True,True,gray|blur|irrelevant,False,False,True,False,False,False,0011,256,True
fastv,pope_adversarial_000604,test,pope_adversarial,128,True,True,gray|blur|irrelevant,False,False,True,False,False,False,0011,256,True
fastv,pope_adversarial_000604,test,pope_adversarial,256,True,True,gray|blur|irrelevant,True,True,True,True,True,True,0011,256,True
fastv,pope_adversarial_000604,test,pope_adversarial,432,True,True,gray|blur|irrelevant,True,True,True,True,True,True,0011,256,True
fastv,pope_adversarial_000607,test,pope_adversarial,64,True,False,,True,True,True,True,True,,1111,64,True
fastv,pope_adversarial_000607,test,pope_adversarial,128,True,False,,True,True,True,True,True,,1111,64,True
fastv,pope_adversarial_000607,test,pope_adversarial,256,True,False,,True,True,True,True,True,,1111,64,True
fastv,pope_adversarial_000607,test,pope_adversarial,432,True,False,,True,True,True,True,True,,1111,64,True
fastv,pope_adversarial_000608,test,pope_adversarial,64,True,True,gray|blur|irrelevant,True,True,True,True,True,True,1111,64,True
fastv,pope_adversarial_000608,test,pope_adversarial,128,True,True,gray|blur|irrelevant,True,True,True,True,True,True,1111,64,True
fastv,pope_adversarial_000608,test,pope_adversarial,256,True,True,gray|blur|irrelevant,True,True,True,True,True,True,1111,64,True
fastv,pope_adversarial_000608,test,pope_adversarial,432,True,True,gray|blur|irrelevant,True,True,True,True,True,True,1111,64,True
fastv,pope_adversarial_000612,validation,pope_adversarial,64,True,True,gray|irrelevant,True,True,True,True,True,True,1111,64,True
fastv,pope_adversarial_000612,validation,pope_adversarial,128,True,True,gray|irrelevant,True,True,True,True,True,True,1111,64,True
fastv,pope_adversarial_000612,validation,pope_adversarial,256,True,True,gray|irrelevant,True,True,True,True,True,True,1111,64,True
fastv,pope_adversarial_000612,validation,pope_adversarial,432,True,True,gray|irrelevant,True,True,True,True,True,True,1111,64,True
fastv,pope_adversarial_000625,test,pope_adversarial,64,True,False,,True,True,True,True,True,,1111,64,True
fastv,pope_adversarial_000625,test,pope_adversarial,128,True,False,,True,True,True,True,True,,1111,64,True
fastv,pope_adversarial_000625,test,pope_adversarial,256,True,False,,True,True,True,True,True,,1111,64,True
fastv,pope_adversarial_000625,test,pope_adversarial,432,True,False,,True,True,True,True,True,,1111,64,True
fastv,pope_adversarial_000631,test,pope_adversarial,64,True,False,,True,True,True,True,True,,1111,64,True
fastv,pope_adversarial_000631,test,pope_adversarial,128,True,False,,True,True,True,True,True,,1111,64,True
fastv,pope_adversarial_000631,test,pope_adversarial,256,True,False,,True,True,True,True,True,,1111,64,True
fastv,pope_adversarial_000631,test,pope_adversarial,432,True,False,,True,True,True,True,True,,1111,64,True
fastv,pope_adversarial_000634,test,pope_adversarial,64,True,True,gray|irrelevant,True,True,True,True,True,True,1111,64,True
fastv,pope_adversarial_000634,test,pope_adversarial,128,True,True,gray|irrelevant,True,True,True,True,True,True,1111,64,True
fastv,pope_adversarial_000634,test,pope_adversarial,256,True,True,gray|irrelevant,True,True,True,True,True,True,1111,64,True
fastv,pope_adversarial_000634,test,pope_adversarial,432,True,True,gray|irrelevant,True,True,True,True,True,True,1111,64,True
fastv,pope_adversarial_000636,test,pope_adversarial,64,True,True,gray|irrelevant,False,False,True,False,False,False,0111,128,True
fastv,pope_adversarial_000636,test,pope_adversarial,128,True,True,gray|irrelevant,True,True,True,True,True,True,0111,128,True
fastv,pope_adversarial_000636,test,pope_adversarial,256,True,True,gray|irrelevant,True,True,True,True,True,True,0111,128,True
fastv,pope_adversarial_000636,test,pope_adversarial,432,True,True,gray|irrelevant,True,True,True,True,True,True,0111,128,True
fastv,pope_adversarial_000637,test,pope_adversarial,64,True,True,blur,True,False,False,False,False,False,0011,256,True
fastv,pope_adversarial_000637,test,pope_adversarial,128,True,True,blur,True,False,False,False,False,False,0011,256,True
fastv,pope_adversarial_000637,test,pope_adversarial,256,True,True,blur,True,True,True,True,True,True,0011,256,True
fastv,pope_adversarial_000637,test,pope_adversarial,432,True,True,blur,True,True,True,True,True,True,0011,256,True
fastv,pope_adversarial_000655,test,pope_adversarial,64,False,True,gray|irrelevant,False,False,True,False,False,,0011,256,True
fastv,pope_adversarial_000655,test,pope_adversarial,128,False,True,gray|irrelevant,False,False,True,False,False,,0011,256,True
fastv,pope_adversarial_000655,test,pope_adversarial,256,False,True,gray|irrelevant,True,True,True,True,True,,0011,256,True
fastv,pope_adversarial_000655,test,pope_adversarial,432,False,True,gray|irrelevant,True,True,True,True,True,,0011,256,True
fastv,pope_adversarial_000656,test,pope_adversarial,64,True,True,gray|blur|irrelevant,True,True,True,True,True,True,1111,64,True
fastv,pope_adversarial_000656,test,pope_adversarial,128,True,True,gray|blur|irrelevant,True,True,True,True,True,True,1111,64,True
fastv,pope_adversarial_000656,test,pope_adversarial,256,True,True,gray|blur|irrelevant,True,True,True,True,True,True,1111,64,True
fastv,pope_adversarial_000656,test,pope_adversarial,432,True,True,gray|blur|irrelevant,True,True,True,True,True,True,1111,64,True
fastv,pope_adversarial_000657,validation,pope_adversarial,64,True,False,,True,True,True,True,True,,1111,64,True
fastv,pope_adversarial_000657,validation,pope_adversarial,128,True,False,,True,True,True,True,True,,1111,64,True
fastv,pope_adversarial_000657,validation,pope_adversarial,256,True,False,,True,True,True,True,True,,1111,64,True
fastv,pope_adversarial_000657,validation,pope_adversarial,432,True,False,,True,True,True,True,True,,1111,64,True
fastv,pope_adversarial_000658,test,pope_adversarial,64,False,False,,True,True,True,True,True,,1111,64,True
fastv,pope_adversarial_000658,test,pope_adversarial,128,False,False,,True,True,True,True,True,,1111,64,True
fastv,pope_adversarial_000658,test,pope_adversarial,256,False,False,,True,True,True,True,True,,1111,64,True
fastv,pope_adversarial_000658,test,pope_adversarial,432,False,False,,True,True,True,True,True,,1111,64,True
fastv,pope_adversarial_000664,test,pope_adversarial,64,True,True,gray|irrelevant,True,True,True,True,True,True,1111,64,True
fastv,pope_adversarial_000664,test,pope_adversarial,128,True,True,gray|irrelevant,True,True,True,True,True,True,1111,64,True
fastv,pope_adversarial_000664,test,pope_adversarial,256,True,True,gray|irrelevant,True,True,True,True,True,True,1111,64,True
fastv,pope_adversarial_000664,test,pope_adversarial,432,True,True,gray|irrelevant,True,True,True,True,True,True,1111,64,True
fastv,pope_adversarial_000665,test,pope_adversarial,64,True,False,,True,True,True,True,True,,1111,64,True
fastv,pope_adversarial_000665,test,pope_adversarial,128,True,False,,True,True,True,True,True,,1111,64,True
fastv,pope_adversarial_000665,test,pope_adversarial,256,True,False,,True,True,True,True,True,,1111,64,True
fastv,pope_adversarial_000665,test,pope_adversarial,432,True,False,,True,True,True,True,True,,1111,64,True
fastv,pope_adversarial_000672,test,pope_adversarial,64,False,False,,True,True,True,True,True,,1111,64,True
fastv,pope_adversarial_000672,test,pope_adversarial,128,False,False,,True,True,True,True,True,,1111,64,True
fastv,pope_adversarial_000672,test,pope_adversarial,256,False,False,,True,True,True,True,True,,1111,64,True
fastv,pope_adversarial_000672,test,pope_adversarial,432,False,False,,True,True,True,True,True,,1111,64,True
fastv,pope_adversarial_000673,test,pope_adversarial,64,True,False,,True,True,True,True,True,,1111,64,True
fastv,pope_adversarial_000673,test,pope_adversarial,128,True,False,,True,True,True,True,True,,1111,64,True
fastv,pope_adversarial_000673,test,pope_adversarial,256,True,False,,True,True,True,True,True,,1111,64,True
fastv,pope_adversarial_000673,test,pope_adversarial,432,True,False,,True,True,True,True,True,,1111,64,True
fastv,pope_adversarial_000692,test,pope_adversarial,64,True,True,gray|irrelevant,True,True,True,True,True,True,1111,64,True
fastv,pope_adversarial_000692,test,pope_adversarial,128,True,True,gray|irrelevant,True,True,True,True,True,True,1111,64,True
fastv,pope_adversarial_000692,test,pope_adversarial,256,True,True,gray|irrelevant,True,True,True,True,True,True,1111,64,True
fastv,pope_adversarial_000692,test,pope_adversarial,432,True,True,gray|irrelevant,True,True,True,True,True,True,1111,64,True
fastv,pope_adversarial_000696,test,pope_adversarial,64,True,True,gray,True,True,True,True,True,True,1111,64,True
fastv,pope_adversarial_000696,test,pope_adversarial,128,True,True,gray,True,True,True,True,True,True,1111,64,True
fastv,pope_adversarial_000696,test,pope_adversarial,256,True,True,gray,True,True,True,True,True,True,1111,64,True
fastv,pope_adversarial_000696,test,pope_adversarial,432,True,True,gray,True,True,True,True,True,True,1111,64,True
fastv,pope_adversarial_000710,validation,pope_adversarial,64,True,True,gray|irrelevant,True,True,True,True,True,True,1111,64,True
fastv,pope_adversarial_000710,validation,pope_adversarial,128,True,True,gray|irrelevant,True,True,True,True,True,True,1111,64,True
fastv,pope_adversarial_000710,validation,pope_adversarial,256,True,True,gray|irrelevant,True,True,True,True,True,True,1111,64,True
fastv,pope_adversarial_000710,validation,pope_adversarial,432,True,True,gray|irrelevant,True,True,True,True,True,True,1111,64,True
fastv,pope_adversarial_000714,validation,pope_adversarial,64,True,True,gray|blur|irrelevant,False,False,True,False,False,False,0011,256,True
fastv,pope_adversarial_000714,validation,pope_adversarial,128,True,True,gray|blur|irrelevant,False,False,True,False,False,False,0011,256,True
fastv,pope_adversarial_000714,validation,pope_adversarial,256,True,True,gray|blur|irrelevant,True,True,True,True,True,True,0011,256,True
fastv,pope_adversarial_000714,validation,pope_adversarial,432,True,True,gray|blur|irrelevant,True,True,True,True,True,True,0011,256,True
fastv,pope_adversarial_000718,test,pope_adversarial,64,True,True,gray|blur,True,True,True,True,True,True,1111,64,True
fastv,pope_adversarial_000718,test,pope_adversarial,128,True,True,gray|blur,True,True,True,True,True,True,1111,64,True
fastv,pope_adversarial_000718,test,pope_adversarial,256,True,True,gray|blur,True,True,True,True,True,True,1111,64,True
fastv,pope_adversarial_000718,test,pope_adversarial,432,True,True,gray|blur,True,True,True,True,True,True,1111,64,True
fastv,pope_adversarial_000722,test,pope_adversarial,64,True,True,gray|irrelevant,True,True,True,True,True,True,1111,64,True
fastv,pope_adversarial_000722,test,pope_adversarial,128,True,True,gray|irrelevant,True,True,True,True,True,True,1111,64,True
fastv,pope_adversarial_000722,test,pope_adversarial,256,True,True,gray|irrelevant,True,True,True,True,True,True,1111,64,True
fastv,pope_adversarial_000722,test,pope_adversarial,432,True,True,gray|irrelevant,True,True,True,True,True,True,1111,64,True
fastv,pope_adversarial_000731,validation,pope_adversarial,64,True,False,,True,True,True,True,True,,1111,64,True
fastv,pope_adversarial_000731,validation,pope_adversarial,128,True,False,,True,True,True,True,True,,1111,64,True
fastv,pope_adversarial_000731,validation,pope_adversarial,256,True,False,,True,True,True,True,True,,1111,64,True
fastv,pope_adversarial_000731,validation,pope_adversarial,432,True,False,,True,True,True,True,True,,1111,64,True
fastv,pope_adversarial_000734,test,pope_adversarial,64,True,True,gray|blur|irrelevant,False,False,True,False,False,False,0011,256,True
fastv,pope_adversarial_000734,test,pope_adversarial,128,True,True,gray|blur|irrelevant,False,False,True,False,False,False,0011,256,True
fastv,pope_adversarial_000734,test,pope_adversarial,256,True,True,gray|blur|irrelevant,True,True,True,True,True,True,0011,256,True
fastv,pope_adversarial_000734,test,pope_adversarial,432,True,True,gray|blur|irrelevant,True,True,True,True,True,True,0011,256,True
fastv,pope_adversarial_000741,test,pope_adversarial,64,True,True,blur,True,False,False,False,False,False,0001,432,True
fastv,pope_adversarial_000741,test,pope_adversarial,128,True,True,blur,False,True,False,False,False,False,0001,432,True
fastv,pope_adversarial_000741,test,pope_adversarial,256,True,True,blur,False,True,False,False,False,False,0001,432,True
fastv,pope_adversarial_000741,test,pope_adversarial,432,True,True,blur,True,True,True,True,True,True,0001,432,True
fastv,pope_adversarial_000748,test,pope_adversarial,64,True,True,gray|blur|irrelevant,True,True,True,True,True,True,1111,64,True
fastv,pope_adversarial_000748,test,pope_adversarial,128,True,True,gray|blur|irrelevant,True,True,True,True,True,True,1111,64,True
fastv,pope_adversarial_000748,test,pope_adversarial,256,True,True,gray|blur|irrelevant,True,True,True,True,True,True,1111,64,True
fastv,pope_adversarial_000748,test,pope_adversarial,432,True,True,gray|blur|irrelevant,True,True,True,True,True,True,1111,64,True
fastv,pope_popular_000006,test,pope_popular,64,True,True,gray|irrelevant,False,False,True,False,False,False,0011,256,True
fastv,pope_popular_000006,test,pope_popular,128,True,True,gray|irrelevant,False,False,True,False,False,False,0011,256,True
fastv,pope_popular_000006,test,pope_popular,256,True,True,gray|irrelevant,True,True,True,True,True,True,0011,256,True
fastv,pope_popular_000006,test,pope_popular,432,True,True,gray|irrelevant,True,True,True,True,True,True,0011,256,True
fastv,pope_popular_000008,validation,pope_popular,64,True,True,gray,True,True,True,True,True,True,1111,64,True
fastv,pope_popular_000008,validation,pope_popular,128,True,True,gray,True,True,True,True,True,True,1111,64,True
fastv,pope_popular_000008,validation,pope_popular,256,True,True,gray,True,True,True,True,True,True,1111,64,True
fastv,pope_popular_000008,validation,pope_popular,432,True,True,gray,True,True,True,True,True,True,1111,64,True
fastv,pope_popular_000010,validation,pope_popular,64,True,True,gray|irrelevant,True,True,True,True,True,True,1111,64,True
fastv,pope_popular_000010,validation,pope_popular,128,True,True,gray|irrelevant,True,True,True,True,True,True,1111,64,True
fastv,pope_popular_000010,validation,pope_popular,256,True,True,gray|irrelevant,True,True,True,True,True,True,1111,64,True
fastv,pope_popular_000010,validation,pope_popular,432,True,True,gray|irrelevant,True,True,True,True,True,True,1111,64,True
fastv,pope_popular_000017,test,pope_popular,64,True,False,,True,True,True,True,True,,1111,64,True
fastv,pope_popular_000017,test,pope_popular,128,True,False,,True,True,True,True,True,,1111,64,True
fastv,pope_popular_000017,test,pope_popular,256,True,False,,True,True,True,True,True,,1111,64,True
fastv,pope_popular_000017,test,pope_popular,432,True,False,,True,True,True,True,True,,1111,64,True
fastv,pope_popular_000020,test,pope_popular,64,True,True,gray|blur|irrelevant,False,False,True,False,False,False,0001,432,True
fastv,pope_popular_000020,test,pope_popular,128,True,True,gray|blur|irrelevant,False,False,True,False,False,False,0001,432,True
fastv,pope_popular_000020,test,pope_popular,256,True,True,gray|blur|irrelevant,False,False,True,False,False,False,0001,432,True
fastv,pope_popular_000020,test,pope_popular,432,True,True,gray|blur|irrelevant,True,True,True,True,True,True,0001,432,True
fastv,pope_popular_000029,test,pope_popular,64,True,False,,True,True,True,True,True,,1111,64,True
fastv,pope_popular_000029,test,pope_popular,128,True,False,,True,True,True,True,True,,1111,64,True
fastv,pope_popular_000029,test,pope_popular,256,True,False,,True,True,True,True,True,,1111,64,True
fastv,pope_popular_000029,test,pope_popular,432,True,False,,True,True,True,True,True,,1111,64,True
fastv,pope_popular_000030,test,pope_popular,64,True,True,gray|irrelevant,False,False,True,False,False,False,0111,128,True
fastv,pope_popular_000030,test,pope_popular,128,True,True,gray|irrelevant,True,True,True,True,True,True,0111,128,True
fastv,pope_popular_000030,test,pope_popular,256,True,True,gray|irrelevant,True,True,True,True,True,True,0111,128,True
fastv,pope_popular_000030,test,pope_popular,432,True,True,gray|irrelevant,True,True,True,True,True,True,0111,128,True
fastv,pope_popular_000035,test,pope_popular,64,True,False,,True,True,True,True,True,,1111,64,True
fastv,pope_popular_000035,test,pope_popular,128,True,False,,True,True,True,True,True,,1111,64,True
fastv,pope_popular_000035,test,pope_popular,256,True,False,,True,True,True,True,True,,1111,64,True
fastv,pope_popular_000035,test,pope_popular,432,True,False,,True,True,True,True,True,,1111,64,True
fastv,pope_popular_000037,test,pope_popular,64,False,True,gray|irrelevant,False,False,True,False,False,,0111,128,True
fastv,pope_popular_000037,test,pope_popular,128,False,True,gray|irrelevant,True,True,True,True,True,,0111,128,True
fastv,pope_popular_000037,test,pope_popular,256,False,True,gray|irrelevant,True,True,True,True,True,,0111,128,True
fastv,pope_popular_000037,test,pope_popular,432,False,True,gray|irrelevant,True,True,True,True,True,,0111,128,True
fastv,pope_popular_000038,test,pope_popular,64,True,True,gray|irrelevant,False,False,True,False,False,False,0011,256,True
fastv,pope_popular_000038,test,pope_popular,128,True,True,gray|irrelevant,False,False,True,False,False,False,0011,256,True
fastv,pope_popular_000038,test,pope_popular,256,True,True,gray|irrelevant,True,True,True,True,True,True,0011,256,True
fastv,pope_popular_000038,test,pope_popular,432,True,True,gray|irrelevant,True,True,True,True,True,True,0011,256,True
fastv,pope_popular_000039,test,pope_popular,64,True,False,,True,True,True,True,True,,1111,64,True
fastv,pope_popular_000039,test,pope_popular,128,True,False,,True,True,True,True,True,,1111,64,True
fastv,pope_popular_000039,test,pope_popular,256,True,False,,True,True,True,True,True,,1111,64,True
fastv,pope_popular_000039,test,pope_popular,432,True,False,,True,True,True,True,True,,1111,64,True
fastv,pope_popular_000052,test,pope_popular,64,True,True,gray|irrelevant,True,True,True,True,True,True,1111,64,True
fastv,pope_popular_000052,test,pope_popular,128,True,True,gray|irrelevant,True,True,True,True,True,True,1111,64,True
fastv,pope_popular_000052,test,pope_popular,256,True,True,gray|irrelevant,True,True,True,True,True,True,1111,64,True
fastv,pope_popular_000052,test,pope_popular,432,True,True,gray|irrelevant,True,True,True,True,True,True,1111,64,True
fastv,pope_popular_000053,test,pope_popular,64,True,False,,True,True,True,True,True,,1111,64,True
fastv,pope_popular_000053,test,pope_popular,128,True,False,,True,True,True,True,True,,1111,64,True
fastv,pope_popular_000053,test,pope_popular,256,True,False,,True,True,True,True,True,,1111,64,True
fastv,pope_popular_000053,test,pope_popular,432,True,False,,True,True,True,True,True,,1111,64,True
fastv,pope_popular_000055,test,pope_popular,64,True,False,,True,True,True,True,True,,1111,64,True
fastv,pope_popular_000055,test,pope_popular,128,True,False,,True,True,True,True,True,,1111,64,True
fastv,pope_popular_000055,test,pope_popular,256,True,False,,True,True,True,True,True,,1111,64,True
fastv,pope_popular_000055,test,pope_popular,432,True,False,,True,True,True,True,True,,1111,64,True
fastv,pope_popular_000056,test,pope_popular,64,True,True,gray|blur,False,False,True,False,False,False,0011,256,True
fastv,pope_popular_000056,test,pope_popular,128,True,True,gray|blur,False,False,True,False,False,False,0011,256,True
fastv,pope_popular_000056,test,pope_popular,256,True,True,gray|blur,True,True,True,True,True,True,0011,256,True
fastv,pope_popular_000056,test,pope_popular,432,True,True,gray|blur,True,True,True,True,True,True,0011,256,True
fastv,pope_popular_000071,test,pope_popular,64,True,False,,True,True,True,True,True,,1111,64,True
fastv,pope_popular_000071,test,pope_popular,128,True,False,,True,True,True,True,True,,1111,64,True
fastv,pope_popular_000071,test,pope_popular,256,True,False,,True,True,True,True,True,,1111,64,True
fastv,pope_popular_000071,test,pope_popular,432,True,False,,True,True,True,True,True,,1111,64,True
fastv,pope_popular_000077,test,pope_popular,64,True,True,irrelevant,True,True,True,True,True,True,1111,64,True
fastv,pope_popular_000077,test,pope_popular,128,True,True,irrelevant,True,True,True,True,True,True,1111,64,True
fastv,pope_popular_000077,test,pope_popular,256,True,True,irrelevant,True,True,True,True,True,True,1111,64,True
fastv,pope_popular_000077,test,pope_popular,432,True,True,irrelevant,True,True,True,True,True,True,1111,64,True
fastv,pope_popular_000083,test,pope_popular,64,False,True,gray|blur|irrelevant,False,False,True,False,False,,0001,432,True
fastv,pope_popular_000083,test,pope_popular,128,False,True,gray|blur|irrelevant,False,False,True,False,False,,0001,432,True
fastv,pope_popular_000083,test,pope_popular,256,False,True,gray|blur|irrelevant,False,False,True,False,False,,0001,432,True
fastv,pope_popular_000083,test,pope_popular,432,False,True,gray|blur|irrelevant,True,True,True,True,True,,0001,432,True
fastv,pope_popular_000090,validation,pope_popular,64,True,True,gray|irrelevant,True,True,True,True,True,True,1111,64,True
fastv,pope_popular_000090,validation,pope_popular,128,True,True,gray|irrelevant,True,True,True,True,True,True,1111,64,True
fastv,pope_popular_000090,validation,pope_popular,256,True,True,gray|irrelevant,True,True,True,True,True,True,1111,64,True
fastv,pope_popular_000090,validation,pope_popular,432,True,True,gray|irrelevant,True,True,True,True,True,True,1111,64,True
fastv,pope_popular_000097,test,pope_popular,64,True,False,,True,True,True,True,True,,1111,64,True
fastv,pope_popular_000097,test,pope_popular,128,True,False,,True,True,True,True,True,,1111,64,True
fastv,pope_popular_000097,test,pope_popular,256,True,False,,True,True,True,True,True,,1111,64,True
fastv,pope_popular_000097,test,pope_popular,432,True,False,,True,True,True,True,True,,1111,64,True
fastv,pope_popular_000100,test,pope_popular,64,True,True,gray|irrelevant,True,True,True,True,True,True,1111,64,True
fastv,pope_popular_000100,test,pope_popular,128,True,True,gray|irrelevant,True,True,True,True,True,True,1111,64,True
fastv,pope_popular_000100,test,pope_popular,256,True,True,gray|irrelevant,True,True,True,True,True,True,1111,64,True
fastv,pope_popular_000100,test,pope_popular,432,True,True,gray|irrelevant,True,True,True,True,True,True,1111,64,True
fastv,pope_popular_000105,test,pope_popular,64,True,False,,True,True,True,True,True,,1111,64,True
fastv,pope_popular_000105,test,pope_popular,128,True,False,,True,True,True,True,True,,1111,64,True
fastv,pope_popular_000105,test,pope_popular,256,True,False,,True,True,True,True,True,,1111,64,True
fastv,pope_popular_000105,test,pope_popular,432,True,False,,True,True,True,True,True,,1111,64,True
fastv,pope_popular_000106,test,pope_popular,64,True,True,gray|irrelevant,True,True,True,True,True,True,1111,64,True
fastv,pope_popular_000106,test,pope_popular,128,True,True,gray|irrelevant,True,True,True,True,True,True,1111,64,True
fastv,pope_popular_000106,test,pope_popular,256,True,True,gray|irrelevant,True,True,True,True,True,True,1111,64,True
fastv,pope_popular_000106,test,pope_popular,432,True,True,gray|irrelevant,True,True,True,True,True,True,1111,64,True
fastv,pope_popular_000116,test,pope_popular,64,True,True,gray|irrelevant,True,True,True,True,True,True,1111,64,True
fastv,pope_popular_000116,test,pope_popular,128,True,True,gray|irrelevant,True,True,True,True,True,True,1111,64,True
fastv,pope_popular_000116,test,pope_popular,256,True,True,gray|irrelevant,True,True,True,True,True,True,1111,64,True
fastv,pope_popular_000116,test,pope_popular,432,True,True,gray|irrelevant,True,True,True,True,True,True,1111,64,True
fastv,pope_popular_000122,test,pope_popular,64,False,False,,True,True,True,True,True,,1111,64,True
fastv,pope_popular_000122,test,pope_popular,128,False,False,,True,True,True,True,True,,1111,64,True
fastv,pope_popular_000122,test,pope_popular,256,False,False,,True,True,True,True,True,,1111,64,True
fastv,pope_popular_000122,test,pope_popular,432,False,False,,True,True,True,True,True,,1111,64,True
fastv,pope_popular_000125,validation,pope_popular,64,True,True,irrelevant,True,True,True,True,True,True,1111,64,True
fastv,pope_popular_000125,validation,pope_popular,128,True,True,irrelevant,True,True,True,True,True,True,1111,64,True
fastv,pope_popular_000125,validation,pope_popular,256,True,True,irrelevant,True,True,True,True,True,True,1111,64,True
fastv,pope_popular_000125,validation,pope_popular,432,True,True,irrelevant,True,True,True,True,True,True,1111,64,True
fastv,pope_popular_000127,test,pope_popular,64,True,False,,True,True,True,True,True,,1111,64,True
fastv,pope_popular_000127,test,pope_popular,128,True,False,,True,True,True,True,True,,1111,64,True
fastv,pope_popular_000127,test,pope_popular,256,True,False,,True,True,True,True,True,,1111,64,True
fastv,pope_popular_000127,test,pope_popular,432,True,False,,True,True,True,True,True,,1111,64,True
fastv,pope_popular_000140,test,pope_popular,64,False,False,,True,True,True,True,True,,1111,64,True
fastv,pope_popular_000140,test,pope_popular,128,False,False,,True,True,True,True,True,,1111,64,True
fastv,pope_popular_000140,test,pope_popular,256,False,False,,True,True,True,True,True,,1111,64,True
fastv,pope_popular_000140,test,pope_popular,432,False,False,,True,True,True,True,True,,1111,64,True
fastv,pope_popular_000141,test,pope_popular,64,True,False,,True,True,True,True,True,,1111,64,True
fastv,pope_popular_000141,test,pope_popular,128,True,False,,True,True,True,True,True,,1111,64,True
fastv,pope_popular_000141,test,pope_popular,256,True,False,,True,True,True,True,True,,1111,64,True
fastv,pope_popular_000141,test,pope_popular,432,True,False,,True,True,True,True,True,,1111,64,True
fastv,pope_popular_000149,validation,pope_popular,64,True,False,,True,True,True,True,True,,1111,64,True
fastv,pope_popular_000149,validation,pope_popular,128,True,False,,True,True,True,True,True,,1111,64,True
fastv,pope_popular_000149,validation,pope_popular,256,True,False,,True,True,True,True,True,,1111,64,True
fastv,pope_popular_000149,validation,pope_popular,432,True,False,,True,True,True,True,True,,1111,64,True
fastv,pope_popular_000165,test,pope_popular,64,True,True,blur,True,False,False,False,False,False,0011,256,True
fastv,pope_popular_000165,test,pope_popular,128,True,True,blur,True,False,False,False,False,False,0011,256,True
fastv,pope_popular_000165,test,pope_popular,256,True,True,blur,True,True,True,True,True,True,0011,256,True
fastv,pope_popular_000165,test,pope_popular,432,True,True,blur,True,True,True,True,True,True,0011,256,True
fastv,pope_popular_000189,validation,pope_popular,64,True,False,,True,True,True,True,True,,1111,64,True
fastv,pope_popular_000189,validation,pope_popular,128,True,False,,True,True,True,True,True,,1111,64,True
fastv,pope_popular_000189,validation,pope_popular,256,True,False,,True,True,True,True,True,,1111,64,True
fastv,pope_popular_000189,validation,pope_popular,432,True,False,,True,True,True,True,True,,1111,64,True
fastv,pope_popular_000194,test,pope_popular,64,False,False,,True,True,True,True,True,,1111,64,True
fastv,pope_popular_000194,test,pope_popular,128,False,False,,True,True,True,True,True,,1111,64,True
fastv,pope_popular_000194,test,pope_popular,256,False,False,,True,True,True,True,True,,1111,64,True
fastv,pope_popular_000194,test,pope_popular,432,False,False,,True,True,True,True,True,,1111,64,True
fastv,pope_popular_000195,test,pope_popular,64,False,True,gray|blur|irrelevant,False,False,True,False,False,,0001,432,True
fastv,pope_popular_000195,test,pope_popular,128,False,True,gray|blur|irrelevant,False,False,True,False,False,,0001,432,True
fastv,pope_popular_000195,test,pope_popular,256,False,True,gray|blur|irrelevant,False,False,True,False,False,,0001,432,True
fastv,pope_popular_000195,test,pope_popular,432,False,True,gray|blur|irrelevant,True,True,True,True,True,,0001,432,True
fastv,pope_popular_000201,test,pope_popular,64,True,False,,True,True,True,True,True,,1111,64,True
fastv,pope_popular_000201,test,pope_popular,128,True,False,,True,True,True,True,True,,1111,64,True
fastv,pope_popular_000201,test,pope_popular,256,True,False,,True,True,True,True,True,,1111,64,True
fastv,pope_popular_000201,test,pope_popular,432,True,False,,True,True,True,True,True,,1111,64,True
fastv,pope_popular_000202,test,pope_popular,64,False,False,,False,True,True,False,False,,0001,432,True
fastv,pope_popular_000202,test,pope_popular,128,False,False,,False,True,True,False,False,,0001,432,True
fastv,pope_popular_000202,test,pope_popular,256,False,False,,False,True,True,False,False,,0001,432,True
fastv,pope_popular_000202,test,pope_popular,432,False,False,,True,True,True,True,True,,0001,432,True
fastv,pope_popular_000211,test,pope_popular,64,True,False,,True,True,True,True,True,,1111,64,True
fastv,pope_popular_000211,test,pope_popular,128,True,False,,True,True,True,True,True,,1111,64,True
fastv,pope_popular_000211,test,pope_popular,256,True,False,,True,True,True,True,True,,1111,64,True
fastv,pope_popular_000211,test,pope_popular,432,True,False,,True,True,True,True,True,,1111,64,True
fastv,pope_popular_000220,test,pope_popular,64,True,True,gray|blur|irrelevant,False,False,False,False,False,False,0111,128,True
fastv,pope_popular_000220,test,pope_popular,128,True,True,gray|blur|irrelevant,True,True,True,True,True,True,0111,128,True
fastv,pope_popular_000220,test,pope_popular,256,True,True,gray|blur|irrelevant,True,True,True,True,True,True,0111,128,True
fastv,pope_popular_000220,test,pope_popular,432,True,True,gray|blur|irrelevant,True,True,True,True,True,True,0111,128,True
fastv,pope_popular_000225,test,pope_popular,64,True,False,,True,True,True,True,True,,1111,64,True
fastv,pope_popular_000225,test,pope_popular,128,True,False,,True,True,True,True,True,,1111,64,True
fastv,pope_popular_000225,test,pope_popular,256,True,False,,True,True,True,True,True,,1111,64,True
fastv,pope_popular_000225,test,pope_popular,432,True,False,,True,True,True,True,True,,1111,64,True
fastv,pope_popular_000227,test,pope_popular,64,True,False,,True,True,True,True,True,,1111,64,True
fastv,pope_popular_000227,test,pope_popular,128,True,False,,True,True,True,True,True,,1111,64,True
fastv,pope_popular_000227,test,pope_popular,256,True,False,,True,True,True,True,True,,1111,64,True
fastv,pope_popular_000227,test,pope_popular,432,True,False,,True,True,True,True,True,,1111,64,True
fastv,pope_popular_000229,test,pope_popular,64,True,False,,True,True,True,True,True,,1111,64,True
fastv,pope_popular_000229,test,pope_popular,128,True,False,,True,True,True,True,True,,1111,64,True
fastv,pope_popular_000229,test,pope_popular,256,True,False,,True,True,True,True,True,,1111,64,True
fastv,pope_popular_000229,test,pope_popular,432,True,False,,True,True,True,True,True,,1111,64,True
fastv,pope_popular_000255,validation,pope_popular,64,True,False,,True,True,True,True,True,,1111,64,True
fastv,pope_popular_000255,validation,pope_popular,128,True,False,,True,True,True,True,True,,1111,64,True
fastv,pope_popular_000255,validation,pope_popular,256,True,False,,True,True,True,True,True,,1111,64,True
fastv,pope_popular_000255,validation,pope_popular,432,True,False,,True,True,True,True,True,,1111,64,True
fastv,pope_popular_000256,test,pope_popular,64,True,True,gray|irrelevant,True,True,True,True,True,True,1111,64,True
fastv,pope_popular_000256,test,pope_popular,128,True,True,gray|irrelevant,True,True,True,True,True,True,1111,64,True
fastv,pope_popular_000256,test,pope_popular,256,True,True,gray|irrelevant,True,True,True,True,True,True,1111,64,True
fastv,pope_popular_000256,test,pope_popular,432,True,True,gray|irrelevant,True,True,True,True,True,True,1111,64,True
fastv,pope_popular_000259,test,pope_popular,64,True,False,,True,True,True,True,True,,1111,64,True
fastv,pope_popular_000259,test,pope_popular,128,True,False,,True,True,True,True,True,,1111,64,True
fastv,pope_popular_000259,test,pope_popular,256,True,False,,True,True,True,True,True,,1111,64,True
fastv,pope_popular_000259,test,pope_popular,432,True,False,,True,True,True,True,True,,1111,64,True
fastv,pope_popular_000260,test,pope_popular,64,True,True,gray|irrelevant,True,True,True,True,True,True,1111,64,True
fastv,pope_popular_000260,test,pope_popular,128,True,True,gray|irrelevant,True,True,True,True,True,True,1111,64,True
fastv,pope_popular_000260,test,pope_popular,256,True,True,gray|irrelevant,True,True,True,True,True,True,1111,64,True
fastv,pope_popular_000260,test,pope_popular,432,True,True,gray|irrelevant,True,True,True,True,True,True,1111,64,True
fastv,pope_popular_000261,test,pope_popular,64,True,False,,True,True,True,True,True,,1111,64,True
fastv,pope_popular_000261,test,pope_popular,128,True,False,,True,True,True,True,True,,1111,64,True
fastv,pope_popular_000261,test,pope_popular,256,True,False,,True,True,True,True,True,,1111,64,True
fastv,pope_popular_000261,test,pope_popular,432,True,False,,True,True,True,True,True,,1111,64,True
fastv,pope_popular_000270,test,pope_popular,64,True,True,gray|irrelevant,True,True,True,True,True,True,1111,64,True
fastv,pope_popular_000270,test,pope_popular,128,True,True,gray|irrelevant,True,True,True,True,True,True,1111,64,True
fastv,pope_popular_000270,test,pope_popular,256,True,True,gray|irrelevant,True,True,True,True,True,True,1111,64,True
fastv,pope_popular_000270,test,pope_popular,432,True,True,gray|irrelevant,True,True,True,True,True,True,1111,64,True
fastv,pope_popular_000271,test,pope_popular,64,True,False,,True,True,True,True,True,,1111,64,True
fastv,pope_popular_000271,test,pope_popular,128,True,False,,True,True,True,True,True,,1111,64,True
fastv,pope_popular_000271,test,pope_popular,256,True,False,,True,True,True,True,True,,1111,64,True
fastv,pope_popular_000271,test,pope_popular,432,True,False,,True,True,True,True,True,,1111,64,True
fastv,pope_popular_000275,validation,pope_popular,64,True,True,irrelevant,True,False,False,False,False,False,0001,432,True
fastv,pope_popular_000275,validation,pope_popular,128,True,True,irrelevant,True,False,False,False,False,False,0001,432,True
fastv,pope_popular_000275,validation,pope_popular,256,True,True,irrelevant,True,False,False,False,False,False,0001,432,True
fastv,pope_popular_000275,validation,pope_popular,432,True,True,irrelevant,True,True,True,True,True,True,0001,432,True
fastv,pope_popular_000276,validation,pope_popular,64,True,True,gray|irrelevant,True,True,True,True,True,True,1111,64,True
fastv,pope_popular_000276,validation,pope_popular,128,True,True,gray|irrelevant,True,True,True,True,True,True,1111,64,True
fastv,pope_popular_000276,validation,pope_popular,256,True,True,gray|irrelevant,True,True,True,True,True,True,1111,64,True
fastv,pope_popular_000276,validation,pope_popular,432,True,True,gray|irrelevant,True,True,True,True,True,True,1111,64,True
fastv,pope_popular_000290,test,pope_popular,64,True,True,gray|irrelevant,True,True,True,True,True,True,1111,64,True
fastv,pope_popular_000290,test,pope_popular,128,True,True,gray|irrelevant,True,True,True,True,True,True,1111,64,True
fastv,pope_popular_000290,test,pope_popular,256,True,True,gray|irrelevant,True,True,True,True,True,True,1111,64,True
fastv,pope_popular_000290,test,pope_popular,432,True,True,gray|irrelevant,True,True,True,True,True,True,1111,64,True
fastv,pope_popular_000300,test,pope_popular,64,True,True,gray|blur|irrelevant,False,False,True,False,False,False,0011,256,True
fastv,pope_popular_000300,test,pope_popular,128,True,True,gray|blur|irrelevant,False,False,True,False,False,False,0011,256,True
fastv,pope_popular_000300,test,pope_popular,256,True,True,gray|blur|irrelevant,True,True,True,True,True,True,0011,256,True
fastv,pope_popular_000300,test,pope_popular,432,True,True,gray|blur|irrelevant,True,True,True,True,True,True,0011,256,True
fastv,pope_popular_000305,test,pope_popular,64,True,False,,True,True,True,True,True,,1111,64,True
fastv,pope_popular_000305,test,pope_popular,128,True,False,,True,True,True,True,True,,1111,64,True
fastv,pope_popular_000305,test,pope_popular,256,True,False,,True,True,True,True,True,,1111,64,True
fastv,pope_popular_000305,test,pope_popular,432,True,False,,True,True,True,True,True,,1111,64,True
fastv,pope_popular_000310,validation,pope_popular,64,True,True,gray|blur|irrelevant,True,False,False,False,False,False,0111,128,True
fastv,pope_popular_000310,validation,pope_popular,128,True,True,gray|blur|irrelevant,True,True,True,True,True,True,0111,128,True
fastv,pope_popular_000310,validation,pope_popular,256,True,True,gray|blur|irrelevant,True,True,True,True,True,True,0111,128,True
fastv,pope_popular_000310,validation,pope_popular,432,True,True,gray|blur|irrelevant,True,True,True,True,True,True,0111,128,True
fastv,pope_popular_000311,test,pope_popular,64,True,False,,True,True,True,True,True,,1111,64,True
fastv,pope_popular_000311,test,pope_popular,128,True,False,,True,True,True,True,True,,1111,64,True
fastv,pope_popular_000311,test,pope_popular,256,True,False,,True,True,True,True,True,,1111,64,True
fastv,pope_popular_000311,test,pope_popular,432,True,False,,True,True,True,True,True,,1111,64,True
fastv,pope_popular_000314,test,pope_popular,64,True,True,gray|blur,False,False,True,False,False,False,0111,128,True
fastv,pope_popular_000314,test,pope_popular,128,True,True,gray|blur,True,True,True,True,True,True,0111,128,True
fastv,pope_popular_000314,test,pope_popular,256,True,True,gray|blur,True,True,True,True,True,True,0111,128,True
fastv,pope_popular_000314,test,pope_popular,432,True,True,gray|blur,True,True,True,True,True,True,0111,128,True
fastv,pope_popular_000320,test,pope_popular,64,False,True,blur,True,False,False,False,False,,0101,128,False
fastv,pope_popular_000320,test,pope_popular,128,False,True,blur,True,True,True,True,True,,0101,128,False
fastv,pope_popular_000320,test,pope_popular,256,False,True,blur,False,False,True,False,False,,0101,128,False
fastv,pope_popular_000320,test,pope_popular,432,False,True,blur,True,True,True,True,True,,0101,128,False
fastv,pope_popular_000334,test,pope_popular,64,True,True,gray|irrelevant,True,True,True,True,True,True,1111,64,True
fastv,pope_popular_000334,test,pope_popular,128,True,True,gray|irrelevant,True,True,True,True,True,True,1111,64,True
fastv,pope_popular_000334,test,pope_popular,256,True,True,gray|irrelevant,True,True,True,True,True,True,1111,64,True
fastv,pope_popular_000334,test,pope_popular,432,True,True,gray|irrelevant,True,True,True,True,True,True,1111,64,True
fastv,pope_popular_000338,validation,pope_popular,64,True,True,gray|irrelevant,True,True,True,True,True,True,1111,64,True
fastv,pope_popular_000338,validation,pope_popular,128,True,True,gray|irrelevant,True,True,True,True,True,True,1111,64,True
fastv,pope_popular_000338,validation,pope_popular,256,True,True,gray|irrelevant,True,True,True,True,True,True,1111,64,True
fastv,pope_popular_000338,validation,pope_popular,432,True,True,gray|irrelevant,True,True,True,True,True,True,1111,64,True
fastv,pope_popular_000339,test,pope_popular,64,True,False,,True,True,True,True,True,,1111,64,True
fastv,pope_popular_000339,test,pope_popular,128,True,False,,True,True,True,True,True,,1111,64,True
fastv,pope_popular_000339,test,pope_popular,256,True,False,,True,True,True,True,True,,1111,64,True
fastv,pope_popular_000339,test,pope_popular,432,True,False,,True,True,True,True,True,,1111,64,True
fastv,pope_popular_000342,test,pope_popular,64,True,True,gray|blur|irrelevant,False,False,True,False,False,False,0011,256,True
fastv,pope_popular_000342,test,pope_popular,128,True,True,gray|blur|irrelevant,False,False,True,False,False,False,0011,256,True
fastv,pope_popular_000342,test,pope_popular,256,True,True,gray|blur|irrelevant,True,True,True,True,True,True,0011,256,True
fastv,pope_popular_000342,test,pope_popular,432,True,True,gray|blur|irrelevant,True,True,True,True,True,True,0011,256,True
fastv,pope_popular_000349,test,pope_popular,64,True,False,,True,True,True,True,True,,1111,64,True
fastv,pope_popular_000349,test,pope_popular,128,True,False,,True,True,True,True,True,,1111,64,True
fastv,pope_popular_000349,test,pope_popular,256,True,False,,True,True,True,True,True,,1111,64,True
fastv,pope_popular_000349,test,pope_popular,432,True,False,,True,True,True,True,True,,1111,64,True
fastv,pope_popular_000351,test,pope_popular,64,True,False,,True,True,True,True,True,,1111,64,True
fastv,pope_popular_000351,test,pope_popular,128,True,False,,True,True,True,True,True,,1111,64,True
fastv,pope_popular_000351,test,pope_popular,256,True,False,,True,True,True,True,True,,1111,64,True
fastv,pope_popular_000351,test,pope_popular,432,True,False,,True,True,True,True,True,,1111,64,True
fastv,pope_popular_000357,test,pope_popular,64,True,False,,True,True,True,True,True,,1111,64,True
fastv,pope_popular_000357,test,pope_popular,128,True,False,,True,True,True,True,True,,1111,64,True
fastv,pope_popular_000357,test,pope_popular,256,True,False,,True,True,True,True,True,,1111,64,True
fastv,pope_popular_000357,test,pope_popular,432,True,False,,True,True,True,True,True,,1111,64,True
fastv,pope_popular_000358,test,pope_popular,64,True,True,gray|blur|irrelevant,False,False,True,False,False,False,0000,full,True
fastv,pope_popular_000358,test,pope_popular,128,True,True,gray|blur|irrelevant,False,False,True,False,False,False,0000,full,True
fastv,pope_popular_000358,test,pope_popular,256,True,True,gray|blur|irrelevant,False,False,True,False,False,False,0000,full,True
fastv,pope_popular_000358,test,pope_popular,432,True,True,gray|blur|irrelevant,False,False,True,False,False,False,0000,full,True
fastv,pope_popular_000360,test,pope_popular,64,True,True,gray|irrelevant,False,False,True,False,False,False,0111,128,True
fastv,pope_popular_000360,test,pope_popular,128,True,True,gray|irrelevant,True,True,True,True,True,True,0111,128,True
fastv,pope_popular_000360,test,pope_popular,256,True,True,gray|irrelevant,True,True,True,True,True,True,0111,128,True
fastv,pope_popular_000360,test,pope_popular,432,True,True,gray|irrelevant,True,True,True,True,True,True,0111,128,True
fastv,pope_popular_000369,validation,pope_popular,64,True,False,,True,True,True,True,True,,1111,64,True
fastv,pope_popular_000369,validation,pope_popular,128,True,False,,True,True,True,True,True,,1111,64,True
fastv,pope_popular_000369,validation,pope_popular,256,True,False,,True,True,True,True,True,,1111,64,True
fastv,pope_popular_000369,validation,pope_popular,432,True,False,,True,True,True,True,True,,1111,64,True
fastv,pope_popular_000376,test,pope_popular,64,True,True,gray|irrelevant,False,False,True,False,False,False,0001,432,True
fastv,pope_popular_000376,test,pope_popular,128,True,True,gray|irrelevant,False,False,True,False,False,False,0001,432,True
fastv,pope_popular_000376,test,pope_popular,256,True,True,gray|irrelevant,False,False,True,False,False,False,0001,432,True
fastv,pope_popular_000376,test,pope_popular,432,True,True,gray|irrelevant,True,True,True,True,True,True,0001,432,True
fastv,pope_popular_000378,validation,pope_popular,64,True,True,gray,True,True,True,True,True,True,1111,64,True
fastv,pope_popular_000378,validation,pope_popular,128,True,True,gray,True,True,True,True,True,True,1111,64,True
fastv,pope_popular_000378,validation,pope_popular,256,True,True,gray,True,True,True,True,True,True,1111,64,True
fastv,pope_popular_000378,validation,pope_popular,432,True,True,gray,True,True,True,True,True,True,1111,64,True
fastv,pope_popular_000389,test,pope_popular,64,True,False,,True,True,True,True,True,,1111,64,True
fastv,pope_popular_000389,test,pope_popular,128,True,False,,True,True,True,True,True,,1111,64,True
fastv,pope_popular_000389,test,pope_popular,256,True,False,,True,True,True,True,True,,1111,64,True
fastv,pope_popular_000389,test,pope_popular,432,True,False,,True,True,True,True,True,,1111,64,True
fastv,pope_popular_000394,test,pope_popular,64,True,True,gray|blur|irrelevant,True,True,True,True,True,True,1111,64,True
fastv,pope_popular_000394,test,pope_popular,128,True,True,gray|blur|irrelevant,True,True,True,True,True,True,1111,64,True
fastv,pope_popular_000394,test,pope_popular,256,True,True,gray|blur|irrelevant,True,True,True,True,True,True,1111,64,True
fastv,pope_popular_000394,test,pope_popular,432,True,True,gray|blur|irrelevant,True,True,True,True,True,True,1111,64,True
fastv,pope_popular_000404,validation,pope_popular,64,True,True,gray|irrelevant,True,True,True,True,True,True,1111,64,True
fastv,pope_popular_000404,validation,pope_popular,128,True,True,gray|irrelevant,True,True,True,True,True,True,1111,64,True
fastv,pope_popular_000404,validation,pope_popular,256,True,True,gray|irrelevant,True,True,True,True,True,True,1111,64,True
fastv,pope_popular_000404,validation,pope_popular,432,True,True,gray|irrelevant,True,True,True,True,True,True,1111,64,True
fastv,pope_popular_000407,test,pope_popular,64,True,False,,True,True,True,True,True,,1111,64,True
fastv,pope_popular_000407,test,pope_popular,128,True,False,,True,True,True,True,True,,1111,64,True
fastv,pope_popular_000407,test,pope_popular,256,True,False,,True,True,True,True,True,,1111,64,True
fastv,pope_popular_000407,test,pope_popular,432,True,False,,True,True,True,True,True,,1111,64,True
fastv,pope_popular_000410,test,pope_popular,64,True,True,gray|blur|irrelevant,True,True,True,True,True,True,1111,64,True
fastv,pope_popular_000410,test,pope_popular,128,True,True,gray|blur|irrelevant,True,True,True,True,True,True,1111,64,True
fastv,pope_popular_000410,test,pope_popular,256,True,True,gray|blur|irrelevant,True,True,True,True,True,True,1111,64,True
fastv,pope_popular_000410,test,pope_popular,432,True,True,gray|blur|irrelevant,True,True,True,True,True,True,1111,64,True
fastv,pope_popular_000420,test,pope_popular,64,True,True,gray|irrelevant,True,True,True,True,True,True,1111,64,True
fastv,pope_popular_000420,test,pope_popular,128,True,True,gray|irrelevant,True,True,True,True,True,True,1111,64,True
fastv,pope_popular_000420,test,pope_popular,256,True,True,gray|irrelevant,True,True,True,True,True,True,1111,64,True
fastv,pope_popular_000420,test,pope_popular,432,True,True,gray|irrelevant,True,True,True,True,True,True,1111,64,True
fastv,pope_popular_000429,test,pope_popular,64,True,False,,True,True,True,True,True,,1111,64,True
fastv,pope_popular_000429,test,pope_popular,128,True,False,,True,True,True,True,True,,1111,64,True
fastv,pope_popular_000429,test,pope_popular,256,True,False,,True,True,True,True,True,,1111,64,True
fastv,pope_popular_000429,test,pope_popular,432,True,False,,True,True,True,True,True,,1111,64,True
fastv,pope_popular_000455,test,pope_popular,64,True,False,,True,True,True,True,True,,1111,64,True
fastv,pope_popular_000455,test,pope_popular,128,True,False,,True,True,True,True,True,,1111,64,True
fastv,pope_popular_000455,test,pope_popular,256,True,False,,True,True,True,True,True,,1111,64,True
fastv,pope_popular_000455,test,pope_popular,432,True,False,,True,True,True,True,True,,1111,64,True
fastv,pope_popular_000458,test,pope_popular,64,True,True,gray|blur,True,True,True,True,True,True,1111,64,True
fastv,pope_popular_000458,test,pope_popular,128,True,True,gray|blur,True,True,True,True,True,True,1111,64,True
fastv,pope_popular_000458,test,pope_popular,256,True,True,gray|blur,True,True,True,True,True,True,1111,64,True
fastv,pope_popular_000458,test,pope_popular,432,True,True,gray|blur,True,True,True,True,True,True,1111,64,True
fastv,pope_popular_000461,validation,pope_popular,64,True,True,irrelevant,True,True,True,True,True,True,1111,64,True
fastv,pope_popular_000461,validation,pope_popular,128,True,True,irrelevant,True,True,True,True,True,True,1111,64,True
fastv,pope_popular_000461,validation,pope_popular,256,True,True,irrelevant,True,True,True,True,True,True,1111,64,True
fastv,pope_popular_000461,validation,pope_popular,432,True,True,irrelevant,True,True,True,True,True,True,1111,64,True
fastv,pope_popular_000466,test,pope_popular,64,True,True,gray|blur|irrelevant,False,False,True,False,False,False,0001,432,True
fastv,pope_popular_000466,test,pope_popular,128,True,True,gray|blur|irrelevant,False,False,True,False,False,False,0001,432,True
fastv,pope_popular_000466,test,pope_popular,256,True,True,gray|blur|irrelevant,False,False,True,False,False,False,0001,432,True
fastv,pope_popular_000466,test,pope_popular,432,True,True,gray|blur|irrelevant,True,True,True,True,True,True,0001,432,True
fastv,pope_popular_000475,test,pope_popular,64,True,False,,True,True,True,True,True,,1111,64,True
fastv,pope_popular_000475,test,pope_popular,128,True,False,,True,True,True,True,True,,1111,64,True
fastv,pope_popular_000475,test,pope_popular,256,True,False,,True,True,True,True,True,,1111,64,True
fastv,pope_popular_000475,test,pope_popular,432,True,False,,True,True,True,True,True,,1111,64,True
fastv,pope_popular_000478,validation,pope_popular,64,False,False,,True,True,True,True,True,,1111,64,True
fastv,pope_popular_000478,validation,pope_popular,128,False,False,,True,True,True,True,True,,1111,64,True
fastv,pope_popular_000478,validation,pope_popular,256,False,False,,True,True,True,True,True,,1111,64,True
fastv,pope_popular_000478,validation,pope_popular,432,False,False,,True,True,True,True,True,,1111,64,True
fastv,pope_popular_000480,test,pope_popular,64,True,True,gray|blur|irrelevant,True,True,True,True,True,True,1111,64,True
fastv,pope_popular_000480,test,pope_popular,128,True,True,gray|blur|irrelevant,True,True,True,True,True,True,1111,64,True
fastv,pope_popular_000480,test,pope_popular,256,True,True,gray|blur|irrelevant,True,True,True,True,True,True,1111,64,True
fastv,pope_popular_000480,test,pope_popular,432,True,True,gray|blur|irrelevant,True,True,True,True,True,True,1111,64,True
fastv,pope_popular_000485,test,pope_popular,64,True,False,,True,True,True,True,True,,1111,64,True
fastv,pope_popular_000485,test,pope_popular,128,True,False,,True,True,True,True,True,,1111,64,True
fastv,pope_popular_000485,test,pope_popular,256,True,False,,True,True,True,True,True,,1111,64,True
fastv,pope_popular_000485,test,pope_popular,432,True,False,,True,True,True,True,True,,1111,64,True
fastv,pope_popular_000486,test,pope_popular,64,True,True,gray|irrelevant,False,False,True,False,False,False,0111,128,True
fastv,pope_popular_000486,test,pope_popular,128,True,True,gray|irrelevant,True,True,True,True,True,True,0111,128,True
fastv,pope_popular_000486,test,pope_popular,256,True,True,gray|irrelevant,True,True,True,True,True,True,0111,128,True
fastv,pope_popular_000486,test,pope_popular,432,True,True,gray|irrelevant,True,True,True,True,True,True,0111,128,True
fastv,pope_popular_000489,test,pope_popular,64,True,False,,True,True,True,True,True,,1111,64,True
fastv,pope_popular_000489,test,pope_popular,128,True,False,,True,True,True,True,True,,1111,64,True
fastv,pope_popular_000489,test,pope_popular,256,True,False,,True,True,True,True,True,,1111,64,True
fastv,pope_popular_000489,test,pope_popular,432,True,False,,True,True,True,True,True,,1111,64,True
fastv,pope_popular_000495,test,pope_popular,64,True,False,,True,True,True,True,True,,1111,64,True
fastv,pope_popular_000495,test,pope_popular,128,True,False,,True,True,True,True,True,,1111,64,True
fastv,pope_popular_000495,test,pope_popular,256,True,False,,True,True,True,True,True,,1111,64,True
fastv,pope_popular_000495,test,pope_popular,432,True,False,,True,True,True,True,True,,1111,64,True
fastv,pope_popular_000496,test,pope_popular,64,True,True,gray|blur|irrelevant,False,False,False,False,False,False,0000,full,True
fastv,pope_popular_000496,test,pope_popular,128,True,True,gray|blur|irrelevant,False,False,True,False,False,False,0000,full,True
fastv,pope_popular_000496,test,pope_popular,256,True,True,gray|blur|irrelevant,False,False,True,False,False,False,0000,full,True
fastv,pope_popular_000496,test,pope_popular,432,True,True,gray|blur|irrelevant,False,False,True,False,False,False,0000,full,True
fastv,pope_popular_000498,test,pope_popular,64,True,True,gray|blur|irrelevant,False,False,True,False,False,False,0001,432,True
fastv,pope_popular_000498,test,pope_popular,128,True,True,gray|blur|irrelevant,False,False,True,False,False,False,0001,432,True
fastv,pope_popular_000498,test,pope_popular,256,True,True,gray|blur|irrelevant,False,False,True,False,False,False,0001,432,True
fastv,pope_popular_000498,test,pope_popular,432,True,True,gray|blur|irrelevant,True,True,True,True,True,True,0001,432,True
fastv,pope_popular_000502,test,pope_popular,64,True,True,gray|irrelevant,True,True,True,True,True,True,1111,64,True
fastv,pope_popular_000502,test,pope_popular,128,True,True,gray|irrelevant,True,True,True,True,True,True,1111,64,True
fastv,pope_popular_000502,test,pope_popular,256,True,True,gray|irrelevant,True,True,True,True,True,True,1111,64,True
fastv,pope_popular_000502,test,pope_popular,432,True,True,gray|irrelevant,True,True,True,True,True,True,1111,64,True
fastv,pope_popular_000509,test,pope_popular,64,True,False,,True,True,True,True,True,,1111,64,True
fastv,pope_popular_000509,test,pope_popular,128,True,False,,True,True,True,True,True,,1111,64,True
fastv,pope_popular_000509,test,pope_popular,256,True,False,,True,True,True,True,True,,1111,64,True
fastv,pope_popular_000509,test,pope_popular,432,True,False,,True,True,True,True,True,,1111,64,True
fastv,pope_popular_000518,test,pope_popular,64,True,True,gray|blur|irrelevant,False,False,True,False,False,False,0111,128,True
fastv,pope_popular_000518,test,pope_popular,128,True,True,gray|blur|irrelevant,True,True,True,True,True,True,0111,128,True
fastv,pope_popular_000518,test,pope_popular,256,True,True,gray|blur|irrelevant,True,True,True,True,True,True,0111,128,True
fastv,pope_popular_000518,test,pope_popular,432,True,True,gray|blur|irrelevant,True,True,True,True,True,True,0111,128,True
fastv,pope_popular_000519,test,pope_popular,64,True,False,,True,True,True,True,True,,1111,64,True
fastv,pope_popular_000519,test,pope_popular,128,True,False,,True,True,True,True,True,,1111,64,True
fastv,pope_popular_000519,test,pope_popular,256,True,False,,True,True,True,True,True,,1111,64,True
fastv,pope_popular_000519,test,pope_popular,432,True,False,,True,True,True,True,True,,1111,64,True
fastv,pope_popular_000522,validation,pope_popular,64,True,True,gray|blur|irrelevant,False,False,True,False,False,False,0001,432,True
fastv,pope_popular_000522,validation,pope_popular,128,True,True,gray|blur|irrelevant,False,False,True,False,False,False,0001,432,True
fastv,pope_popular_000522,validation,pope_popular,256,True,True,gray|blur|irrelevant,False,False,True,False,False,False,0001,432,True
fastv,pope_popular_000522,validation,pope_popular,432,True,True,gray|blur|irrelevant,True,True,True,True,True,True,0001,432,True
fastv,pope_popular_000529,test,pope_popular,64,True,True,irrelevant,True,False,False,False,False,False,0001,432,True
fastv,pope_popular_000529,test,pope_popular,128,True,True,irrelevant,True,False,False,False,False,False,0001,432,True
fastv,pope_popular_000529,test,pope_popular,256,True,True,irrelevant,True,False,False,False,False,False,0001,432,True
fastv,pope_popular_000529,test,pope_popular,432,True,True,irrelevant,True,True,True,True,True,True,0001,432,True
fastv,pope_popular_000537,test,pope_popular,64,True,False,,True,True,True,True,True,,1111,64,True
fastv,pope_popular_000537,test,pope_popular,128,True,False,,True,True,True,True,True,,1111,64,True
fastv,pope_popular_000537,test,pope_popular,256,True,False,,True,True,True,True,True,,1111,64,True
fastv,pope_popular_000537,test,pope_popular,432,True,False,,True,True,True,True,True,,1111,64,True
fastv,pope_popular_000542,validation,pope_popular,64,True,True,gray|blur|irrelevant,False,False,True,False,False,False,0011,256,True
fastv,pope_popular_000542,validation,pope_popular,128,True,True,gray|blur|irrelevant,False,False,True,False,False,False,0011,256,True
fastv,pope_popular_000542,validation,pope_popular,256,True,True,gray|blur|irrelevant,True,True,True,True,True,True,0011,256,True
fastv,pope_popular_000542,validation,pope_popular,432,True,True,gray|blur|irrelevant,True,True,True,True,True,True,0011,256,True
fastv,pope_popular_000549,test,pope_popular,64,True,True,irrelevant,True,False,False,False,False,False,0111,128,True
fastv,pope_popular_000549,test,pope_popular,128,True,True,irrelevant,True,True,True,True,True,True,0111,128,True
fastv,pope_popular_000549,test,pope_popular,256,True,True,irrelevant,True,True,True,True,True,True,0111,128,True
fastv,pope_popular_000549,test,pope_popular,432,True,True,irrelevant,True,True,True,True,True,True,0111,128,True
fastv,pope_popular_000551,test,pope_popular,64,True,False,,True,True,True,True,True,,1111,64,True
fastv,pope_popular_000551,test,pope_popular,128,True,False,,True,True,True,True,True,,1111,64,True
fastv,pope_popular_000551,test,pope_popular,256,True,False,,True,True,True,True,True,,1111,64,True
fastv,pope_popular_000551,test,pope_popular,432,True,False,,True,True,True,True,True,,1111,64,True
fastv,pope_popular_000556,validation,pope_popular,64,True,True,gray|irrelevant,True,True,True,True,True,True,1111,64,True
fastv,pope_popular_000556,validation,pope_popular,128,True,True,gray|irrelevant,True,True,True,True,True,True,1111,64,True
fastv,pope_popular_000556,validation,pope_popular,256,True,True,gray|irrelevant,True,True,True,True,True,True,1111,64,True
fastv,pope_popular_000556,validation,pope_popular,432,True,True,gray|irrelevant,True,True,True,True,True,True,1111,64,True
fastv,pope_popular_000558,test,pope_popular,64,True,True,gray|irrelevant,False,False,True,False,False,False,0111,128,True
fastv,pope_popular_000558,test,pope_popular,128,True,True,gray|irrelevant,True,True,True,True,True,True,0111,128,True
fastv,pope_popular_000558,test,pope_popular,256,True,True,gray|irrelevant,True,True,True,True,True,True,0111,128,True
fastv,pope_popular_000558,test,pope_popular,432,True,True,gray|irrelevant,True,True,True,True,True,True,0111,128,True
fastv,pope_popular_000565,validation,pope_popular,64,True,False,,True,True,True,True,True,,1111,64,True
fastv,pope_popular_000565,validation,pope_popular,128,True,False,,True,True,True,True,True,,1111,64,True
fastv,pope_popular_000565,validation,pope_popular,256,True,False,,True,True,True,True,True,,1111,64,True
fastv,pope_popular_000565,validation,pope_popular,432,True,False,,True,True,True,True,True,,1111,64,True
fastv,pope_popular_000568,validation,pope_popular,64,True,True,gray|irrelevant,True,True,True,True,True,True,1111,64,True
fastv,pope_popular_000568,validation,pope_popular,128,True,True,gray|irrelevant,True,True,True,True,True,True,1111,64,True
fastv,pope_popular_000568,validation,pope_popular,256,True,True,gray|irrelevant,True,True,True,True,True,True,1111,64,True
fastv,pope_popular_000568,validation,pope_popular,432,True,True,gray|irrelevant,True,True,True,True,True,True,1111,64,True
fastv,pope_popular_000573,test,pope_popular,64,True,False,,True,True,True,True,True,,1111,64,True
fastv,pope_popular_000573,test,pope_popular,128,True,False,,True,True,True,True,True,,1111,64,True
fastv,pope_popular_000573,test,pope_popular,256,True,False,,True,True,True,True,True,,1111,64,True
fastv,pope_popular_000573,test,pope_popular,432,True,False,,True,True,True,True,True,,1111,64,True
fastv,pope_popular_000581,validation,pope_popular,64,True,False,,True,True,True,True,True,,1111,64,True
fastv,pope_popular_000581,validation,pope_popular,128,True,False,,True,True,True,True,True,,1111,64,True
fastv,pope_popular_000581,validation,pope_popular,256,True,False,,True,True,True,True,True,,1111,64,True
fastv,pope_popular_000581,validation,pope_popular,432,True,False,,True,True,True,True,True,,1111,64,True
fastv,pope_popular_000588,test,pope_popular,64,True,True,gray|irrelevant,True,True,True,True,True,True,1111,64,True
fastv,pope_popular_000588,test,pope_popular,128,True,True,gray|irrelevant,True,True,True,True,True,True,1111,64,True
fastv,pope_popular_000588,test,pope_popular,256,True,True,gray|irrelevant,True,True,True,True,True,True,1111,64,True
fastv,pope_popular_000588,test,pope_popular,432,True,True,gray|irrelevant,True,True,True,True,True,True,1111,64,True
fastv,pope_popular_000589,test,pope_popular,64,True,False,,True,True,True,True,True,,1111,64,True
fastv,pope_popular_000589,test,pope_popular,128,True,False,,True,True,True,True,True,,1111,64,True
fastv,pope_popular_000589,test,pope_popular,256,True,False,,True,True,True,True,True,,1111,64,True
fastv,pope_popular_000589,test,pope_popular,432,True,False,,True,True,True,True,True,,1111,64,True
fastv,pope_popular_000590,test,pope_popular,64,True,True,gray|irrelevant,True,True,True,True,True,True,1111,64,True
fastv,pope_popular_000590,test,pope_popular,128,True,True,gray|irrelevant,True,True,True,True,True,True,1111,64,True
fastv,pope_popular_000590,test,pope_popular,256,True,True,gray|irrelevant,True,True,True,True,True,True,1111,64,True
fastv,pope_popular_000590,test,pope_popular,432,True,True,gray|irrelevant,True,True,True,True,True,True,1111,64,True
fastv,pope_popular_000592,test,pope_popular,64,False,False,,True,True,True,True,True,,1111,64,True
fastv,pope_popular_000592,test,pope_popular,128,False,False,,True,True,True,True,True,,1111,64,True
fastv,pope_popular_000592,test,pope_popular,256,False,False,,True,True,True,True,True,,1111,64,True
fastv,pope_popular_000592,test,pope_popular,432,False,False,,True,True,True,True,True,,1111,64,True
fastv,pope_popular_000594,test,pope_popular,64,True,True,gray|blur|irrelevant,False,False,True,False,False,False,0001,432,True
fastv,pope_popular_000594,test,pope_popular,128,True,True,gray|blur|irrelevant,False,False,True,False,False,False,0001,432,True
fastv,pope_popular_000594,test,pope_popular,256,True,True,gray|blur|irrelevant,False,False,True,False,False,False,0001,432,True
fastv,pope_popular_000594,test,pope_popular,432,True,True,gray|blur|irrelevant,True,True,True,True,True,True,0001,432,True
fastv,pope_popular_000596,validation,pope_popular,64,True,True,gray|irrelevant,True,True,True,True,True,True,1111,64,True
fastv,pope_popular_000596,validation,pope_popular,128,True,True,gray|irrelevant,True,True,True,True,True,True,1111,64,True
fastv,pope_popular_000596,validation,pope_popular,256,True,True,gray|irrelevant,True,True,True,True,True,True,1111,64,True
fastv,pope_popular_000596,validation,pope_popular,432,True,True,gray|irrelevant,True,True,True,True,True,True,1111,64,True
fastv,pope_popular_000604,test,pope_popular,64,True,True,gray|blur|irrelevant,False,False,True,False,False,False,0011,256,True
fastv,pope_popular_000604,test,pope_popular,128,True,True,gray|blur|irrelevant,False,False,True,False,False,False,0011,256,True
fastv,pope_popular_000604,test,pope_popular,256,True,True,gray|blur|irrelevant,True,True,True,True,True,True,0011,256,True
fastv,pope_popular_000604,test,pope_popular,432,True,True,gray|blur|irrelevant,True,True,True,True,True,True,0011,256,True
fastv,pope_popular_000616,test,pope_popular,64,True,True,gray|irrelevant,False,False,True,False,False,False,0011,256,True
fastv,pope_popular_000616,test,pope_popular,128,True,True,gray|irrelevant,False,False,True,False,False,False,0011,256,True
fastv,pope_popular_000616,test,pope_popular,256,True,True,gray|irrelevant,True,True,True,True,True,True,0011,256,True
fastv,pope_popular_000616,test,pope_popular,432,True,True,gray|irrelevant,True,True,True,True,True,True,0011,256,True
fastv,pope_popular_000619,test,pope_popular,64,True,False,,True,True,True,True,True,,1111,64,True
fastv,pope_popular_000619,test,pope_popular,128,True,False,,True,True,True,True,True,,1111,64,True
fastv,pope_popular_000619,test,pope_popular,256,True,False,,True,True,True,True,True,,1111,64,True
fastv,pope_popular_000619,test,pope_popular,432,True,False,,True,True,True,True,True,,1111,64,True
fastv,pope_popular_000625,validation,pope_popular,64,True,False,,True,True,True,True,True,,1111,64,True
fastv,pope_popular_000625,validation,pope_popular,128,True,False,,True,True,True,True,True,,1111,64,True
fastv,pope_popular_000625,validation,pope_popular,256,True,False,,True,True,True,True,True,,1111,64,True
fastv,pope_popular_000625,validation,pope_popular,432,True,False,,True,True,True,True,True,,1111,64,True
fastv,pope_popular_000627,test,pope_popular,64,True,False,,True,True,True,True,True,,1111,64,True
fastv,pope_popular_000627,test,pope_popular,128,True,False,,True,True,True,True,True,,1111,64,True
fastv,pope_popular_000627,test,pope_popular,256,True,False,,True,True,True,True,True,,1111,64,True
fastv,pope_popular_000627,test,pope_popular,432,True,False,,True,True,True,True,True,,1111,64,True
fastv,pope_popular_000637,test,pope_popular,64,True,True,irrelevant,True,True,True,True,True,True,1111,64,True
fastv,pope_popular_000637,test,pope_popular,128,True,True,irrelevant,True,True,True,True,True,True,1111,64,True
fastv,pope_popular_000637,test,pope_popular,256,True,True,irrelevant,True,True,True,True,True,True,1111,64,True
fastv,pope_popular_000637,test,pope_popular,432,True,True,irrelevant,True,True,True,True,True,True,1111,64,True
fastv,pope_popular_000642,test,pope_popular,64,True,True,gray|irrelevant,False,False,True,False,False,False,0011,256,True
fastv,pope_popular_000642,test,pope_popular,128,True,True,gray|irrelevant,False,False,True,False,False,False,0011,256,True
fastv,pope_popular_000642,test,pope_popular,256,True,True,gray|irrelevant,True,True,True,True,True,True,0011,256,True
fastv,pope_popular_000642,test,pope_popular,432,True,True,gray|irrelevant,True,True,True,True,True,True,0011,256,True
fastv,pope_popular_000645,validation,pope_popular,64,True,False,,True,True,True,True,True,,1111,64,True
fastv,pope_popular_000645,validation,pope_popular,128,True,False,,True,True,True,True,True,,1111,64,True
fastv,pope_popular_000645,validation,pope_popular,256,True,False,,True,True,True,True,True,,1111,64,True
fastv,pope_popular_000645,validation,pope_popular,432,True,False,,True,True,True,True,True,,1111,64,True
fastv,pope_popular_000656,test,pope_popular,64,True,True,gray|blur,True,True,True,True,True,True,1111,64,True
fastv,pope_popular_000656,test,pope_popular,128,True,True,gray|blur,True,True,True,True,True,True,1111,64,True
fastv,pope_popular_000656,test,pope_popular,256,True,True,gray|blur,True,True,True,True,True,True,1111,64,True
fastv,pope_popular_000656,test,pope_popular,432,True,True,gray|blur,True,True,True,True,True,True,1111,64,True
fastv,pope_popular_000660,test,pope_popular,64,True,True,gray|irrelevant,False,False,True,False,False,False,0111,128,True
fastv,pope_popular_000660,test,pope_popular,128,True,True,gray|irrelevant,True,True,True,True,True,True,0111,128,True
fastv,pope_popular_000660,test,pope_popular,256,True,True,gray|irrelevant,True,True,True,True,True,True,0111,128,True
fastv,pope_popular_000660,test,pope_popular,432,True,True,gray|irrelevant,True,True,True,True,True,True,0111,128,True
fastv,pope_popular_000661,validation,pope_popular,64,True,False,,True,True,True,True,True,,1111,64,True
fastv,pope_popular_000661,validation,pope_popular,128,True,False,,True,True,True,True,True,,1111,64,True
fastv,pope_popular_000661,validation,pope_popular,256,True,False,,True,True,True,True,True,,1111,64,True
fastv,pope_popular_000661,validation,pope_popular,432,True,False,,True,True,True,True,True,,1111,64,True
fastv,pope_popular_000668,test,pope_popular,64,True,True,gray|blur,True,True,True,True,True,True,1111,64,True
fastv,pope_popular_000668,test,pope_popular,128,True,True,gray|blur,True,True,True,True,True,True,1111,64,True
fastv,pope_popular_000668,test,pope_popular,256,True,True,gray|blur,True,True,True,True,True,True,1111,64,True
fastv,pope_popular_000668,test,pope_popular,432,True,True,gray|blur,True,True,True,True,True,True,1111,64,True
fastv,pope_popular_000672,test,pope_popular,64,False,False,,True,True,True,True,True,,1111,64,True
fastv,pope_popular_000672,test,pope_popular,128,False,False,,True,True,True,True,True,,1111,64,True
fastv,pope_popular_000672,test,pope_popular,256,False,False,,True,True,True,True,True,,1111,64,True
fastv,pope_popular_000672,test,pope_popular,432,False,False,,True,True,True,True,True,,1111,64,True
fastv,pope_popular_000689,test,pope_popular,64,True,True,irrelevant,True,False,False,False,False,False,0111,128,True
fastv,pope_popular_000689,test,pope_popular,128,True,True,irrelevant,True,True,True,True,True,True,0111,128,True
fastv,pope_popular_000689,test,pope_popular,256,True,True,irrelevant,True,True,True,True,True,True,0111,128,True
fastv,pope_popular_000689,test,pope_popular,432,True,True,irrelevant,True,True,True,True,True,True,0111,128,True
fastv,pope_popular_000696,validation,pope_popular,64,True,True,gray|irrelevant,True,True,True,True,True,True,1111,64,True
fastv,pope_popular_000696,validation,pope_popular,128,True,True,gray|irrelevant,True,True,True,True,True,True,1111,64,True
fastv,pope_popular_000696,validation,pope_popular,256,True,True,gray|irrelevant,True,True,True,True,True,True,1111,64,True
fastv,pope_popular_000696,validation,pope_popular,432,True,True,gray|irrelevant,True,True,True,True,True,True,1111,64,True
fastv,pope_popular_000701,test,pope_popular,64,True,False,,True,True,True,True,True,,1111,64,True
fastv,pope_popular_000701,test,pope_popular,128,True,False,,True,True,True,True,True,,1111,64,True
fastv,pope_popular_000701,test,pope_popular,256,True,False,,True,True,True,True,True,,1111,64,True
fastv,pope_popular_000701,test,pope_popular,432,True,False,,True,True,True,True,True,,1111,64,True
fastv,pope_popular_000706,test,pope_popular,64,True,True,gray,True,True,True,True,True,True,1111,64,True
fastv,pope_popular_000706,test,pope_popular,128,True,True,gray,True,True,True,True,True,True,1111,64,True
fastv,pope_popular_000706,test,pope_popular,256,True,True,gray,True,True,True,True,True,True,1111,64,True
fastv,pope_popular_000706,test,pope_popular,432,True,True,gray,True,True,True,True,True,True,1111,64,True
fastv,pope_popular_000710,test,pope_popular,64,True,True,gray|irrelevant,True,True,True,True,True,True,1111,64,True
fastv,pope_popular_000710,test,pope_popular,128,True,True,gray|irrelevant,True,True,True,True,True,True,1111,64,True
fastv,pope_popular_000710,test,pope_popular,256,True,True,gray|irrelevant,True,True,True,True,True,True,1111,64,True
fastv,pope_popular_000710,test,pope_popular,432,True,True,gray|irrelevant,True,True,True,True,True,True,1111,64,True
fastv,pope_popular_000721,validation,pope_popular,64,True,False,,True,True,True,True,True,,1111,64,True
fastv,pope_popular_000721,validation,pope_popular,128,True,False,,True,True,True,True,True,,1111,64,True
fastv,pope_popular_000721,validation,pope_popular,256,True,False,,True,True,True,True,True,,1111,64,True
fastv,pope_popular_000721,validation,pope_popular,432,True,False,,True,True,True,True,True,,1111,64,True
fastv,pope_popular_000735,test,pope_popular,64,True,False,,True,True,True,True,True,,1111,64,True
fastv,pope_popular_000735,test,pope_popular,128,True,False,,True,True,True,True,True,,1111,64,True
fastv,pope_popular_000735,test,pope_popular,256,True,False,,True,True,True,True,True,,1111,64,True
fastv,pope_popular_000735,test,pope_popular,432,True,False,,True,True,True,True,True,,1111,64,True
fastv,pope_popular_000747,test,pope_popular,64,True,False,,True,True,True,True,True,,1111,64,True
fastv,pope_popular_000747,test,pope_popular,128,True,False,,True,True,True,True,True,,1111,64,True
fastv,pope_popular_000747,test,pope_popular,256,True,False,,True,True,True,True,True,,1111,64,True
fastv,pope_popular_000747,test,pope_popular,432,True,False,,True,True,True,True,True,,1111,64,True
fastv,pope_popular_000749,test,pope_popular,64,True,False,,True,True,True,True,True,,1111,64,True
fastv,pope_popular_000749,test,pope_popular,128,True,False,,True,True,True,True,True,,1111,64,True
fastv,pope_popular_000749,test,pope_popular,256,True,False,,True,True,True,True,True,,1111,64,True
fastv,pope_popular_000749,test,pope_popular,432,True,False,,True,True,True,True,True,,1111,64,True
fastv,pope_random_000001,validation,pope_random,64,True,False,,True,True,True,True,True,,1111,64,True
fastv,pope_random_000001,validation,pope_random,128,True,False,,True,True,True,True,True,,1111,64,True
fastv,pope_random_000001,validation,pope_random,256,True,False,,True,True,True,True,True,,1111,64,True
fastv,pope_random_000001,validation,pope_random,432,True,False,,True,True,True,True,True,,1111,64,True
fastv,pope_random_000005,test,pope_random,64,True,False,,True,True,True,True,True,,1111,64,True
fastv,pope_random_000005,test,pope_random,128,True,False,,True,True,True,True,True,,1111,64,True
fastv,pope_random_000005,test,pope_random,256,True,False,,True,True,True,True,True,,1111,64,True
fastv,pope_random_000005,test,pope_random,432,True,False,,True,True,True,True,True,,1111,64,True
fastv,pope_random_000011,test,pope_random,64,True,False,,True,True,True,True,True,,1111,64,True
fastv,pope_random_000011,test,pope_random,128,True,False,,True,True,True,True,True,,1111,64,True
fastv,pope_random_000011,test,pope_random,256,True,False,,True,True,True,True,True,,1111,64,True
fastv,pope_random_000011,test,pope_random,432,True,False,,True,True,True,True,True,,1111,64,True
fastv,pope_random_000014,test,pope_random,64,True,True,gray|blur|irrelevant,False,False,True,False,False,False,0011,256,True
fastv,pope_random_000014,test,pope_random,128,True,True,gray|blur|irrelevant,False,False,True,False,False,False,0011,256,True
fastv,pope_random_000014,test,pope_random,256,True,True,gray|blur|irrelevant,True,True,True,True,True,True,0011,256,True
fastv,pope_random_000014,test,pope_random,432,True,True,gray|blur|irrelevant,True,True,True,True,True,True,0011,256,True
fastv,pope_random_000021,test,pope_random,64,True,False,,True,True,True,True,True,,1111,64,True
fastv,pope_random_000021,test,pope_random,128,True,False,,True,True,True,True,True,,1111,64,True
fastv,pope_random_000021,test,pope_random,256,True,False,,True,True,True,True,True,,1111,64,True
fastv,pope_random_000021,test,pope_random,432,True,False,,True,True,True,True,True,,1111,64,True
fastv,pope_random_000033,test,pope_random,64,True,False,,True,True,True,True,True,,1111,64,True
fastv,pope_random_000033,test,pope_random,128,True,False,,True,True,True,True,True,,1111,64,True
fastv,pope_random_000033,test,pope_random,256,True,False,,True,True,True,True,True,,1111,64,True
fastv,pope_random_000033,test,pope_random,432,True,False,,True,True,True,True,True,,1111,64,True
fastv,pope_random_000036,test,pope_random,64,True,True,gray|irrelevant,True,True,True,True,True,True,1111,64,True
fastv,pope_random_000036,test,pope_random,128,True,True,gray|irrelevant,True,True,True,True,True,True,1111,64,True
fastv,pope_random_000036,test,pope_random,256,True,True,gray|irrelevant,True,True,True,True,True,True,1111,64,True
fastv,pope_random_000036,test,pope_random,432,True,True,gray|irrelevant,True,True,True,True,True,True,1111,64,True
fastv,pope_random_000039,test,pope_random,64,True,False,,True,True,True,True,True,,1111,64,True
fastv,pope_random_000039,test,pope_random,128,True,False,,True,True,True,True,True,,1111,64,True
fastv,pope_random_000039,test,pope_random,256,True,False,,True,True,True,True,True,,1111,64,True
fastv,pope_random_000039,test,pope_random,432,True,False,,True,True,True,True,True,,1111,64,True
fastv,pope_random_000040,test,pope_random,64,True,True,gray|irrelevant,True,True,True,True,True,True,1111,64,True
fastv,pope_random_000040,test,pope_random,128,True,True,gray|irrelevant,True,True,True,True,True,True,1111,64,True
fastv,pope_random_000040,test,pope_random,256,True,True,gray|irrelevant,True,True,True,True,True,True,1111,64,True
fastv,pope_random_000040,test,pope_random,432,True,True,gray|irrelevant,True,True,True,True,True,True,1111,64,True
fastv,pope_random_000043,test,pope_random,64,True,False,,True,True,True,True,True,,1111,64,True
fastv,pope_random_000043,test,pope_random,128,True,False,,True,True,True,True,True,,1111,64,True
fastv,pope_random_000043,test,pope_random,256,True,False,,True,True,True,True,True,,1111,64,True
fastv,pope_random_000043,test,pope_random,432,True,False,,True,True,True,True,True,,1111,64,True
fastv,pope_random_000047,test,pope_random,64,True,False,,True,True,True,True,True,,1111,64,True
fastv,pope_random_000047,test,pope_random,128,True,False,,True,True,True,True,True,,1111,64,True
fastv,pope_random_000047,test,pope_random,256,True,False,,True,True,True,True,True,,1111,64,True
fastv,pope_random_000047,test,pope_random,432,True,False,,True,True,True,True,True,,1111,64,True
fastv,pope_random_000051,test,pope_random,64,True,False,,True,True,True,True,True,,1111,64,True
fastv,pope_random_000051,test,pope_random,128,True,False,,True,True,True,True,True,,1111,64,True
fastv,pope_random_000051,test,pope_random,256,True,False,,True,True,True,True,True,,1111,64,True
fastv,pope_random_000051,test,pope_random,432,True,False,,True,True,True,True,True,,1111,64,True
fastv,pope_random_000055,test,pope_random,64,True,False,,True,True,True,True,True,,1111,64,True
fastv,pope_random_000055,test,pope_random,128,True,False,,True,True,True,True,True,,1111,64,True
fastv,pope_random_000055,test,pope_random,256,True,False,,True,True,True,True,True,,1111,64,True
fastv,pope_random_000055,test,pope_random,432,True,False,,True,True,True,True,True,,1111,64,True
fastv,pope_random_000064,test,pope_random,64,True,True,gray|blur|irrelevant,False,False,True,False,False,False,0011,256,True
fastv,pope_random_000064,test,pope_random,128,True,True,gray|blur|irrelevant,False,False,True,False,False,False,0011,256,True
fastv,pope_random_000064,test,pope_random,256,True,True,gray|blur|irrelevant,True,True,True,True,True,True,0011,256,True
fastv,pope_random_000064,test,pope_random,432,True,True,gray|blur|irrelevant,True,True,True,True,True,True,0011,256,True
fastv,pope_random_000074,validation,pope_random,64,True,True,gray|irrelevant,False,False,True,False,False,False,0111,128,True
fastv,pope_random_000074,validation,pope_random,128,True,True,gray|irrelevant,True,True,True,True,True,True,0111,128,True
fastv,pope_random_000074,validation,pope_random,256,True,True,gray|irrelevant,True,True,True,True,True,True,0111,128,True
fastv,pope_random_000074,validation,pope_random,432,True,True,gray|irrelevant,True,True,True,True,True,True,0111,128,True
fastv,pope_random_000075,validation,pope_random,64,True,False,,True,True,True,True,True,,1111,64,True
fastv,pope_random_000075,validation,pope_random,128,True,False,,True,True,True,True,True,,1111,64,True
fastv,pope_random_000075,validation,pope_random,256,True,False,,True,True,True,True,True,,1111,64,True
fastv,pope_random_000075,validation,pope_random,432,True,False,,True,True,True,True,True,,1111,64,True
fastv,pope_random_000080,test,pope_random,64,True,True,gray|irrelevant,True,True,True,True,True,True,1111,64,True
fastv,pope_random_000080,test,pope_random,128,True,True,gray|irrelevant,True,True,True,True,True,True,1111,64,True
fastv,pope_random_000080,test,pope_random,256,True,True,gray|irrelevant,True,True,True,True,True,True,1111,64,True
fastv,pope_random_000080,test,pope_random,432,True,True,gray|irrelevant,True,True,True,True,True,True,1111,64,True
fastv,pope_random_000089,test,pope_random,64,True,False,,True,True,True,True,True,,1111,64,True
fastv,pope_random_000089,test,pope_random,128,True,False,,True,True,True,True,True,,1111,64,True
fastv,pope_random_000089,test,pope_random,256,True,False,,True,True,True,True,True,,1111,64,True
fastv,pope_random_000089,test,pope_random,432,True,False,,True,True,True,True,True,,1111,64,True
fastv,pope_random_000092,test,pope_random,64,True,True,gray|irrelevant,True,True,True,True,True,True,1111,64,True
fastv,pope_random_000092,test,pope_random,128,True,True,gray|irrelevant,True,True,True,True,True,True,1111,64,True
fastv,pope_random_000092,test,pope_random,256,True,True,gray|irrelevant,True,True,True,True,True,True,1111,64,True
fastv,pope_random_000092,test,pope_random,432,True,True,gray|irrelevant,True,True,True,True,True,True,1111,64,True
fastv,pope_random_000095,test,pope_random,64,False,True,gray|irrelevant,True,True,True,True,True,,1111,64,True
fastv,pope_random_000095,test,pope_random,128,False,True,gray|irrelevant,True,True,True,True,True,,1111,64,True
fastv,pope_random_000095,test,pope_random,256,False,True,gray|irrelevant,True,True,True,True,True,,1111,64,True
fastv,pope_random_000095,test,pope_random,432,False,True,gray|irrelevant,True,True,True,True,True,,1111,64,True
fastv,pope_random_000099,test,pope_random,64,True,False,,True,True,True,True,True,,1111,64,True
fastv,pope_random_000099,test,pope_random,128,True,False,,True,True,True,True,True,,1111,64,True
fastv,pope_random_000099,test,pope_random,256,True,False,,True,True,True,True,True,,1111,64,True
fastv,pope_random_000099,test,pope_random,432,True,False,,True,True,True,True,True,,1111,64,True
fastv,pope_random_000110,test,pope_random,64,True,True,gray|blur|irrelevant,False,False,True,False,False,False,0111,128,True
fastv,pope_random_000110,test,pope_random,128,True,True,gray|blur|irrelevant,True,True,True,True,True,True,0111,128,True
fastv,pope_random_000110,test,pope_random,256,True,True,gray|blur|irrelevant,True,True,True,True,True,True,0111,128,True
fastv,pope_random_000110,test,pope_random,432,True,True,gray|blur|irrelevant,True,True,True,True,True,True,0111,128,True
fastv,pope_random_000111,test,pope_random,64,True,False,,True,True,True,True,True,,1111,64,True
fastv,pope_random_000111,test,pope_random,128,True,False,,True,True,True,True,True,,1111,64,True
fastv,pope_random_000111,test,pope_random,256,True,False,,True,True,True,True,True,,1111,64,True
fastv,pope_random_000111,test,pope_random,432,True,False,,True,True,True,True,True,,1111,64,True
fastv,pope_random_000115,test,pope_random,64,True,False,,True,True,True,True,True,,1111,64,True
fastv,pope_random_000115,test,pope_random,128,True,False,,True,True,True,True,True,,1111,64,True
fastv,pope_random_000115,test,pope_random,256,True,False,,True,True,True,True,True,,1111,64,True
fastv,pope_random_000115,test,pope_random,432,True,False,,True,True,True,True,True,,1111,64,True
fastv,pope_random_000128,test,pope_random,64,True,True,gray|irrelevant,False,False,True,False,False,False,0111,128,True
fastv,pope_random_000128,test,pope_random,128,True,True,gray|irrelevant,True,True,True,True,True,True,0111,128,True
fastv,pope_random_000128,test,pope_random,256,True,True,gray|irrelevant,True,True,True,True,True,True,0111,128,True
fastv,pope_random_000128,test,pope_random,432,True,True,gray|irrelevant,True,True,True,True,True,True,0111,128,True
fastv,pope_random_000143,validation,pope_random,64,True,False,,True,True,True,True,True,,1111,64,True
fastv,pope_random_000143,validation,pope_random,128,True,False,,True,True,True,True,True,,1111,64,True
fastv,pope_random_000143,validation,pope_random,256,True,False,,True,True,True,True,True,,1111,64,True
fastv,pope_random_000143,validation,pope_random,432,True,False,,True,True,True,True,True,,1111,64,True
fastv,pope_random_000144,validation,pope_random,64,True,True,gray|blur|irrelevant,False,False,True,False,False,False,0011,256,True
fastv,pope_random_000144,validation,pope_random,128,True,True,gray|blur|irrelevant,False,False,True,False,False,False,0011,256,True
fastv,pope_random_000144,validation,pope_random,256,True,True,gray|blur|irrelevant,True,True,True,True,True,True,0011,256,True
fastv,pope_random_000144,validation,pope_random,432,True,True,gray|blur|irrelevant,True,True,True,True,True,True,0011,256,True
fastv,pope_random_000149,test,pope_random,64,True,False,,True,True,True,True,True,,1111,64,True
fastv,pope_random_000149,test,pope_random,128,True,False,,True,True,True,True,True,,1111,64,True
fastv,pope_random_000149,test,pope_random,256,True,False,,True,True,True,True,True,,1111,64,True
fastv,pope_random_000149,test,pope_random,432,True,False,,True,True,True,True,True,,1111,64,True
fastv,pope_random_000152,test,pope_random,64,True,True,gray,True,True,True,True,True,True,1111,64,True
fastv,pope_random_000152,test,pope_random,128,True,True,gray,True,True,True,True,True,True,1111,64,True
fastv,pope_random_000152,test,pope_random,256,True,True,gray,True,True,True,True,True,True,1111,64,True
fastv,pope_random_000152,test,pope_random,432,True,True,gray,True,True,True,True,True,True,1111,64,True
fastv,pope_random_000157,test,pope_random,64,True,False,,True,True,True,True,True,,1111,64,True
fastv,pope_random_000157,test,pope_random,128,True,False,,True,True,True,True,True,,1111,64,True
fastv,pope_random_000157,test,pope_random,256,True,False,,True,True,True,True,True,,1111,64,True
fastv,pope_random_000157,test,pope_random,432,True,False,,True,True,True,True,True,,1111,64,True
fastv,pope_random_000169,test,pope_random,64,True,False,,True,True,True,True,True,,1111,64,True
fastv,pope_random_000169,test,pope_random,128,True,False,,True,True,True,True,True,,1111,64,True
fastv,pope_random_000169,test,pope_random,256,True,False,,True,True,True,True,True,,1111,64,True
fastv,pope_random_000169,test,pope_random,432,True,False,,True,True,True,True,True,,1111,64,True
fastv,pope_random_000174,test,pope_random,64,True,True,gray|irrelevant,True,True,True,True,True,True,1111,64,True
fastv,pope_random_000174,test,pope_random,128,True,True,gray|irrelevant,True,True,True,True,True,True,1111,64,True
fastv,pope_random_000174,test,pope_random,256,True,True,gray|irrelevant,True,True,True,True,True,True,1111,64,True
fastv,pope_random_000174,test,pope_random,432,True,True,gray|irrelevant,True,True,True,True,True,True,1111,64,True
fastv,pope_random_000175,validation,pope_random,64,True,False,,True,True,True,True,True,,1111,64,True
fastv,pope_random_000175,validation,pope_random,128,True,False,,True,True,True,True,True,,1111,64,True
fastv,pope_random_000175,validation,pope_random,256,True,False,,True,True,True,True,True,,1111,64,True
fastv,pope_random_000175,validation,pope_random,432,True,False,,True,True,True,True,True,,1111,64,True
fastv,pope_random_000184,test,pope_random,64,True,True,gray|irrelevant,True,True,True,True,True,True,1111,64,True
fastv,pope_random_000184,test,pope_random,128,True,True,gray|irrelevant,True,True,True,True,True,True,1111,64,True
fastv,pope_random_000184,test,pope_random,256,True,True,gray|irrelevant,True,True,True,True,True,True,1111,64,True
fastv,pope_random_000184,test,pope_random,432,True,True,gray|irrelevant,True,True,True,True,True,True,1111,64,True
fastv,pope_random_000187,test,pope_random,64,True,False,,True,True,True,True,True,,1111,64,True
fastv,pope_random_000187,test,pope_random,128,True,False,,True,True,True,True,True,,1111,64,True
fastv,pope_random_000187,test,pope_random,256,True,False,,True,True,True,True,True,,1111,64,True
fastv,pope_random_000187,test,pope_random,432,True,False,,True,True,True,True,True,,1111,64,True
fastv,pope_random_000195,test,pope_random,64,True,False,,True,True,True,True,True,,1111,64,True
fastv,pope_random_000195,test,pope_random,128,True,False,,True,True,True,True,True,,1111,64,True
fastv,pope_random_000195,test,pope_random,256,True,False,,True,True,True,True,True,,1111,64,True
fastv,pope_random_000195,test,pope_random,432,True,False,,True,True,True,True,True,,1111,64,True
fastv,pope_random_000196,test,pope_random,64,False,False,,True,True,True,True,True,,1111,64,True
fastv,pope_random_000196,test,pope_random,128,False,False,,True,True,True,True,True,,1111,64,True
fastv,pope_random_000196,test,pope_random,256,False,False,,True,True,True,True,True,,1111,64,True
fastv,pope_random_000196,test,pope_random,432,False,False,,True,True,True,True,True,,1111,64,True
fastv,pope_random_000205,test,pope_random,64,True,False,,True,True,True,True,True,,1111,64,True
fastv,pope_random_000205,test,pope_random,128,True,False,,True,True,True,True,True,,1111,64,True
fastv,pope_random_000205,test,pope_random,256,True,False,,True,True,True,True,True,,1111,64,True
fastv,pope_random_000205,test,pope_random,432,True,False,,True,True,True,True,True,,1111,64,True
fastv,pope_random_000206,test,pope_random,64,True,True,gray|blur|irrelevant,False,False,True,False,False,False,0111,128,True
fastv,pope_random_000206,test,pope_random,128,True,True,gray|blur|irrelevant,True,True,True,True,True,True,0111,128,True
fastv,pope_random_000206,test,pope_random,256,True,True,gray|blur|irrelevant,True,True,True,True,True,True,0111,128,True
fastv,pope_random_000206,test,pope_random,432,True,True,gray|blur|irrelevant,True,True,True,True,True,True,0111,128,True
fastv,pope_random_000213,validation,pope_random,64,True,False,,True,True,True,True,True,,1111,64,True
fastv,pope_random_000213,validation,pope_random,128,True,False,,True,True,True,True,True,,1111,64,True
fastv,pope_random_000213,validation,pope_random,256,True,False,,True,True,True,True,True,,1111,64,True
fastv,pope_random_000213,validation,pope_random,432,True,False,,True,True,True,True,True,,1111,64,True
fastv,pope_random_000219,validation,pope_random,64,True,False,,True,True,True,True,True,,1111,64,True
fastv,pope_random_000219,validation,pope_random,128,True,False,,True,True,True,True,True,,1111,64,True
fastv,pope_random_000219,validation,pope_random,256,True,False,,True,True,True,True,True,,1111,64,True
fastv,pope_random_000219,validation,pope_random,432,True,False,,True,True,True,True,True,,1111,64,True
fastv,pope_random_000227,test,pope_random,64,True,False,,True,True,True,True,True,,1111,64,True
fastv,pope_random_000227,test,pope_random,128,True,False,,True,True,True,True,True,,1111,64,True
fastv,pope_random_000227,test,pope_random,256,True,False,,True,True,True,True,True,,1111,64,True
fastv,pope_random_000227,test,pope_random,432,True,False,,True,True,True,True,True,,1111,64,True
fastv,pope_random_000228,test,pope_random,64,False,False,,True,True,True,True,True,,1111,64,True
fastv,pope_random_000228,test,pope_random,128,False,False,,True,True,True,True,True,,1111,64,True
fastv,pope_random_000228,test,pope_random,256,False,False,,True,True,True,True,True,,1111,64,True
fastv,pope_random_000228,test,pope_random,432,False,False,,True,True,True,True,True,,1111,64,True
fastv,pope_random_000234,test,pope_random,64,False,False,,True,True,True,True,True,,1101,64,False
fastv,pope_random_000234,test,pope_random,128,False,False,,True,True,True,True,True,,1101,64,False
fastv,pope_random_000234,test,pope_random,256,False,False,,False,True,True,False,False,,1101,64,False
fastv,pope_random_000234,test,pope_random,432,False,False,,True,True,True,True,True,,1101,64,False
fastv,pope_random_000243,test,pope_random,64,True,False,,True,True,True,True,True,,1111,64,True
fastv,pope_random_000243,test,pope_random,128,True,False,,True,True,True,True,True,,1111,64,True
fastv,pope_random_000243,test,pope_random,256,True,False,,True,True,True,True,True,,1111,64,True
fastv,pope_random_000243,test,pope_random,432,True,False,,True,True,True,True,True,,1111,64,True
fastv,pope_random_000244,test,pope_random,64,True,True,gray|blur|irrelevant,True,True,True,True,True,True,1111,64,True
fastv,pope_random_000244,test,pope_random,128,True,True,gray|blur|irrelevant,True,True,True,True,True,True,1111,64,True
fastv,pope_random_000244,test,pope_random,256,True,True,gray|blur|irrelevant,True,True,True,True,True,True,1111,64,True
fastv,pope_random_000244,test,pope_random,432,True,True,gray|blur|irrelevant,True,True,True,True,True,True,1111,64,True
fastv,pope_random_000267,validation,pope_random,64,True,False,,True,True,True,True,True,,1111,64,True
fastv,pope_random_000267,validation,pope_random,128,True,False,,True,True,True,True,True,,1111,64,True
fastv,pope_random_000267,validation,pope_random,256,True,False,,True,True,True,True,True,,1111,64,True
fastv,pope_random_000267,validation,pope_random,432,True,False,,True,True,True,True,True,,1111,64,True
fastv,pope_random_000270,test,pope_random,64,True,True,gray|irrelevant,True,True,True,True,True,True,1111,64,True
fastv,pope_random_000270,test,pope_random,128,True,True,gray|irrelevant,True,True,True,True,True,True,1111,64,True
fastv,pope_random_000270,test,pope_random,256,True,True,gray|irrelevant,True,True,True,True,True,True,1111,64,True
fastv,pope_random_000270,test,pope_random,432,True,True,gray|irrelevant,True,True,True,True,True,True,1111,64,True
fastv,pope_random_000272,test,pope_random,64,True,True,gray|irrelevant,True,True,True,True,True,True,1111,64,True
fastv,pope_random_000272,test,pope_random,128,True,True,gray|irrelevant,True,True,True,True,True,True,1111,64,True
fastv,pope_random_000272,test,pope_random,256,True,True,gray|irrelevant,True,True,True,True,True,True,1111,64,True
fastv,pope_random_000272,test,pope_random,432,True,True,gray|irrelevant,True,True,True,True,True,True,1111,64,True
fastv,pope_random_000273,test,pope_random,64,True,False,,True,True,True,True,True,,1111,64,True
fastv,pope_random_000273,test,pope_random,128,True,False,,True,True,True,True,True,,1111,64,True
fastv,pope_random_000273,test,pope_random,256,True,False,,True,True,True,True,True,,1111,64,True
fastv,pope_random_000273,test,pope_random,432,True,False,,True,True,True,True,True,,1111,64,True
fastv,pope_random_000274,validation,pope_random,64,True,True,gray|irrelevant,True,True,True,True,True,True,1111,64,True
fastv,pope_random_000274,validation,pope_random,128,True,True,gray|irrelevant,True,True,True,True,True,True,1111,64,True
fastv,pope_random_000274,validation,pope_random,256,True,True,gray|irrelevant,True,True,True,True,True,True,1111,64,True
fastv,pope_random_000274,validation,pope_random,432,True,True,gray|irrelevant,True,True,True,True,True,True,1111,64,True
fastv,pope_random_000283,test,pope_random,64,True,False,,True,True,True,True,True,,1111,64,True
fastv,pope_random_000283,test,pope_random,128,True,False,,True,True,True,True,True,,1111,64,True
fastv,pope_random_000283,test,pope_random,256,True,False,,True,True,True,True,True,,1111,64,True
fastv,pope_random_000283,test,pope_random,432,True,False,,True,True,True,True,True,,1111,64,True
fastv,pope_random_000286,validation,pope_random,64,False,False,,True,True,True,True,True,,1111,64,True
fastv,pope_random_000286,validation,pope_random,128,False,False,,True,True,True,True,True,,1111,64,True
fastv,pope_random_000286,validation,pope_random,256,False,False,,True,True,True,True,True,,1111,64,True
fastv,pope_random_000286,validation,pope_random,432,False,False,,True,True,True,True,True,,1111,64,True
fastv,pope_random_000293,test,pope_random,64,True,False,,True,True,True,True,True,,1111,64,True
fastv,pope_random_000293,test,pope_random,128,True,False,,True,True,True,True,True,,1111,64,True
fastv,pope_random_000293,test,pope_random,256,True,False,,True,True,True,True,True,,1111,64,True
fastv,pope_random_000293,test,pope_random,432,True,False,,True,True,True,True,True,,1111,64,True
fastv,pope_random_000303,test,pope_random,64,True,False,,True,True,True,True,True,,1111,64,True
fastv,pope_random_000303,test,pope_random,128,True,False,,True,True,True,True,True,,1111,64,True
fastv,pope_random_000303,test,pope_random,256,True,False,,True,True,True,True,True,,1111,64,True
fastv,pope_random_000303,test,pope_random,432,True,False,,True,True,True,True,True,,1111,64,True
fastv,pope_random_000306,test,pope_random,64,True,True,gray|blur|irrelevant,True,True,True,True,True,True,1111,64,True
fastv,pope_random_000306,test,pope_random,128,True,True,gray|blur|irrelevant,True,True,True,True,True,True,1111,64,True
fastv,pope_random_000306,test,pope_random,256,True,True,gray|blur|irrelevant,True,True,True,True,True,True,1111,64,True
fastv,pope_random_000306,test,pope_random,432,True,True,gray|blur|irrelevant,True,True,True,True,True,True,1111,64,True
fastv,pope_random_000308,validation,pope_random,64,True,True,gray,True,True,True,True,True,True,1111,64,True
fastv,pope_random_000308,validation,pope_random,128,True,True,gray,True,True,True,True,True,True,1111,64,True
fastv,pope_random_000308,validation,pope_random,256,True,True,gray,True,True,True,True,True,True,1111,64,True
fastv,pope_random_000308,validation,pope_random,432,True,True,gray,True,True,True,True,True,True,1111,64,True
fastv,pope_random_000311,test,pope_random,64,True,False,,True,True,True,True,True,,1111,64,True
fastv,pope_random_000311,test,pope_random,128,True,False,,True,True,True,True,True,,1111,64,True
fastv,pope_random_000311,test,pope_random,256,True,False,,True,True,True,True,True,,1111,64,True
fastv,pope_random_000311,test,pope_random,432,True,False,,True,True,True,True,True,,1111,64,True
fastv,pope_random_000330,test,pope_random,64,True,True,gray,True,True,True,True,True,True,1111,64,True
fastv,pope_random_000330,test,pope_random,128,True,True,gray,True,True,True,True,True,True,1111,64,True
fastv,pope_random_000330,test,pope_random,256,True,True,gray,True,True,True,True,True,True,1111,64,True
fastv,pope_random_000330,test,pope_random,432,True,True,gray,True,True,True,True,True,True,1111,64,True
fastv,pope_random_000355,test,pope_random,64,True,False,,True,True,True,True,True,,1111,64,True
fastv,pope_random_000355,test,pope_random,128,True,False,,True,True,True,True,True,,1111,64,True
fastv,pope_random_000355,test,pope_random,256,True,False,,True,True,True,True,True,,1111,64,True
fastv,pope_random_000355,test,pope_random,432,True,False,,True,True,True,True,True,,1111,64,True
fastv,pope_random_000362,validation,pope_random,64,True,True,gray|blur|irrelevant,True,True,True,True,True,True,1111,64,True
fastv,pope_random_000362,validation,pope_random,128,True,True,gray|blur|irrelevant,True,True,True,True,True,True,1111,64,True
fastv,pope_random_000362,validation,pope_random,256,True,True,gray|blur|irrelevant,True,True,True,True,True,True,1111,64,True
fastv,pope_random_000362,validation,pope_random,432,True,True,gray|blur|irrelevant,True,True,True,True,True,True,1111,64,True
fastv,pope_random_000363,validation,pope_random,64,True,False,,True,True,True,True,True,,1111,64,True
fastv,pope_random_000363,validation,pope_random,128,True,False,,True,True,True,True,True,,1111,64,True
fastv,pope_random_000363,validation,pope_random,256,True,False,,True,True,True,True,True,,1111,64,True
fastv,pope_random_000363,validation,pope_random,432,True,False,,True,True,True,True,True,,1111,64,True
fastv,pope_random_000364,test,pope_random,64,False,False,,True,True,True,True,True,,1111,64,True
fastv,pope_random_000364,test,pope_random,128,False,False,,True,True,True,True,True,,1111,64,True
fastv,pope_random_000364,test,pope_random,256,False,False,,True,True,True,True,True,,1111,64,True
fastv,pope_random_000364,test,pope_random,432,False,False,,True,True,True,True,True,,1111,64,True
fastv,pope_random_000375,test,pope_random,64,True,False,,True,True,True,True,True,,1111,64,True
fastv,pope_random_000375,test,pope_random,128,True,False,,True,True,True,True,True,,1111,64,True
fastv,pope_random_000375,test,pope_random,256,True,False,,True,True,True,True,True,,1111,64,True
fastv,pope_random_000375,test,pope_random,432,True,False,,True,True,True,True,True,,1111,64,True
fastv,pope_random_000378,test,pope_random,64,True,True,gray,True,True,True,True,True,True,1111,64,True
fastv,pope_random_000378,test,pope_random,128,True,True,gray,True,True,True,True,True,True,1111,64,True
fastv,pope_random_000378,test,pope_random,256,True,True,gray,True,True,True,True,True,True,1111,64,True
fastv,pope_random_000378,test,pope_random,432,True,True,gray,True,True,True,True,True,True,1111,64,True
fastv,pope_random_000382,test,pope_random,64,True,True,gray|irrelevant,True,True,True,True,True,True,1111,64,True
fastv,pope_random_000382,test,pope_random,128,True,True,gray|irrelevant,True,True,True,True,True,True,1111,64,True
fastv,pope_random_000382,test,pope_random,256,True,True,gray|irrelevant,True,True,True,True,True,True,1111,64,True
fastv,pope_random_000382,test,pope_random,432,True,True,gray|irrelevant,True,True,True,True,True,True,1111,64,True
fastv,pope_random_000395,validation,pope_random,64,True,False,,True,True,True,True,True,,1111,64,True
fastv,pope_random_000395,validation,pope_random,128,True,False,,True,True,True,True,True,,1111,64,True
fastv,pope_random_000395,validation,pope_random,256,True,False,,True,True,True,True,True,,1111,64,True
fastv,pope_random_000395,validation,pope_random,432,True,False,,True,True,True,True,True,,1111,64,True
fastv,pope_random_000396,test,pope_random,64,True,True,gray|blur|irrelevant,False,False,True,False,False,False,0111,128,True
fastv,pope_random_000396,test,pope_random,128,True,True,gray|blur|irrelevant,True,True,True,True,True,True,0111,128,True
fastv,pope_random_000396,test,pope_random,256,True,True,gray|blur|irrelevant,True,True,True,True,True,True,0111,128,True
fastv,pope_random_000396,test,pope_random,432,True,True,gray|blur|irrelevant,True,True,True,True,True,True,0111,128,True
fastv,pope_random_000404,validation,pope_random,64,True,True,gray|irrelevant,True,True,True,True,True,True,1111,64,True
fastv,pope_random_000404,validation,pope_random,128,True,True,gray|irrelevant,True,True,True,True,True,True,1111,64,True
fastv,pope_random_000404,validation,pope_random,256,True,True,gray|irrelevant,True,True,True,True,True,True,1111,64,True
fastv,pope_random_000404,validation,pope_random,432,True,True,gray|irrelevant,True,True,True,True,True,True,1111,64,True
fastv,pope_random_000407,test,pope_random,64,True,False,,True,True,True,True,True,,1111,64,True
fastv,pope_random_000407,test,pope_random,128,True,False,,True,True,True,True,True,,1111,64,True
fastv,pope_random_000407,test,pope_random,256,True,False,,True,True,True,True,True,,1111,64,True
fastv,pope_random_000407,test,pope_random,432,True,False,,True,True,True,True,True,,1111,64,True
fastv,pope_random_000419,test,pope_random,64,True,False,,True,True,True,True,True,,1111,64,True
fastv,pope_random_000419,test,pope_random,128,True,False,,True,True,True,True,True,,1111,64,True
fastv,pope_random_000419,test,pope_random,256,True,False,,True,True,True,True,True,,1111,64,True
fastv,pope_random_000419,test,pope_random,432,True,False,,True,True,True,True,True,,1111,64,True
fastv,pope_random_000441,test,pope_random,64,True,True,blur,True,False,False,False,False,False,0101,128,False
fastv,pope_random_000441,test,pope_random,128,True,True,blur,True,True,True,True,True,True,0101,128,False
fastv,pope_random_000441,test,pope_random,256,True,True,blur,False,False,True,False,False,False,0101,128,False
fastv,pope_random_000441,test,pope_random,432,True,True,blur,True,True,True,True,True,True,0101,128,False
fastv,pope_random_000442,test,pope_random,64,False,False,,True,True,True,True,True,,1111,64,True
fastv,pope_random_000442,test,pope_random,128,False,False,,True,True,True,True,True,,1111,64,True
fastv,pope_random_000442,test,pope_random,256,False,False,,True,True,True,True,True,,1111,64,True
fastv,pope_random_000442,test,pope_random,432,False,False,,True,True,True,True,True,,1111,64,True
fastv,pope_random_000447,test,pope_random,64,True,False,,True,True,True,True,True,,1111,64,True
fastv,pope_random_000447,test,pope_random,128,True,False,,True,True,True,True,True,,1111,64,True
fastv,pope_random_000447,test,pope_random,256,True,False,,True,True,True,True,True,,1111,64,True
fastv,pope_random_000447,test,pope_random,432,True,False,,True,True,True,True,True,,1111,64,True
fastv,pope_random_000450,test,pope_random,64,True,True,gray|blur|irrelevant,True,True,True,True,True,True,1111,64,True
fastv,pope_random_000450,test,pope_random,128,True,True,gray|blur|irrelevant,True,True,True,True,True,True,1111,64,True
fastv,pope_random_000450,test,pope_random,256,True,True,gray|blur|irrelevant,True,True,True,True,True,True,1111,64,True
fastv,pope_random_000450,test,pope_random,432,True,True,gray|blur|irrelevant,True,True,True,True,True,True,1111,64,True
fastv,pope_random_000453,test,pope_random,64,True,False,,True,True,True,True,True,,1111,64,True
fastv,pope_random_000453,test,pope_random,128,True,False,,True,True,True,True,True,,1111,64,True
fastv,pope_random_000453,test,pope_random,256,True,False,,True,True,True,True,True,,1111,64,True
fastv,pope_random_000453,test,pope_random,432,True,False,,True,True,True,True,True,,1111,64,True
fastv,pope_random_000474,validation,pope_random,64,True,True,gray|irrelevant,True,True,True,True,True,True,1111,64,True
fastv,pope_random_000474,validation,pope_random,128,True,True,gray|irrelevant,True,True,True,True,True,True,1111,64,True
fastv,pope_random_000474,validation,pope_random,256,True,True,gray|irrelevant,True,True,True,True,True,True,1111,64,True
fastv,pope_random_000474,validation,pope_random,432,True,True,gray|irrelevant,True,True,True,True,True,True,1111,64,True
fastv,pope_random_000475,test,pope_random,64,True,False,,True,True,True,True,True,,1111,64,True
fastv,pope_random_000475,test,pope_random,128,True,False,,True,True,True,True,True,,1111,64,True
fastv,pope_random_000475,test,pope_random,256,True,False,,True,True,True,True,True,,1111,64,True
fastv,pope_random_000475,test,pope_random,432,True,False,,True,True,True,True,True,,1111,64,True
fastv,pope_random_000482,test,pope_random,64,False,False,,True,True,True,True,True,,1111,64,True
fastv,pope_random_000482,test,pope_random,128,False,False,,True,True,True,True,True,,1111,64,True
fastv,pope_random_000482,test,pope_random,256,False,False,,True,True,True,True,True,,1111,64,True
fastv,pope_random_000482,test,pope_random,432,False,False,,True,True,True,True,True,,1111,64,True
fastv,pope_random_000490,test,pope_random,64,True,True,gray|irrelevant,False,False,True,False,False,False,0111,128,True
fastv,pope_random_000490,test,pope_random,128,True,True,gray|irrelevant,True,True,True,True,True,True,0111,128,True
fastv,pope_random_000490,test,pope_random,256,True,True,gray|irrelevant,True,True,True,True,True,True,0111,128,True
fastv,pope_random_000490,test,pope_random,432,True,True,gray|irrelevant,True,True,True,True,True,True,0111,128,True
fastv,pope_random_000491,test,pope_random,64,True,False,,True,True,True,True,True,,1111,64,True
fastv,pope_random_000491,test,pope_random,128,True,False,,True,True,True,True,True,,1111,64,True
fastv,pope_random_000491,test,pope_random,256,True,False,,True,True,True,True,True,,1111,64,True
fastv,pope_random_000491,test,pope_random,432,True,False,,True,True,True,True,True,,1111,64,True
fastv,pope_random_000498,validation,pope_random,64,True,True,gray|blur|irrelevant,False,False,True,False,False,False,0001,432,True
fastv,pope_random_000498,validation,pope_random,128,True,True,gray|blur|irrelevant,False,False,True,False,False,False,0001,432,True
fastv,pope_random_000498,validation,pope_random,256,True,True,gray|blur|irrelevant,False,False,True,False,False,False,0001,432,True
fastv,pope_random_000498,validation,pope_random,432,True,True,gray|blur|irrelevant,True,True,True,True,True,True,0001,432,True
fastv,pope_random_000501,test,pope_random,64,True,False,,True,True,True,True,True,,1111,64,True
fastv,pope_random_000501,test,pope_random,128,True,False,,True,True,True,True,True,,1111,64,True
fastv,pope_random_000501,test,pope_random,256,True,False,,True,True,True,True,True,,1111,64,True
fastv,pope_random_000501,test,pope_random,432,True,False,,True,True,True,True,True,,1111,64,True
fastv,pope_random_000506,test,pope_random,64,True,True,gray|irrelevant,True,True,True,True,True,True,1111,64,True
fastv,pope_random_000506,test,pope_random,128,True,True,gray|irrelevant,True,True,True,True,True,True,1111,64,True
fastv,pope_random_000506,test,pope_random,256,True,True,gray|irrelevant,True,True,True,True,True,True,1111,64,True
fastv,pope_random_000506,test,pope_random,432,True,True,gray|irrelevant,True,True,True,True,True,True,1111,64,True
fastv,pope_random_000507,test,pope_random,64,True,True,irrelevant,True,True,True,True,True,True,1111,64,True
fastv,pope_random_000507,test,pope_random,128,True,True,irrelevant,True,True,True,True,True,True,1111,64,True
fastv,pope_random_000507,test,pope_random,256,True,True,irrelevant,True,True,True,True,True,True,1111,64,True
fastv,pope_random_000507,test,pope_random,432,True,True,irrelevant,True,True,True,True,True,True,1111,64,True
fastv,pope_random_000515,test,pope_random,64,True,False,,True,True,True,True,True,,1111,64,True
fastv,pope_random_000515,test,pope_random,128,True,False,,True,True,True,True,True,,1111,64,True
fastv,pope_random_000515,test,pope_random,256,True,False,,True,True,True,True,True,,1111,64,True
fastv,pope_random_000515,test,pope_random,432,True,False,,True,True,True,True,True,,1111,64,True
fastv,pope_random_000517,test,pope_random,64,True,False,,True,True,True,True,True,,1111,64,True
fastv,pope_random_000517,test,pope_random,128,True,False,,True,True,True,True,True,,1111,64,True
fastv,pope_random_000517,test,pope_random,256,True,False,,True,True,True,True,True,,1111,64,True
fastv,pope_random_000517,test,pope_random,432,True,False,,True,True,True,True,True,,1111,64,True
fastv,pope_random_000524,validation,pope_random,64,True,True,gray|irrelevant,False,False,True,False,False,False,0111,128,True
fastv,pope_random_000524,validation,pope_random,128,True,True,gray|irrelevant,True,True,True,True,True,True,0111,128,True
fastv,pope_random_000524,validation,pope_random,256,True,True,gray|irrelevant,True,True,True,True,True,True,0111,128,True
fastv,pope_random_000524,validation,pope_random,432,True,True,gray|irrelevant,True,True,True,True,True,True,0111,128,True
fastv,pope_random_000539,test,pope_random,64,True,False,,True,True,True,True,True,,1111,64,True
fastv,pope_random_000539,test,pope_random,128,True,False,,True,True,True,True,True,,1111,64,True
fastv,pope_random_000539,test,pope_random,256,True,False,,True,True,True,True,True,,1111,64,True
fastv,pope_random_000539,test,pope_random,432,True,False,,True,True,True,True,True,,1111,64,True
fastv,pope_random_000540,test,pope_random,64,True,True,gray|irrelevant,False,False,True,False,False,False,0011,256,True
fastv,pope_random_000540,test,pope_random,128,True,True,gray|irrelevant,False,False,True,False,False,False,0011,256,True
fastv,pope_random_000540,test,pope_random,256,True,True,gray|irrelevant,True,True,True,True,True,True,0011,256,True
fastv,pope_random_000540,test,pope_random,432,True,True,gray|irrelevant,True,True,True,True,True,True,0011,256,True
fastv,pope_random_000555,test,pope_random,64,True,False,,True,True,True,True,True,,1111,64,True
fastv,pope_random_000555,test,pope_random,128,True,False,,True,True,True,True,True,,1111,64,True
fastv,pope_random_000555,test,pope_random,256,True,False,,True,True,True,True,True,,1111,64,True
fastv,pope_random_000555,test,pope_random,432,True,False,,True,True,True,True,True,,1111,64,True
fastv,pope_random_000569,test,pope_random,64,True,False,,True,True,True,True,True,,1111,64,True
fastv,pope_random_000569,test,pope_random,128,True,False,,True,True,True,True,True,,1111,64,True
fastv,pope_random_000569,test,pope_random,256,True,False,,True,True,True,True,True,,1111,64,True
fastv,pope_random_000569,test,pope_random,432,True,False,,True,True,True,True,True,,1111,64,True
fastv,pope_random_000570,test,pope_random,64,True,True,gray|blur,True,True,True,True,True,True,1111,64,True
fastv,pope_random_000570,test,pope_random,128,True,True,gray|blur,True,True,True,True,True,True,1111,64,True
fastv,pope_random_000570,test,pope_random,256,True,True,gray|blur,True,True,True,True,True,True,1111,64,True
fastv,pope_random_000570,test,pope_random,432,True,True,gray|blur,True,True,True,True,True,True,1111,64,True
fastv,pope_random_000571,validation,pope_random,64,True,False,,True,True,True,True,True,,1111,64,True
fastv,pope_random_000571,validation,pope_random,128,True,False,,True,True,True,True,True,,1111,64,True
fastv,pope_random_000571,validation,pope_random,256,True,False,,True,True,True,True,True,,1111,64,True
fastv,pope_random_000571,validation,pope_random,432,True,False,,True,True,True,True,True,,1111,64,True
fastv,pope_random_000576,test,pope_random,64,True,True,gray|blur,True,True,True,True,True,True,1111,64,True
fastv,pope_random_000576,test,pope_random,128,True,True,gray|blur,True,True,True,True,True,True,1111,64,True
fastv,pope_random_000576,test,pope_random,256,True,True,gray|blur,True,True,True,True,True,True,1111,64,True
fastv,pope_random_000576,test,pope_random,432,True,True,gray|blur,True,True,True,True,True,True,1111,64,True
fastv,pope_random_000579,test,pope_random,64,True,False,,True,True,True,True,True,,1111,64,True
fastv,pope_random_000579,test,pope_random,128,True,False,,True,True,True,True,True,,1111,64,True
fastv,pope_random_000579,test,pope_random,256,True,False,,True,True,True,True,True,,1111,64,True
fastv,pope_random_000579,test,pope_random,432,True,False,,True,True,True,True,True,,1111,64,True
fastv,pope_random_000582,validation,pope_random,64,True,True,gray|irrelevant,True,True,True,True,True,True,1111,64,True
fastv,pope_random_000582,validation,pope_random,128,True,True,gray|irrelevant,True,True,True,True,True,True,1111,64,True
fastv,pope_random_000582,validation,pope_random,256,True,True,gray|irrelevant,True,True,True,True,True,True,1111,64,True
fastv,pope_random_000582,validation,pope_random,432,True,True,gray|irrelevant,True,True,True,True,True,True,1111,64,True
fastv,pope_random_000587,validation,pope_random,64,True,False,,True,True,True,True,True,,1111,64,True
fastv,pope_random_000587,validation,pope_random,128,True,False,,True,True,True,True,True,,1111,64,True
fastv,pope_random_000587,validation,pope_random,256,True,False,,True,True,True,True,True,,1111,64,True
fastv,pope_random_000587,validation,pope_random,432,True,False,,True,True,True,True,True,,1111,64,True
fastv,pope_random_000588,test,pope_random,64,True,True,gray,True,True,True,True,True,True,1111,64,True
fastv,pope_random_000588,test,pope_random,128,True,True,gray,True,True,True,True,True,True,1111,64,True
fastv,pope_random_000588,test,pope_random,256,True,True,gray,True,True,True,True,True,True,1111,64,True
fastv,pope_random_000588,test,pope_random,432,True,True,gray,True,True,True,True,True,True,1111,64,True
fastv,pope_random_000595,test,pope_random,64,True,False,,True,True,True,True,True,,1111,64,True
fastv,pope_random_000595,test,pope_random,128,True,False,,True,True,True,True,True,,1111,64,True
fastv,pope_random_000595,test,pope_random,256,True,False,,True,True,True,True,True,,1111,64,True
fastv,pope_random_000595,test,pope_random,432,True,False,,True,True,True,True,True,,1111,64,True
fastv,pope_random_000605,test,pope_random,64,True,False,,True,True,True,True,True,,1111,64,True
fastv,pope_random_000605,test,pope_random,128,True,False,,True,True,True,True,True,,1111,64,True
fastv,pope_random_000605,test,pope_random,256,True,False,,True,True,True,True,True,,1111,64,True
fastv,pope_random_000605,test,pope_random,432,True,False,,True,True,True,True,True,,1111,64,True
fastv,pope_random_000609,test,pope_random,64,True,False,,True,True,True,True,True,,1111,64,True
fastv,pope_random_000609,test,pope_random,128,True,False,,True,True,True,True,True,,1111,64,True
fastv,pope_random_000609,test,pope_random,256,True,False,,True,True,True,True,True,,1111,64,True
fastv,pope_random_000609,test,pope_random,432,True,False,,True,True,True,True,True,,1111,64,True
fastv,pope_random_000616,validation,pope_random,64,True,True,gray|irrelevant,False,False,True,False,False,False,0011,256,True
fastv,pope_random_000616,validation,pope_random,128,True,True,gray|irrelevant,False,False,True,False,False,False,0011,256,True
fastv,pope_random_000616,validation,pope_random,256,True,True,gray|irrelevant,True,True,True,True,True,True,0011,256,True
fastv,pope_random_000616,validation,pope_random,432,True,True,gray|irrelevant,True,True,True,True,True,True,0011,256,True
fastv,pope_random_000624,test,pope_random,64,True,True,gray|irrelevant,True,True,True,True,True,True,1111,64,True
fastv,pope_random_000624,test,pope_random,128,True,True,gray|irrelevant,True,True,True,True,True,True,1111,64,True
fastv,pope_random_000624,test,pope_random,256,True,True,gray|irrelevant,True,True,True,True,True,True,1111,64,True
fastv,pope_random_000624,test,pope_random,432,True,True,gray|irrelevant,True,True,True,True,True,True,1111,64,True
fastv,pope_random_000632,test,pope_random,64,True,True,gray|blur|irrelevant,False,False,True,False,False,False,0011,256,True
fastv,pope_random_000632,test,pope_random,128,True,True,gray|blur|irrelevant,True,False,False,False,False,False,0011,256,True
fastv,pope_random_000632,test,pope_random,256,True,True,gray|blur|irrelevant,True,True,True,True,True,True,0011,256,True
fastv,pope_random_000632,test,pope_random,432,True,True,gray|blur|irrelevant,True,True,True,True,True,True,0011,256,True
fastv,pope_random_000633,test,pope_random,64,True,False,,True,True,True,True,True,,1111,64,True
fastv,pope_random_000633,test,pope_random,128,True,False,,True,True,True,True,True,,1111,64,True
fastv,pope_random_000633,test,pope_random,256,True,False,,True,True,True,True,True,,1111,64,True
fastv,pope_random_000633,test,pope_random,432,True,False,,True,True,True,True,True,,1111,64,True
fastv,pope_random_000651,validation,pope_random,64,True,False,,True,True,True,True,True,,1111,64,True
fastv,pope_random_000651,validation,pope_random,128,True,False,,True,True,True,True,True,,1111,64,True
fastv,pope_random_000651,validation,pope_random,256,True,False,,True,True,True,True,True,,1111,64,True
fastv,pope_random_000651,validation,pope_random,432,True,False,,True,True,True,True,True,,1111,64,True
fastv,pope_random_000658,test,pope_random,64,False,False,,True,True,True,True,True,,1111,64,True
fastv,pope_random_000658,test,pope_random,128,False,False,,True,True,True,True,True,,1111,64,True
fastv,pope_random_000658,test,pope_random,256,False,False,,True,True,True,True,True,,1111,64,True
fastv,pope_random_000658,test,pope_random,432,False,False,,True,True,True,True,True,,1111,64,True
fastv,pope_random_000659,validation,pope_random,64,True,False,,True,True,True,True,True,,1111,64,True
fastv,pope_random_000659,validation,pope_random,128,True,False,,True,True,True,True,True,,1111,64,True
fastv,pope_random_000659,validation,pope_random,256,True,False,,True,True,True,True,True,,1111,64,True
fastv,pope_random_000659,validation,pope_random,432,True,False,,True,True,True,True,True,,1111,64,True
fastv,pope_random_000663,test,pope_random,64,True,False,,True,True,True,True,True,,1111,64,True
fastv,pope_random_000663,test,pope_random,128,True,False,,True,True,True,True,True,,1111,64,True
fastv,pope_random_000663,test,pope_random,256,True,False,,True,True,True,True,True,,1111,64,True
fastv,pope_random_000663,test,pope_random,432,True,False,,True,True,True,True,True,,1111,64,True
fastv,pope_random_000665,test,pope_random,64,True,False,,True,True,True,True,True,,1111,64,True
fastv,pope_random_000665,test,pope_random,128,True,False,,True,True,True,True,True,,1111,64,True
fastv,pope_random_000665,test,pope_random,256,True,False,,True,True,True,True,True,,1111,64,True
fastv,pope_random_000665,test,pope_random,432,True,False,,True,True,True,True,True,,1111,64,True
fastv,pope_random_000674,validation,pope_random,64,True,True,gray|blur|irrelevant,False,False,True,False,False,False,0111,128,True
fastv,pope_random_000674,validation,pope_random,128,True,True,gray|blur|irrelevant,True,True,True,True,True,True,0111,128,True
fastv,pope_random_000674,validation,pope_random,256,True,True,gray|blur|irrelevant,True,True,True,True,True,True,0111,128,True
fastv,pope_random_000674,validation,pope_random,432,True,True,gray|blur|irrelevant,True,True,True,True,True,True,0111,128,True
fastv,pope_random_000675,test,pope_random,64,True,False,,True,True,True,True,True,,1111,64,True
fastv,pope_random_000675,test,pope_random,128,True,False,,True,True,True,True,True,,1111,64,True
fastv,pope_random_000675,test,pope_random,256,True,False,,True,True,True,True,True,,1111,64,True
fastv,pope_random_000675,test,pope_random,432,True,False,,True,True,True,True,True,,1111,64,True
fastv,pope_random_000683,test,pope_random,64,True,False,,True,True,True,True,True,,1111,64,True
fastv,pope_random_000683,test,pope_random,128,True,False,,True,True,True,True,True,,1111,64,True
fastv,pope_random_000683,test,pope_random,256,True,False,,True,True,True,True,True,,1111,64,True
fastv,pope_random_000683,test,pope_random,432,True,False,,True,True,True,True,True,,1111,64,True
fastv,pope_random_000687,test,pope_random,64,True,False,,True,True,True,True,True,,1111,64,True
fastv,pope_random_000687,test,pope_random,128,True,False,,True,True,True,True,True,,1111,64,True
fastv,pope_random_000687,test,pope_random,256,True,False,,True,True,True,True,True,,1111,64,True
fastv,pope_random_000687,test,pope_random,432,True,False,,True,True,True,True,True,,1111,64,True
fastv,pope_random_000689,test,pope_random,64,True,False,,True,True,True,True,True,,1111,64,True
fastv,pope_random_000689,test,pope_random,128,True,False,,True,True,True,True,True,,1111,64,True
fastv,pope_random_000689,test,pope_random,256,True,False,,True,True,True,True,True,,1111,64,True
fastv,pope_random_000689,test,pope_random,432,True,False,,True,True,True,True,True,,1111,64,True
fastv,pope_random_000690,test,pope_random,64,True,True,gray|irrelevant,True,True,True,True,True,True,1111,64,True
fastv,pope_random_000690,test,pope_random,128,True,True,gray|irrelevant,True,True,True,True,True,True,1111,64,True
fastv,pope_random_000690,test,pope_random,256,True,True,gray|irrelevant,True,True,True,True,True,True,1111,64,True
fastv,pope_random_000690,test,pope_random,432,True,True,gray|irrelevant,True,True,True,True,True,True,1111,64,True
fastv,pope_random_000691,test,pope_random,64,True,False,,True,True,True,True,True,,1111,64,True
fastv,pope_random_000691,test,pope_random,128,True,False,,True,True,True,True,True,,1111,64,True
fastv,pope_random_000691,test,pope_random,256,True,False,,True,True,True,True,True,,1111,64,True
fastv,pope_random_000691,test,pope_random,432,True,False,,True,True,True,True,True,,1111,64,True
fastv,pope_random_000696,test,pope_random,64,True,True,gray|irrelevant,True,True,True,True,True,True,1111,64,True
fastv,pope_random_000696,test,pope_random,128,True,True,gray|irrelevant,True,True,True,True,True,True,1111,64,True
fastv,pope_random_000696,test,pope_random,256,True,True,gray|irrelevant,True,True,True,True,True,True,1111,64,True
fastv,pope_random_000696,test,pope_random,432,True,True,gray|irrelevant,True,True,True,True,True,True,1111,64,True
fastv,pope_random_000697,validation,pope_random,64,True,False,,True,True,True,True,True,,1111,64,True
fastv,pope_random_000697,validation,pope_random,128,True,False,,True,True,True,True,True,,1111,64,True
fastv,pope_random_000697,validation,pope_random,256,True,False,,True,True,True,True,True,,1111,64,True
fastv,pope_random_000697,validation,pope_random,432,True,False,,True,True,True,True,True,,1111,64,True
fastv,pope_random_000699,test,pope_random,64,True,False,,True,True,True,True,True,,1111,64,True
fastv,pope_random_000699,test,pope_random,128,True,False,,True,True,True,True,True,,1111,64,True
fastv,pope_random_000699,test,pope_random,256,True,False,,True,True,True,True,True,,1111,64,True
fastv,pope_random_000699,test,pope_random,432,True,False,,True,True,True,True,True,,1111,64,True
fastv,pope_random_000700,test,pope_random,64,False,False,,True,True,True,True,True,,1111,64,True
fastv,pope_random_000700,test,pope_random,128,False,False,,True,True,True,True,True,,1111,64,True
fastv,pope_random_000700,test,pope_random,256,False,False,,True,True,True,True,True,,1111,64,True
fastv,pope_random_000700,test,pope_random,432,False,False,,True,True,True,True,True,,1111,64,True
fastv,pope_random_000702,test,pope_random,64,True,True,gray|irrelevant,False,False,True,False,False,False,0111,128,True
fastv,pope_random_000702,test,pope_random,128,True,True,gray|irrelevant,True,True,True,True,True,True,0111,128,True
fastv,pope_random_000702,test,pope_random,256,True,True,gray|irrelevant,True,True,True,True,True,True,0111,128,True
fastv,pope_random_000702,test,pope_random,432,True,True,gray|irrelevant,True,True,True,True,True,True,0111,128,True
fastv,pope_random_000709,test,pope_random,64,True,False,,True,True,True,True,True,,1111,64,True
fastv,pope_random_000709,test,pope_random,128,True,False,,True,True,True,True,True,,1111,64,True
fastv,pope_random_000709,test,pope_random,256,True,False,,True,True,True,True,True,,1111,64,True
fastv,pope_random_000709,test,pope_random,432,True,False,,True,True,True,True,True,,1111,64,True
fastv,pope_random_000710,test,pope_random,64,True,True,gray|irrelevant,True,True,True,True,True,True,1111,64,True
fastv,pope_random_000710,test,pope_random,128,True,True,gray|irrelevant,True,True,True,True,True,True,1111,64,True
fastv,pope_random_000710,test,pope_random,256,True,True,gray|irrelevant,True,True,True,True,True,True,1111,64,True
fastv,pope_random_000710,test,pope_random,432,True,True,gray|irrelevant,True,True,True,True,True,True,1111,64,True
fastv,pope_random_000711,test,pope_random,64,True,False,,True,True,True,True,True,,1111,64,True
fastv,pope_random_000711,test,pope_random,128,True,False,,True,True,True,True,True,,1111,64,True
fastv,pope_random_000711,test,pope_random,256,True,False,,True,True,True,True,True,,1111,64,True
fastv,pope_random_000711,test,pope_random,432,True,False,,True,True,True,True,True,,1111,64,True
fastv,pope_random_000714,test,pope_random,64,True,True,gray|blur|irrelevant,False,False,False,False,False,False,0011,256,True
fastv,pope_random_000714,test,pope_random,128,True,True,gray|blur|irrelevant,False,False,True,False,False,False,0011,256,True
fastv,pope_random_000714,test,pope_random,256,True,True,gray|blur|irrelevant,True,True,True,True,True,True,0011,256,True
fastv,pope_random_000714,test,pope_random,432,True,True,gray|blur|irrelevant,True,True,True,True,True,True,0011,256,True
fastv,pope_random_000728,test,pope_random,64,True,True,gray|irrelevant,True,True,True,True,True,True,1111,64,True
fastv,pope_random_000728,test,pope_random,128,True,True,gray|irrelevant,True,True,True,True,True,True,1111,64,True
fastv,pope_random_000728,test,pope_random,256,True,True,gray|irrelevant,True,True,True,True,True,True,1111,64,True
fastv,pope_random_000728,test,pope_random,432,True,True,gray|irrelevant,True,True,True,True,True,True,1111,64,True
fastv,pope_random_000732,test,pope_random,64,True,True,gray|blur|irrelevant,False,False,True,False,False,False,0011,256,True
fastv,pope_random_000732,test,pope_random,128,True,True,gray|blur|irrelevant,False,False,True,False,False,False,0011,256,True
fastv,pope_random_000732,test,pope_random,256,True,True,gray|blur|irrelevant,True,True,True,True,True,True,0011,256,True
fastv,pope_random_000732,test,pope_random,432,True,True,gray|blur|irrelevant,True,True,True,True,True,True,0011,256,True
fastv,pope_random_000744,test,pope_random,64,True,True,gray,True,True,True,True,True,True,1111,64,True
fastv,pope_random_000744,test,pope_random,128,True,True,gray,True,True,True,True,True,True,1111,64,True
fastv,pope_random_000744,test,pope_random,256,True,True,gray,True,True,True,True,True,True,1111,64,True
fastv,pope_random_000744,test,pope_random,432,True,True,gray,True,True,True,True,True,True,1111,64,True
fastv,pope_random_000747,validation,pope_random,64,True,False,,True,True,True,True,True,,1111,64,True
fastv,pope_random_000747,validation,pope_random,128,True,False,,True,True,True,True,True,,1111,64,True
fastv,pope_random_000747,validation,pope_random,256,True,False,,True,True,True,True,True,,1111,64,True
fastv,pope_random_000747,validation,pope_random,432,True,False,,True,True,True,True,True,,1111,64,True
fastv,pope_random_000748,test,pope_random,64,True,True,gray|blur|irrelevant,True,True,True,True,True,True,1111,64,True
fastv,pope_random_000748,test,pope_random,128,True,True,gray|blur|irrelevant,True,True,True,True,True,True,1111,64,True
fastv,pope_random_000748,test,pope_random,256,True,True,gray|blur|irrelevant,True,True,True,True,True,True,1111,64,True
fastv,pope_random_000748,test,pope_random,432,True,True,gray|blur|irrelevant,True,True,True,True,True,True,1111,64,True
fastv,pope_random_000749,test,pope_random,64,True,False,,True,True,True,True,True,,1111,64,True
fastv,pope_random_000749,test,pope_random,128,True,False,,True,True,True,True,True,,1111,64,True
fastv,pope_random_000749,test,pope_random,256,True,False,,True,True,True,True,True,,1111,64,True
fastv,pope_random_000749,test,pope_random,432,True,False,,True,True,True,True,True,,1111,64,True
fastv,visual_counterfact_color_000000,test,visual_counterfact_color,64,True,True,gray|irrelevant|counterfactual,True,True,True,True,True,True,1111,64,True
fastv,visual_counterfact_color_000000,test,visual_counterfact_color,128,True,True,gray|irrelevant|counterfactual,True,True,True,True,True,True,1111,64,True
fastv,visual_counterfact_color_000000,test,visual_counterfact_color,256,True,True,gray|irrelevant|counterfactual,True,True,True,True,True,True,1111,64,True
fastv,visual_counterfact_color_000000,test,visual_counterfact_color,432,True,True,gray|irrelevant|counterfactual,True,True,True,True,True,True,1111,64,True
fastv,visual_counterfact_color_000001,test,visual_counterfact_color,64,True,True,counterfactual,True,True,True,True,True,True,1111,64,True
fastv,visual_counterfact_color_000001,test,visual_counterfact_color,128,True,True,counterfactual,True,True,True,True,True,True,1111,64,True
fastv,visual_counterfact_color_000001,test,visual_counterfact_color,256,True,True,counterfactual,True,True,True,True,True,True,1111,64,True
fastv,visual_counterfact_color_000001,test,visual_counterfact_color,432,True,True,counterfactual,True,True,True,True,True,True,1111,64,True
fastv,visual_counterfact_color_000003,test,visual_counterfact_color,64,True,True,counterfactual,True,True,True,True,True,True,1111,64,True
fastv,visual_counterfact_color_000003,test,visual_counterfact_color,128,True,True,counterfactual,True,True,True,True,True,True,1111,64,True
fastv,visual_counterfact_color_000003,test,visual_counterfact_color,256,True,True,counterfactual,True,True,True,True,True,True,1111,64,True
fastv,visual_counterfact_color_000003,test,visual_counterfact_color,432,True,True,counterfactual,True,True,True,True,True,True,1111,64,True
fastv,visual_counterfact_color_000004,test,visual_counterfact_color,64,True,True,counterfactual,True,True,True,True,True,True,1111,64,True
fastv,visual_counterfact_color_000004,test,visual_counterfact_color,128,True,True,counterfactual,True,True,True,True,True,True,1111,64,True
fastv,visual_counterfact_color_000004,test,visual_counterfact_color,256,True,True,counterfactual,True,True,True,True,True,True,1111,64,True
fastv,visual_counterfact_color_000004,test,visual_counterfact_color,432,True,True,counterfactual,True,True,True,True,True,True,1111,64,True
fastv,visual_counterfact_color_000007,test,visual_counterfact_color,64,True,True,counterfactual,True,True,True,True,True,True,1111,64,True
fastv,visual_counterfact_color_000007,test,visual_counterfact_color,128,True,True,counterfactual,True,True,True,True,True,True,1111,64,True
fastv,visual_counterfact_color_000007,test,visual_counterfact_color,256,True,True,counterfactual,True,True,True,True,True,True,1111,64,True
fastv,visual_counterfact_color_000007,test,visual_counterfact_color,432,True,True,counterfactual,True,True,True,True,True,True,1111,64,True
fastv,visual_counterfact_color_000008,test,visual_counterfact_color,64,True,True,counterfactual,True,True,True,True,True,True,1111,64,True
fastv,visual_counterfact_color_000008,test,visual_counterfact_color,128,True,True,counterfactual,True,True,True,True,True,True,1111,64,True
fastv,visual_counterfact_color_000008,test,visual_counterfact_color,256,True,True,counterfactual,True,True,True,True,True,True,1111,64,True
fastv,visual_counterfact_color_000008,test,visual_counterfact_color,432,True,True,counterfactual,True,True,True,True,True,True,1111,64,True
fastv,visual_counterfact_color_000010,validation,visual_counterfact_color,64,True,True,counterfactual,True,True,True,True,True,True,1111,64,True
fastv,visual_counterfact_color_000010,validation,visual_counterfact_color,128,True,True,counterfactual,True,True,True,True,True,True,1111,64,True
fastv,visual_counterfact_color_000010,validation,visual_counterfact_color,256,True,True,counterfactual,True,True,True,True,True,True,1111,64,True
fastv,visual_counterfact_color_000010,validation,visual_counterfact_color,432,True,True,counterfactual,True,True,True,True,True,True,1111,64,True
fastv,visual_counterfact_color_000012,test,visual_counterfact_color,64,True,True,counterfactual,True,True,True,True,True,True,1111,64,True
fastv,visual_counterfact_color_000012,test,visual_counterfact_color,128,True,True,counterfactual,True,True,True,True,True,True,1111,64,True
fastv,visual_counterfact_color_000012,test,visual_counterfact_color,256,True,True,counterfactual,True,True,True,True,True,True,1111,64,True
fastv,visual_counterfact_color_000012,test,visual_counterfact_color,432,True,True,counterfactual,True,True,True,True,True,True,1111,64,True
fastv,visual_counterfact_color_000013,test,visual_counterfact_color,64,True,True,counterfactual,True,True,True,True,True,True,1111,64,True
fastv,visual_counterfact_color_000013,test,visual_counterfact_color,128,True,True,counterfactual,True,True,True,True,True,True,1111,64,True
fastv,visual_counterfact_color_000013,test,visual_counterfact_color,256,True,True,counterfactual,True,True,True,True,True,True,1111,64,True
fastv,visual_counterfact_color_000013,test,visual_counterfact_color,432,True,True,counterfactual,True,True,True,True,True,True,1111,64,True
fastv,visual_counterfact_color_000017,test,visual_counterfact_color,64,True,True,counterfactual,True,True,True,True,True,True,1111,64,True
fastv,visual_counterfact_color_000017,test,visual_counterfact_color,128,True,True,counterfactual,True,True,True,True,True,True,1111,64,True
fastv,visual_counterfact_color_000017,test,visual_counterfact_color,256,True,True,counterfactual,True,True,True,True,True,True,1111,64,True
fastv,visual_counterfact_color_000017,test,visual_counterfact_color,432,True,True,counterfactual,True,True,True,True,True,True,1111,64,True
fastv,visual_counterfact_color_000020,test,visual_counterfact_color,64,True,True,counterfactual,True,True,True,True,True,True,1111,64,True
fastv,visual_counterfact_color_000020,test,visual_counterfact_color,128,True,True,counterfactual,True,True,True,True,True,True,1111,64,True
fastv,visual_counterfact_color_000020,test,visual_counterfact_color,256,True,True,counterfactual,True,True,True,True,True,True,1111,64,True
fastv,visual_counterfact_color_000020,test,visual_counterfact_color,432,True,True,counterfactual,True,True,True,True,True,True,1111,64,True
fastv,visual_counterfact_color_000022,test,visual_counterfact_color,64,True,True,counterfactual,True,True,True,True,True,True,1111,64,True
fastv,visual_counterfact_color_000022,test,visual_counterfact_color,128,True,True,counterfactual,True,True,True,True,True,True,1111,64,True
fastv,visual_counterfact_color_000022,test,visual_counterfact_color,256,True,True,counterfactual,True,True,True,True,True,True,1111,64,True
fastv,visual_counterfact_color_000022,test,visual_counterfact_color,432,True,True,counterfactual,True,True,True,True,True,True,1111,64,True
fastv,visual_counterfact_color_000025,validation,visual_counterfact_color,64,True,True,counterfactual,True,True,True,True,True,True,1111,64,True
fastv,visual_counterfact_color_000025,validation,visual_counterfact_color,128,True,True,counterfactual,True,True,True,True,True,True,1111,64,True
fastv,visual_counterfact_color_000025,validation,visual_counterfact_color,256,True,True,counterfactual,True,True,True,True,True,True,1111,64,True
fastv,visual_counterfact_color_000025,validation,visual_counterfact_color,432,True,True,counterfactual,True,True,True,True,True,True,1111,64,True
fastv,visual_counterfact_color_000028,test,visual_counterfact_color,64,True,True,counterfactual,True,True,True,True,True,True,1111,64,True
fastv,visual_counterfact_color_000028,test,visual_counterfact_color,128,True,True,counterfactual,True,True,True,True,True,True,1111,64,True
fastv,visual_counterfact_color_000028,test,visual_counterfact_color,256,True,True,counterfactual,True,True,True,True,True,True,1111,64,True
fastv,visual_counterfact_color_000028,test,visual_counterfact_color,432,True,True,counterfactual,True,True,True,True,True,True,1111,64,True
fastv,visual_counterfact_color_000030,test,visual_counterfact_color,64,True,True,irrelevant,True,True,True,True,True,True,1111,64,True
fastv,visual_counterfact_color_000030,test,visual_counterfact_color,128,True,True,irrelevant,True,True,True,True,True,True,1111,64,True
fastv,visual_counterfact_color_000030,test,visual_counterfact_color,256,True,True,irrelevant,True,True,True,True,True,True,1111,64,True
fastv,visual_counterfact_color_000030,test,visual_counterfact_color,432,True,True,irrelevant,True,True,True,True,True,True,1111,64,True
fastv,visual_counterfact_color_000031,test,visual_counterfact_color,64,True,True,counterfactual,True,True,True,True,True,True,1111,64,True
fastv,visual_counterfact_color_000031,test,visual_counterfact_color,128,True,True,counterfactual,True,True,True,True,True,True,1111,64,True
fastv,visual_counterfact_color_000031,test,visual_counterfact_color,256,True,True,counterfactual,True,True,True,True,True,True,1111,64,True
fastv,visual_counterfact_color_000031,test,visual_counterfact_color,432,True,True,counterfactual,True,True,True,True,True,True,1111,64,True
fastv,visual_counterfact_color_000032,test,visual_counterfact_color,64,True,True,counterfactual,True,True,True,True,True,True,1111,64,True
fastv,visual_counterfact_color_000032,test,visual_counterfact_color,128,True,True,counterfactual,True,True,True,True,True,True,1111,64,True
fastv,visual_counterfact_color_000032,test,visual_counterfact_color,256,True,True,counterfactual,True,True,True,True,True,True,1111,64,True
fastv,visual_counterfact_color_000032,test,visual_counterfact_color,432,True,True,counterfactual,True,True,True,True,True,True,1111,64,True
fastv,visual_counterfact_color_000037,test,visual_counterfact_color,64,True,True,counterfactual,True,True,True,True,True,True,1111,64,True
fastv,visual_counterfact_color_000037,test,visual_counterfact_color,128,True,True,counterfactual,True,True,True,True,True,True,1111,64,True
fastv,visual_counterfact_color_000037,test,visual_counterfact_color,256,True,True,counterfactual,True,True,True,True,True,True,1111,64,True
fastv,visual_counterfact_color_000037,test,visual_counterfact_color,432,True,True,counterfactual,True,True,True,True,True,True,1111,64,True
fastv,visual_counterfact_color_000039,test,visual_counterfact_color,64,True,True,counterfactual,True,True,True,True,True,True,1111,64,True
fastv,visual_counterfact_color_000039,test,visual_counterfact_color,128,True,True,counterfactual,True,True,True,True,True,True,1111,64,True
fastv,visual_counterfact_color_000039,test,visual_counterfact_color,256,True,True,counterfactual,True,True,True,True,True,True,1111,64,True
fastv,visual_counterfact_color_000039,test,visual_counterfact_color,432,True,True,counterfactual,True,True,True,True,True,True,1111,64,True
fastv,visual_counterfact_color_000041,test,visual_counterfact_color,64,True,True,counterfactual,True,True,True,True,True,True,1111,64,True
fastv,visual_counterfact_color_000041,test,visual_counterfact_color,128,True,True,counterfactual,True,True,True,True,True,True,1111,64,True
fastv,visual_counterfact_color_000041,test,visual_counterfact_color,256,True,True,counterfactual,True,True,True,True,True,True,1111,64,True
fastv,visual_counterfact_color_000041,test,visual_counterfact_color,432,True,True,counterfactual,True,True,True,True,True,True,1111,64,True
fastv,visual_counterfact_color_000042,test,visual_counterfact_color,64,True,True,counterfactual,True,True,True,True,True,True,1111,64,True
fastv,visual_counterfact_color_000042,test,visual_counterfact_color,128,True,True,counterfactual,True,True,True,True,True,True,1111,64,True
fastv,visual_counterfact_color_000042,test,visual_counterfact_color,256,True,True,counterfactual,True,True,True,True,True,True,1111,64,True
fastv,visual_counterfact_color_000042,test,visual_counterfact_color,432,True,True,counterfactual,True,True,True,True,True,True,1111,64,True
fastv,visual_counterfact_color_000044,test,visual_counterfact_color,64,True,True,counterfactual,True,True,True,True,True,True,1111,64,True
fastv,visual_counterfact_color_000044,test,visual_counterfact_color,128,True,True,counterfactual,True,True,True,True,True,True,1111,64,True
fastv,visual_counterfact_color_000044,test,visual_counterfact_color,256,True,True,counterfactual,True,True,True,True,True,True,1111,64,True
fastv,visual_counterfact_color_000044,test,visual_counterfact_color,432,True,True,counterfactual,True,True,True,True,True,True,1111,64,True
fastv,visual_counterfact_color_000045,test,visual_counterfact_color,64,True,True,counterfactual,True,True,True,True,True,True,1111,64,True
fastv,visual_counterfact_color_000045,test,visual_counterfact_color,128,True,True,counterfactual,True,True,True,True,True,True,1111,64,True
fastv,visual_counterfact_color_000045,test,visual_counterfact_color,256,True,True,counterfactual,True,True,True,True,True,True,1111,64,True
fastv,visual_counterfact_color_000045,test,visual_counterfact_color,432,True,True,counterfactual,True,True,True,True,True,True,1111,64,True
fastv,visual_counterfact_color_000046,test,visual_counterfact_color,64,True,True,counterfactual,True,True,True,True,True,True,1111,64,True
fastv,visual_counterfact_color_000046,test,visual_counterfact_color,128,True,True,counterfactual,True,True,True,True,True,True,1111,64,True
fastv,visual_counterfact_color_000046,test,visual_counterfact_color,256,True,True,counterfactual,True,True,True,True,True,True,1111,64,True
fastv,visual_counterfact_color_000046,test,visual_counterfact_color,432,True,True,counterfactual,True,True,True,True,True,True,1111,64,True
fastv,visual_counterfact_color_000050,test,visual_counterfact_color,64,True,True,irrelevant|counterfactual,True,True,True,True,True,True,1111,64,True
fastv,visual_counterfact_color_000050,test,visual_counterfact_color,128,True,True,irrelevant|counterfactual,True,True,True,True,True,True,1111,64,True
fastv,visual_counterfact_color_000050,test,visual_counterfact_color,256,True,True,irrelevant|counterfactual,True,True,True,True,True,True,1111,64,True
fastv,visual_counterfact_color_000050,test,visual_counterfact_color,432,True,True,irrelevant|counterfactual,True,True,True,True,True,True,1111,64,True
fastv,visual_counterfact_color_000052,validation,visual_counterfact_color,64,True,True,counterfactual,True,True,True,True,True,True,1111,64,True
fastv,visual_counterfact_color_000052,validation,visual_counterfact_color,128,True,True,counterfactual,True,True,True,True,True,True,1111,64,True
fastv,visual_counterfact_color_000052,validation,visual_counterfact_color,256,True,True,counterfactual,True,True,True,True,True,True,1111,64,True
fastv,visual_counterfact_color_000052,validation,visual_counterfact_color,432,True,True,counterfactual,True,True,True,True,True,True,1111,64,True
fastv,visual_counterfact_color_000054,validation,visual_counterfact_color,64,True,True,counterfactual,True,True,True,True,True,True,1111,64,True
fastv,visual_counterfact_color_000054,validation,visual_counterfact_color,128,True,True,counterfactual,True,True,True,True,True,True,1111,64,True
fastv,visual_counterfact_color_000054,validation,visual_counterfact_color,256,True,True,counterfactual,True,True,True,True,True,True,1111,64,True
fastv,visual_counterfact_color_000054,validation,visual_counterfact_color,432,True,True,counterfactual,True,True,True,True,True,True,1111,64,True
fastv,visual_counterfact_color_000057,test,visual_counterfact_color,64,True,True,counterfactual,True,True,True,True,True,True,1111,64,True
fastv,visual_counterfact_color_000057,test,visual_counterfact_color,128,True,True,counterfactual,True,True,True,True,True,True,1111,64,True
fastv,visual_counterfact_color_000057,test,visual_counterfact_color,256,True,True,counterfactual,True,True,True,True,True,True,1111,64,True
fastv,visual_counterfact_color_000057,test,visual_counterfact_color,432,True,True,counterfactual,True,True,True,True,True,True,1111,64,True
fastv,visual_counterfact_color_000061,test,visual_counterfact_color,64,True,True,counterfactual,True,True,True,True,True,True,1111,64,True
fastv,visual_counterfact_color_000061,test,visual_counterfact_color,128,True,True,counterfactual,True,True,True,True,True,True,1111,64,True
fastv,visual_counterfact_color_000061,test,visual_counterfact_color,256,True,True,counterfactual,True,True,True,True,True,True,1111,64,True
fastv,visual_counterfact_color_000061,test,visual_counterfact_color,432,True,True,counterfactual,True,True,True,True,True,True,1111,64,True
fastv,visual_counterfact_color_000066,test,visual_counterfact_color,64,True,True,counterfactual,True,False,False,False,False,False,0011,256,True
fastv,visual_counterfact_color_000066,test,visual_counterfact_color,128,True,True,counterfactual,True,False,False,False,False,False,0011,256,True
fastv,visual_counterfact_color_000066,test,visual_counterfact_color,256,True,True,counterfactual,True,True,True,True,True,True,0011,256,True
fastv,visual_counterfact_color_000066,test,visual_counterfact_color,432,True,True,counterfactual,True,True,True,True,True,True,0011,256,True
fastv,visual_counterfact_color_000073,validation,visual_counterfact_color,64,True,True,counterfactual,True,True,True,True,True,True,1111,64,True
fastv,visual_counterfact_color_000073,validation,visual_counterfact_color,128,True,True,counterfactual,True,True,True,True,True,True,1111,64,True
fastv,visual_counterfact_color_000073,validation,visual_counterfact_color,256,True,True,counterfactual,True,True,True,True,True,True,1111,64,True
fastv,visual_counterfact_color_000073,validation,visual_counterfact_color,432,True,True,counterfactual,True,True,True,True,True,True,1111,64,True
fastv,visual_counterfact_color_000074,test,visual_counterfact_color,64,True,True,counterfactual,True,True,True,True,True,True,1111,64,True
fastv,visual_counterfact_color_000074,test,visual_counterfact_color,128,True,True,counterfactual,True,True,True,True,True,True,1111,64,True
fastv,visual_counterfact_color_000074,test,visual_counterfact_color,256,True,True,counterfactual,True,True,True,True,True,True,1111,64,True
fastv,visual_counterfact_color_000074,test,visual_counterfact_color,432,True,True,counterfactual,True,True,True,True,True,True,1111,64,True
fastv,visual_counterfact_color_000075,test,visual_counterfact_color,64,True,True,counterfactual,True,True,True,True,True,True,1111,64,True
fastv,visual_counterfact_color_000075,test,visual_counterfact_color,128,True,True,counterfactual,True,True,True,True,True,True,1111,64,True
fastv,visual_counterfact_color_000075,test,visual_counterfact_color,256,True,True,counterfactual,True,True,True,True,True,True,1111,64,True
fastv,visual_counterfact_color_000075,test,visual_counterfact_color,432,True,True,counterfactual,True,True,True,True,True,True,1111,64,True
fastv,visual_counterfact_color_000076,validation,visual_counterfact_color,64,True,True,counterfactual,True,True,True,True,True,True,1111,64,True
fastv,visual_counterfact_color_000076,validation,visual_counterfact_color,128,True,True,counterfactual,True,True,True,True,True,True,1111,64,True
fastv,visual_counterfact_color_000076,validation,visual_counterfact_color,256,True,True,counterfactual,True,True,True,True,True,True,1111,64,True
fastv,visual_counterfact_color_000076,validation,visual_counterfact_color,432,True,True,counterfactual,True,True,True,True,True,True,1111,64,True
fastv,visual_counterfact_color_000078,test,visual_counterfact_color,64,True,True,counterfactual,True,True,True,True,True,True,1111,64,True
fastv,visual_counterfact_color_000078,test,visual_counterfact_color,128,True,True,counterfactual,True,True,True,True,True,True,1111,64,True
fastv,visual_counterfact_color_000078,test,visual_counterfact_color,256,True,True,counterfactual,True,True,True,True,True,True,1111,64,True
fastv,visual_counterfact_color_000078,test,visual_counterfact_color,432,True,True,counterfactual,True,True,True,True,True,True,1111,64,True
fastv,visual_counterfact_color_000080,test,visual_counterfact_color,64,True,True,counterfactual,True,True,True,True,True,True,1111,64,True
fastv,visual_counterfact_color_000080,test,visual_counterfact_color,128,True,True,counterfactual,True,True,True,True,True,True,1111,64,True
fastv,visual_counterfact_color_000080,test,visual_counterfact_color,256,True,True,counterfactual,True,True,True,True,True,True,1111,64,True
fastv,visual_counterfact_color_000080,test,visual_counterfact_color,432,True,True,counterfactual,True,True,True,True,True,True,1111,64,True
fastv,visual_counterfact_color_000083,test,visual_counterfact_color,64,True,True,counterfactual,True,True,True,True,True,True,1111,64,True
fastv,visual_counterfact_color_000083,test,visual_counterfact_color,128,True,True,counterfactual,True,True,True,True,True,True,1111,64,True
fastv,visual_counterfact_color_000083,test,visual_counterfact_color,256,True,True,counterfactual,True,True,True,True,True,True,1111,64,True
fastv,visual_counterfact_color_000083,test,visual_counterfact_color,432,True,True,counterfactual,True,True,True,True,True,True,1111,64,True
fastv,visual_counterfact_color_000084,test,visual_counterfact_color,64,True,True,counterfactual,True,True,True,True,True,True,1111,64,True
fastv,visual_counterfact_color_000084,test,visual_counterfact_color,128,True,True,counterfactual,True,True,True,True,True,True,1111,64,True
fastv,visual_counterfact_color_000084,test,visual_counterfact_color,256,True,True,counterfactual,True,True,True,True,True,True,1111,64,True
fastv,visual_counterfact_color_000084,test,visual_counterfact_color,432,True,True,counterfactual,True,True,True,True,True,True,1111,64,True
fastv,visual_counterfact_color_000085,validation,visual_counterfact_color,64,True,True,counterfactual,True,True,True,True,True,True,1111,64,True
fastv,visual_counterfact_color_000085,validation,visual_counterfact_color,128,True,True,counterfactual,True,True,True,True,True,True,1111,64,True
fastv,visual_counterfact_color_000085,validation,visual_counterfact_color,256,True,True,counterfactual,True,True,True,True,True,True,1111,64,True
fastv,visual_counterfact_color_000085,validation,visual_counterfact_color,432,True,True,counterfactual,True,True,True,True,True,True,1111,64,True
fastv,visual_counterfact_color_000086,test,visual_counterfact_color,64,True,True,counterfactual,True,True,True,True,True,True,1111,64,True
fastv,visual_counterfact_color_000086,test,visual_counterfact_color,128,True,True,counterfactual,True,True,True,True,True,True,1111,64,True
fastv,visual_counterfact_color_000086,test,visual_counterfact_color,256,True,True,counterfactual,True,True,True,True,True,True,1111,64,True
fastv,visual_counterfact_color_000086,test,visual_counterfact_color,432,True,True,counterfactual,True,True,True,True,True,True,1111,64,True
fastv,visual_counterfact_color_000088,test,visual_counterfact_color,64,True,True,counterfactual,False,False,True,False,False,False,0001,432,True
fastv,visual_counterfact_color_000088,test,visual_counterfact_color,128,True,True,counterfactual,False,False,True,False,False,False,0001,432,True
fastv,visual_counterfact_color_000088,test,visual_counterfact_color,256,True,True,counterfactual,False,False,True,False,False,False,0001,432,True
fastv,visual_counterfact_color_000088,test,visual_counterfact_color,432,True,True,counterfactual,True,True,True,True,True,True,0001,432,True
fastv,visual_counterfact_color_000091,validation,visual_counterfact_color,64,True,True,counterfactual,True,True,True,True,True,True,1111,64,True
fastv,visual_counterfact_color_000091,validation,visual_counterfact_color,128,True,True,counterfactual,True,True,True,True,True,True,1111,64,True
fastv,visual_counterfact_color_000091,validation,visual_counterfact_color,256,True,True,counterfactual,True,True,True,True,True,True,1111,64,True
fastv,visual_counterfact_color_000091,validation,visual_counterfact_color,432,True,True,counterfactual,True,True,True,True,True,True,1111,64,True
fastv,visual_counterfact_color_000092,test,visual_counterfact_color,64,True,True,gray|irrelevant|counterfactual,True,False,False,False,False,False,0111,128,True
fastv,visual_counterfact_color_000092,test,visual_counterfact_color,128,True,True,gray|irrelevant|counterfactual,True,True,True,True,True,True,0111,128,True
fastv,visual_counterfact_color_000092,test,visual_counterfact_color,256,True,True,gray|irrelevant|counterfactual,True,True,True,True,True,True,0111,128,True
fastv,visual_counterfact_color_000092,test,visual_counterfact_color,432,True,True,gray|irrelevant|counterfactual,True,True,True,True,True,True,0111,128,True
fastv,visual_counterfact_color_000093,test,visual_counterfact_color,64,True,True,counterfactual,True,True,True,True,True,True,1111,64,True
fastv,visual_counterfact_color_000093,test,visual_counterfact_color,128,True,True,counterfactual,True,True,True,True,True,True,1111,64,True
fastv,visual_counterfact_color_000093,test,visual_counterfact_color,256,True,True,counterfactual,True,True,True,True,True,True,1111,64,True
fastv,visual_counterfact_color_000093,test,visual_counterfact_color,432,True,True,counterfactual,True,True,True,True,True,True,1111,64,True
fastv,visual_counterfact_color_000094,validation,visual_counterfact_color,64,True,True,counterfactual,True,True,True,True,True,True,1111,64,True
fastv,visual_counterfact_color_000094,validation,visual_counterfact_color,128,True,True,counterfactual,True,True,True,True,True,True,1111,64,True
fastv,visual_counterfact_color_000094,validation,visual_counterfact_color,256,True,True,counterfactual,True,True,True,True,True,True,1111,64,True
fastv,visual_counterfact_color_000094,validation,visual_counterfact_color,432,True,True,counterfactual,True,True,True,True,True,True,1111,64,True
fastv,visual_counterfact_color_000096,validation,visual_counterfact_color,64,True,True,counterfactual,True,True,True,True,True,True,1111,64,True
fastv,visual_counterfact_color_000096,validation,visual_counterfact_color,128,True,True,counterfactual,True,True,True,True,True,True,1111,64,True
fastv,visual_counterfact_color_000096,validation,visual_counterfact_color,256,True,True,counterfactual,True,True,True,True,True,True,1111,64,True
fastv,visual_counterfact_color_000096,validation,visual_counterfact_color,432,True,True,counterfactual,True,True,True,True,True,True,1111,64,True
fastv,visual_counterfact_color_000100,validation,visual_counterfact_color,64,True,True,counterfactual,True,True,True,True,True,True,1111,64,True
fastv,visual_counterfact_color_000100,validation,visual_counterfact_color,128,True,True,counterfactual,True,True,True,True,True,True,1111,64,True
fastv,visual_counterfact_color_000100,validation,visual_counterfact_color,256,True,True,counterfactual,True,True,True,True,True,True,1111,64,True
fastv,visual_counterfact_color_000100,validation,visual_counterfact_color,432,True,True,counterfactual,True,True,True,True,True,True,1111,64,True
fastv,visual_counterfact_color_000103,test,visual_counterfact_color,64,True,True,counterfactual,True,True,True,True,True,True,1111,64,True
fastv,visual_counterfact_color_000103,test,visual_counterfact_color,128,True,True,counterfactual,True,True,True,True,True,True,1111,64,True
fastv,visual_counterfact_color_000103,test,visual_counterfact_color,256,True,True,counterfactual,True,True,True,True,True,True,1111,64,True
fastv,visual_counterfact_color_000103,test,visual_counterfact_color,432,True,True,counterfactual,True,True,True,True,True,True,1111,64,True
fastv,visual_counterfact_color_000105,validation,visual_counterfact_color,64,True,True,counterfactual,True,True,True,True,True,True,1111,64,True
fastv,visual_counterfact_color_000105,validation,visual_counterfact_color,128,True,True,counterfactual,True,True,True,True,True,True,1111,64,True
fastv,visual_counterfact_color_000105,validation,visual_counterfact_color,256,True,True,counterfactual,True,True,True,True,True,True,1111,64,True
fastv,visual_counterfact_color_000105,validation,visual_counterfact_color,432,True,True,counterfactual,True,True,True,True,True,True,1111,64,True
fastv,visual_counterfact_color_000106,test,visual_counterfact_color,64,True,True,counterfactual,True,True,True,True,True,True,1111,64,True
fastv,visual_counterfact_color_000106,test,visual_counterfact_color,128,True,True,counterfactual,True,True,True,True,True,True,1111,64,True
fastv,visual_counterfact_color_000106,test,visual_counterfact_color,256,True,True,counterfactual,True,True,True,True,True,True,1111,64,True
fastv,visual_counterfact_color_000106,test,visual_counterfact_color,432,True,True,counterfactual,True,True,True,True,True,True,1111,64,True
fastv,visual_counterfact_color_000108,test,visual_counterfact_color,64,True,False,,True,True,True,True,True,,1111,64,True
fastv,visual_counterfact_color_000108,test,visual_counterfact_color,128,True,False,,True,True,True,True,True,,1111,64,True
fastv,visual_counterfact_color_000108,test,visual_counterfact_color,256,True,False,,True,True,True,True,True,,1111,64,True
fastv,visual_counterfact_color_000108,test,visual_counterfact_color,432,True,False,,True,True,True,True,True,,1111,64,True
fastv,visual_counterfact_color_000110,validation,visual_counterfact_color,64,True,True,counterfactual,True,True,True,True,True,True,1111,64,True
fastv,visual_counterfact_color_000110,validation,visual_counterfact_color,128,True,True,counterfactual,True,True,True,True,True,True,1111,64,True
fastv,visual_counterfact_color_000110,validation,visual_counterfact_color,256,True,True,counterfactual,True,True,True,True,True,True,1111,64,True
fastv,visual_counterfact_color_000110,validation,visual_counterfact_color,432,True,True,counterfactual,True,True,True,True,True,True,1111,64,True
fastv,visual_counterfact_color_000117,test,visual_counterfact_color,64,True,True,counterfactual,True,True,True,True,True,True,1111,64,True
fastv,visual_counterfact_color_000117,test,visual_counterfact_color,128,True,True,counterfactual,True,True,True,True,True,True,1111,64,True
fastv,visual_counterfact_color_000117,test,visual_counterfact_color,256,True,True,counterfactual,True,True,True,True,True,True,1111,64,True
fastv,visual_counterfact_color_000117,test,visual_counterfact_color,432,True,True,counterfactual,True,True,True,True,True,True,1111,64,True
fastv,visual_counterfact_color_000119,validation,visual_counterfact_color,64,True,True,counterfactual,True,True,True,True,True,True,1111,64,True
fastv,visual_counterfact_color_000119,validation,visual_counterfact_color,128,True,True,counterfactual,True,True,True,True,True,True,1111,64,True
fastv,visual_counterfact_color_000119,validation,visual_counterfact_color,256,True,True,counterfactual,True,True,True,True,True,True,1111,64,True
fastv,visual_counterfact_color_000119,validation,visual_counterfact_color,432,True,True,counterfactual,True,True,True,True,True,True,1111,64,True
fastv,visual_counterfact_color_000121,test,visual_counterfact_color,64,True,True,irrelevant|counterfactual,True,False,False,False,False,False,0111,128,True
fastv,visual_counterfact_color_000121,test,visual_counterfact_color,128,True,True,irrelevant|counterfactual,True,True,True,True,True,True,0111,128,True
fastv,visual_counterfact_color_000121,test,visual_counterfact_color,256,True,True,irrelevant|counterfactual,True,True,True,True,True,True,0111,128,True
fastv,visual_counterfact_color_000121,test,visual_counterfact_color,432,True,True,irrelevant|counterfactual,True,True,True,True,True,True,0111,128,True
fastv,visual_counterfact_color_000122,test,visual_counterfact_color,64,True,True,counterfactual,True,True,True,True,True,True,1111,64,True
fastv,visual_counterfact_color_000122,test,visual_counterfact_color,128,True,True,counterfactual,True,True,True,True,True,True,1111,64,True
fastv,visual_counterfact_color_000122,test,visual_counterfact_color,256,True,True,counterfactual,True,True,True,True,True,True,1111,64,True
fastv,visual_counterfact_color_000122,test,visual_counterfact_color,432,True,True,counterfactual,True,True,True,True,True,True,1111,64,True
fastv,visual_counterfact_color_000127,test,visual_counterfact_color,64,True,True,counterfactual,True,True,True,True,True,True,1111,64,True
fastv,visual_counterfact_color_000127,test,visual_counterfact_color,128,True,True,counterfactual,True,True,True,True,True,True,1111,64,True
fastv,visual_counterfact_color_000127,test,visual_counterfact_color,256,True,True,counterfactual,True,True,True,True,True,True,1111,64,True
fastv,visual_counterfact_color_000127,test,visual_counterfact_color,432,True,True,counterfactual,True,True,True,True,True,True,1111,64,True
fastv,visual_counterfact_color_000128,test,visual_counterfact_color,64,True,True,counterfactual,True,True,True,True,True,True,1111,64,True
fastv,visual_counterfact_color_000128,test,visual_counterfact_color,128,True,True,counterfactual,True,True,True,True,True,True,1111,64,True
fastv,visual_counterfact_color_000128,test,visual_counterfact_color,256,True,True,counterfactual,True,True,True,True,True,True,1111,64,True
fastv,visual_counterfact_color_000128,test,visual_counterfact_color,432,True,True,counterfactual,True,True,True,True,True,True,1111,64,True
fastv,visual_counterfact_color_000133,validation,visual_counterfact_color,64,True,True,counterfactual,True,True,True,True,True,True,1111,64,True
fastv,visual_counterfact_color_000133,validation,visual_counterfact_color,128,True,True,counterfactual,True,True,True,True,True,True,1111,64,True
fastv,visual_counterfact_color_000133,validation,visual_counterfact_color,256,True,True,counterfactual,True,True,True,True,True,True,1111,64,True
fastv,visual_counterfact_color_000133,validation,visual_counterfact_color,432,True,True,counterfactual,True,True,True,True,True,True,1111,64,True
fastv,visual_counterfact_color_000136,test,visual_counterfact_color,64,True,True,counterfactual,True,True,True,True,True,True,1111,64,True
fastv,visual_counterfact_color_000136,test,visual_counterfact_color,128,True,True,counterfactual,True,True,True,True,True,True,1111,64,True
fastv,visual_counterfact_color_000136,test,visual_counterfact_color,256,True,True,counterfactual,True,True,True,True,True,True,1111,64,True
fastv,visual_counterfact_color_000136,test,visual_counterfact_color,432,True,True,counterfactual,True,True,True,True,True,True,1111,64,True
fastv,visual_counterfact_color_000139,test,visual_counterfact_color,64,True,True,counterfactual,True,True,True,True,True,True,1111,64,True
fastv,visual_counterfact_color_000139,test,visual_counterfact_color,128,True,True,counterfactual,True,True,True,True,True,True,1111,64,True
fastv,visual_counterfact_color_000139,test,visual_counterfact_color,256,True,True,counterfactual,True,True,True,True,True,True,1111,64,True
fastv,visual_counterfact_color_000139,test,visual_counterfact_color,432,True,True,counterfactual,True,True,True,True,True,True,1111,64,True
fastv,visual_counterfact_color_000142,test,visual_counterfact_color,64,True,True,counterfactual,True,True,True,True,True,True,1111,64,True
fastv,visual_counterfact_color_000142,test,visual_counterfact_color,128,True,True,counterfactual,True,True,True,True,True,True,1111,64,True
fastv,visual_counterfact_color_000142,test,visual_counterfact_color,256,True,True,counterfactual,True,True,True,True,True,True,1111,64,True
fastv,visual_counterfact_color_000142,test,visual_counterfact_color,432,True,True,counterfactual,True,True,True,True,True,True,1111,64,True
fastv,visual_counterfact_color_000144,test,visual_counterfact_color,64,True,True,counterfactual,True,True,True,True,True,True,1111,64,True
fastv,visual_counterfact_color_000144,test,visual_counterfact_color,128,True,True,counterfactual,True,True,True,True,True,True,1111,64,True
fastv,visual_counterfact_color_000144,test,visual_counterfact_color,256,True,True,counterfactual,True,True,True,True,True,True,1111,64,True
fastv,visual_counterfact_color_000144,test,visual_counterfact_color,432,True,True,counterfactual,True,True,True,True,True,True,1111,64,True
fastv,visual_counterfact_color_000148,test,visual_counterfact_color,64,True,True,counterfactual,True,True,True,True,True,True,1111,64,True
fastv,visual_counterfact_color_000148,test,visual_counterfact_color,128,True,True,counterfactual,True,True,True,True,True,True,1111,64,True
fastv,visual_counterfact_color_000148,test,visual_counterfact_color,256,True,True,counterfactual,True,True,True,True,True,True,1111,64,True
fastv,visual_counterfact_color_000148,test,visual_counterfact_color,432,True,True,counterfactual,True,True,True,True,True,True,1111,64,True
fastv,visual_counterfact_color_000151,validation,visual_counterfact_color,64,True,True,counterfactual,True,True,True,True,True,True,1111,64,True
fastv,visual_counterfact_color_000151,validation,visual_counterfact_color,128,True,True,counterfactual,True,True,True,True,True,True,1111,64,True
fastv,visual_counterfact_color_000151,validation,visual_counterfact_color,256,True,True,counterfactual,True,True,True,True,True,True,1111,64,True
fastv,visual_counterfact_color_000151,validation,visual_counterfact_color,432,True,True,counterfactual,True,True,True,True,True,True,1111,64,True
fastv,visual_counterfact_color_000160,test,visual_counterfact_color,64,True,True,irrelevant|counterfactual,True,False,False,False,False,False,0001,432,True
fastv,visual_counterfact_color_000160,test,visual_counterfact_color,128,True,True,irrelevant|counterfactual,True,False,False,False,False,False,0001,432,True
fastv,visual_counterfact_color_000160,test,visual_counterfact_color,256,True,True,irrelevant|counterfactual,True,False,False,False,False,False,0001,432,True
fastv,visual_counterfact_color_000160,test,visual_counterfact_color,432,True,True,irrelevant|counterfactual,True,True,True,True,True,True,0001,432,True
fastv,visual_counterfact_color_000162,test,visual_counterfact_color,64,True,True,counterfactual,True,True,True,True,True,True,1111,64,True
fastv,visual_counterfact_color_000162,test,visual_counterfact_color,128,True,True,counterfactual,True,True,True,True,True,True,1111,64,True
fastv,visual_counterfact_color_000162,test,visual_counterfact_color,256,True,True,counterfactual,True,True,True,True,True,True,1111,64,True
fastv,visual_counterfact_color_000162,test,visual_counterfact_color,432,True,True,counterfactual,True,True,True,True,True,True,1111,64,True
fastv,visual_counterfact_color_000163,test,visual_counterfact_color,64,True,True,counterfactual,True,True,True,True,True,True,1111,64,True
fastv,visual_counterfact_color_000163,test,visual_counterfact_color,128,True,True,counterfactual,True,True,True,True,True,True,1111,64,True
fastv,visual_counterfact_color_000163,test,visual_counterfact_color,256,True,True,counterfactual,True,True,True,True,True,True,1111,64,True
fastv,visual_counterfact_color_000163,test,visual_counterfact_color,432,True,True,counterfactual,True,True,True,True,True,True,1111,64,True
fastv,visual_counterfact_color_000164,validation,visual_counterfact_color,64,True,True,irrelevant|counterfactual,True,True,True,True,True,True,1111,64,True
fastv,visual_counterfact_color_000164,validation,visual_counterfact_color,128,True,True,irrelevant|counterfactual,True,True,True,True,True,True,1111,64,True
fastv,visual_counterfact_color_000164,validation,visual_counterfact_color,256,True,True,irrelevant|counterfactual,True,True,True,True,True,True,1111,64,True
fastv,visual_counterfact_color_000164,validation,visual_counterfact_color,432,True,True,irrelevant|counterfactual,True,True,True,True,True,True,1111,64,True
fastv,visual_counterfact_color_000165,test,visual_counterfact_color,64,True,True,counterfactual,True,True,True,True,True,True,1111,64,True
fastv,visual_counterfact_color_000165,test,visual_counterfact_color,128,True,True,counterfactual,True,True,True,True,True,True,1111,64,True
fastv,visual_counterfact_color_000165,test,visual_counterfact_color,256,True,True,counterfactual,True,True,True,True,True,True,1111,64,True
fastv,visual_counterfact_color_000165,test,visual_counterfact_color,432,True,True,counterfactual,True,True,True,True,True,True,1111,64,True
fastv,visual_counterfact_color_000166,test,visual_counterfact_color,64,True,False,,True,True,True,True,True,,1111,64,True
fastv,visual_counterfact_color_000166,test,visual_counterfact_color,128,True,False,,True,True,True,True,True,,1111,64,True
fastv,visual_counterfact_color_000166,test,visual_counterfact_color,256,True,False,,True,True,True,True,True,,1111,64,True
fastv,visual_counterfact_color_000166,test,visual_counterfact_color,432,True,False,,True,True,True,True,True,,1111,64,True
fastv,visual_counterfact_color_000167,test,visual_counterfact_color,64,True,True,counterfactual,True,True,True,True,True,True,1111,64,True
fastv,visual_counterfact_color_000167,test,visual_counterfact_color,128,True,True,counterfactual,True,True,True,True,True,True,1111,64,True
fastv,visual_counterfact_color_000167,test,visual_counterfact_color,256,True,True,counterfactual,True,True,True,True,True,True,1111,64,True
fastv,visual_counterfact_color_000167,test,visual_counterfact_color,432,True,True,counterfactual,True,True,True,True,True,True,1111,64,True
fastv,visual_counterfact_color_000169,test,visual_counterfact_color,64,True,True,counterfactual,True,False,False,False,False,False,0111,128,True
fastv,visual_counterfact_color_000169,test,visual_counterfact_color,128,True,True,counterfactual,True,True,True,True,True,True,0111,128,True
fastv,visual_counterfact_color_000169,test,visual_counterfact_color,256,True,True,counterfactual,True,True,True,True,True,True,0111,128,True
fastv,visual_counterfact_color_000169,test,visual_counterfact_color,432,True,True,counterfactual,True,True,True,True,True,True,0111,128,True
fastv,visual_counterfact_color_000170,test,visual_counterfact_color,64,True,True,counterfactual,True,True,True,True,True,True,1111,64,True
fastv,visual_counterfact_color_000170,test,visual_counterfact_color,128,True,True,counterfactual,True,True,True,True,True,True,1111,64,True
fastv,visual_counterfact_color_000170,test,visual_counterfact_color,256,True,True,counterfactual,True,True,True,True,True,True,1111,64,True
fastv,visual_counterfact_color_000170,test,visual_counterfact_color,432,True,True,counterfactual,True,True,True,True,True,True,1111,64,True
fastv,visual_counterfact_color_000175,test,visual_counterfact_color,64,True,True,counterfactual,True,True,True,True,True,True,1111,64,True
fastv,visual_counterfact_color_000175,test,visual_counterfact_color,128,True,True,counterfactual,True,True,True,True,True,True,1111,64,True
fastv,visual_counterfact_color_000175,test,visual_counterfact_color,256,True,True,counterfactual,True,True,True,True,True,True,1111,64,True
fastv,visual_counterfact_color_000175,test,visual_counterfact_color,432,True,True,counterfactual,True,True,True,True,True,True,1111,64,True
fastv,visual_counterfact_color_000178,test,visual_counterfact_color,64,True,True,counterfactual,True,False,False,False,False,False,0111,128,True
fastv,visual_counterfact_color_000178,test,visual_counterfact_color,128,True,True,counterfactual,True,True,True,True,True,True,0111,128,True
fastv,visual_counterfact_color_000178,test,visual_counterfact_color,256,True,True,counterfactual,True,True,True,True,True,True,0111,128,True
fastv,visual_counterfact_color_000178,test,visual_counterfact_color,432,True,True,counterfactual,True,True,True,True,True,True,0111,128,True
fastv,visual_counterfact_color_000181,validation,visual_counterfact_color,64,True,True,counterfactual,True,True,True,True,True,True,1111,64,True
fastv,visual_counterfact_color_000181,validation,visual_counterfact_color,128,True,True,counterfactual,True,True,True,True,True,True,1111,64,True
fastv,visual_counterfact_color_000181,validation,visual_counterfact_color,256,True,True,counterfactual,True,True,True,True,True,True,1111,64,True
fastv,visual_counterfact_color_000181,validation,visual_counterfact_color,432,True,True,counterfactual,True,True,True,True,True,True,1111,64,True
fastv,visual_counterfact_color_000184,test,visual_counterfact_color,64,True,True,counterfactual,True,True,True,True,True,True,1111,64,True
fastv,visual_counterfact_color_000184,test,visual_counterfact_color,128,True,True,counterfactual,True,True,True,True,True,True,1111,64,True
fastv,visual_counterfact_color_000184,test,visual_counterfact_color,256,True,True,counterfactual,True,True,True,True,True,True,1111,64,True
fastv,visual_counterfact_color_000184,test,visual_counterfact_color,432,True,True,counterfactual,True,True,True,True,True,True,1111,64,True
fastv,visual_counterfact_color_000185,test,visual_counterfact_color,64,True,True,gray|irrelevant|counterfactual,True,False,False,False,False,False,0111,128,True
fastv,visual_counterfact_color_000185,test,visual_counterfact_color,128,True,True,gray|irrelevant|counterfactual,True,True,True,True,True,True,0111,128,True
fastv,visual_counterfact_color_000185,test,visual_counterfact_color,256,True,True,gray|irrelevant|counterfactual,True,True,True,True,True,True,0111,128,True
fastv,visual_counterfact_color_000185,test,visual_counterfact_color,432,True,True,gray|irrelevant|counterfactual,True,True,True,True,True,True,0111,128,True
fastv,visual_counterfact_color_000187,test,visual_counterfact_color,64,True,True,counterfactual,True,True,True,True,True,True,1111,64,True
fastv,visual_counterfact_color_000187,test,visual_counterfact_color,128,True,True,counterfactual,True,True,True,True,True,True,1111,64,True
fastv,visual_counterfact_color_000187,test,visual_counterfact_color,256,True,True,counterfactual,True,True,True,True,True,True,1111,64,True
fastv,visual_counterfact_color_000187,test,visual_counterfact_color,432,True,True,counterfactual,True,True,True,True,True,True,1111,64,True
fastv,visual_counterfact_color_000188,test,visual_counterfact_color,64,True,True,counterfactual,True,True,True,True,True,True,1111,64,True
fastv,visual_counterfact_color_000188,test,visual_counterfact_color,128,True,True,counterfactual,True,True,True,True,True,True,1111,64,True
fastv,visual_counterfact_color_000188,test,visual_counterfact_color,256,True,True,counterfactual,True,True,True,True,True,True,1111,64,True
fastv,visual_counterfact_color_000188,test,visual_counterfact_color,432,True,True,counterfactual,True,True,True,True,True,True,1111,64,True
fastv,visual_counterfact_color_000193,test,visual_counterfact_color,64,True,True,counterfactual,True,True,True,True,True,True,1111,64,True
fastv,visual_counterfact_color_000193,test,visual_counterfact_color,128,True,True,counterfactual,True,True,True,True,True,True,1111,64,True
fastv,visual_counterfact_color_000193,test,visual_counterfact_color,256,True,True,counterfactual,True,True,True,True,True,True,1111,64,True
fastv,visual_counterfact_color_000193,test,visual_counterfact_color,432,True,True,counterfactual,True,True,True,True,True,True,1111,64,True
fastv,visual_counterfact_color_000202,test,visual_counterfact_color,64,True,True,counterfactual,True,True,True,True,True,True,1111,64,True
fastv,visual_counterfact_color_000202,test,visual_counterfact_color,128,True,True,counterfactual,True,True,True,True,True,True,1111,64,True
fastv,visual_counterfact_color_000202,test,visual_counterfact_color,256,True,True,counterfactual,True,True,True,True,True,True,1111,64,True
fastv,visual_counterfact_color_000202,test,visual_counterfact_color,432,True,True,counterfactual,True,True,True,True,True,True,1111,64,True
fastv,visual_counterfact_color_000203,test,visual_counterfact_color,64,True,True,counterfactual,True,False,False,False,False,False,0111,128,True
fastv,visual_counterfact_color_000203,test,visual_counterfact_color,128,True,True,counterfactual,True,True,True,True,True,True,0111,128,True
fastv,visual_counterfact_color_000203,test,visual_counterfact_color,256,True,True,counterfactual,True,True,True,True,True,True,0111,128,True
fastv,visual_counterfact_color_000203,test,visual_counterfact_color,432,True,True,counterfactual,True,True,True,True,True,True,0111,128,True
fastv,visual_counterfact_color_000213,test,visual_counterfact_color,64,True,True,counterfactual,True,True,True,True,True,True,1111,64,True
fastv,visual_counterfact_color_000213,test,visual_counterfact_color,128,True,True,counterfactual,True,True,True,True,True,True,1111,64,True
fastv,visual_counterfact_color_000213,test,visual_counterfact_color,256,True,True,counterfactual,True,True,True,True,True,True,1111,64,True
fastv,visual_counterfact_color_000213,test,visual_counterfact_color,432,True,True,counterfactual,True,True,True,True,True,True,1111,64,True
fastv,visual_counterfact_color_000215,test,visual_counterfact_color,64,True,True,irrelevant|counterfactual,True,False,False,False,False,False,0001,432,True
fastv,visual_counterfact_color_000215,test,visual_counterfact_color,128,True,True,irrelevant|counterfactual,True,False,False,False,False,False,0001,432,True
fastv,visual_counterfact_color_000215,test,visual_counterfact_color,256,True,True,irrelevant|counterfactual,True,False,False,False,False,False,0001,432,True
fastv,visual_counterfact_color_000215,test,visual_counterfact_color,432,True,True,irrelevant|counterfactual,True,True,True,True,True,True,0001,432,True
fastv,visual_counterfact_color_000216,test,visual_counterfact_color,64,True,True,counterfactual,True,True,True,True,True,True,1111,64,True
fastv,visual_counterfact_color_000216,test,visual_counterfact_color,128,True,True,counterfactual,True,True,True,True,True,True,1111,64,True
fastv,visual_counterfact_color_000216,test,visual_counterfact_color,256,True,True,counterfactual,True,True,True,True,True,True,1111,64,True
fastv,visual_counterfact_color_000216,test,visual_counterfact_color,432,True,True,counterfactual,True,True,True,True,True,True,1111,64,True
fastv,visual_counterfact_color_000218,test,visual_counterfact_color,64,True,True,counterfactual,True,True,True,True,True,True,1111,64,True
fastv,visual_counterfact_color_000218,test,visual_counterfact_color,128,True,True,counterfactual,True,True,True,True,True,True,1111,64,True
fastv,visual_counterfact_color_000218,test,visual_counterfact_color,256,True,True,counterfactual,True,True,True,True,True,True,1111,64,True
fastv,visual_counterfact_color_000218,test,visual_counterfact_color,432,True,True,counterfactual,True,True,True,True,True,True,1111,64,True
fastv,visual_counterfact_color_000219,test,visual_counterfact_color,64,True,True,counterfactual,True,True,True,True,True,True,1111,64,True
fastv,visual_counterfact_color_000219,test,visual_counterfact_color,128,True,True,counterfactual,True,True,True,True,True,True,1111,64,True
fastv,visual_counterfact_color_000219,test,visual_counterfact_color,256,True,True,counterfactual,True,True,True,True,True,True,1111,64,True
fastv,visual_counterfact_color_000219,test,visual_counterfact_color,432,True,True,counterfactual,True,True,True,True,True,True,1111,64,True
fastv,visual_counterfact_color_000224,test,visual_counterfact_color,64,True,True,counterfactual,True,True,True,True,True,True,1111,64,True
fastv,visual_counterfact_color_000224,test,visual_counterfact_color,128,True,True,counterfactual,True,True,True,True,True,True,1111,64,True
fastv,visual_counterfact_color_000224,test,visual_counterfact_color,256,True,True,counterfactual,True,True,True,True,True,True,1111,64,True
fastv,visual_counterfact_color_000224,test,visual_counterfact_color,432,True,True,counterfactual,True,True,True,True,True,True,1111,64,True
fastv,visual_counterfact_color_000225,test,visual_counterfact_color,64,True,True,counterfactual,True,True,True,True,True,True,1111,64,True
fastv,visual_counterfact_color_000225,test,visual_counterfact_color,128,True,True,counterfactual,True,True,True,True,True,True,1111,64,True
fastv,visual_counterfact_color_000225,test,visual_counterfact_color,256,True,True,counterfactual,True,True,True,True,True,True,1111,64,True
fastv,visual_counterfact_color_000225,test,visual_counterfact_color,432,True,True,counterfactual,True,True,True,True,True,True,1111,64,True
fastv,visual_counterfact_color_000226,test,visual_counterfact_color,64,True,True,gray|irrelevant|counterfactual,True,True,True,True,True,True,1111,64,True
fastv,visual_counterfact_color_000226,test,visual_counterfact_color,128,True,True,gray|irrelevant|counterfactual,True,True,True,True,True,True,1111,64,True
fastv,visual_counterfact_color_000226,test,visual_counterfact_color,256,True,True,gray|irrelevant|counterfactual,True,True,True,True,True,True,1111,64,True
fastv,visual_counterfact_color_000226,test,visual_counterfact_color,432,True,True,gray|irrelevant|counterfactual,True,True,True,True,True,True,1111,64,True
fastv,visual_counterfact_color_000230,validation,visual_counterfact_color,64,True,True,irrelevant|counterfactual,True,False,False,False,False,False,0111,128,True
fastv,visual_counterfact_color_000230,validation,visual_counterfact_color,128,True,True,irrelevant|counterfactual,True,True,True,True,True,True,0111,128,True
fastv,visual_counterfact_color_000230,validation,visual_counterfact_color,256,True,True,irrelevant|counterfactual,True,True,True,True,True,True,0111,128,True
fastv,visual_counterfact_color_000230,validation,visual_counterfact_color,432,True,True,irrelevant|counterfactual,True,True,True,True,True,True,0111,128,True
fastv,visual_counterfact_color_000231,test,visual_counterfact_color,64,True,True,counterfactual,True,True,True,True,True,True,1111,64,True
fastv,visual_counterfact_color_000231,test,visual_counterfact_color,128,True,True,counterfactual,True,True,True,True,True,True,1111,64,True
fastv,visual_counterfact_color_000231,test,visual_counterfact_color,256,True,True,counterfactual,True,True,True,True,True,True,1111,64,True
fastv,visual_counterfact_color_000231,test,visual_counterfact_color,432,True,True,counterfactual,True,True,True,True,True,True,1111,64,True
fastv,visual_counterfact_color_000234,validation,visual_counterfact_color,64,True,True,counterfactual,True,True,True,True,True,True,1111,64,True
fastv,visual_counterfact_color_000234,validation,visual_counterfact_color,128,True,True,counterfactual,True,True,True,True,True,True,1111,64,True
fastv,visual_counterfact_color_000234,validation,visual_counterfact_color,256,True,True,counterfactual,True,True,True,True,True,True,1111,64,True
fastv,visual_counterfact_color_000234,validation,visual_counterfact_color,432,True,True,counterfactual,True,True,True,True,True,True,1111,64,True
fastv,visual_counterfact_color_000235,test,visual_counterfact_color,64,True,True,counterfactual,True,True,True,True,True,True,1111,64,True
fastv,visual_counterfact_color_000235,test,visual_counterfact_color,128,True,True,counterfactual,True,True,True,True,True,True,1111,64,True
fastv,visual_counterfact_color_000235,test,visual_counterfact_color,256,True,True,counterfactual,True,True,True,True,True,True,1111,64,True
fastv,visual_counterfact_color_000235,test,visual_counterfact_color,432,True,True,counterfactual,True,True,True,True,True,True,1111,64,True
fastv,visual_counterfact_color_000238,test,visual_counterfact_color,64,True,True,counterfactual,True,True,True,True,True,True,1111,64,True
fastv,visual_counterfact_color_000238,test,visual_counterfact_color,128,True,True,counterfactual,True,True,True,True,True,True,1111,64,True
fastv,visual_counterfact_color_000238,test,visual_counterfact_color,256,True,True,counterfactual,True,True,True,True,True,True,1111,64,True
fastv,visual_counterfact_color_000238,test,visual_counterfact_color,432,True,True,counterfactual,True,True,True,True,True,True,1111,64,True
fastv,visual_counterfact_color_000240,test,visual_counterfact_color,64,True,True,gray|counterfactual,True,True,True,True,True,True,1111,64,True
fastv,visual_counterfact_color_000240,test,visual_counterfact_color,128,True,True,gray|counterfactual,True,True,True,True,True,True,1111,64,True
fastv,visual_counterfact_color_000240,test,visual_counterfact_color,256,True,True,gray|counterfactual,True,True,True,True,True,True,1111,64,True
fastv,visual_counterfact_color_000240,test,visual_counterfact_color,432,True,True,gray|counterfactual,True,True,True,True,True,True,1111,64,True
fastv,visual_counterfact_color_000244,test,visual_counterfact_color,64,True,False,,True,True,True,True,True,,1111,64,True
fastv,visual_counterfact_color_000244,test,visual_counterfact_color,128,True,False,,True,True,True,True,True,,1111,64,True
fastv,visual_counterfact_color_000244,test,visual_counterfact_color,256,True,False,,True,True,True,True,True,,1111,64,True
fastv,visual_counterfact_color_000244,test,visual_counterfact_color,432,True,False,,True,True,True,True,True,,1111,64,True
fastv,visual_counterfact_color_000245,validation,visual_counterfact_color,64,True,True,counterfactual,True,True,True,True,True,True,1111,64,True
fastv,visual_counterfact_color_000245,validation,visual_counterfact_color,128,True,True,counterfactual,True,True,True,True,True,True,1111,64,True
fastv,visual_counterfact_color_000245,validation,visual_counterfact_color,256,True,True,counterfactual,True,True,True,True,True,True,1111,64,True
fastv,visual_counterfact_color_000245,validation,visual_counterfact_color,432,True,True,counterfactual,True,True,True,True,True,True,1111,64,True
fastv,visual_counterfact_color_000248,test,visual_counterfact_color,64,True,True,counterfactual,True,False,False,False,False,False,0111,128,True
fastv,visual_counterfact_color_000248,test,visual_counterfact_color,128,True,True,counterfactual,True,True,True,True,True,True,0111,128,True
fastv,visual_counterfact_color_000248,test,visual_counterfact_color,256,True,True,counterfactual,True,True,True,True,True,True,0111,128,True
fastv,visual_counterfact_color_000248,test,visual_counterfact_color,432,True,True,counterfactual,True,True,True,True,True,True,0111,128,True
fastv,visual_counterfact_color_000251,test,visual_counterfact_color,64,True,True,counterfactual,True,True,True,True,True,True,1111,64,True
fastv,visual_counterfact_color_000251,test,visual_counterfact_color,128,True,True,counterfactual,True,True,True,True,True,True,1111,64,True
fastv,visual_counterfact_color_000251,test,visual_counterfact_color,256,True,True,counterfactual,True,True,True,True,True,True,1111,64,True
fastv,visual_counterfact_color_000251,test,visual_counterfact_color,432,True,True,counterfactual,True,True,True,True,True,True,1111,64,True
fastv,visual_counterfact_color_000254,test,visual_counterfact_color,64,True,True,counterfactual,True,True,True,True,True,True,1111,64,True
fastv,visual_counterfact_color_000254,test,visual_counterfact_color,128,True,True,counterfactual,True,True,True,True,True,True,1111,64,True
fastv,visual_counterfact_color_000254,test,visual_counterfact_color,256,True,True,counterfactual,True,True,True,True,True,True,1111,64,True
fastv,visual_counterfact_color_000254,test,visual_counterfact_color,432,True,True,counterfactual,True,True,True,True,True,True,1111,64,True
fastv,visual_counterfact_color_000255,validation,visual_counterfact_color,64,True,True,counterfactual,True,True,True,True,True,True,1111,64,True
fastv,visual_counterfact_color_000255,validation,visual_counterfact_color,128,True,True,counterfactual,True,True,True,True,True,True,1111,64,True
fastv,visual_counterfact_color_000255,validation,visual_counterfact_color,256,True,True,counterfactual,True,True,True,True,True,True,1111,64,True
fastv,visual_counterfact_color_000255,validation,visual_counterfact_color,432,True,True,counterfactual,True,True,True,True,True,True,1111,64,True
fastv,visual_counterfact_color_000256,test,visual_counterfact_color,64,True,True,counterfactual,True,True,True,True,True,True,1111,64,True
fastv,visual_counterfact_color_000256,test,visual_counterfact_color,128,True,True,counterfactual,True,True,True,True,True,True,1111,64,True
fastv,visual_counterfact_color_000256,test,visual_counterfact_color,256,True,True,counterfactual,True,True,True,True,True,True,1111,64,True
fastv,visual_counterfact_color_000256,test,visual_counterfact_color,432,True,True,counterfactual,True,True,True,True,True,True,1111,64,True
fastv,visual_counterfact_color_000257,validation,visual_counterfact_color,64,True,True,irrelevant|counterfactual,True,False,False,False,False,False,0001,432,True
fastv,visual_counterfact_color_000257,validation,visual_counterfact_color,128,True,True,irrelevant|counterfactual,True,False,False,False,False,False,0001,432,True
fastv,visual_counterfact_color_000257,validation,visual_counterfact_color,256,True,True,irrelevant|counterfactual,True,False,False,False,False,False,0001,432,True
fastv,visual_counterfact_color_000257,validation,visual_counterfact_color,432,True,True,irrelevant|counterfactual,True,True,True,True,True,True,0001,432,True
fastv,visual_counterfact_color_000259,test,visual_counterfact_color,64,True,True,counterfactual,True,True,True,True,True,True,1111,64,True
fastv,visual_counterfact_color_000259,test,visual_counterfact_color,128,True,True,counterfactual,True,True,True,True,True,True,1111,64,True
fastv,visual_counterfact_color_000259,test,visual_counterfact_color,256,True,True,counterfactual,True,True,True,True,True,True,1111,64,True
fastv,visual_counterfact_color_000259,test,visual_counterfact_color,432,True,True,counterfactual,True,True,True,True,True,True,1111,64,True
fastv,visual_counterfact_color_000261,test,visual_counterfact_color,64,True,True,counterfactual,True,True,True,True,True,True,1111,64,True
fastv,visual_counterfact_color_000261,test,visual_counterfact_color,128,True,True,counterfactual,True,True,True,True,True,True,1111,64,True
fastv,visual_counterfact_color_000261,test,visual_counterfact_color,256,True,True,counterfactual,True,True,True,True,True,True,1111,64,True
fastv,visual_counterfact_color_000261,test,visual_counterfact_color,432,True,True,counterfactual,True,True,True,True,True,True,1111,64,True
fastv,visual_counterfact_color_000262,validation,visual_counterfact_color,64,True,True,counterfactual,True,True,True,True,True,True,1111,64,True
fastv,visual_counterfact_color_000262,validation,visual_counterfact_color,128,True,True,counterfactual,True,True,True,True,True,True,1111,64,True
fastv,visual_counterfact_color_000262,validation,visual_counterfact_color,256,True,True,counterfactual,True,True,True,True,True,True,1111,64,True
fastv,visual_counterfact_color_000262,validation,visual_counterfact_color,432,True,True,counterfactual,True,True,True,True,True,True,1111,64,True
fastv,visual_counterfact_color_000267,test,visual_counterfact_color,64,True,True,counterfactual,True,True,True,True,True,True,1111,64,True
fastv,visual_counterfact_color_000267,test,visual_counterfact_color,128,True,True,counterfactual,True,True,True,True,True,True,1111,64,True
fastv,visual_counterfact_color_000267,test,visual_counterfact_color,256,True,True,counterfactual,True,True,True,True,True,True,1111,64,True
fastv,visual_counterfact_color_000267,test,visual_counterfact_color,432,True,True,counterfactual,True,True,True,True,True,True,1111,64,True
fastv,visual_counterfact_color_000268,test,visual_counterfact_color,64,True,False,,True,True,True,True,True,,1111,64,True
fastv,visual_counterfact_color_000268,test,visual_counterfact_color,128,True,False,,True,True,True,True,True,,1111,64,True
fastv,visual_counterfact_color_000268,test,visual_counterfact_color,256,True,False,,True,True,True,True,True,,1111,64,True
fastv,visual_counterfact_color_000268,test,visual_counterfact_color,432,True,False,,True,True,True,True,True,,1111,64,True
fastv,visual_counterfact_color_000277,validation,visual_counterfact_color,64,True,True,counterfactual,False,False,True,False,False,False,0011,256,True
fastv,visual_counterfact_color_000277,validation,visual_counterfact_color,128,True,True,counterfactual,False,False,True,False,False,False,0011,256,True
fastv,visual_counterfact_color_000277,validation,visual_counterfact_color,256,True,True,counterfactual,True,True,True,True,True,True,0011,256,True
fastv,visual_counterfact_color_000277,validation,visual_counterfact_color,432,True,True,counterfactual,True,True,True,True,True,True,0011,256,True
fastv,visual_counterfact_color_000280,test,visual_counterfact_color,64,True,True,counterfactual,True,False,False,False,False,False,0111,128,True
fastv,visual_counterfact_color_000280,test,visual_counterfact_color,128,True,True,counterfactual,True,True,True,True,True,True,0111,128,True
fastv,visual_counterfact_color_000280,test,visual_counterfact_color,256,True,True,counterfactual,True,True,True,True,True,True,0111,128,True
fastv,visual_counterfact_color_000280,test,visual_counterfact_color,432,True,True,counterfactual,True,True,True,True,True,True,0111,128,True
fastv,visual_counterfact_color_000284,test,visual_counterfact_color,64,True,True,counterfactual,True,True,True,True,True,True,1111,64,True
fastv,visual_counterfact_color_000284,test,visual_counterfact_color,128,True,True,counterfactual,True,True,True,True,True,True,1111,64,True
fastv,visual_counterfact_color_000284,test,visual_counterfact_color,256,True,True,counterfactual,True,True,True,True,True,True,1111,64,True
fastv,visual_counterfact_color_000284,test,visual_counterfact_color,432,True,True,counterfactual,True,True,True,True,True,True,1111,64,True
fastv,visual_counterfact_color_000287,test,visual_counterfact_color,64,True,True,gray|irrelevant|counterfactual,True,True,True,True,True,True,1111,64,True
fastv,visual_counterfact_color_000287,test,visual_counterfact_color,128,True,True,gray|irrelevant|counterfactual,True,True,True,True,True,True,1111,64,True
fastv,visual_counterfact_color_000287,test,visual_counterfact_color,256,True,True,gray|irrelevant|counterfactual,True,True,True,True,True,True,1111,64,True
fastv,visual_counterfact_color_000287,test,visual_counterfact_color,432,True,True,gray|irrelevant|counterfactual,True,True,True,True,True,True,1111,64,True
fastv,visual_counterfact_color_000288,validation,visual_counterfact_color,64,True,True,irrelevant|counterfactual,True,False,False,False,False,False,0011,256,True
fastv,visual_counterfact_color_000288,validation,visual_counterfact_color,128,True,True,irrelevant|counterfactual,True,False,False,False,False,False,0011,256,True
fastv,visual_counterfact_color_000288,validation,visual_counterfact_color,256,True,True,irrelevant|counterfactual,True,True,True,True,True,True,0011,256,True
fastv,visual_counterfact_color_000288,validation,visual_counterfact_color,432,True,True,irrelevant|counterfactual,True,True,True,True,True,True,0011,256,True
fastv,visual_counterfact_color_000290,test,visual_counterfact_color,64,True,True,irrelevant|counterfactual,True,False,False,False,False,False,0011,256,True
fastv,visual_counterfact_color_000290,test,visual_counterfact_color,128,True,True,irrelevant|counterfactual,True,False,False,False,False,False,0011,256,True
fastv,visual_counterfact_color_000290,test,visual_counterfact_color,256,True,True,irrelevant|counterfactual,True,True,True,True,True,True,0011,256,True
fastv,visual_counterfact_color_000290,test,visual_counterfact_color,432,True,True,irrelevant|counterfactual,True,True,True,True,True,True,0011,256,True
fastv,visual_counterfact_color_000295,test,visual_counterfact_color,64,True,True,counterfactual,True,True,True,True,True,True,1111,64,True
fastv,visual_counterfact_color_000295,test,visual_counterfact_color,128,True,True,counterfactual,True,True,True,True,True,True,1111,64,True
fastv,visual_counterfact_color_000295,test,visual_counterfact_color,256,True,True,counterfactual,True,True,True,True,True,True,1111,64,True
fastv,visual_counterfact_color_000295,test,visual_counterfact_color,432,True,True,counterfactual,True,True,True,True,True,True,1111,64,True
fastv,visual_counterfact_color_000296,test,visual_counterfact_color,64,True,True,counterfactual,True,True,True,True,True,True,1111,64,True
fastv,visual_counterfact_color_000296,test,visual_counterfact_color,128,True,True,counterfactual,True,True,True,True,True,True,1111,64,True
fastv,visual_counterfact_color_000296,test,visual_counterfact_color,256,True,True,counterfactual,True,True,True,True,True,True,1111,64,True
fastv,visual_counterfact_color_000296,test,visual_counterfact_color,432,True,True,counterfactual,True,True,True,True,True,True,1111,64,True
fastv,visual_counterfact_color_000297,validation,visual_counterfact_color,64,True,True,counterfactual,True,True,True,True,True,True,1111,64,True
fastv,visual_counterfact_color_000297,validation,visual_counterfact_color,128,True,True,counterfactual,True,True,True,True,True,True,1111,64,True
fastv,visual_counterfact_color_000297,validation,visual_counterfact_color,256,True,True,counterfactual,True,True,True,True,True,True,1111,64,True
fastv,visual_counterfact_color_000297,validation,visual_counterfact_color,432,True,True,counterfactual,True,True,True,True,True,True,1111,64,True
fastv,visual_counterfact_color_000298,test,visual_counterfact_color,64,True,True,counterfactual,True,True,True,True,True,True,1111,64,True
fastv,visual_counterfact_color_000298,test,visual_counterfact_color,128,True,True,counterfactual,True,True,True,True,True,True,1111,64,True
fastv,visual_counterfact_color_000298,test,visual_counterfact_color,256,True,True,counterfactual,True,True,True,True,True,True,1111,64,True
fastv,visual_counterfact_color_000298,test,visual_counterfact_color,432,True,True,counterfactual,True,True,True,True,True,True,1111,64,True
fastv,visual_counterfact_color_000300,test,visual_counterfact_color,64,True,True,counterfactual,True,True,True,True,True,True,1111,64,True
fastv,visual_counterfact_color_000300,test,visual_counterfact_color,128,True,True,counterfactual,True,True,True,True,True,True,1111,64,True
fastv,visual_counterfact_color_000300,test,visual_counterfact_color,256,True,True,counterfactual,True,True,True,True,True,True,1111,64,True
fastv,visual_counterfact_color_000300,test,visual_counterfact_color,432,True,True,counterfactual,True,True,True,True,True,True,1111,64,True
fastv,visual_counterfact_color_000302,test,visual_counterfact_color,64,True,True,counterfactual,True,True,True,True,True,True,1111,64,True
fastv,visual_counterfact_color_000302,test,visual_counterfact_color,128,True,True,counterfactual,True,True,True,True,True,True,1111,64,True
fastv,visual_counterfact_color_000302,test,visual_counterfact_color,256,True,True,counterfactual,True,True,True,True,True,True,1111,64,True
fastv,visual_counterfact_color_000302,test,visual_counterfact_color,432,True,True,counterfactual,True,True,True,True,True,True,1111,64,True
fastv,visual_counterfact_color_000303,test,visual_counterfact_color,64,True,True,counterfactual,True,True,True,True,True,True,1111,64,True
fastv,visual_counterfact_color_000303,test,visual_counterfact_color,128,True,True,counterfactual,True,True,True,True,True,True,1111,64,True
fastv,visual_counterfact_color_000303,test,visual_counterfact_color,256,True,True,counterfactual,True,True,True,True,True,True,1111,64,True
fastv,visual_counterfact_color_000303,test,visual_counterfact_color,432,True,True,counterfactual,True,True,True,True,True,True,1111,64,True
fastv,visual_counterfact_color_000304,test,visual_counterfact_color,64,True,True,counterfactual,True,True,True,True,True,True,1111,64,True
fastv,visual_counterfact_color_000304,test,visual_counterfact_color,128,True,True,counterfactual,True,True,True,True,True,True,1111,64,True
fastv,visual_counterfact_color_000304,test,visual_counterfact_color,256,True,True,counterfactual,True,True,True,True,True,True,1111,64,True
fastv,visual_counterfact_color_000304,test,visual_counterfact_color,432,True,True,counterfactual,True,True,True,True,True,True,1111,64,True
fastv,visual_counterfact_color_000306,test,visual_counterfact_color,64,True,True,counterfactual,True,False,False,False,False,False,0111,128,True
fastv,visual_counterfact_color_000306,test,visual_counterfact_color,128,True,True,counterfactual,True,True,True,True,True,True,0111,128,True
fastv,visual_counterfact_color_000306,test,visual_counterfact_color,256,True,True,counterfactual,True,True,True,True,True,True,0111,128,True
fastv,visual_counterfact_color_000306,test,visual_counterfact_color,432,True,True,counterfactual,True,True,True,True,True,True,0111,128,True
fastv,visual_counterfact_color_000308,test,visual_counterfact_color,64,True,True,counterfactual,True,True,True,True,True,True,1111,64,True
fastv,visual_counterfact_color_000308,test,visual_counterfact_color,128,True,True,counterfactual,True,True,True,True,True,True,1111,64,True
fastv,visual_counterfact_color_000308,test,visual_counterfact_color,256,True,True,counterfactual,True,True,True,True,True,True,1111,64,True
fastv,visual_counterfact_color_000308,test,visual_counterfact_color,432,True,True,counterfactual,True,True,True,True,True,True,1111,64,True
fastv,visual_counterfact_color_000310,test,visual_counterfact_color,64,True,True,counterfactual,True,True,True,True,True,True,1111,64,True
fastv,visual_counterfact_color_000310,test,visual_counterfact_color,128,True,True,counterfactual,True,True,True,True,True,True,1111,64,True
fastv,visual_counterfact_color_000310,test,visual_counterfact_color,256,True,True,counterfactual,True,True,True,True,True,True,1111,64,True
fastv,visual_counterfact_color_000310,test,visual_counterfact_color,432,True,True,counterfactual,True,True,True,True,True,True,1111,64,True
fastv,visual_counterfact_color_000311,test,visual_counterfact_color,64,True,False,,True,True,True,True,True,,1111,64,True
fastv,visual_counterfact_color_000311,test,visual_counterfact_color,128,True,False,,True,True,True,True,True,,1111,64,True
fastv,visual_counterfact_color_000311,test,visual_counterfact_color,256,True,False,,True,True,True,True,True,,1111,64,True
fastv,visual_counterfact_color_000311,test,visual_counterfact_color,432,True,False,,True,True,True,True,True,,1111,64,True
fastv,visual_counterfact_color_000313,test,visual_counterfact_color,64,True,True,counterfactual,True,True,True,True,True,True,1111,64,True
fastv,visual_counterfact_color_000313,test,visual_counterfact_color,128,True,True,counterfactual,True,True,True,True,True,True,1111,64,True
fastv,visual_counterfact_color_000313,test,visual_counterfact_color,256,True,True,counterfactual,True,True,True,True,True,True,1111,64,True
fastv,visual_counterfact_color_000313,test,visual_counterfact_color,432,True,True,counterfactual,True,True,True,True,True,True,1111,64,True
fastv,visual_counterfact_color_000315,test,visual_counterfact_color,64,True,True,counterfactual,True,True,True,True,True,True,1111,64,True
fastv,visual_counterfact_color_000315,test,visual_counterfact_color,128,True,True,counterfactual,True,True,True,True,True,True,1111,64,True
fastv,visual_counterfact_color_000315,test,visual_counterfact_color,256,True,True,counterfactual,True,True,True,True,True,True,1111,64,True
fastv,visual_counterfact_color_000315,test,visual_counterfact_color,432,True,True,counterfactual,True,True,True,True,True,True,1111,64,True
fastv,visual_counterfact_color_000318,validation,visual_counterfact_color,64,True,True,counterfactual,True,True,True,True,True,True,1111,64,True
fastv,visual_counterfact_color_000318,validation,visual_counterfact_color,128,True,True,counterfactual,True,True,True,True,True,True,1111,64,True
fastv,visual_counterfact_color_000318,validation,visual_counterfact_color,256,True,True,counterfactual,True,True,True,True,True,True,1111,64,True
fastv,visual_counterfact_color_000318,validation,visual_counterfact_color,432,True,True,counterfactual,True,True,True,True,True,True,1111,64,True
fastv,visual_counterfact_color_000322,test,visual_counterfact_color,64,True,True,counterfactual,True,True,True,True,True,True,1111,64,True
fastv,visual_counterfact_color_000322,test,visual_counterfact_color,128,True,True,counterfactual,True,True,True,True,True,True,1111,64,True
fastv,visual_counterfact_color_000322,test,visual_counterfact_color,256,True,True,counterfactual,True,True,True,True,True,True,1111,64,True
fastv,visual_counterfact_color_000322,test,visual_counterfact_color,432,True,True,counterfactual,True,True,True,True,True,True,1111,64,True
fastv,visual_counterfact_color_000323,validation,visual_counterfact_color,64,True,True,irrelevant|counterfactual,True,False,False,False,False,False,0111,128,True
fastv,visual_counterfact_color_000323,validation,visual_counterfact_color,128,True,True,irrelevant|counterfactual,True,True,True,True,True,True,0111,128,True
fastv,visual_counterfact_color_000323,validation,visual_counterfact_color,256,True,True,irrelevant|counterfactual,True,True,True,True,True,True,0111,128,True
fastv,visual_counterfact_color_000323,validation,visual_counterfact_color,432,True,True,irrelevant|counterfactual,True,True,True,True,True,True,0111,128,True
fastv,visual_counterfact_color_000328,validation,visual_counterfact_color,64,True,True,counterfactual,True,True,True,True,True,True,1111,64,True
fastv,visual_counterfact_color_000328,validation,visual_counterfact_color,128,True,True,counterfactual,True,True,True,True,True,True,1111,64,True
fastv,visual_counterfact_color_000328,validation,visual_counterfact_color,256,True,True,counterfactual,True,True,True,True,True,True,1111,64,True
fastv,visual_counterfact_color_000328,validation,visual_counterfact_color,432,True,True,counterfactual,True,True,True,True,True,True,1111,64,True
fastv,visual_counterfact_color_000331,validation,visual_counterfact_color,64,True,True,counterfactual,True,True,True,True,True,True,1111,64,True
fastv,visual_counterfact_color_000331,validation,visual_counterfact_color,128,True,True,counterfactual,True,True,True,True,True,True,1111,64,True
fastv,visual_counterfact_color_000331,validation,visual_counterfact_color,256,True,True,counterfactual,True,True,True,True,True,True,1111,64,True
fastv,visual_counterfact_color_000331,validation,visual_counterfact_color,432,True,True,counterfactual,True,True,True,True,True,True,1111,64,True
fastv,visual_counterfact_color_000335,test,visual_counterfact_color,64,True,True,counterfactual,True,True,True,True,True,True,1111,64,True
fastv,visual_counterfact_color_000335,test,visual_counterfact_color,128,True,True,counterfactual,True,True,True,True,True,True,1111,64,True
fastv,visual_counterfact_color_000335,test,visual_counterfact_color,256,True,True,counterfactual,True,True,True,True,True,True,1111,64,True
fastv,visual_counterfact_color_000335,test,visual_counterfact_color,432,True,True,counterfactual,True,True,True,True,True,True,1111,64,True
fastv,visual_counterfact_color_000336,test,visual_counterfact_color,64,True,True,counterfactual,True,True,True,True,True,True,1111,64,True
fastv,visual_counterfact_color_000336,test,visual_counterfact_color,128,True,True,counterfactual,True,True,True,True,True,True,1111,64,True
fastv,visual_counterfact_color_000336,test,visual_counterfact_color,256,True,True,counterfactual,True,True,True,True,True,True,1111,64,True
fastv,visual_counterfact_color_000336,test,visual_counterfact_color,432,True,True,counterfactual,True,True,True,True,True,True,1111,64,True
fastv,visual_counterfact_color_000337,validation,visual_counterfact_color,64,True,True,counterfactual,True,True,True,True,True,True,1111,64,True
fastv,visual_counterfact_color_000337,validation,visual_counterfact_color,128,True,True,counterfactual,True,True,True,True,True,True,1111,64,True
fastv,visual_counterfact_color_000337,validation,visual_counterfact_color,256,True,True,counterfactual,True,True,True,True,True,True,1111,64,True
fastv,visual_counterfact_color_000337,validation,visual_counterfact_color,432,True,True,counterfactual,True,True,True,True,True,True,1111,64,True
fastv,visual_counterfact_color_000339,test,visual_counterfact_color,64,True,True,counterfactual,True,True,True,True,True,True,1111,64,True
fastv,visual_counterfact_color_000339,test,visual_counterfact_color,128,True,True,counterfactual,True,True,True,True,True,True,1111,64,True
fastv,visual_counterfact_color_000339,test,visual_counterfact_color,256,True,True,counterfactual,True,True,True,True,True,True,1111,64,True
fastv,visual_counterfact_color_000339,test,visual_counterfact_color,432,True,True,counterfactual,True,True,True,True,True,True,1111,64,True
fastv,visual_counterfact_color_000340,test,visual_counterfact_color,64,True,True,irrelevant|counterfactual,True,False,False,False,False,False,0011,256,True
fastv,visual_counterfact_color_000340,test,visual_counterfact_color,128,True,True,irrelevant|counterfactual,True,False,False,False,False,False,0011,256,True
fastv,visual_counterfact_color_000340,test,visual_counterfact_color,256,True,True,irrelevant|counterfactual,True,True,True,True,True,True,0011,256,True
fastv,visual_counterfact_color_000340,test,visual_counterfact_color,432,True,True,irrelevant|counterfactual,True,True,True,True,True,True,0011,256,True
fastv,visual_counterfact_color_000342,test,visual_counterfact_color,64,True,True,gray|counterfactual,False,False,True,False,False,False,0011,256,True
fastv,visual_counterfact_color_000342,test,visual_counterfact_color,128,True,True,gray|counterfactual,False,False,True,False,False,False,0011,256,True
fastv,visual_counterfact_color_000342,test,visual_counterfact_color,256,True,True,gray|counterfactual,True,True,True,True,True,True,0011,256,True
fastv,visual_counterfact_color_000342,test,visual_counterfact_color,432,True,True,gray|counterfactual,True,True,True,True,True,True,0011,256,True
fastv,visual_counterfact_color_000344,test,visual_counterfact_color,64,True,True,gray|blur|irrelevant|counterfactual,True,True,True,True,True,True,1001,64,False
fastv,visual_counterfact_color_000344,test,visual_counterfact_color,128,True,True,gray|blur|irrelevant|counterfactual,True,False,False,False,False,False,1001,64,False
fastv,visual_counterfact_color_000344,test,visual_counterfact_color,256,True,True,gray|blur|irrelevant|counterfactual,True,False,False,False,False,False,1001,64,False
fastv,visual_counterfact_color_000344,test,visual_counterfact_color,432,True,True,gray|blur|irrelevant|counterfactual,True,True,True,True,True,True,1001,64,False
fastv,visual_counterfact_color_000345,test,visual_counterfact_color,64,True,True,counterfactual,True,True,True,True,True,True,1111,64,True
fastv,visual_counterfact_color_000345,test,visual_counterfact_color,128,True,True,counterfactual,True,True,True,True,True,True,1111,64,True
fastv,visual_counterfact_color_000345,test,visual_counterfact_color,256,True,True,counterfactual,True,True,True,True,True,True,1111,64,True
fastv,visual_counterfact_color_000345,test,visual_counterfact_color,432,True,True,counterfactual,True,True,True,True,True,True,1111,64,True
fastv,visual_counterfact_color_000347,test,visual_counterfact_color,64,True,True,irrelevant|counterfactual,True,False,False,False,False,False,0011,256,True
fastv,visual_counterfact_color_000347,test,visual_counterfact_color,128,True,True,irrelevant|counterfactual,True,False,False,False,False,False,0011,256,True
fastv,visual_counterfact_color_000347,test,visual_counterfact_color,256,True,True,irrelevant|counterfactual,True,True,True,True,True,True,0011,256,True
fastv,visual_counterfact_color_000347,test,visual_counterfact_color,432,True,True,irrelevant|counterfactual,True,True,True,True,True,True,0011,256,True
fastv,visual_counterfact_color_000350,test,visual_counterfact_color,64,True,True,counterfactual,True,True,True,True,True,True,1111,64,True
fastv,visual_counterfact_color_000350,test,visual_counterfact_color,128,True,True,counterfactual,True,True,True,True,True,True,1111,64,True
fastv,visual_counterfact_color_000350,test,visual_counterfact_color,256,True,True,counterfactual,True,True,True,True,True,True,1111,64,True
fastv,visual_counterfact_color_000350,test,visual_counterfact_color,432,True,True,counterfactual,True,True,True,True,True,True,1111,64,True
fastv,visual_counterfact_color_000352,test,visual_counterfact_color,64,True,True,counterfactual,True,True,True,True,True,True,1111,64,True
fastv,visual_counterfact_color_000352,test,visual_counterfact_color,128,True,True,counterfactual,True,True,True,True,True,True,1111,64,True
fastv,visual_counterfact_color_000352,test,visual_counterfact_color,256,True,True,counterfactual,True,True,True,True,True,True,1111,64,True
fastv,visual_counterfact_color_000352,test,visual_counterfact_color,432,True,True,counterfactual,True,True,True,True,True,True,1111,64,True
fastv,visual_counterfact_color_000353,test,visual_counterfact_color,64,True,True,counterfactual,True,True,True,True,True,True,1111,64,True
fastv,visual_counterfact_color_000353,test,visual_counterfact_color,128,True,True,counterfactual,True,True,True,True,True,True,1111,64,True
fastv,visual_counterfact_color_000353,test,visual_counterfact_color,256,True,True,counterfactual,True,True,True,True,True,True,1111,64,True
fastv,visual_counterfact_color_000353,test,visual_counterfact_color,432,True,True,counterfactual,True,True,True,True,True,True,1111,64,True
fastv,visual_counterfact_color_000355,test,visual_counterfact_color,64,True,True,gray|counterfactual,True,True,True,True,True,True,1111,64,True
fastv,visual_counterfact_color_000355,test,visual_counterfact_color,128,True,True,gray|counterfactual,True,True,True,True,True,True,1111,64,True
fastv,visual_counterfact_color_000355,test,visual_counterfact_color,256,True,True,gray|counterfactual,True,True,True,True,True,True,1111,64,True
fastv,visual_counterfact_color_000355,test,visual_counterfact_color,432,True,True,gray|counterfactual,True,True,True,True,True,True,1111,64,True
fastv,visual_counterfact_color_000356,test,visual_counterfact_color,64,True,True,counterfactual,True,True,True,True,True,True,1111,64,True
fastv,visual_counterfact_color_000356,test,visual_counterfact_color,128,True,True,counterfactual,True,True,True,True,True,True,1111,64,True
fastv,visual_counterfact_color_000356,test,visual_counterfact_color,256,True,True,counterfactual,True,True,True,True,True,True,1111,64,True
fastv,visual_counterfact_color_000356,test,visual_counterfact_color,432,True,True,counterfactual,True,True,True,True,True,True,1111,64,True
fastv,visual_counterfact_color_000357,test,visual_counterfact_color,64,True,True,irrelevant|counterfactual,True,True,True,True,True,True,1111,64,True
fastv,visual_counterfact_color_000357,test,visual_counterfact_color,128,True,True,irrelevant|counterfactual,True,True,True,True,True,True,1111,64,True
fastv,visual_counterfact_color_000357,test,visual_counterfact_color,256,True,True,irrelevant|counterfactual,True,True,True,True,True,True,1111,64,True
fastv,visual_counterfact_color_000357,test,visual_counterfact_color,432,True,True,irrelevant|counterfactual,True,True,True,True,True,True,1111,64,True
fastv,visual_counterfact_color_000360,test,visual_counterfact_color,64,True,True,irrelevant|counterfactual,True,False,False,False,False,False,0011,256,True
fastv,visual_counterfact_color_000360,test,visual_counterfact_color,128,True,True,irrelevant|counterfactual,True,False,False,False,False,False,0011,256,True
fastv,visual_counterfact_color_000360,test,visual_counterfact_color,256,True,True,irrelevant|counterfactual,True,True,True,True,True,True,0011,256,True
fastv,visual_counterfact_color_000360,test,visual_counterfact_color,432,True,True,irrelevant|counterfactual,True,True,True,True,True,True,0011,256,True
fastv,visual_counterfact_color_000362,validation,visual_counterfact_color,64,True,True,gray|counterfactual,True,False,False,False,False,False,0011,256,True
fastv,visual_counterfact_color_000362,validation,visual_counterfact_color,128,True,True,gray|counterfactual,True,False,False,False,False,False,0011,256,True
fastv,visual_counterfact_color_000362,validation,visual_counterfact_color,256,True,True,gray|counterfactual,True,True,True,True,True,True,0011,256,True
fastv,visual_counterfact_color_000362,validation,visual_counterfact_color,432,True,True,gray|counterfactual,True,True,True,True,True,True,0011,256,True
fastv,visual_counterfact_color_000365,test,visual_counterfact_color,64,True,True,counterfactual,True,True,True,True,True,True,1111,64,True
fastv,visual_counterfact_color_000365,test,visual_counterfact_color,128,True,True,counterfactual,True,True,True,True,True,True,1111,64,True
fastv,visual_counterfact_color_000365,test,visual_counterfact_color,256,True,True,counterfactual,True,True,True,True,True,True,1111,64,True
fastv,visual_counterfact_color_000365,test,visual_counterfact_color,432,True,True,counterfactual,True,True,True,True,True,True,1111,64,True
fastv,visual_counterfact_color_000366,test,visual_counterfact_color,64,True,True,counterfactual,True,True,True,True,True,True,1111,64,True
fastv,visual_counterfact_color_000366,test,visual_counterfact_color,128,True,True,counterfactual,True,True,True,True,True,True,1111,64,True
fastv,visual_counterfact_color_000366,test,visual_counterfact_color,256,True,True,counterfactual,True,True,True,True,True,True,1111,64,True
fastv,visual_counterfact_color_000366,test,visual_counterfact_color,432,True,True,counterfactual,True,True,True,True,True,True,1111,64,True
fastv,visual_counterfact_color_000367,test,visual_counterfact_color,64,True,True,irrelevant|counterfactual,True,False,False,False,False,False,0001,432,True
fastv,visual_counterfact_color_000367,test,visual_counterfact_color,128,True,True,irrelevant|counterfactual,True,False,False,False,False,False,0001,432,True
fastv,visual_counterfact_color_000367,test,visual_counterfact_color,256,True,True,irrelevant|counterfactual,True,False,False,False,False,False,0001,432,True
fastv,visual_counterfact_color_000367,test,visual_counterfact_color,432,True,True,irrelevant|counterfactual,True,True,True,True,True,True,0001,432,True
fastv,visual_counterfact_color_000369,test,visual_counterfact_color,64,True,True,counterfactual,True,True,True,True,True,True,1111,64,True
fastv,visual_counterfact_color_000369,test,visual_counterfact_color,128,True,True,counterfactual,True,True,True,True,True,True,1111,64,True
fastv,visual_counterfact_color_000369,test,visual_counterfact_color,256,True,True,counterfactual,True,True,True,True,True,True,1111,64,True
fastv,visual_counterfact_color_000369,test,visual_counterfact_color,432,True,True,counterfactual,True,True,True,True,True,True,1111,64,True
fastv,visual_counterfact_color_000370,test,visual_counterfact_color,64,True,True,counterfactual,True,True,True,True,True,True,1111,64,True
fastv,visual_counterfact_color_000370,test,visual_counterfact_color,128,True,True,counterfactual,True,True,True,True,True,True,1111,64,True
fastv,visual_counterfact_color_000370,test,visual_counterfact_color,256,True,True,counterfactual,True,True,True,True,True,True,1111,64,True
fastv,visual_counterfact_color_000370,test,visual_counterfact_color,432,True,True,counterfactual,True,True,True,True,True,True,1111,64,True
fastv,visual_counterfact_color_000371,test,visual_counterfact_color,64,True,True,counterfactual,True,True,True,True,True,True,1111,64,True
fastv,visual_counterfact_color_000371,test,visual_counterfact_color,128,True,True,counterfactual,True,True,True,True,True,True,1111,64,True
fastv,visual_counterfact_color_000371,test,visual_counterfact_color,256,True,True,counterfactual,True,True,True,True,True,True,1111,64,True
fastv,visual_counterfact_color_000371,test,visual_counterfact_color,432,True,True,counterfactual,True,True,True,True,True,True,1111,64,True
fastv,visual_counterfact_color_000377,test,visual_counterfact_color,64,True,True,counterfactual,True,True,True,True,True,True,1111,64,True
fastv,visual_counterfact_color_000377,test,visual_counterfact_color,128,True,True,counterfactual,True,True,True,True,True,True,1111,64,True
fastv,visual_counterfact_color_000377,test,visual_counterfact_color,256,True,True,counterfactual,True,True,True,True,True,True,1111,64,True
fastv,visual_counterfact_color_000377,test,visual_counterfact_color,432,True,True,counterfactual,True,True,True,True,True,True,1111,64,True
fastv,visual_counterfact_color_000378,test,visual_counterfact_color,64,True,True,counterfactual,True,True,True,True,True,True,1111,64,True
fastv,visual_counterfact_color_000378,test,visual_counterfact_color,128,True,True,counterfactual,True,True,True,True,True,True,1111,64,True
fastv,visual_counterfact_color_000378,test,visual_counterfact_color,256,True,True,counterfactual,True,True,True,True,True,True,1111,64,True
fastv,visual_counterfact_color_000378,test,visual_counterfact_color,432,True,True,counterfactual,True,True,True,True,True,True,1111,64,True
fastv,visual_counterfact_color_000380,test,visual_counterfact_color,64,True,True,counterfactual,True,True,True,True,True,True,1111,64,True
fastv,visual_counterfact_color_000380,test,visual_counterfact_color,128,True,True,counterfactual,True,True,True,True,True,True,1111,64,True
fastv,visual_counterfact_color_000380,test,visual_counterfact_color,256,True,True,counterfactual,True,True,True,True,True,True,1111,64,True
fastv,visual_counterfact_color_000380,test,visual_counterfact_color,432,True,True,counterfactual,True,True,True,True,True,True,1111,64,True
fastv,visual_counterfact_color_000387,test,visual_counterfact_color,64,True,True,counterfactual,True,True,True,True,True,True,1111,64,True
fastv,visual_counterfact_color_000387,test,visual_counterfact_color,128,True,True,counterfactual,True,True,True,True,True,True,1111,64,True
fastv,visual_counterfact_color_000387,test,visual_counterfact_color,256,True,True,counterfactual,True,True,True,True,True,True,1111,64,True
fastv,visual_counterfact_color_000387,test,visual_counterfact_color,432,True,True,counterfactual,True,True,True,True,True,True,1111,64,True
fastv,visual_counterfact_color_000388,validation,visual_counterfact_color,64,True,True,irrelevant|counterfactual,True,True,True,True,True,True,1111,64,True
fastv,visual_counterfact_color_000388,validation,visual_counterfact_color,128,True,True,irrelevant|counterfactual,True,True,True,True,True,True,1111,64,True
fastv,visual_counterfact_color_000388,validation,visual_counterfact_color,256,True,True,irrelevant|counterfactual,True,True,True,True,True,True,1111,64,True
fastv,visual_counterfact_color_000388,validation,visual_counterfact_color,432,True,True,irrelevant|counterfactual,True,True,True,True,True,True,1111,64,True
fastv,visual_counterfact_color_000396,test,visual_counterfact_color,64,True,True,counterfactual,True,True,True,True,True,True,1111,64,True
fastv,visual_counterfact_color_000396,test,visual_counterfact_color,128,True,True,counterfactual,True,True,True,True,True,True,1111,64,True
fastv,visual_counterfact_color_000396,test,visual_counterfact_color,256,True,True,counterfactual,True,True,True,True,True,True,1111,64,True
fastv,visual_counterfact_color_000396,test,visual_counterfact_color,432,True,True,counterfactual,True,True,True,True,True,True,1111,64,True
fastv,visual_counterfact_color_000397,test,visual_counterfact_color,64,True,True,counterfactual,True,True,True,True,True,True,1111,64,True
fastv,visual_counterfact_color_000397,test,visual_counterfact_color,128,True,True,counterfactual,True,True,True,True,True,True,1111,64,True
fastv,visual_counterfact_color_000397,test,visual_counterfact_color,256,True,True,counterfactual,True,True,True,True,True,True,1111,64,True
fastv,visual_counterfact_color_000397,test,visual_counterfact_color,432,True,True,counterfactual,True,True,True,True,True,True,1111,64,True
fastv,visual_counterfact_color_000399,test,visual_counterfact_color,64,True,True,counterfactual,True,True,True,True,True,True,1111,64,True
fastv,visual_counterfact_color_000399,test,visual_counterfact_color,128,True,True,counterfactual,True,True,True,True,True,True,1111,64,True
fastv,visual_counterfact_color_000399,test,visual_counterfact_color,256,True,True,counterfactual,True,True,True,True,True,True,1111,64,True
fastv,visual_counterfact_color_000399,test,visual_counterfact_color,432,True,True,counterfactual,True,True,True,True,True,True,1111,64,True
fastv,visual_counterfact_color_000404,test,visual_counterfact_color,64,True,True,counterfactual,True,True,True,True,True,True,1111,64,True
fastv,visual_counterfact_color_000404,test,visual_counterfact_color,128,True,True,counterfactual,True,True,True,True,True,True,1111,64,True
fastv,visual_counterfact_color_000404,test,visual_counterfact_color,256,True,True,counterfactual,True,True,True,True,True,True,1111,64,True
fastv,visual_counterfact_color_000404,test,visual_counterfact_color,432,True,True,counterfactual,True,True,True,True,True,True,1111,64,True
fastv,visual_counterfact_color_000405,test,visual_counterfact_color,64,True,True,counterfactual,True,True,True,True,True,True,1111,64,True
fastv,visual_counterfact_color_000405,test,visual_counterfact_color,128,True,True,counterfactual,True,True,True,True,True,True,1111,64,True
fastv,visual_counterfact_color_000405,test,visual_counterfact_color,256,True,True,counterfactual,True,True,True,True,True,True,1111,64,True
fastv,visual_counterfact_color_000405,test,visual_counterfact_color,432,True,True,counterfactual,True,True,True,True,True,True,1111,64,True
fastv,visual_counterfact_color_000406,test,visual_counterfact_color,64,True,True,counterfactual,True,True,True,True,True,True,1111,64,True
fastv,visual_counterfact_color_000406,test,visual_counterfact_color,128,True,True,counterfactual,True,True,True,True,True,True,1111,64,True
fastv,visual_counterfact_color_000406,test,visual_counterfact_color,256,True,True,counterfactual,True,True,True,True,True,True,1111,64,True
fastv,visual_counterfact_color_000406,test,visual_counterfact_color,432,True,True,counterfactual,True,True,True,True,True,True,1111,64,True
fastv,visual_counterfact_color_000407,test,visual_counterfact_color,64,True,True,counterfactual,True,True,True,True,True,True,1111,64,True
fastv,visual_counterfact_color_000407,test,visual_counterfact_color,128,True,True,counterfactual,True,True,True,True,True,True,1111,64,True
fastv,visual_counterfact_color_000407,test,visual_counterfact_color,256,True,True,counterfactual,True,True,True,True,True,True,1111,64,True
fastv,visual_counterfact_color_000407,test,visual_counterfact_color,432,True,True,counterfactual,True,True,True,True,True,True,1111,64,True
fastv,visual_counterfact_color_000408,test,visual_counterfact_color,64,True,True,counterfactual,True,True,True,True,True,True,1111,64,True
fastv,visual_counterfact_color_000408,test,visual_counterfact_color,128,True,True,counterfactual,True,True,True,True,True,True,1111,64,True
fastv,visual_counterfact_color_000408,test,visual_counterfact_color,256,True,True,counterfactual,True,True,True,True,True,True,1111,64,True
fastv,visual_counterfact_color_000408,test,visual_counterfact_color,432,True,True,counterfactual,True,True,True,True,True,True,1111,64,True
fastv,visual_counterfact_color_000409,test,visual_counterfact_color,64,True,True,counterfactual,True,True,True,True,True,True,1111,64,True
fastv,visual_counterfact_color_000409,test,visual_counterfact_color,128,True,True,counterfactual,True,True,True,True,True,True,1111,64,True
fastv,visual_counterfact_color_000409,test,visual_counterfact_color,256,True,True,counterfactual,True,True,True,True,True,True,1111,64,True
fastv,visual_counterfact_color_000409,test,visual_counterfact_color,432,True,True,counterfactual,True,True,True,True,True,True,1111,64,True
fastv,visual_counterfact_color_000411,test,visual_counterfact_color,64,True,True,counterfactual,True,True,True,True,True,True,1111,64,True
fastv,visual_counterfact_color_000411,test,visual_counterfact_color,128,True,True,counterfactual,True,True,True,True,True,True,1111,64,True
fastv,visual_counterfact_color_000411,test,visual_counterfact_color,256,True,True,counterfactual,True,True,True,True,True,True,1111,64,True
fastv,visual_counterfact_color_000411,test,visual_counterfact_color,432,True,True,counterfactual,True,True,True,True,True,True,1111,64,True
fastv,visual_counterfact_color_000413,test,visual_counterfact_color,64,True,True,counterfactual,True,True,True,True,True,True,1111,64,True
fastv,visual_counterfact_color_000413,test,visual_counterfact_color,128,True,True,counterfactual,True,True,True,True,True,True,1111,64,True
fastv,visual_counterfact_color_000413,test,visual_counterfact_color,256,True,True,counterfactual,True,True,True,True,True,True,1111,64,True
fastv,visual_counterfact_color_000413,test,visual_counterfact_color,432,True,True,counterfactual,True,True,True,True,True,True,1111,64,True
fastv,visual_counterfact_color_000415,test,visual_counterfact_color,64,True,True,counterfactual,True,False,False,False,False,False,0111,128,True
fastv,visual_counterfact_color_000415,test,visual_counterfact_color,128,True,True,counterfactual,True,True,True,True,True,True,0111,128,True
fastv,visual_counterfact_color_000415,test,visual_counterfact_color,256,True,True,counterfactual,True,True,True,True,True,True,0111,128,True
fastv,visual_counterfact_color_000415,test,visual_counterfact_color,432,True,True,counterfactual,True,True,True,True,True,True,0111,128,True
fastv,visual_counterfact_color_000418,validation,visual_counterfact_color,64,True,True,counterfactual,True,True,True,True,True,True,1111,64,True
fastv,visual_counterfact_color_000418,validation,visual_counterfact_color,128,True,True,counterfactual,True,True,True,True,True,True,1111,64,True
fastv,visual_counterfact_color_000418,validation,visual_counterfact_color,256,True,True,counterfactual,True,True,True,True,True,True,1111,64,True
fastv,visual_counterfact_color_000418,validation,visual_counterfact_color,432,True,True,counterfactual,True,True,True,True,True,True,1111,64,True
fastv,visual_counterfact_color_000419,test,visual_counterfact_color,64,True,True,counterfactual,True,True,True,True,True,True,1111,64,True
fastv,visual_counterfact_color_000419,test,visual_counterfact_color,128,True,True,counterfactual,True,True,True,True,True,True,1111,64,True
fastv,visual_counterfact_color_000419,test,visual_counterfact_color,256,True,True,counterfactual,True,True,True,True,True,True,1111,64,True
fastv,visual_counterfact_color_000419,test,visual_counterfact_color,432,True,True,counterfactual,True,True,True,True,True,True,1111,64,True
fastv,visual_counterfact_color_000421,validation,visual_counterfact_color,64,True,True,counterfactual,True,True,True,True,True,True,1111,64,True
fastv,visual_counterfact_color_000421,validation,visual_counterfact_color,128,True,True,counterfactual,True,True,True,True,True,True,1111,64,True
fastv,visual_counterfact_color_000421,validation,visual_counterfact_color,256,True,True,counterfactual,True,True,True,True,True,True,1111,64,True
fastv,visual_counterfact_color_000421,validation,visual_counterfact_color,432,True,True,counterfactual,True,True,True,True,True,True,1111,64,True
fastv,visual_counterfact_color_000426,test,visual_counterfact_color,64,True,True,counterfactual,True,False,False,False,False,False,0111,128,True
fastv,visual_counterfact_color_000426,test,visual_counterfact_color,128,True,True,counterfactual,True,True,True,True,True,True,0111,128,True
fastv,visual_counterfact_color_000426,test,visual_counterfact_color,256,True,True,counterfactual,True,True,True,True,True,True,0111,128,True
fastv,visual_counterfact_color_000426,test,visual_counterfact_color,432,True,True,counterfactual,True,True,True,True,True,True,0111,128,True
fastv,visual_counterfact_color_000428,test,visual_counterfact_color,64,True,True,counterfactual,True,True,True,True,True,True,1111,64,True
fastv,visual_counterfact_color_000428,test,visual_counterfact_color,128,True,True,counterfactual,True,True,True,True,True,True,1111,64,True
fastv,visual_counterfact_color_000428,test,visual_counterfact_color,256,True,True,counterfactual,True,True,True,True,True,True,1111,64,True
fastv,visual_counterfact_color_000428,test,visual_counterfact_color,432,True,True,counterfactual,True,True,True,True,True,True,1111,64,True
fastv,visual_counterfact_color_000429,test,visual_counterfact_color,64,True,True,counterfactual,True,True,True,True,True,True,1111,64,True
fastv,visual_counterfact_color_000429,test,visual_counterfact_color,128,True,True,counterfactual,True,True,True,True,True,True,1111,64,True
fastv,visual_counterfact_color_000429,test,visual_counterfact_color,256,True,True,counterfactual,True,True,True,True,True,True,1111,64,True
fastv,visual_counterfact_color_000429,test,visual_counterfact_color,432,True,True,counterfactual,True,True,True,True,True,True,1111,64,True
fastv,visual_counterfact_color_000436,test,visual_counterfact_color,64,True,True,counterfactual,True,True,True,True,True,True,1111,64,True
fastv,visual_counterfact_color_000436,test,visual_counterfact_color,128,True,True,counterfactual,True,True,True,True,True,True,1111,64,True
fastv,visual_counterfact_color_000436,test,visual_counterfact_color,256,True,True,counterfactual,True,True,True,True,True,True,1111,64,True
fastv,visual_counterfact_color_000436,test,visual_counterfact_color,432,True,True,counterfactual,True,True,True,True,True,True,1111,64,True
fastv,visual_counterfact_color_000444,test,visual_counterfact_color,64,True,True,counterfactual,True,True,True,True,True,True,1111,64,True
fastv,visual_counterfact_color_000444,test,visual_counterfact_color,128,True,True,counterfactual,True,True,True,True,True,True,1111,64,True
fastv,visual_counterfact_color_000444,test,visual_counterfact_color,256,True,True,counterfactual,True,True,True,True,True,True,1111,64,True
fastv,visual_counterfact_color_000444,test,visual_counterfact_color,432,True,True,counterfactual,True,True,True,True,True,True,1111,64,True
fastv,visual_counterfact_color_000446,test,visual_counterfact_color,64,True,True,irrelevant|counterfactual,True,True,True,True,True,True,1111,64,True
fastv,visual_counterfact_color_000446,test,visual_counterfact_color,128,True,True,irrelevant|counterfactual,True,True,True,True,True,True,1111,64,True
fastv,visual_counterfact_color_000446,test,visual_counterfact_color,256,True,True,irrelevant|counterfactual,True,True,True,True,True,True,1111,64,True
fastv,visual_counterfact_color_000446,test,visual_counterfact_color,432,True,True,irrelevant|counterfactual,True,True,True,True,True,True,1111,64,True
fastv,visual_counterfact_color_000451,validation,visual_counterfact_color,64,True,True,counterfactual,True,True,True,True,True,True,1111,64,True
fastv,visual_counterfact_color_000451,validation,visual_counterfact_color,128,True,True,counterfactual,True,True,True,True,True,True,1111,64,True
fastv,visual_counterfact_color_000451,validation,visual_counterfact_color,256,True,True,counterfactual,True,True,True,True,True,True,1111,64,True
fastv,visual_counterfact_color_000451,validation,visual_counterfact_color,432,True,True,counterfactual,True,True,True,True,True,True,1111,64,True
fastv,visual_counterfact_color_000455,test,visual_counterfact_color,64,True,True,counterfactual,True,True,True,True,True,True,1111,64,True
fastv,visual_counterfact_color_000455,test,visual_counterfact_color,128,True,True,counterfactual,True,True,True,True,True,True,1111,64,True
fastv,visual_counterfact_color_000455,test,visual_counterfact_color,256,True,True,counterfactual,True,True,True,True,True,True,1111,64,True
fastv,visual_counterfact_color_000455,test,visual_counterfact_color,432,True,True,counterfactual,True,True,True,True,True,True,1111,64,True
fastv,visual_counterfact_color_000459,test,visual_counterfact_color,64,True,True,irrelevant|counterfactual,True,True,True,True,True,True,1111,64,True
fastv,visual_counterfact_color_000459,test,visual_counterfact_color,128,True,True,irrelevant|counterfactual,True,True,True,True,True,True,1111,64,True
fastv,visual_counterfact_color_000459,test,visual_counterfact_color,256,True,True,irrelevant|counterfactual,True,True,True,True,True,True,1111,64,True
fastv,visual_counterfact_color_000459,test,visual_counterfact_color,432,True,True,irrelevant|counterfactual,True,True,True,True,True,True,1111,64,True
fastv,visual_counterfact_color_000463,test,visual_counterfact_color,64,True,True,gray|irrelevant|counterfactual,True,True,True,True,True,True,1111,64,True
fastv,visual_counterfact_color_000463,test,visual_counterfact_color,128,True,True,gray|irrelevant|counterfactual,True,True,True,True,True,True,1111,64,True
fastv,visual_counterfact_color_000463,test,visual_counterfact_color,256,True,True,gray|irrelevant|counterfactual,True,True,True,True,True,True,1111,64,True
fastv,visual_counterfact_color_000463,test,visual_counterfact_color,432,True,True,gray|irrelevant|counterfactual,True,True,True,True,True,True,1111,64,True
fastv,visual_counterfact_color_000464,test,visual_counterfact_color,64,True,True,counterfactual,True,True,True,True,True,True,1111,64,True
fastv,visual_counterfact_color_000464,test,visual_counterfact_color,128,True,True,counterfactual,True,True,True,True,True,True,1111,64,True
fastv,visual_counterfact_color_000464,test,visual_counterfact_color,256,True,True,counterfactual,True,True,True,True,True,True,1111,64,True
fastv,visual_counterfact_color_000464,test,visual_counterfact_color,432,True,True,counterfactual,True,True,True,True,True,True,1111,64,True
fastv,visual_counterfact_color_000470,test,visual_counterfact_color,64,True,True,counterfactual,True,True,True,True,True,True,1111,64,True
fastv,visual_counterfact_color_000470,test,visual_counterfact_color,128,True,True,counterfactual,True,True,True,True,True,True,1111,64,True
fastv,visual_counterfact_color_000470,test,visual_counterfact_color,256,True,True,counterfactual,True,True,True,True,True,True,1111,64,True
fastv,visual_counterfact_color_000470,test,visual_counterfact_color,432,True,True,counterfactual,True,True,True,True,True,True,1111,64,True
fastv,visual_counterfact_color_000472,validation,visual_counterfact_color,64,True,True,gray|irrelevant|counterfactual,False,False,True,False,False,False,0111,128,True
fastv,visual_counterfact_color_000472,validation,visual_counterfact_color,128,True,True,gray|irrelevant|counterfactual,True,True,True,True,True,True,0111,128,True
fastv,visual_counterfact_color_000472,validation,visual_counterfact_color,256,True,True,gray|irrelevant|counterfactual,True,True,True,True,True,True,0111,128,True
fastv,visual_counterfact_color_000472,validation,visual_counterfact_color,432,True,True,gray|irrelevant|counterfactual,True,True,True,True,True,True,0111,128,True
fastv,visual_counterfact_color_000473,validation,visual_counterfact_color,64,True,True,counterfactual,True,True,True,True,True,True,1111,64,True
fastv,visual_counterfact_color_000473,validation,visual_counterfact_color,128,True,True,counterfactual,True,True,True,True,True,True,1111,64,True
fastv,visual_counterfact_color_000473,validation,visual_counterfact_color,256,True,True,counterfactual,True,True,True,True,True,True,1111,64,True
fastv,visual_counterfact_color_000473,validation,visual_counterfact_color,432,True,True,counterfactual,True,True,True,True,True,True,1111,64,True
fastv,visual_counterfact_color_000474,validation,visual_counterfact_color,64,True,True,counterfactual,True,True,True,True,True,True,1111,64,True
fastv,visual_counterfact_color_000474,validation,visual_counterfact_color,128,True,True,counterfactual,True,True,True,True,True,True,1111,64,True
fastv,visual_counterfact_color_000474,validation,visual_counterfact_color,256,True,True,counterfactual,True,True,True,True,True,True,1111,64,True
fastv,visual_counterfact_color_000474,validation,visual_counterfact_color,432,True,True,counterfactual,True,True,True,True,True,True,1111,64,True
fastv,visual_counterfact_color_000475,test,visual_counterfact_color,64,True,True,counterfactual,True,True,True,True,True,True,1111,64,True
fastv,visual_counterfact_color_000475,test,visual_counterfact_color,128,True,True,counterfactual,True,True,True,True,True,True,1111,64,True
fastv,visual_counterfact_color_000475,test,visual_counterfact_color,256,True,True,counterfactual,True,True,True,True,True,True,1111,64,True
fastv,visual_counterfact_color_000475,test,visual_counterfact_color,432,True,True,counterfactual,True,True,True,True,True,True,1111,64,True
fastv,visual_counterfact_color_000478,test,visual_counterfact_color,64,True,True,counterfactual,True,True,True,True,True,True,1111,64,True
fastv,visual_counterfact_color_000478,test,visual_counterfact_color,128,True,True,counterfactual,True,True,True,True,True,True,1111,64,True
fastv,visual_counterfact_color_000478,test,visual_counterfact_color,256,True,True,counterfactual,True,True,True,True,True,True,1111,64,True
fastv,visual_counterfact_color_000478,test,visual_counterfact_color,432,True,True,counterfactual,True,True,True,True,True,True,1111,64,True
fastv,visual_counterfact_color_000486,validation,visual_counterfact_color,64,True,True,counterfactual,True,True,True,True,True,True,1111,64,True
fastv,visual_counterfact_color_000486,validation,visual_counterfact_color,128,True,True,counterfactual,True,True,True,True,True,True,1111,64,True
fastv,visual_counterfact_color_000486,validation,visual_counterfact_color,256,True,True,counterfactual,True,True,True,True,True,True,1111,64,True
fastv,visual_counterfact_color_000486,validation,visual_counterfact_color,432,True,True,counterfactual,True,True,True,True,True,True,1111,64,True
fastv,visual_counterfact_color_000489,test,visual_counterfact_color,64,True,True,counterfactual,True,True,True,True,True,True,1111,64,True
fastv,visual_counterfact_color_000489,test,visual_counterfact_color,128,True,True,counterfactual,True,True,True,True,True,True,1111,64,True
fastv,visual_counterfact_color_000489,test,visual_counterfact_color,256,True,True,counterfactual,True,True,True,True,True,True,1111,64,True
fastv,visual_counterfact_color_000489,test,visual_counterfact_color,432,True,True,counterfactual,True,True,True,True,True,True,1111,64,True
fastv,visual_counterfact_color_000490,test,visual_counterfact_color,64,False,False,,True,True,True,True,True,,1111,64,True
fastv,visual_counterfact_color_000490,test,visual_counterfact_color,128,False,False,,True,True,True,True,True,,1111,64,True
fastv,visual_counterfact_color_000490,test,visual_counterfact_color,256,False,False,,True,True,True,True,True,,1111,64,True
fastv,visual_counterfact_color_000490,test,visual_counterfact_color,432,False,False,,True,True,True,True,True,,1111,64,True
fastv,visual_counterfact_color_000492,test,visual_counterfact_color,64,True,False,,True,True,True,True,True,,1111,64,True
fastv,visual_counterfact_color_000492,test,visual_counterfact_color,128,True,False,,True,True,True,True,True,,1111,64,True
fastv,visual_counterfact_color_000492,test,visual_counterfact_color,256,True,False,,True,True,True,True,True,,1111,64,True
fastv,visual_counterfact_color_000492,test,visual_counterfact_color,432,True,False,,True,True,True,True,True,,1111,64,True
fastv,visual_counterfact_size_000004,test,visual_counterfact_size,64,True,True,counterfactual,True,True,True,True,True,True,1111,64,True
fastv,visual_counterfact_size_000004,test,visual_counterfact_size,128,True,True,counterfactual,True,True,True,True,True,True,1111,64,True
fastv,visual_counterfact_size_000004,test,visual_counterfact_size,256,True,True,counterfactual,True,True,True,True,True,True,1111,64,True
fastv,visual_counterfact_size_000004,test,visual_counterfact_size,432,True,True,counterfactual,True,True,True,True,True,True,1111,64,True
fastv,visual_counterfact_size_000005,test,visual_counterfact_size,64,False,True,gray|irrelevant,False,False,True,False,False,,0111,128,True
fastv,visual_counterfact_size_000005,test,visual_counterfact_size,128,False,True,gray|irrelevant,True,True,True,True,True,,0111,128,True
fastv,visual_counterfact_size_000005,test,visual_counterfact_size,256,False,True,gray|irrelevant,True,True,True,True,True,,0111,128,True
fastv,visual_counterfact_size_000005,test,visual_counterfact_size,432,False,True,gray|irrelevant,True,True,True,True,True,,0111,128,True
fastv,visual_counterfact_size_000011,test,visual_counterfact_size,64,True,True,irrelevant|counterfactual,True,False,False,False,False,False,0111,128,True
fastv,visual_counterfact_size_000011,test,visual_counterfact_size,128,True,True,irrelevant|counterfactual,True,True,True,True,True,True,0111,128,True
fastv,visual_counterfact_size_000011,test,visual_counterfact_size,256,True,True,irrelevant|counterfactual,True,True,True,True,True,True,0111,128,True
fastv,visual_counterfact_size_000011,test,visual_counterfact_size,432,True,True,irrelevant|counterfactual,True,True,True,True,True,True,0111,128,True
fastv,visual_counterfact_size_000017,test,visual_counterfact_size,64,False,True,irrelevant,True,False,False,False,False,,0001,432,True
fastv,visual_counterfact_size_000017,test,visual_counterfact_size,128,False,True,irrelevant,True,False,False,False,False,,0001,432,True
fastv,visual_counterfact_size_000017,test,visual_counterfact_size,256,False,True,irrelevant,True,False,False,False,False,,0001,432,True
fastv,visual_counterfact_size_000017,test,visual_counterfact_size,432,False,True,irrelevant,True,True,True,True,True,,0001,432,True
fastv,visual_counterfact_size_000022,test,visual_counterfact_size,64,True,True,irrelevant|counterfactual,False,False,False,False,False,False,0111,128,True
fastv,visual_counterfact_size_000022,test,visual_counterfact_size,128,True,True,irrelevant|counterfactual,True,True,True,True,True,True,0111,128,True
fastv,visual_counterfact_size_000022,test,visual_counterfact_size,256,True,True,irrelevant|counterfactual,True,True,True,True,True,True,0111,128,True
fastv,visual_counterfact_size_000022,test,visual_counterfact_size,432,True,True,irrelevant|counterfactual,True,True,True,True,True,True,0111,128,True
fastv,visual_counterfact_size_000023,test,visual_counterfact_size,64,True,True,gray|counterfactual,True,False,False,False,False,False,0100,128,False
fastv,visual_counterfact_size_000023,test,visual_counterfact_size,128,True,True,gray|counterfactual,True,True,True,True,True,True,0100,128,False
fastv,visual_counterfact_size_000023,test,visual_counterfact_size,256,True,True,gray|counterfactual,True,False,False,False,False,False,0100,128,False
fastv,visual_counterfact_size_000023,test,visual_counterfact_size,432,True,True,gray|counterfactual,True,False,False,False,False,False,0100,128,False
fastv,visual_counterfact_size_000024,test,visual_counterfact_size,64,True,True,irrelevant|counterfactual,True,False,False,False,False,False,0111,128,True
fastv,visual_counterfact_size_000024,test,visual_counterfact_size,128,True,True,irrelevant|counterfactual,True,True,True,True,True,True,0111,128,True
fastv,visual_counterfact_size_000024,test,visual_counterfact_size,256,True,True,irrelevant|counterfactual,True,True,True,True,True,True,0111,128,True
fastv,visual_counterfact_size_000024,test,visual_counterfact_size,432,True,True,irrelevant|counterfactual,True,True,True,True,True,True,0111,128,True
fastv,visual_counterfact_size_000026,test,visual_counterfact_size,64,True,True,gray|irrelevant|counterfactual,True,True,False,True,False,False,0111,128,True
fastv,visual_counterfact_size_000026,test,visual_counterfact_size,128,True,True,gray|irrelevant|counterfactual,True,True,True,True,True,True,0111,128,True
fastv,visual_counterfact_size_000026,test,visual_counterfact_size,256,True,True,gray|irrelevant|counterfactual,True,True,True,True,True,True,0111,128,True
fastv,visual_counterfact_size_000026,test,visual_counterfact_size,432,True,True,gray|irrelevant|counterfactual,True,True,True,True,True,True,0111,128,True
fastv,visual_counterfact_size_000028,test,visual_counterfact_size,64,True,True,irrelevant|counterfactual,True,True,False,True,False,False,0100,128,False
fastv,visual_counterfact_size_000028,test,visual_counterfact_size,128,True,True,irrelevant|counterfactual,True,True,True,True,True,True,0100,128,False
fastv,visual_counterfact_size_000028,test,visual_counterfact_size,256,True,True,irrelevant|counterfactual,True,True,False,True,False,False,0100,128,False
fastv,visual_counterfact_size_000028,test,visual_counterfact_size,432,True,True,irrelevant|counterfactual,True,True,False,True,False,False,0100,128,False
fastv,visual_counterfact_size_000029,test,visual_counterfact_size,64,True,True,irrelevant|counterfactual,True,True,False,True,False,False,0111,128,True
fastv,visual_counterfact_size_000029,test,visual_counterfact_size,128,True,True,irrelevant|counterfactual,True,True,True,True,True,True,0111,128,True
fastv,visual_counterfact_size_000029,test,visual_counterfact_size,256,True,True,irrelevant|counterfactual,True,True,True,True,True,True,0111,128,True
fastv,visual_counterfact_size_000029,test,visual_counterfact_size,432,True,True,irrelevant|counterfactual,True,True,True,True,True,True,0111,128,True
fastv,visual_counterfact_size_000039,validation,visual_counterfact_size,64,True,True,gray|counterfactual,True,True,True,True,True,True,1111,64,True
fastv,visual_counterfact_size_000039,validation,visual_counterfact_size,128,True,True,gray|counterfactual,True,True,True,True,True,True,1111,64,True
fastv,visual_counterfact_size_000039,validation,visual_counterfact_size,256,True,True,gray|counterfactual,True,True,True,True,True,True,1111,64,True
fastv,visual_counterfact_size_000039,validation,visual_counterfact_size,432,True,True,gray|counterfactual,True,True,True,True,True,True,1111,64,True
fastv,visual_counterfact_size_000047,test,visual_counterfact_size,64,True,True,irrelevant|counterfactual,True,False,False,False,False,False,0111,128,True
fastv,visual_counterfact_size_000047,test,visual_counterfact_size,128,True,True,irrelevant|counterfactual,True,True,True,True,True,True,0111,128,True
fastv,visual_counterfact_size_000047,test,visual_counterfact_size,256,True,True,irrelevant|counterfactual,True,True,True,True,True,True,0111,128,True
fastv,visual_counterfact_size_000047,test,visual_counterfact_size,432,True,True,irrelevant|counterfactual,True,True,True,True,True,True,0111,128,True
fastv,visual_counterfact_size_000048,test,visual_counterfact_size,64,True,True,gray|irrelevant|counterfactual,True,False,False,False,False,False,0001,432,True
fastv,visual_counterfact_size_000048,test,visual_counterfact_size,128,True,True,gray|irrelevant|counterfactual,True,False,False,False,False,False,0001,432,True
fastv,visual_counterfact_size_000048,test,visual_counterfact_size,256,True,True,gray|irrelevant|counterfactual,True,False,False,False,False,False,0001,432,True
fastv,visual_counterfact_size_000048,test,visual_counterfact_size,432,True,True,gray|irrelevant|counterfactual,True,True,True,True,True,True,0001,432,True
fastv,visual_counterfact_size_000051,validation,visual_counterfact_size,64,True,True,irrelevant|counterfactual,True,True,True,True,True,True,1101,64,False
fastv,visual_counterfact_size_000051,validation,visual_counterfact_size,128,True,True,irrelevant|counterfactual,True,True,True,True,True,True,1101,64,False
fastv,visual_counterfact_size_000051,validation,visual_counterfact_size,256,True,True,irrelevant|counterfactual,True,True,False,True,False,False,1101,64,False
fastv,visual_counterfact_size_000051,validation,visual_counterfact_size,432,True,True,irrelevant|counterfactual,True,True,True,True,True,True,1101,64,False
fastv,visual_counterfact_size_000056,test,visual_counterfact_size,64,True,True,irrelevant|counterfactual,True,False,False,False,False,False,0011,256,True
fastv,visual_counterfact_size_000056,test,visual_counterfact_size,128,True,True,irrelevant|counterfactual,True,False,False,False,False,False,0011,256,True
fastv,visual_counterfact_size_000056,test,visual_counterfact_size,256,True,True,irrelevant|counterfactual,True,True,True,True,True,True,0011,256,True
fastv,visual_counterfact_size_000056,test,visual_counterfact_size,432,True,True,irrelevant|counterfactual,True,True,True,True,True,True,0011,256,True
fastv,visual_counterfact_size_000066,test,visual_counterfact_size,64,False,True,gray|blur|irrelevant,True,True,True,True,True,,1111,64,True
fastv,visual_counterfact_size_000066,test,visual_counterfact_size,128,False,True,gray|blur|irrelevant,True,True,True,True,True,,1111,64,True
fastv,visual_counterfact_size_000066,test,visual_counterfact_size,256,False,True,gray|blur|irrelevant,True,True,True,True,True,,1111,64,True
fastv,visual_counterfact_size_000066,test,visual_counterfact_size,432,False,True,gray|blur|irrelevant,True,True,True,True,True,,1111,64,True
fastv,visual_counterfact_size_000067,test,visual_counterfact_size,64,True,True,counterfactual,True,True,True,True,True,True,1111,64,True
fastv,visual_counterfact_size_000067,test,visual_counterfact_size,128,True,True,counterfactual,True,True,True,True,True,True,1111,64,True
fastv,visual_counterfact_size_000067,test,visual_counterfact_size,256,True,True,counterfactual,True,True,True,True,True,True,1111,64,True
fastv,visual_counterfact_size_000067,test,visual_counterfact_size,432,True,True,counterfactual,True,True,True,True,True,True,1111,64,True
fastv,visual_counterfact_size_000068,test,visual_counterfact_size,64,True,True,counterfactual,True,True,True,True,True,True,1111,64,True
fastv,visual_counterfact_size_000068,test,visual_counterfact_size,128,True,True,counterfactual,True,True,True,True,True,True,1111,64,True
fastv,visual_counterfact_size_000068,test,visual_counterfact_size,256,True,True,counterfactual,True,True,True,True,True,True,1111,64,True
fastv,visual_counterfact_size_000068,test,visual_counterfact_size,432,True,True,counterfactual,True,True,True,True,True,True,1111,64,True
fastv,visual_counterfact_size_000073,validation,visual_counterfact_size,64,True,True,gray|counterfactual,True,False,False,False,False,False,0111,128,True
fastv,visual_counterfact_size_000073,validation,visual_counterfact_size,128,True,True,gray|counterfactual,True,True,True,True,True,True,0111,128,True
fastv,visual_counterfact_size_000073,validation,visual_counterfact_size,256,True,True,gray|counterfactual,True,True,True,True,True,True,0111,128,True
fastv,visual_counterfact_size_000073,validation,visual_counterfact_size,432,True,True,gray|counterfactual,True,True,True,True,True,True,0111,128,True
fastv,visual_counterfact_size_000076,test,visual_counterfact_size,64,True,True,gray|counterfactual,False,False,True,False,False,False,0011,256,True
fastv,visual_counterfact_size_000076,test,visual_counterfact_size,128,True,True,gray|counterfactual,False,False,True,False,False,False,0011,256,True
fastv,visual_counterfact_size_000076,test,visual_counterfact_size,256,True,True,gray|counterfactual,True,True,True,True,True,True,0011,256,True
fastv,visual_counterfact_size_000076,test,visual_counterfact_size,432,True,True,gray|counterfactual,True,True,True,True,True,True,0011,256,True
fastv,visual_counterfact_size_000082,test,visual_counterfact_size,64,True,True,irrelevant|counterfactual,True,False,False,False,False,False,0111,128,True
fastv,visual_counterfact_size_000082,test,visual_counterfact_size,128,True,True,irrelevant|counterfactual,True,True,True,True,True,True,0111,128,True
fastv,visual_counterfact_size_000082,test,visual_counterfact_size,256,True,True,irrelevant|counterfactual,True,True,True,True,True,True,0111,128,True
fastv,visual_counterfact_size_000082,test,visual_counterfact_size,432,True,True,irrelevant|counterfactual,True,True,True,True,True,True,0111,128,True
fastv,visual_counterfact_size_000085,test,visual_counterfact_size,64,True,True,gray|irrelevant|counterfactual,True,False,False,False,False,False,0111,128,True
fastv,visual_counterfact_size_000085,test,visual_counterfact_size,128,True,True,gray|irrelevant|counterfactual,True,True,True,True,True,True,0111,128,True
fastv,visual_counterfact_size_000085,test,visual_counterfact_size,256,True,True,gray|irrelevant|counterfactual,True,True,True,True,True,True,0111,128,True
fastv,visual_counterfact_size_000085,test,visual_counterfact_size,432,True,True,gray|irrelevant|counterfactual,True,True,True,True,True,True,0111,128,True
fastv,visual_counterfact_size_000086,test,visual_counterfact_size,64,True,True,blur|irrelevant|counterfactual,True,False,False,False,False,False,0001,432,True
fastv,visual_counterfact_size_000086,test,visual_counterfact_size,128,True,True,blur|irrelevant|counterfactual,True,False,False,False,False,False,0001,432,True
fastv,visual_counterfact_size_000086,test,visual_counterfact_size,256,True,True,blur|irrelevant|counterfactual,True,False,False,False,False,False,0001,432,True
fastv,visual_counterfact_size_000086,test,visual_counterfact_size,432,True,True,blur|irrelevant|counterfactual,True,True,True,True,True,True,0001,432,True
fastv,visual_counterfact_size_000087,test,visual_counterfact_size,64,True,True,gray|irrelevant|counterfactual,False,False,False,False,False,False,0011,256,True
fastv,visual_counterfact_size_000087,test,visual_counterfact_size,128,True,True,gray|irrelevant|counterfactual,True,True,False,True,False,False,0011,256,True
fastv,visual_counterfact_size_000087,test,visual_counterfact_size,256,True,True,gray|irrelevant|counterfactual,True,True,True,True,True,True,0011,256,True
fastv,visual_counterfact_size_000087,test,visual_counterfact_size,432,True,True,gray|irrelevant|counterfactual,True,True,True,True,True,True,0011,256,True
fastv,visual_counterfact_size_000091,test,visual_counterfact_size,64,True,True,gray|irrelevant|counterfactual,True,False,False,False,False,False,0111,128,True
fastv,visual_counterfact_size_000091,test,visual_counterfact_size,128,True,True,gray|irrelevant|counterfactual,True,True,True,True,True,True,0111,128,True
fastv,visual_counterfact_size_000091,test,visual_counterfact_size,256,True,True,gray|irrelevant|counterfactual,True,True,True,True,True,True,0111,128,True
fastv,visual_counterfact_size_000091,test,visual_counterfact_size,432,True,True,gray|irrelevant|counterfactual,True,True,True,True,True,True,0111,128,True
fastv,visual_counterfact_size_000092,test,visual_counterfact_size,64,True,True,irrelevant|counterfactual,False,False,False,False,False,False,0111,128,True
fastv,visual_counterfact_size_000092,test,visual_counterfact_size,128,True,True,irrelevant|counterfactual,True,True,True,True,True,True,0111,128,True
fastv,visual_counterfact_size_000092,test,visual_counterfact_size,256,True,True,irrelevant|counterfactual,True,True,True,True,True,True,0111,128,True
fastv,visual_counterfact_size_000092,test,visual_counterfact_size,432,True,True,irrelevant|counterfactual,True,True,True,True,True,True,0111,128,True
fastv,visual_counterfact_size_000094,test,visual_counterfact_size,64,True,True,gray|irrelevant,True,True,True,True,True,True,1111,64,True
fastv,visual_counterfact_size_000094,test,visual_counterfact_size,128,True,True,gray|irrelevant,True,True,True,True,True,True,1111,64,True
fastv,visual_counterfact_size_000094,test,visual_counterfact_size,256,True,True,gray|irrelevant,True,True,True,True,True,True,1111,64,True
fastv,visual_counterfact_size_000094,test,visual_counterfact_size,432,True,True,gray|irrelevant,True,True,True,True,True,True,1111,64,True
fastv,visual_counterfact_size_000100,validation,visual_counterfact_size,64,True,True,gray|irrelevant|counterfactual,True,False,False,False,False,False,0111,128,True
fastv,visual_counterfact_size_000100,validation,visual_counterfact_size,128,True,True,gray|irrelevant|counterfactual,True,True,True,True,True,True,0111,128,True
fastv,visual_counterfact_size_000100,validation,visual_counterfact_size,256,True,True,gray|irrelevant|counterfactual,True,True,True,True,True,True,0111,128,True
fastv,visual_counterfact_size_000100,validation,visual_counterfact_size,432,True,True,gray|irrelevant|counterfactual,True,True,True,True,True,True,0111,128,True
fastv,visual_counterfact_size_000102,test,visual_counterfact_size,64,True,True,counterfactual,False,False,True,False,False,False,0011,256,True
fastv,visual_counterfact_size_000102,test,visual_counterfact_size,128,True,True,counterfactual,False,False,True,False,False,False,0011,256,True
fastv,visual_counterfact_size_000102,test,visual_counterfact_size,256,True,True,counterfactual,True,True,True,True,True,True,0011,256,True
fastv,visual_counterfact_size_000102,test,visual_counterfact_size,432,True,True,counterfactual,True,True,True,True,True,True,0011,256,True
fastv,visual_counterfact_size_000105,test,visual_counterfact_size,64,False,True,blur|irrelevant,True,False,False,False,False,,0011,256,True
fastv,visual_counterfact_size_000105,test,visual_counterfact_size,128,False,True,blur|irrelevant,True,False,False,False,False,,0011,256,True
fastv,visual_counterfact_size_000105,test,visual_counterfact_size,256,False,True,blur|irrelevant,True,True,True,True,True,,0011,256,True
fastv,visual_counterfact_size_000105,test,visual_counterfact_size,432,False,True,blur|irrelevant,True,True,True,True,True,,0011,256,True
fastv,visual_counterfact_size_000108,test,visual_counterfact_size,64,True,True,irrelevant|counterfactual,True,False,False,False,False,False,0011,256,True
fastv,visual_counterfact_size_000108,test,visual_counterfact_size,128,True,True,irrelevant|counterfactual,True,False,False,False,False,False,0011,256,True
fastv,visual_counterfact_size_000108,test,visual_counterfact_size,256,True,True,irrelevant|counterfactual,True,True,True,True,True,True,0011,256,True
fastv,visual_counterfact_size_000108,test,visual_counterfact_size,432,True,True,irrelevant|counterfactual,True,True,True,True,True,True,0011,256,True
fastv,visual_counterfact_size_000113,test,visual_counterfact_size,64,True,True,counterfactual,True,True,True,True,True,True,1111,64,True
fastv,visual_counterfact_size_000113,test,visual_counterfact_size,128,True,True,counterfactual,True,True,True,True,True,True,1111,64,True
fastv,visual_counterfact_size_000113,test,visual_counterfact_size,256,True,True,counterfactual,True,True,True,True,True,True,1111,64,True
fastv,visual_counterfact_size_000113,test,visual_counterfact_size,432,True,True,counterfactual,True,True,True,True,True,True,1111,64,True
fastv,visual_counterfact_size_000115,test,visual_counterfact_size,64,True,True,irrelevant|counterfactual,True,True,False,True,False,False,0011,256,True
fastv,visual_counterfact_size_000115,test,visual_counterfact_size,128,True,True,irrelevant|counterfactual,True,True,False,True,False,False,0011,256,True
fastv,visual_counterfact_size_000115,test,visual_counterfact_size,256,True,True,irrelevant|counterfactual,True,True,True,True,True,True,0011,256,True
fastv,visual_counterfact_size_000115,test,visual_counterfact_size,432,True,True,irrelevant|counterfactual,True,True,True,True,True,True,0011,256,True
fastv,visual_counterfact_size_000118,validation,visual_counterfact_size,64,True,True,counterfactual,True,False,False,False,False,False,0011,256,True
fastv,visual_counterfact_size_000118,validation,visual_counterfact_size,128,True,True,counterfactual,True,False,False,False,False,False,0011,256,True
fastv,visual_counterfact_size_000118,validation,visual_counterfact_size,256,True,True,counterfactual,True,True,True,True,True,True,0011,256,True
fastv,visual_counterfact_size_000118,validation,visual_counterfact_size,432,True,True,counterfactual,True,True,True,True,True,True,0011,256,True
fastv,visual_counterfact_size_000123,test,visual_counterfact_size,64,True,True,irrelevant,True,False,False,False,False,False,0111,128,True
fastv,visual_counterfact_size_000123,test,visual_counterfact_size,128,True,True,irrelevant,True,True,True,True,True,True,0111,128,True
fastv,visual_counterfact_size_000123,test,visual_counterfact_size,256,True,True,irrelevant,True,True,True,True,True,True,0111,128,True
fastv,visual_counterfact_size_000123,test,visual_counterfact_size,432,True,True,irrelevant,True,True,True,True,True,True,0111,128,True
fastv,visual_counterfact_size_000126,test,visual_counterfact_size,64,True,True,gray|irrelevant|counterfactual,True,True,True,True,True,True,1111,64,True
fastv,visual_counterfact_size_000126,test,visual_counterfact_size,128,True,True,gray|irrelevant|counterfactual,True,True,True,True,True,True,1111,64,True
fastv,visual_counterfact_size_000126,test,visual_counterfact_size,256,True,True,gray|irrelevant|counterfactual,True,True,True,True,True,True,1111,64,True
fastv,visual_counterfact_size_000126,test,visual_counterfact_size,432,True,True,gray|irrelevant|counterfactual,True,True,True,True,True,True,1111,64,True
fastv,visual_counterfact_size_000127,test,visual_counterfact_size,64,True,False,,False,True,True,False,False,,0111,128,True
fastv,visual_counterfact_size_000127,test,visual_counterfact_size,128,True,False,,True,True,True,True,True,,0111,128,True
fastv,visual_counterfact_size_000127,test,visual_counterfact_size,256,True,False,,True,True,True,True,True,,0111,128,True
fastv,visual_counterfact_size_000127,test,visual_counterfact_size,432,True,False,,True,True,True,True,True,,0111,128,True
fastv,visual_counterfact_size_000132,test,visual_counterfact_size,64,True,True,irrelevant|counterfactual,True,False,False,False,False,False,0011,256,True
fastv,visual_counterfact_size_000132,test,visual_counterfact_size,128,True,True,irrelevant|counterfactual,True,False,False,False,False,False,0011,256,True
fastv,visual_counterfact_size_000132,test,visual_counterfact_size,256,True,True,irrelevant|counterfactual,True,True,True,True,True,True,0011,256,True
fastv,visual_counterfact_size_000132,test,visual_counterfact_size,432,True,True,irrelevant|counterfactual,True,True,True,True,True,True,0011,256,True
fastv,visual_counterfact_size_000134,test,visual_counterfact_size,64,True,True,irrelevant|counterfactual,True,False,False,False,False,False,0001,432,True
fastv,visual_counterfact_size_000134,test,visual_counterfact_size,128,True,True,irrelevant|counterfactual,True,False,False,False,False,False,0001,432,True
fastv,visual_counterfact_size_000134,test,visual_counterfact_size,256,True,True,irrelevant|counterfactual,True,False,False,False,False,False,0001,432,True
fastv,visual_counterfact_size_000134,test,visual_counterfact_size,432,True,True,irrelevant|counterfactual,True,True,True,True,True,True,0001,432,True
fastv,visual_counterfact_size_000144,test,visual_counterfact_size,64,True,True,counterfactual,True,False,False,False,False,False,0001,432,True
fastv,visual_counterfact_size_000144,test,visual_counterfact_size,128,True,True,counterfactual,True,False,False,False,False,False,0001,432,True
fastv,visual_counterfact_size_000144,test,visual_counterfact_size,256,True,True,counterfactual,True,False,False,False,False,False,0001,432,True
fastv,visual_counterfact_size_000144,test,visual_counterfact_size,432,True,True,counterfactual,True,True,True,True,True,True,0001,432,True
fastv,visual_counterfact_size_000148,test,visual_counterfact_size,64,False,True,gray|irrelevant,True,True,True,True,True,,1111,64,True
fastv,visual_counterfact_size_000148,test,visual_counterfact_size,128,False,True,gray|irrelevant,True,True,True,True,True,,1111,64,True
fastv,visual_counterfact_size_000148,test,visual_counterfact_size,256,False,True,gray|irrelevant,True,True,True,True,True,,1111,64,True
fastv,visual_counterfact_size_000148,test,visual_counterfact_size,432,False,True,gray|irrelevant,True,True,True,True,True,,1111,64,True
fastv,visual_counterfact_size_000152,test,visual_counterfact_size,64,True,True,counterfactual,True,True,True,True,True,True,1111,64,True
fastv,visual_counterfact_size_000152,test,visual_counterfact_size,128,True,True,counterfactual,True,True,True,True,True,True,1111,64,True
fastv,visual_counterfact_size_000152,test,visual_counterfact_size,256,True,True,counterfactual,True,True,True,True,True,True,1111,64,True
fastv,visual_counterfact_size_000152,test,visual_counterfact_size,432,True,True,counterfactual,True,True,True,True,True,True,1111,64,True
fastv,visual_counterfact_size_000158,test,visual_counterfact_size,64,True,True,irrelevant|counterfactual,False,False,False,False,False,False,0111,128,True
fastv,visual_counterfact_size_000158,test,visual_counterfact_size,128,True,True,irrelevant|counterfactual,True,True,True,True,True,True,0111,128,True
fastv,visual_counterfact_size_000158,test,visual_counterfact_size,256,True,True,irrelevant|counterfactual,True,True,True,True,True,True,0111,128,True
fastv,visual_counterfact_size_000158,test,visual_counterfact_size,432,True,True,irrelevant|counterfactual,True,True,True,True,True,True,0111,128,True
fastv,visual_counterfact_size_000162,test,visual_counterfact_size,64,False,True,gray|blur|irrelevant,True,True,False,True,False,,0000,full,True
fastv,visual_counterfact_size_000162,test,visual_counterfact_size,128,False,True,gray|blur|irrelevant,True,True,False,True,False,,0000,full,True
fastv,visual_counterfact_size_000162,test,visual_counterfact_size,256,False,True,gray|blur|irrelevant,True,True,False,True,False,,0000,full,True
fastv,visual_counterfact_size_000162,test,visual_counterfact_size,432,False,True,gray|blur|irrelevant,True,True,False,True,False,,0000,full,True
fastv,visual_counterfact_size_000164,validation,visual_counterfact_size,64,True,True,gray|irrelevant|counterfactual,True,False,False,False,False,False,0101,128,False
fastv,visual_counterfact_size_000164,validation,visual_counterfact_size,128,True,True,gray|irrelevant|counterfactual,True,True,True,True,True,True,0101,128,False
fastv,visual_counterfact_size_000164,validation,visual_counterfact_size,256,True,True,gray|irrelevant|counterfactual,True,False,False,False,False,False,0101,128,False
fastv,visual_counterfact_size_000164,validation,visual_counterfact_size,432,True,True,gray|irrelevant|counterfactual,True,True,True,True,True,True,0101,128,False
fastv,visual_counterfact_size_000167,test,visual_counterfact_size,64,True,True,irrelevant,False,True,False,False,False,False,0001,432,True
fastv,visual_counterfact_size_000167,test,visual_counterfact_size,128,True,True,irrelevant,True,True,False,True,False,False,0001,432,True
fastv,visual_counterfact_size_000167,test,visual_counterfact_size,256,True,True,irrelevant,True,True,False,True,False,False,0001,432,True
fastv,visual_counterfact_size_000167,test,visual_counterfact_size,432,True,True,irrelevant,True,True,True,True,True,True,0001,432,True
fastv,visual_counterfact_size_000169,test,visual_counterfact_size,64,True,True,irrelevant|counterfactual,True,False,False,False,False,False,0111,128,True
fastv,visual_counterfact_size_000169,test,visual_counterfact_size,128,True,True,irrelevant|counterfactual,True,True,True,True,True,True,0111,128,True
fastv,visual_counterfact_size_000169,test,visual_counterfact_size,256,True,True,irrelevant|counterfactual,True,True,True,True,True,True,0111,128,True
fastv,visual_counterfact_size_000169,test,visual_counterfact_size,432,True,True,irrelevant|counterfactual,True,True,True,True,True,True,0111,128,True
fastv,visual_counterfact_size_000176,test,visual_counterfact_size,64,True,True,gray|irrelevant|counterfactual,True,True,True,True,True,True,1011,64,False
fastv,visual_counterfact_size_000176,test,visual_counterfact_size,128,True,True,gray|irrelevant|counterfactual,True,True,False,True,False,False,1011,64,False
fastv,visual_counterfact_size_000176,test,visual_counterfact_size,256,True,True,gray|irrelevant|counterfactual,True,True,True,True,True,True,1011,64,False
fastv,visual_counterfact_size_000176,test,visual_counterfact_size,432,True,True,gray|irrelevant|counterfactual,True,True,True,True,True,True,1011,64,False
fastv,visual_counterfact_size_000177,validation,visual_counterfact_size,64,True,True,counterfactual,False,False,True,False,False,False,0111,128,True
fastv,visual_counterfact_size_000177,validation,visual_counterfact_size,128,True,True,counterfactual,True,True,True,True,True,True,0111,128,True
fastv,visual_counterfact_size_000177,validation,visual_counterfact_size,256,True,True,counterfactual,True,True,True,True,True,True,0111,128,True
fastv,visual_counterfact_size_000177,validation,visual_counterfact_size,432,True,True,counterfactual,True,True,True,True,True,True,0111,128,True
fastv,visual_counterfact_size_000189,test,visual_counterfact_size,64,True,True,irrelevant|counterfactual,True,False,False,False,False,False,0111,128,True
fastv,visual_counterfact_size_000189,test,visual_counterfact_size,128,True,True,irrelevant|counterfactual,True,True,True,True,True,True,0111,128,True
fastv,visual_counterfact_size_000189,test,visual_counterfact_size,256,True,True,irrelevant|counterfactual,True,True,True,True,True,True,0111,128,True
fastv,visual_counterfact_size_000189,test,visual_counterfact_size,432,True,True,irrelevant|counterfactual,True,True,True,True,True,True,0111,128,True
fastv,visual_counterfact_size_000194,test,visual_counterfact_size,64,False,False,,True,True,True,True,True,,1111,64,True
fastv,visual_counterfact_size_000194,test,visual_counterfact_size,128,False,False,,True,True,True,True,True,,1111,64,True
fastv,visual_counterfact_size_000194,test,visual_counterfact_size,256,False,False,,True,True,True,True,True,,1111,64,True
fastv,visual_counterfact_size_000194,test,visual_counterfact_size,432,False,False,,True,True,True,True,True,,1111,64,True
fastv,visual_counterfact_size_000195,test,visual_counterfact_size,64,True,True,counterfactual,False,True,False,False,False,False,0111,128,True
fastv,visual_counterfact_size_000195,test,visual_counterfact_size,128,True,True,counterfactual,True,True,True,True,True,True,0111,128,True
fastv,visual_counterfact_size_000195,test,visual_counterfact_size,256,True,True,counterfactual,True,True,True,True,True,True,0111,128,True
fastv,visual_counterfact_size_000195,test,visual_counterfact_size,432,True,True,counterfactual,True,True,True,True,True,True,0111,128,True
fastv,visual_counterfact_size_000199,test,visual_counterfact_size,64,True,True,irrelevant|counterfactual,True,False,False,False,False,False,0001,432,True
fastv,visual_counterfact_size_000199,test,visual_counterfact_size,128,True,True,irrelevant|counterfactual,True,True,False,True,False,False,0001,432,True
fastv,visual_counterfact_size_000199,test,visual_counterfact_size,256,True,True,irrelevant|counterfactual,True,True,False,True,False,False,0001,432,True
fastv,visual_counterfact_size_000199,test,visual_counterfact_size,432,True,True,irrelevant|counterfactual,True,True,True,True,True,True,0001,432,True
fastv,visual_counterfact_size_000201,test,visual_counterfact_size,64,True,True,gray|irrelevant,False,False,False,False,False,False,0001,432,True
fastv,visual_counterfact_size_000201,test,visual_counterfact_size,128,True,True,gray|irrelevant,True,True,False,True,False,False,0001,432,True
fastv,visual_counterfact_size_000201,test,visual_counterfact_size,256,True,True,gray|irrelevant,True,True,False,True,False,False,0001,432,True
fastv,visual_counterfact_size_000201,test,visual_counterfact_size,432,True,True,gray|irrelevant,True,True,True,True,True,True,0001,432,True
fastv,visual_counterfact_size_000204,test,visual_counterfact_size,64,False,True,gray|blur|irrelevant,True,False,False,False,False,,0111,128,True
fastv,visual_counterfact_size_000204,test,visual_counterfact_size,128,False,True,gray|blur|irrelevant,True,True,True,True,True,,0111,128,True
fastv,visual_counterfact_size_000204,test,visual_counterfact_size,256,False,True,gray|blur|irrelevant,True,True,True,True,True,,0111,128,True
fastv,visual_counterfact_size_000204,test,visual_counterfact_size,432,False,True,gray|blur|irrelevant,True,True,True,True,True,,0111,128,True
fastv,visual_counterfact_size_000206,test,visual_counterfact_size,64,True,True,irrelevant,True,True,True,True,True,True,1111,64,True
fastv,visual_counterfact_size_000206,test,visual_counterfact_size,128,True,True,irrelevant,True,True,True,True,True,True,1111,64,True
fastv,visual_counterfact_size_000206,test,visual_counterfact_size,256,True,True,irrelevant,True,True,True,True,True,True,1111,64,True
fastv,visual_counterfact_size_000206,test,visual_counterfact_size,432,True,True,irrelevant,True,True,True,True,True,True,1111,64,True
fastv,visual_counterfact_size_000215,validation,visual_counterfact_size,64,True,True,irrelevant|counterfactual,False,False,True,False,False,False,0111,128,True
fastv,visual_counterfact_size_000215,validation,visual_counterfact_size,128,True,True,irrelevant|counterfactual,True,True,True,True,True,True,0111,128,True
fastv,visual_counterfact_size_000215,validation,visual_counterfact_size,256,True,True,irrelevant|counterfactual,True,True,True,True,True,True,0111,128,True
fastv,visual_counterfact_size_000215,validation,visual_counterfact_size,432,True,True,irrelevant|counterfactual,True,True,True,True,True,True,0111,128,True
fastv,visual_counterfact_size_000216,test,visual_counterfact_size,64,True,True,irrelevant,True,True,False,True,False,False,0111,128,True
fastv,visual_counterfact_size_000216,test,visual_counterfact_size,128,True,True,irrelevant,True,True,True,True,True,True,0111,128,True
fastv,visual_counterfact_size_000216,test,visual_counterfact_size,256,True,True,irrelevant,True,True,True,True,True,True,0111,128,True
fastv,visual_counterfact_size_000216,test,visual_counterfact_size,432,True,True,irrelevant,True,True,True,True,True,True,0111,128,True
fastv,visual_counterfact_size_000218,validation,visual_counterfact_size,64,True,True,irrelevant,False,True,True,False,False,False,0111,128,True
fastv,visual_counterfact_size_000218,validation,visual_counterfact_size,128,True,True,irrelevant,True,True,True,True,True,True,0111,128,True
fastv,visual_counterfact_size_000218,validation,visual_counterfact_size,256,True,True,irrelevant,True,True,True,True,True,True,0111,128,True
fastv,visual_counterfact_size_000218,validation,visual_counterfact_size,432,True,True,irrelevant,True,True,True,True,True,True,0111,128,True
fastv,visual_counterfact_size_000219,test,visual_counterfact_size,64,False,True,irrelevant,True,True,True,True,True,,1111,64,True
fastv,visual_counterfact_size_000219,test,visual_counterfact_size,128,False,True,irrelevant,True,True,True,True,True,,1111,64,True
fastv,visual_counterfact_size_000219,test,visual_counterfact_size,256,False,True,irrelevant,True,True,True,True,True,,1111,64,True
fastv,visual_counterfact_size_000219,test,visual_counterfact_size,432,False,True,irrelevant,True,True,True,True,True,,1111,64,True
fastv,visual_counterfact_size_000227,test,visual_counterfact_size,64,True,True,gray|irrelevant|counterfactual,True,True,True,True,True,True,1111,64,True
fastv,visual_counterfact_size_000227,test,visual_counterfact_size,128,True,True,gray|irrelevant|counterfactual,True,True,True,True,True,True,1111,64,True
fastv,visual_counterfact_size_000227,test,visual_counterfact_size,256,True,True,gray|irrelevant|counterfactual,True,True,True,True,True,True,1111,64,True
fastv,visual_counterfact_size_000227,test,visual_counterfact_size,432,True,True,gray|irrelevant|counterfactual,True,True,True,True,True,True,1111,64,True
fastv,visual_counterfact_size_000229,test,visual_counterfact_size,64,True,True,gray|counterfactual,True,True,True,True,True,True,1111,64,True
fastv,visual_counterfact_size_000229,test,visual_counterfact_size,128,True,True,gray|counterfactual,True,True,True,True,True,True,1111,64,True
fastv,visual_counterfact_size_000229,test,visual_counterfact_size,256,True,True,gray|counterfactual,True,True,True,True,True,True,1111,64,True
fastv,visual_counterfact_size_000229,test,visual_counterfact_size,432,True,True,gray|counterfactual,True,True,True,True,True,True,1111,64,True
fastv,visual_counterfact_size_000230,test,visual_counterfact_size,64,False,True,gray|blur|irrelevant,False,False,True,False,False,,0011,256,True
fastv,visual_counterfact_size_000230,test,visual_counterfact_size,128,False,True,gray|blur|irrelevant,False,False,True,False,False,,0011,256,True
fastv,visual_counterfact_size_000230,test,visual_counterfact_size,256,False,True,gray|blur|irrelevant,True,True,True,True,True,,0011,256,True
fastv,visual_counterfact_size_000230,test,visual_counterfact_size,432,False,True,gray|blur|irrelevant,True,True,True,True,True,,0011,256,True
fastv,visual_counterfact_size_000233,test,visual_counterfact_size,64,True,True,irrelevant|counterfactual,True,True,False,True,False,False,0000,full,True
fastv,visual_counterfact_size_000233,test,visual_counterfact_size,128,True,True,irrelevant|counterfactual,True,True,False,True,False,False,0000,full,True
fastv,visual_counterfact_size_000233,test,visual_counterfact_size,256,True,True,irrelevant|counterfactual,True,True,False,True,False,False,0000,full,True
fastv,visual_counterfact_size_000233,test,visual_counterfact_size,432,True,True,irrelevant|counterfactual,True,True,False,True,False,False,0000,full,True
fastv,visual_counterfact_size_000242,validation,visual_counterfact_size,64,True,True,gray|irrelevant|counterfactual,False,False,True,False,False,False,0111,128,True
fastv,visual_counterfact_size_000242,validation,visual_counterfact_size,128,True,True,gray|irrelevant|counterfactual,True,True,True,True,True,True,0111,128,True
fastv,visual_counterfact_size_000242,validation,visual_counterfact_size,256,True,True,gray|irrelevant|counterfactual,True,True,True,True,True,True,0111,128,True
fastv,visual_counterfact_size_000242,validation,visual_counterfact_size,432,True,True,gray|irrelevant|counterfactual,True,True,True,True,True,True,0111,128,True
fastv,visual_counterfact_size_000252,test,visual_counterfact_size,64,False,True,blur,True,True,True,True,True,,1111,64,True
fastv,visual_counterfact_size_000252,test,visual_counterfact_size,128,False,True,blur,True,True,True,True,True,,1111,64,True
fastv,visual_counterfact_size_000252,test,visual_counterfact_size,256,False,True,blur,True,True,True,True,True,,1111,64,True
fastv,visual_counterfact_size_000252,test,visual_counterfact_size,432,False,True,blur,True,True,True,True,True,,1111,64,True
fastv,visual_counterfact_size_000254,test,visual_counterfact_size,64,False,True,gray|blur|irrelevant,True,False,False,False,False,,0001,432,True
fastv,visual_counterfact_size_000254,test,visual_counterfact_size,128,False,True,gray|blur|irrelevant,True,False,False,False,False,,0001,432,True
fastv,visual_counterfact_size_000254,test,visual_counterfact_size,256,False,True,gray|blur|irrelevant,True,False,False,False,False,,0001,432,True
fastv,visual_counterfact_size_000254,test,visual_counterfact_size,432,False,True,gray|blur|irrelevant,True,True,True,True,True,,0001,432,True
fastv,visual_counterfact_size_000255,test,visual_counterfact_size,64,False,True,irrelevant,True,True,True,True,True,,1101,64,False
fastv,visual_counterfact_size_000255,test,visual_counterfact_size,128,False,True,irrelevant,True,True,True,True,True,,1101,64,False
fastv,visual_counterfact_size_000255,test,visual_counterfact_size,256,False,True,irrelevant,True,True,False,True,False,,1101,64,False
fastv,visual_counterfact_size_000255,test,visual_counterfact_size,432,False,True,irrelevant,True,True,True,True,True,,1101,64,False
fastv,visual_counterfact_size_000257,test,visual_counterfact_size,64,True,True,irrelevant|counterfactual,True,False,False,False,False,False,0111,128,True
fastv,visual_counterfact_size_000257,test,visual_counterfact_size,128,True,True,irrelevant|counterfactual,True,True,True,True,True,True,0111,128,True
fastv,visual_counterfact_size_000257,test,visual_counterfact_size,256,True,True,irrelevant|counterfactual,True,True,True,True,True,True,0111,128,True
fastv,visual_counterfact_size_000257,test,visual_counterfact_size,432,True,True,irrelevant|counterfactual,True,True,True,True,True,True,0111,128,True
fastv,visual_counterfact_size_000261,test,visual_counterfact_size,64,True,True,irrelevant|counterfactual,False,False,True,False,False,False,0111,128,True
fastv,visual_counterfact_size_000261,test,visual_counterfact_size,128,True,True,irrelevant|counterfactual,True,True,True,True,True,True,0111,128,True
fastv,visual_counterfact_size_000261,test,visual_counterfact_size,256,True,True,irrelevant|counterfactual,True,True,True,True,True,True,0111,128,True
fastv,visual_counterfact_size_000261,test,visual_counterfact_size,432,True,True,irrelevant|counterfactual,True,True,True,True,True,True,0111,128,True
fastv,visual_counterfact_size_000266,test,visual_counterfact_size,64,True,True,irrelevant|counterfactual,False,False,True,False,False,False,0111,128,True
fastv,visual_counterfact_size_000266,test,visual_counterfact_size,128,True,True,irrelevant|counterfactual,True,True,True,True,True,True,0111,128,True
fastv,visual_counterfact_size_000266,test,visual_counterfact_size,256,True,True,irrelevant|counterfactual,True,True,True,True,True,True,0111,128,True
fastv,visual_counterfact_size_000266,test,visual_counterfact_size,432,True,True,irrelevant|counterfactual,True,True,True,True,True,True,0111,128,True
fastv,visual_counterfact_size_000269,test,visual_counterfact_size,64,False,True,gray|irrelevant,True,True,True,True,True,,1111,64,True
fastv,visual_counterfact_size_000269,test,visual_counterfact_size,128,False,True,gray|irrelevant,True,True,True,True,True,,1111,64,True
fastv,visual_counterfact_size_000269,test,visual_counterfact_size,256,False,True,gray|irrelevant,True,True,True,True,True,,1111,64,True
fastv,visual_counterfact_size_000269,test,visual_counterfact_size,432,False,True,gray|irrelevant,True,True,True,True,True,,1111,64,True
fastv,visual_counterfact_size_000271,validation,visual_counterfact_size,64,True,True,gray|irrelevant|counterfactual,False,False,False,False,False,False,0011,256,True
fastv,visual_counterfact_size_000271,validation,visual_counterfact_size,128,True,True,gray|irrelevant|counterfactual,True,True,False,True,False,False,0011,256,True
fastv,visual_counterfact_size_000271,validation,visual_counterfact_size,256,True,True,gray|irrelevant|counterfactual,True,True,True,True,True,True,0011,256,True
fastv,visual_counterfact_size_000271,validation,visual_counterfact_size,432,True,True,gray|irrelevant|counterfactual,True,True,True,True,True,True,0011,256,True
fastv,visual_counterfact_size_000273,test,visual_counterfact_size,64,True,True,irrelevant|counterfactual,True,False,False,False,False,False,0111,128,True
fastv,visual_counterfact_size_000273,test,visual_counterfact_size,128,True,True,irrelevant|counterfactual,True,True,True,True,True,True,0111,128,True
fastv,visual_counterfact_size_000273,test,visual_counterfact_size,256,True,True,irrelevant|counterfactual,True,True,True,True,True,True,0111,128,True
fastv,visual_counterfact_size_000273,test,visual_counterfact_size,432,True,True,irrelevant|counterfactual,True,True,True,True,True,True,0111,128,True
fastv,visual_counterfact_size_000274,test,visual_counterfact_size,64,True,True,gray|irrelevant|counterfactual,False,False,False,False,False,False,0011,256,True
fastv,visual_counterfact_size_000274,test,visual_counterfact_size,128,True,True,gray|irrelevant|counterfactual,False,False,True,False,False,False,0011,256,True
fastv,visual_counterfact_size_000274,test,visual_counterfact_size,256,True,True,gray|irrelevant|counterfactual,True,True,True,True,True,True,0011,256,True
fastv,visual_counterfact_size_000274,test,visual_counterfact_size,432,True,True,gray|irrelevant|counterfactual,True,True,True,True,True,True,0011,256,True
fastv,visual_counterfact_size_000275,validation,visual_counterfact_size,64,True,True,irrelevant|counterfactual,True,False,False,False,False,False,0001,432,True
fastv,visual_counterfact_size_000275,validation,visual_counterfact_size,128,True,True,irrelevant|counterfactual,True,False,False,False,False,False,0001,432,True
fastv,visual_counterfact_size_000275,validation,visual_counterfact_size,256,True,True,irrelevant|counterfactual,True,False,False,False,False,False,0001,432,True
fastv,visual_counterfact_size_000275,validation,visual_counterfact_size,432,True,True,irrelevant|counterfactual,True,True,True,True,True,True,0001,432,True
fastv,visual_counterfact_size_000276,test,visual_counterfact_size,64,True,True,irrelevant|counterfactual,True,True,True,True,True,True,1111,64,True
fastv,visual_counterfact_size_000276,test,visual_counterfact_size,128,True,True,irrelevant|counterfactual,True,True,True,True,True,True,1111,64,True
fastv,visual_counterfact_size_000276,test,visual_counterfact_size,256,True,True,irrelevant|counterfactual,True,True,True,True,True,True,1111,64,True
fastv,visual_counterfact_size_000276,test,visual_counterfact_size,432,True,True,irrelevant|counterfactual,True,True,True,True,True,True,1111,64,True
fastv,visual_counterfact_size_000280,test,visual_counterfact_size,64,True,True,irrelevant|counterfactual,True,True,False,True,False,False,0000,full,True
fastv,visual_counterfact_size_000280,test,visual_counterfact_size,128,True,True,irrelevant|counterfactual,True,True,False,True,False,False,0000,full,True
fastv,visual_counterfact_size_000280,test,visual_counterfact_size,256,True,True,irrelevant|counterfactual,True,True,False,True,False,False,0000,full,True
fastv,visual_counterfact_size_000280,test,visual_counterfact_size,432,True,True,irrelevant|counterfactual,True,True,False,True,False,False,0000,full,True
fastv,visual_counterfact_size_000281,test,visual_counterfact_size,64,True,True,gray|irrelevant|counterfactual,True,False,False,False,False,False,0011,256,True
fastv,visual_counterfact_size_000281,test,visual_counterfact_size,128,True,True,gray|irrelevant|counterfactual,True,False,False,False,False,False,0011,256,True
fastv,visual_counterfact_size_000281,test,visual_counterfact_size,256,True,True,gray|irrelevant|counterfactual,True,True,True,True,True,True,0011,256,True
fastv,visual_counterfact_size_000281,test,visual_counterfact_size,432,True,True,gray|irrelevant|counterfactual,True,True,True,True,True,True,0011,256,True
fastv,visual_counterfact_size_000282,test,visual_counterfact_size,64,True,True,gray|blur|irrelevant|counterfactual,False,False,True,False,False,False,0111,128,True
fastv,visual_counterfact_size_000282,test,visual_counterfact_size,128,True,True,gray|blur|irrelevant|counterfactual,True,True,True,True,True,True,0111,128,True
fastv,visual_counterfact_size_000282,test,visual_counterfact_size,256,True,True,gray|blur|irrelevant|counterfactual,True,True,True,True,True,True,0111,128,True
fastv,visual_counterfact_size_000282,test,visual_counterfact_size,432,True,True,gray|blur|irrelevant|counterfactual,True,True,True,True,True,True,0111,128,True
fastv,visual_counterfact_size_000283,test,visual_counterfact_size,64,True,True,blur|counterfactual,True,True,True,True,True,True,1111,64,True
fastv,visual_counterfact_size_000283,test,visual_counterfact_size,128,True,True,blur|counterfactual,True,True,True,True,True,True,1111,64,True
fastv,visual_counterfact_size_000283,test,visual_counterfact_size,256,True,True,blur|counterfactual,True,True,True,True,True,True,1111,64,True
fastv,visual_counterfact_size_000283,test,visual_counterfact_size,432,True,True,blur|counterfactual,True,True,True,True,True,True,1111,64,True
fastv,visual_counterfact_size_000286,test,visual_counterfact_size,64,True,True,counterfactual,False,True,False,False,False,False,0011,256,True
fastv,visual_counterfact_size_000286,test,visual_counterfact_size,128,True,True,counterfactual,True,False,False,False,False,False,0011,256,True
fastv,visual_counterfact_size_000286,test,visual_counterfact_size,256,True,True,counterfactual,True,True,True,True,True,True,0011,256,True
fastv,visual_counterfact_size_000286,test,visual_counterfact_size,432,True,True,counterfactual,True,True,True,True,True,True,0011,256,True
fastv,visual_counterfact_size_000287,test,visual_counterfact_size,64,True,True,counterfactual,False,False,True,False,False,False,0111,128,True
fastv,visual_counterfact_size_000287,test,visual_counterfact_size,128,True,True,counterfactual,True,True,True,True,True,True,0111,128,True
fastv,visual_counterfact_size_000287,test,visual_counterfact_size,256,True,True,counterfactual,True,True,True,True,True,True,0111,128,True
fastv,visual_counterfact_size_000287,test,visual_counterfact_size,432,True,True,counterfactual,True,True,True,True,True,True,0111,128,True
fastv,visual_counterfact_size_000288,test,visual_counterfact_size,64,True,True,irrelevant|counterfactual,True,False,False,False,False,False,0011,256,True
fastv,visual_counterfact_size_000288,test,visual_counterfact_size,128,True,True,irrelevant|counterfactual,True,False,False,False,False,False,0011,256,True
fastv,visual_counterfact_size_000288,test,visual_counterfact_size,256,True,True,irrelevant|counterfactual,True,True,True,True,True,True,0011,256,True
fastv,visual_counterfact_size_000288,test,visual_counterfact_size,432,True,True,irrelevant|counterfactual,True,True,True,True,True,True,0011,256,True
fastv,visual_counterfact_size_000291,test,visual_counterfact_size,64,False,True,gray|blur|irrelevant,True,True,True,True,True,,1111,64,True
fastv,visual_counterfact_size_000291,test,visual_counterfact_size,128,False,True,gray|blur|irrelevant,True,True,True,True,True,,1111,64,True
fastv,visual_counterfact_size_000291,test,visual_counterfact_size,256,False,True,gray|blur|irrelevant,True,True,True,True,True,,1111,64,True
fastv,visual_counterfact_size_000291,test,visual_counterfact_size,432,False,True,gray|blur|irrelevant,True,True,True,True,True,,1111,64,True
fastv,visual_counterfact_size_000294,test,visual_counterfact_size,64,True,True,irrelevant|counterfactual,True,True,False,True,False,False,0111,128,True
fastv,visual_counterfact_size_000294,test,visual_counterfact_size,128,True,True,irrelevant|counterfactual,True,True,True,True,True,True,0111,128,True
fastv,visual_counterfact_size_000294,test,visual_counterfact_size,256,True,True,irrelevant|counterfactual,True,True,True,True,True,True,0111,128,True
fastv,visual_counterfact_size_000294,test,visual_counterfact_size,432,True,True,irrelevant|counterfactual,True,True,True,True,True,True,0111,128,True
fastv,visual_counterfact_size_000297,test,visual_counterfact_size,64,True,True,counterfactual,True,False,False,False,False,False,0111,128,True
fastv,visual_counterfact_size_000297,test,visual_counterfact_size,128,True,True,counterfactual,True,True,True,True,True,True,0111,128,True
fastv,visual_counterfact_size_000297,test,visual_counterfact_size,256,True,True,counterfactual,True,True,True,True,True,True,0111,128,True
fastv,visual_counterfact_size_000297,test,visual_counterfact_size,432,True,True,counterfactual,True,True,True,True,True,True,0111,128,True
fastv,visual_counterfact_size_000298,test,visual_counterfact_size,64,True,True,irrelevant|counterfactual,True,False,False,False,False,False,0011,256,True
fastv,visual_counterfact_size_000298,test,visual_counterfact_size,128,True,True,irrelevant|counterfactual,True,False,False,False,False,False,0011,256,True
fastv,visual_counterfact_size_000298,test,visual_counterfact_size,256,True,True,irrelevant|counterfactual,True,True,True,True,True,True,0011,256,True
fastv,visual_counterfact_size_000298,test,visual_counterfact_size,432,True,True,irrelevant|counterfactual,True,True,True,True,True,True,0011,256,True
fastv,visual_counterfact_size_000301,validation,visual_counterfact_size,64,True,True,irrelevant|counterfactual,True,False,False,False,False,False,0011,256,True
fastv,visual_counterfact_size_000301,validation,visual_counterfact_size,128,True,True,irrelevant|counterfactual,True,False,False,False,False,False,0011,256,True
fastv,visual_counterfact_size_000301,validation,visual_counterfact_size,256,True,True,irrelevant|counterfactual,True,True,True,True,True,True,0011,256,True
fastv,visual_counterfact_size_000301,validation,visual_counterfact_size,432,True,True,irrelevant|counterfactual,True,True,True,True,True,True,0011,256,True
fastv,visual_counterfact_size_000303,test,visual_counterfact_size,64,True,True,irrelevant|counterfactual,False,False,False,False,False,False,0011,256,True
fastv,visual_counterfact_size_000303,test,visual_counterfact_size,128,True,True,irrelevant|counterfactual,True,True,False,True,False,False,0011,256,True
fastv,visual_counterfact_size_000303,test,visual_counterfact_size,256,True,True,irrelevant|counterfactual,True,True,True,True,True,True,0011,256,True
fastv,visual_counterfact_size_000303,test,visual_counterfact_size,432,True,True,irrelevant|counterfactual,True,True,True,True,True,True,0011,256,True
fastv,visual_counterfact_size_000308,test,visual_counterfact_size,64,True,True,gray|counterfactual,False,False,True,False,False,False,0111,128,True
fastv,visual_counterfact_size_000308,test,visual_counterfact_size,128,True,True,gray|counterfactual,True,True,True,True,True,True,0111,128,True
fastv,visual_counterfact_size_000308,test,visual_counterfact_size,256,True,True,gray|counterfactual,True,True,True,True,True,True,0111,128,True
fastv,visual_counterfact_size_000308,test,visual_counterfact_size,432,True,True,gray|counterfactual,True,True,True,True,True,True,0111,128,True
fastv,visual_counterfact_size_000313,test,visual_counterfact_size,64,True,True,irrelevant|counterfactual,False,False,True,False,False,False,0111,128,True
fastv,visual_counterfact_size_000313,test,visual_counterfact_size,128,True,True,irrelevant|counterfactual,True,True,True,True,True,True,0111,128,True
fastv,visual_counterfact_size_000313,test,visual_counterfact_size,256,True,True,irrelevant|counterfactual,True,True,True,True,True,True,0111,128,True
fastv,visual_counterfact_size_000313,test,visual_counterfact_size,432,True,True,irrelevant|counterfactual,True,True,True,True,True,True,0111,128,True
fastv,visual_counterfact_size_000314,test,visual_counterfact_size,64,True,True,irrelevant,True,False,False,False,False,False,0011,256,True
fastv,visual_counterfact_size_000314,test,visual_counterfact_size,128,True,True,irrelevant,True,False,False,False,False,False,0011,256,True
fastv,visual_counterfact_size_000314,test,visual_counterfact_size,256,True,True,irrelevant,True,True,True,True,True,True,0011,256,True
fastv,visual_counterfact_size_000314,test,visual_counterfact_size,432,True,True,irrelevant,True,True,True,True,True,True,0011,256,True
fastv,visual_counterfact_size_000327,validation,visual_counterfact_size,64,True,True,irrelevant|counterfactual,True,True,False,True,False,False,0111,128,True
fastv,visual_counterfact_size_000327,validation,visual_counterfact_size,128,True,True,irrelevant|counterfactual,True,True,True,True,True,True,0111,128,True
fastv,visual_counterfact_size_000327,validation,visual_counterfact_size,256,True,True,irrelevant|counterfactual,True,True,True,True,True,True,0111,128,True
fastv,visual_counterfact_size_000327,validation,visual_counterfact_size,432,True,True,irrelevant|counterfactual,True,True,True,True,True,True,0111,128,True
fastv,visual_counterfact_size_000332,test,visual_counterfact_size,64,True,True,irrelevant,True,True,True,True,True,True,1111,64,True
fastv,visual_counterfact_size_000332,test,visual_counterfact_size,128,True,True,irrelevant,True,True,True,True,True,True,1111,64,True
fastv,visual_counterfact_size_000332,test,visual_counterfact_size,256,True,True,irrelevant,True,True,True,True,True,True,1111,64,True
fastv,visual_counterfact_size_000332,test,visual_counterfact_size,432,True,True,irrelevant,True,True,True,True,True,True,1111,64,True
fastv,visual_counterfact_size_000333,test,visual_counterfact_size,64,True,True,gray|blur|irrelevant|counterfactual,True,False,False,False,False,False,0011,256,True
fastv,visual_counterfact_size_000333,test,visual_counterfact_size,128,True,True,gray|blur|irrelevant|counterfactual,True,False,False,False,False,False,0011,256,True
fastv,visual_counterfact_size_000333,test,visual_counterfact_size,256,True,True,gray|blur|irrelevant|counterfactual,True,True,True,True,True,True,0011,256,True
fastv,visual_counterfact_size_000333,test,visual_counterfact_size,432,True,True,gray|blur|irrelevant|counterfactual,True,True,True,True,True,True,0011,256,True
fastv,visual_counterfact_size_000337,test,visual_counterfact_size,64,True,True,gray|counterfactual,False,False,False,False,False,False,0001,432,True
fastv,visual_counterfact_size_000337,test,visual_counterfact_size,128,True,True,gray|counterfactual,False,False,True,False,False,False,0001,432,True
fastv,visual_counterfact_size_000337,test,visual_counterfact_size,256,True,True,gray|counterfactual,False,False,True,False,False,False,0001,432,True
fastv,visual_counterfact_size_000337,test,visual_counterfact_size,432,True,True,gray|counterfactual,True,True,True,True,True,True,0001,432,True
fastv,visual_counterfact_size_000340,test,visual_counterfact_size,64,True,True,counterfactual,False,False,True,False,False,False,0111,128,True
fastv,visual_counterfact_size_000340,test,visual_counterfact_size,128,True,True,counterfactual,True,True,True,True,True,True,0111,128,True
fastv,visual_counterfact_size_000340,test,visual_counterfact_size,256,True,True,counterfactual,True,True,True,True,True,True,0111,128,True
fastv,visual_counterfact_size_000340,test,visual_counterfact_size,432,True,True,counterfactual,True,True,True,True,True,True,0111,128,True
fastv,visual_counterfact_size_000343,validation,visual_counterfact_size,64,True,True,irrelevant|counterfactual,True,False,False,False,False,False,0111,128,True
fastv,visual_counterfact_size_000343,validation,visual_counterfact_size,128,True,True,irrelevant|counterfactual,True,True,True,True,True,True,0111,128,True
fastv,visual_counterfact_size_000343,validation,visual_counterfact_size,256,True,True,irrelevant|counterfactual,True,True,True,True,True,True,0111,128,True
fastv,visual_counterfact_size_000343,validation,visual_counterfact_size,432,True,True,irrelevant|counterfactual,True,True,True,True,True,True,0111,128,True
fastv,visual_counterfact_size_000344,test,visual_counterfact_size,64,True,True,gray|irrelevant|counterfactual,True,True,False,True,False,False,0011,256,True
fastv,visual_counterfact_size_000344,test,visual_counterfact_size,128,True,True,gray|irrelevant|counterfactual,True,False,False,False,False,False,0011,256,True
fastv,visual_counterfact_size_000344,test,visual_counterfact_size,256,True,True,gray|irrelevant|counterfactual,True,True,True,True,True,True,0011,256,True
fastv,visual_counterfact_size_000344,test,visual_counterfact_size,432,True,True,gray|irrelevant|counterfactual,True,True,True,True,True,True,0011,256,True
fastv,visual_counterfact_size_000345,test,visual_counterfact_size,64,True,True,gray|irrelevant|counterfactual,False,False,True,False,False,False,0111,128,True
fastv,visual_counterfact_size_000345,test,visual_counterfact_size,128,True,True,gray|irrelevant|counterfactual,True,True,True,True,True,True,0111,128,True
fastv,visual_counterfact_size_000345,test,visual_counterfact_size,256,True,True,gray|irrelevant|counterfactual,True,True,True,True,True,True,0111,128,True
fastv,visual_counterfact_size_000345,test,visual_counterfact_size,432,True,True,gray|irrelevant|counterfactual,True,True,True,True,True,True,0111,128,True
fastv,visual_counterfact_size_000346,test,visual_counterfact_size,64,True,True,irrelevant|counterfactual,True,True,False,True,False,False,0111,128,True
fastv,visual_counterfact_size_000346,test,visual_counterfact_size,128,True,True,irrelevant|counterfactual,True,True,True,True,True,True,0111,128,True
fastv,visual_counterfact_size_000346,test,visual_counterfact_size,256,True,True,irrelevant|counterfactual,True,True,True,True,True,True,0111,128,True
fastv,visual_counterfact_size_000346,test,visual_counterfact_size,432,True,True,irrelevant|counterfactual,True,True,True,True,True,True,0111,128,True
fastv,visual_counterfact_size_000350,test,visual_counterfact_size,64,True,True,irrelevant|counterfactual,False,False,True,False,False,False,0111,128,True
fastv,visual_counterfact_size_000350,test,visual_counterfact_size,128,True,True,irrelevant|counterfactual,True,True,True,True,True,True,0111,128,True
fastv,visual_counterfact_size_000350,test,visual_counterfact_size,256,True,True,irrelevant|counterfactual,True,True,True,True,True,True,0111,128,True
fastv,visual_counterfact_size_000350,test,visual_counterfact_size,432,True,True,irrelevant|counterfactual,True,True,True,True,True,True,0111,128,True
fastv,visual_counterfact_size_000352,test,visual_counterfact_size,64,True,True,irrelevant|counterfactual,True,False,False,False,False,False,0111,128,True
fastv,visual_counterfact_size_000352,test,visual_counterfact_size,128,True,True,irrelevant|counterfactual,True,True,True,True,True,True,0111,128,True
fastv,visual_counterfact_size_000352,test,visual_counterfact_size,256,True,True,irrelevant|counterfactual,True,True,True,True,True,True,0111,128,True
fastv,visual_counterfact_size_000352,test,visual_counterfact_size,432,True,True,irrelevant|counterfactual,True,True,True,True,True,True,0111,128,True
fastv,visual_counterfact_size_000353,test,visual_counterfact_size,64,True,True,gray|irrelevant|counterfactual,True,True,True,True,True,True,1111,64,True
fastv,visual_counterfact_size_000353,test,visual_counterfact_size,128,True,True,gray|irrelevant|counterfactual,True,True,True,True,True,True,1111,64,True
fastv,visual_counterfact_size_000353,test,visual_counterfact_size,256,True,True,gray|irrelevant|counterfactual,True,True,True,True,True,True,1111,64,True
fastv,visual_counterfact_size_000353,test,visual_counterfact_size,432,True,True,gray|irrelevant|counterfactual,True,True,True,True,True,True,1111,64,True
fastv,visual_counterfact_size_000354,test,visual_counterfact_size,64,True,False,,True,True,True,True,True,,1111,64,True
fastv,visual_counterfact_size_000354,test,visual_counterfact_size,128,True,False,,True,True,True,True,True,,1111,64,True
fastv,visual_counterfact_size_000354,test,visual_counterfact_size,256,True,False,,True,True,True,True,True,,1111,64,True
fastv,visual_counterfact_size_000354,test,visual_counterfact_size,432,True,False,,True,True,True,True,True,,1111,64,True
fastv,visual_counterfact_size_000361,test,visual_counterfact_size,64,True,True,irrelevant|counterfactual,True,True,False,True,False,False,0011,256,True
fastv,visual_counterfact_size_000361,test,visual_counterfact_size,128,True,True,irrelevant|counterfactual,True,True,False,True,False,False,0011,256,True
fastv,visual_counterfact_size_000361,test,visual_counterfact_size,256,True,True,irrelevant|counterfactual,True,True,True,True,True,True,0011,256,True
fastv,visual_counterfact_size_000361,test,visual_counterfact_size,432,True,True,irrelevant|counterfactual,True,True,True,True,True,True,0011,256,True
fastv,visual_counterfact_size_000364,test,visual_counterfact_size,64,True,True,irrelevant|counterfactual,True,True,True,True,True,True,1111,64,True
fastv,visual_counterfact_size_000364,test,visual_counterfact_size,128,True,True,irrelevant|counterfactual,True,True,True,True,True,True,1111,64,True
fastv,visual_counterfact_size_000364,test,visual_counterfact_size,256,True,True,irrelevant|counterfactual,True,True,True,True,True,True,1111,64,True
fastv,visual_counterfact_size_000364,test,visual_counterfact_size,432,True,True,irrelevant|counterfactual,True,True,True,True,True,True,1111,64,True
fastv,visual_counterfact_size_000369,test,visual_counterfact_size,64,True,True,counterfactual,True,True,True,True,True,True,1111,64,True
fastv,visual_counterfact_size_000369,test,visual_counterfact_size,128,True,True,counterfactual,True,True,True,True,True,True,1111,64,True
fastv,visual_counterfact_size_000369,test,visual_counterfact_size,256,True,True,counterfactual,True,True,True,True,True,True,1111,64,True
fastv,visual_counterfact_size_000369,test,visual_counterfact_size,432,True,True,counterfactual,True,True,True,True,True,True,1111,64,True
fastv,visual_counterfact_size_000372,validation,visual_counterfact_size,64,True,True,counterfactual,False,True,False,False,False,False,0111,128,True
fastv,visual_counterfact_size_000372,validation,visual_counterfact_size,128,True,True,counterfactual,True,True,True,True,True,True,0111,128,True
fastv,visual_counterfact_size_000372,validation,visual_counterfact_size,256,True,True,counterfactual,True,True,True,True,True,True,0111,128,True
fastv,visual_counterfact_size_000372,validation,visual_counterfact_size,432,True,True,counterfactual,True,True,True,True,True,True,0111,128,True
fastv,visual_counterfact_size_000380,validation,visual_counterfact_size,64,True,True,gray|irrelevant,True,True,True,True,True,True,1111,64,True
fastv,visual_counterfact_size_000380,validation,visual_counterfact_size,128,True,True,gray|irrelevant,True,True,True,True,True,True,1111,64,True
fastv,visual_counterfact_size_000380,validation,visual_counterfact_size,256,True,True,gray|irrelevant,True,True,True,True,True,True,1111,64,True
fastv,visual_counterfact_size_000380,validation,visual_counterfact_size,432,True,True,gray|irrelevant,True,True,True,True,True,True,1111,64,True
fastv,visual_counterfact_size_000381,test,visual_counterfact_size,64,True,True,irrelevant|counterfactual,False,False,True,False,False,False,0011,256,True
fastv,visual_counterfact_size_000381,test,visual_counterfact_size,128,True,True,irrelevant|counterfactual,False,False,True,False,False,False,0011,256,True
fastv,visual_counterfact_size_000381,test,visual_counterfact_size,256,True,True,irrelevant|counterfactual,True,True,True,True,True,True,0011,256,True
fastv,visual_counterfact_size_000381,test,visual_counterfact_size,432,True,True,irrelevant|counterfactual,True,True,True,True,True,True,0011,256,True
fastv,visual_counterfact_size_000383,test,visual_counterfact_size,64,True,True,irrelevant|counterfactual,True,False,False,False,False,False,0011,256,True
fastv,visual_counterfact_size_000383,test,visual_counterfact_size,128,True,True,irrelevant|counterfactual,True,False,False,False,False,False,0011,256,True
fastv,visual_counterfact_size_000383,test,visual_counterfact_size,256,True,True,irrelevant|counterfactual,True,True,True,True,True,True,0011,256,True
fastv,visual_counterfact_size_000383,test,visual_counterfact_size,432,True,True,irrelevant|counterfactual,True,True,True,True,True,True,0011,256,True
fastv,visual_counterfact_size_000398,test,visual_counterfact_size,64,True,True,counterfactual,True,True,True,True,True,True,1111,64,True
fastv,visual_counterfact_size_000398,test,visual_counterfact_size,128,True,True,counterfactual,True,True,True,True,True,True,1111,64,True
fastv,visual_counterfact_size_000398,test,visual_counterfact_size,256,True,True,counterfactual,True,True,True,True,True,True,1111,64,True
fastv,visual_counterfact_size_000398,test,visual_counterfact_size,432,True,True,counterfactual,True,True,True,True,True,True,1111,64,True
fastv,visual_counterfact_size_000417,test,visual_counterfact_size,64,True,True,gray|blur|irrelevant|counterfactual,False,False,False,False,False,False,0011,256,True
fastv,visual_counterfact_size_000417,test,visual_counterfact_size,128,True,True,gray|blur|irrelevant|counterfactual,True,True,False,True,False,False,0011,256,True
fastv,visual_counterfact_size_000417,test,visual_counterfact_size,256,True,True,gray|blur|irrelevant|counterfactual,True,True,True,True,True,True,0011,256,True
fastv,visual_counterfact_size_000417,test,visual_counterfact_size,432,True,True,gray|blur|irrelevant|counterfactual,True,True,True,True,True,True,0011,256,True
fastv,visual_counterfact_size_000421,test,visual_counterfact_size,64,True,True,gray|counterfactual,False,False,True,False,False,False,0111,128,True
fastv,visual_counterfact_size_000421,test,visual_counterfact_size,128,True,True,gray|counterfactual,True,True,True,True,True,True,0111,128,True
fastv,visual_counterfact_size_000421,test,visual_counterfact_size,256,True,True,gray|counterfactual,True,True,True,True,True,True,0111,128,True
fastv,visual_counterfact_size_000421,test,visual_counterfact_size,432,True,True,gray|counterfactual,True,True,True,True,True,True,0111,128,True
fastv,visual_counterfact_size_000426,test,visual_counterfact_size,64,True,True,gray|counterfactual,False,False,True,False,False,False,0111,128,True
fastv,visual_counterfact_size_000426,test,visual_counterfact_size,128,True,True,gray|counterfactual,True,True,True,True,True,True,0111,128,True
fastv,visual_counterfact_size_000426,test,visual_counterfact_size,256,True,True,gray|counterfactual,True,True,True,True,True,True,0111,128,True
fastv,visual_counterfact_size_000426,test,visual_counterfact_size,432,True,True,gray|counterfactual,True,True,True,True,True,True,0111,128,True
fastv,visual_counterfact_size_000428,test,visual_counterfact_size,64,True,True,irrelevant|counterfactual,True,True,True,True,True,True,1111,64,True
fastv,visual_counterfact_size_000428,test,visual_counterfact_size,128,True,True,irrelevant|counterfactual,True,True,True,True,True,True,1111,64,True
fastv,visual_counterfact_size_000428,test,visual_counterfact_size,256,True,True,irrelevant|counterfactual,True,True,True,True,True,True,1111,64,True
fastv,visual_counterfact_size_000428,test,visual_counterfact_size,432,True,True,irrelevant|counterfactual,True,True,True,True,True,True,1111,64,True
fastv,visual_counterfact_size_000429,test,visual_counterfact_size,64,True,True,irrelevant|counterfactual,True,True,True,True,True,True,1001,64,False
fastv,visual_counterfact_size_000429,test,visual_counterfact_size,128,True,True,irrelevant|counterfactual,True,True,False,True,False,False,1001,64,False
fastv,visual_counterfact_size_000429,test,visual_counterfact_size,256,True,True,irrelevant|counterfactual,True,True,False,True,False,False,1001,64,False
fastv,visual_counterfact_size_000429,test,visual_counterfact_size,432,True,True,irrelevant|counterfactual,True,True,True,True,True,True,1001,64,False
fastv,visual_counterfact_size_000432,validation,visual_counterfact_size,64,True,True,gray|counterfactual,False,False,True,False,False,False,0111,128,True
fastv,visual_counterfact_size_000432,validation,visual_counterfact_size,128,True,True,gray|counterfactual,True,True,True,True,True,True,0111,128,True
fastv,visual_counterfact_size_000432,validation,visual_counterfact_size,256,True,True,gray|counterfactual,True,True,True,True,True,True,0111,128,True
fastv,visual_counterfact_size_000432,validation,visual_counterfact_size,432,True,True,gray|counterfactual,True,True,True,True,True,True,0111,128,True
fastv,visual_counterfact_size_000438,test,visual_counterfact_size,64,True,True,irrelevant|counterfactual,True,True,False,True,False,False,0111,128,True
fastv,visual_counterfact_size_000438,test,visual_counterfact_size,128,True,True,irrelevant|counterfactual,True,True,True,True,True,True,0111,128,True
fastv,visual_counterfact_size_000438,test,visual_counterfact_size,256,True,True,irrelevant|counterfactual,True,True,True,True,True,True,0111,128,True
fastv,visual_counterfact_size_000438,test,visual_counterfact_size,432,True,True,irrelevant|counterfactual,True,True,True,True,True,True,0111,128,True
fastv,visual_counterfact_size_000444,test,visual_counterfact_size,64,False,True,gray|blur|irrelevant,True,True,False,True,False,,0111,128,True
fastv,visual_counterfact_size_000444,test,visual_counterfact_size,128,False,True,gray|blur|irrelevant,True,True,True,True,True,,0111,128,True
fastv,visual_counterfact_size_000444,test,visual_counterfact_size,256,False,True,gray|blur|irrelevant,True,True,True,True,True,,0111,128,True
fastv,visual_counterfact_size_000444,test,visual_counterfact_size,432,False,True,gray|blur|irrelevant,True,True,True,True,True,,0111,128,True
fastv,visual_counterfact_size_000453,validation,visual_counterfact_size,64,False,True,blur|irrelevant,True,False,False,False,False,,0011,256,True
fastv,visual_counterfact_size_000453,validation,visual_counterfact_size,128,False,True,blur|irrelevant,True,False,False,False,False,,0011,256,True
fastv,visual_counterfact_size_000453,validation,visual_counterfact_size,256,False,True,blur|irrelevant,True,True,True,True,True,,0011,256,True
fastv,visual_counterfact_size_000453,validation,visual_counterfact_size,432,False,True,blur|irrelevant,True,True,True,True,True,,0011,256,True
fastv,visual_counterfact_size_000459,validation,visual_counterfact_size,64,True,True,irrelevant|counterfactual,False,False,False,False,False,False,0011,256,True
fastv,visual_counterfact_size_000459,validation,visual_counterfact_size,128,True,True,irrelevant|counterfactual,False,False,True,False,False,False,0011,256,True
fastv,visual_counterfact_size_000459,validation,visual_counterfact_size,256,True,True,irrelevant|counterfactual,True,True,True,True,True,True,0011,256,True
fastv,visual_counterfact_size_000459,validation,visual_counterfact_size,432,True,True,irrelevant|counterfactual,True,True,True,True,True,True,0011,256,True
fastv,visual_counterfact_size_000461,test,visual_counterfact_size,64,False,True,gray|blur|irrelevant,True,True,True,True,True,,1111,64,True
fastv,visual_counterfact_size_000461,test,visual_counterfact_size,128,False,True,gray|blur|irrelevant,True,True,True,True,True,,1111,64,True
fastv,visual_counterfact_size_000461,test,visual_counterfact_size,256,False,True,gray|blur|irrelevant,True,True,True,True,True,,1111,64,True
fastv,visual_counterfact_size_000461,test,visual_counterfact_size,432,False,True,gray|blur|irrelevant,True,True,True,True,True,,1111,64,True
fastv,visual_counterfact_size_000463,test,visual_counterfact_size,64,False,True,gray|blur|irrelevant,True,True,True,True,True,,1111,64,True
fastv,visual_counterfact_size_000463,test,visual_counterfact_size,128,False,True,gray|blur|irrelevant,True,True,True,True,True,,1111,64,True
fastv,visual_counterfact_size_000463,test,visual_counterfact_size,256,False,True,gray|blur|irrelevant,True,True,True,True,True,,1111,64,True
fastv,visual_counterfact_size_000463,test,visual_counterfact_size,432,False,True,gray|blur|irrelevant,True,True,True,True,True,,1111,64,True
fastv,visual_counterfact_size_000470,test,visual_counterfact_size,64,True,True,irrelevant,True,False,False,False,False,False,0011,256,True
fastv,visual_counterfact_size_000470,test,visual_counterfact_size,128,True,True,irrelevant,True,True,False,True,False,False,0011,256,True
fastv,visual_counterfact_size_000470,test,visual_counterfact_size,256,True,True,irrelevant,True,True,True,True,True,True,0011,256,True
fastv,visual_counterfact_size_000470,test,visual_counterfact_size,432,True,True,irrelevant,True,True,True,True,True,True,0011,256,True
fastv,visual_counterfact_size_000471,test,visual_counterfact_size,64,True,True,gray|irrelevant|counterfactual,True,False,False,False,False,False,0011,256,True
fastv,visual_counterfact_size_000471,test,visual_counterfact_size,128,True,True,gray|irrelevant|counterfactual,True,False,False,False,False,False,0011,256,True
fastv,visual_counterfact_size_000471,test,visual_counterfact_size,256,True,True,gray|irrelevant|counterfactual,True,True,True,True,True,True,0011,256,True
fastv,visual_counterfact_size_000471,test,visual_counterfact_size,432,True,True,gray|irrelevant|counterfactual,True,True,True,True,True,True,0011,256,True
fastv,visual_counterfact_size_000473,test,visual_counterfact_size,64,True,True,irrelevant|counterfactual,True,False,False,False,False,False,0111,128,True
fastv,visual_counterfact_size_000473,test,visual_counterfact_size,128,True,True,irrelevant|counterfactual,True,True,True,True,True,True,0111,128,True
fastv,visual_counterfact_size_000473,test,visual_counterfact_size,256,True,True,irrelevant|counterfactual,True,True,True,True,True,True,0111,128,True
fastv,visual_counterfact_size_000473,test,visual_counterfact_size,432,True,True,irrelevant|counterfactual,True,True,True,True,True,True,0111,128,True
fastv,visual_counterfact_size_000480,test,visual_counterfact_size,64,False,True,blur|irrelevant,True,False,False,False,False,,0111,128,True
fastv,visual_counterfact_size_000480,test,visual_counterfact_size,128,False,True,blur|irrelevant,True,True,True,True,True,,0111,128,True
fastv,visual_counterfact_size_000480,test,visual_counterfact_size,256,False,True,blur|irrelevant,True,True,True,True,True,,0111,128,True
fastv,visual_counterfact_size_000480,test,visual_counterfact_size,432,False,True,blur|irrelevant,True,True,True,True,True,,0111,128,True
fastv,visual_counterfact_size_000482,test,visual_counterfact_size,64,True,True,irrelevant|counterfactual,True,False,False,False,False,False,0111,128,True
fastv,visual_counterfact_size_000482,test,visual_counterfact_size,128,True,True,irrelevant|counterfactual,True,True,True,True,True,True,0111,128,True
fastv,visual_counterfact_size_000482,test,visual_counterfact_size,256,True,True,irrelevant|counterfactual,True,True,True,True,True,True,0111,128,True
fastv,visual_counterfact_size_000482,test,visual_counterfact_size,432,True,True,irrelevant|counterfactual,True,True,True,True,True,True,0111,128,True
fastv,visual_counterfact_size_000485,test,visual_counterfact_size,64,True,True,irrelevant|counterfactual,True,True,True,True,True,True,1111,64,True
fastv,visual_counterfact_size_000485,test,visual_counterfact_size,128,True,True,irrelevant|counterfactual,True,True,True,True,True,True,1111,64,True
fastv,visual_counterfact_size_000485,test,visual_counterfact_size,256,True,True,irrelevant|counterfactual,True,True,True,True,True,True,1111,64,True
fastv,visual_counterfact_size_000485,test,visual_counterfact_size,432,True,True,irrelevant|counterfactual,True,True,True,True,True,True,1111,64,True
fastv,visual_counterfact_size_000487,test,visual_counterfact_size,64,True,True,gray|irrelevant|counterfactual,True,True,True,True,True,True,1111,64,True
fastv,visual_counterfact_size_000487,test,visual_counterfact_size,128,True,True,gray|irrelevant|counterfactual,True,True,True,True,True,True,1111,64,True
fastv,visual_counterfact_size_000487,test,visual_counterfact_size,256,True,True,gray|irrelevant|counterfactual,True,True,True,True,True,True,1111,64,True
fastv,visual_counterfact_size_000487,test,visual_counterfact_size,432,True,True,gray|irrelevant|counterfactual,True,True,True,True,True,True,1111,64,True
fastv,visual_counterfact_size_000488,test,visual_counterfact_size,64,True,True,gray|counterfactual,True,True,True,True,True,True,1111,64,True
fastv,visual_counterfact_size_000488,test,visual_counterfact_size,128,True,True,gray|counterfactual,True,True,True,True,True,True,1111,64,True
fastv,visual_counterfact_size_000488,test,visual_counterfact_size,256,True,True,gray|counterfactual,True,True,True,True,True,True,1111,64,True
fastv,visual_counterfact_size_000488,test,visual_counterfact_size,432,True,True,gray|counterfactual,True,True,True,True,True,True,1111,64,True
fastv,visual_counterfact_size_000492,validation,visual_counterfact_size,64,True,True,gray|irrelevant,True,False,False,False,False,False,0001,432,True
fastv,visual_counterfact_size_000492,validation,visual_counterfact_size,128,True,True,gray|irrelevant,True,False,False,False,False,False,0001,432,True
fastv,visual_counterfact_size_000492,validation,visual_counterfact_size,256,True,True,gray|irrelevant,True,False,False,False,False,False,0001,432,True
fastv,visual_counterfact_size_000492,validation,visual_counterfact_size,432,True,True,gray|irrelevant,True,True,True,True,True,True,0001,432,True
fastv,visual_counterfact_size_000494,test,visual_counterfact_size,64,True,True,counterfactual,True,True,True,True,True,True,1111,64,True
fastv,visual_counterfact_size_000494,test,visual_counterfact_size,128,True,True,counterfactual,True,True,True,True,True,True,1111,64,True
fastv,visual_counterfact_size_000494,test,visual_counterfact_size,256,True,True,counterfactual,True,True,True,True,True,True,1111,64,True
fastv,visual_counterfact_size_000494,test,visual_counterfact_size,432,True,True,counterfactual,True,True,True,True,True,True,1111,64,True
fastv,visual_counterfact_size_000498,test,visual_counterfact_size,64,True,True,irrelevant|counterfactual,True,False,False,False,False,False,0011,256,True
fastv,visual_counterfact_size_000498,test,visual_counterfact_size,128,True,True,irrelevant|counterfactual,True,False,False,False,False,False,0011,256,True
fastv,visual_counterfact_size_000498,test,visual_counterfact_size,256,True,True,irrelevant|counterfactual,True,True,True,True,True,True,0011,256,True
fastv,visual_counterfact_size_000498,test,visual_counterfact_size,432,True,True,irrelevant|counterfactual,True,True,True,True,True,True,0011,256,True
fastv,visual_counterfact_size_000504,test,visual_counterfact_size,64,True,True,irrelevant|counterfactual,False,False,False,False,False,False,0001,432,True
fastv,visual_counterfact_size_000504,test,visual_counterfact_size,128,True,True,irrelevant|counterfactual,False,False,False,False,False,False,0001,432,True
fastv,visual_counterfact_size_000504,test,visual_counterfact_size,256,True,True,irrelevant|counterfactual,True,True,False,True,False,False,0001,432,True
fastv,visual_counterfact_size_000504,test,visual_counterfact_size,432,True,True,irrelevant|counterfactual,True,True,True,True,True,True,0001,432,True
fastv,visual_counterfact_size_000506,test,visual_counterfact_size,64,True,True,counterfactual,True,True,True,True,True,True,1111,64,True
fastv,visual_counterfact_size_000506,test,visual_counterfact_size,128,True,True,counterfactual,True,True,True,True,True,True,1111,64,True
fastv,visual_counterfact_size_000506,test,visual_counterfact_size,256,True,True,counterfactual,True,True,True,True,True,True,1111,64,True
fastv,visual_counterfact_size_000506,test,visual_counterfact_size,432,True,True,counterfactual,True,True,True,True,True,True,1111,64,True
fastv,visual_counterfact_size_000507,test,visual_counterfact_size,64,True,True,gray|irrelevant|counterfactual,False,False,True,False,False,False,0011,256,True
fastv,visual_counterfact_size_000507,test,visual_counterfact_size,128,True,True,gray|irrelevant|counterfactual,False,False,True,False,False,False,0011,256,True
fastv,visual_counterfact_size_000507,test,visual_counterfact_size,256,True,True,gray|irrelevant|counterfactual,True,True,True,True,True,True,0011,256,True
fastv,visual_counterfact_size_000507,test,visual_counterfact_size,432,True,True,gray|irrelevant|counterfactual,True,True,True,True,True,True,0011,256,True
fastv,visual_counterfact_size_000518,test,visual_counterfact_size,64,True,True,counterfactual,True,False,False,False,False,False,0011,256,True
fastv,visual_counterfact_size_000518,test,visual_counterfact_size,128,True,True,counterfactual,True,False,False,False,False,False,0011,256,True
fastv,visual_counterfact_size_000518,test,visual_counterfact_size,256,True,True,counterfactual,True,True,True,True,True,True,0011,256,True
fastv,visual_counterfact_size_000518,test,visual_counterfact_size,432,True,True,counterfactual,True,True,True,True,True,True,0011,256,True
fastv,visual_counterfact_size_000520,test,visual_counterfact_size,64,True,True,irrelevant|counterfactual,True,True,False,True,False,False,0111,128,True
fastv,visual_counterfact_size_000520,test,visual_counterfact_size,128,True,True,irrelevant|counterfactual,True,True,True,True,True,True,0111,128,True
fastv,visual_counterfact_size_000520,test,visual_counterfact_size,256,True,True,irrelevant|counterfactual,True,True,True,True,True,True,0111,128,True
fastv,visual_counterfact_size_000520,test,visual_counterfact_size,432,True,True,irrelevant|counterfactual,True,True,True,True,True,True,0111,128,True
fastv,visual_counterfact_size_000528,test,visual_counterfact_size,64,True,True,irrelevant|counterfactual,True,False,False,False,False,False,0011,256,True
fastv,visual_counterfact_size_000528,test,visual_counterfact_size,128,True,True,irrelevant|counterfactual,True,False,False,False,False,False,0011,256,True
fastv,visual_counterfact_size_000528,test,visual_counterfact_size,256,True,True,irrelevant|counterfactual,True,True,True,True,True,True,0011,256,True
fastv,visual_counterfact_size_000528,test,visual_counterfact_size,432,True,True,irrelevant|counterfactual,True,True,True,True,True,True,0011,256,True
fastv,visual_counterfact_size_000531,test,visual_counterfact_size,64,True,True,gray|irrelevant|counterfactual,False,True,False,False,False,False,0011,256,True
fastv,visual_counterfact_size_000531,test,visual_counterfact_size,128,True,True,gray|irrelevant|counterfactual,True,False,False,False,False,False,0011,256,True
fastv,visual_counterfact_size_000531,test,visual_counterfact_size,256,True,True,gray|irrelevant|counterfactual,True,True,True,True,True,True,0011,256,True
fastv,visual_counterfact_size_000531,test,visual_counterfact_size,432,True,True,gray|irrelevant|counterfactual,True,True,True,True,True,True,0011,256,True
fastv,visual_counterfact_size_000538,test,visual_counterfact_size,64,True,True,irrelevant|counterfactual,True,True,True,True,True,True,1111,64,True
fastv,visual_counterfact_size_000538,test,visual_counterfact_size,128,True,True,irrelevant|counterfactual,True,True,True,True,True,True,1111,64,True
fastv,visual_counterfact_size_000538,test,visual_counterfact_size,256,True,True,irrelevant|counterfactual,True,True,True,True,True,True,1111,64,True
fastv,visual_counterfact_size_000538,test,visual_counterfact_size,432,True,True,irrelevant|counterfactual,True,True,True,True,True,True,1111,64,True
fastv,visual_counterfact_size_000552,test,visual_counterfact_size,64,True,True,irrelevant,True,True,False,True,False,False,0111,128,True
fastv,visual_counterfact_size_000552,test,visual_counterfact_size,128,True,True,irrelevant,True,True,True,True,True,True,0111,128,True
fastv,visual_counterfact_size_000552,test,visual_counterfact_size,256,True,True,irrelevant,True,True,True,True,True,True,0111,128,True
fastv,visual_counterfact_size_000552,test,visual_counterfact_size,432,True,True,irrelevant,True,True,True,True,True,True,0111,128,True
fastv,visual_counterfact_size_000554,test,visual_counterfact_size,64,True,True,irrelevant|counterfactual,False,False,False,False,False,False,0111,128,True
fastv,visual_counterfact_size_000554,test,visual_counterfact_size,128,True,True,irrelevant|counterfactual,True,True,True,True,True,True,0111,128,True
fastv,visual_counterfact_size_000554,test,visual_counterfact_size,256,True,True,irrelevant|counterfactual,True,True,True,True,True,True,0111,128,True
fastv,visual_counterfact_size_000554,test,visual_counterfact_size,432,True,True,irrelevant|counterfactual,True,True,True,True,True,True,0111,128,True
fastv,visual_counterfact_size_000564,test,visual_counterfact_size,64,True,True,irrelevant,True,False,False,False,False,False,0111,128,True
fastv,visual_counterfact_size_000564,test,visual_counterfact_size,128,True,True,irrelevant,True,True,True,True,True,True,0111,128,True
fastv,visual_counterfact_size_000564,test,visual_counterfact_size,256,True,True,irrelevant,True,True,True,True,True,True,0111,128,True
fastv,visual_counterfact_size_000564,test,visual_counterfact_size,432,True,True,irrelevant,True,True,True,True,True,True,0111,128,True
fastv,visual_counterfact_size_000572,test,visual_counterfact_size,64,True,True,counterfactual,True,True,True,True,True,True,1111,64,True
fastv,visual_counterfact_size_000572,test,visual_counterfact_size,128,True,True,counterfactual,True,True,True,True,True,True,1111,64,True
fastv,visual_counterfact_size_000572,test,visual_counterfact_size,256,True,True,counterfactual,True,True,True,True,True,True,1111,64,True
fastv,visual_counterfact_size_000572,test,visual_counterfact_size,432,True,True,counterfactual,True,True,True,True,True,True,1111,64,True
fastv,visual_counterfact_size_000576,test,visual_counterfact_size,64,True,True,counterfactual,True,True,True,True,True,True,1111,64,True
fastv,visual_counterfact_size_000576,test,visual_counterfact_size,128,True,True,counterfactual,True,True,True,True,True,True,1111,64,True
fastv,visual_counterfact_size_000576,test,visual_counterfact_size,256,True,True,counterfactual,True,True,True,True,True,True,1111,64,True
fastv,visual_counterfact_size_000576,test,visual_counterfact_size,432,True,True,counterfactual,True,True,True,True,True,True,1111,64,True
fastv,visual_counterfact_size_000577,validation,visual_counterfact_size,64,True,True,gray|irrelevant|counterfactual,False,False,True,False,False,False,0111,128,True
fastv,visual_counterfact_size_000577,validation,visual_counterfact_size,128,True,True,gray|irrelevant|counterfactual,True,True,True,True,True,True,0111,128,True
fastv,visual_counterfact_size_000577,validation,visual_counterfact_size,256,True,True,gray|irrelevant|counterfactual,True,True,True,True,True,True,0111,128,True
fastv,visual_counterfact_size_000577,validation,visual_counterfact_size,432,True,True,gray|irrelevant|counterfactual,True,True,True,True,True,True,0111,128,True
fastv,visual_counterfact_size_000582,validation,visual_counterfact_size,64,True,True,blur|irrelevant|counterfactual,True,True,False,True,False,False,0011,256,True
fastv,visual_counterfact_size_000582,validation,visual_counterfact_size,128,True,True,blur|irrelevant|counterfactual,True,True,False,True,False,False,0011,256,True
fastv,visual_counterfact_size_000582,validation,visual_counterfact_size,256,True,True,blur|irrelevant|counterfactual,True,True,True,True,True,True,0011,256,True
fastv,visual_counterfact_size_000582,validation,visual_counterfact_size,432,True,True,blur|irrelevant|counterfactual,True,True,True,True,True,True,0011,256,True
fastv,visual_counterfact_size_000583,validation,visual_counterfact_size,64,True,True,irrelevant|counterfactual,True,False,False,False,False,False,0111,128,True
fastv,visual_counterfact_size_000583,validation,visual_counterfact_size,128,True,True,irrelevant|counterfactual,True,True,True,True,True,True,0111,128,True
fastv,visual_counterfact_size_000583,validation,visual_counterfact_size,256,True,True,irrelevant|counterfactual,True,True,True,True,True,True,0111,128,True
fastv,visual_counterfact_size_000583,validation,visual_counterfact_size,432,True,True,irrelevant|counterfactual,True,True,True,True,True,True,0111,128,True
fastv,visual_counterfact_size_000585,test,visual_counterfact_size,64,True,True,irrelevant|counterfactual,False,False,False,False,False,False,0000,full,True
fastv,visual_counterfact_size_000585,test,visual_counterfact_size,128,True,True,irrelevant|counterfactual,True,True,False,True,False,False,0000,full,True
fastv,visual_counterfact_size_000585,test,visual_counterfact_size,256,True,True,irrelevant|counterfactual,True,True,False,True,False,False,0000,full,True
fastv,visual_counterfact_size_000585,test,visual_counterfact_size,432,True,True,irrelevant|counterfactual,True,True,False,True,False,False,0000,full,True
fastv,visual_counterfact_size_000589,test,visual_counterfact_size,64,True,True,irrelevant|counterfactual,True,True,True,True,True,True,1111,64,True
fastv,visual_counterfact_size_000589,test,visual_counterfact_size,128,True,True,irrelevant|counterfactual,True,True,True,True,True,True,1111,64,True
fastv,visual_counterfact_size_000589,test,visual_counterfact_size,256,True,True,irrelevant|counterfactual,True,True,True,True,True,True,1111,64,True
fastv,visual_counterfact_size_000589,test,visual_counterfact_size,432,True,True,irrelevant|counterfactual,True,True,True,True,True,True,1111,64,True
fastv,visual_counterfact_size_000597,validation,visual_counterfact_size,64,True,True,irrelevant|counterfactual,True,False,False,False,False,False,0011,256,True
fastv,visual_counterfact_size_000597,validation,visual_counterfact_size,128,True,True,irrelevant|counterfactual,True,True,False,True,False,False,0011,256,True
fastv,visual_counterfact_size_000597,validation,visual_counterfact_size,256,True,True,irrelevant|counterfactual,True,True,True,True,True,True,0011,256,True
fastv,visual_counterfact_size_000597,validation,visual_counterfact_size,432,True,True,irrelevant|counterfactual,True,True,True,True,True,True,0011,256,True
fastv,visual_counterfact_size_000599,test,visual_counterfact_size,64,True,True,gray|irrelevant|counterfactual,False,False,False,False,False,False,0000,full,True
fastv,visual_counterfact_size_000599,test,visual_counterfact_size,128,True,True,gray|irrelevant|counterfactual,True,False,False,False,False,False,0000,full,True
fastv,visual_counterfact_size_000599,test,visual_counterfact_size,256,True,True,gray|irrelevant|counterfactual,True,False,False,False,False,False,0000,full,True
fastv,visual_counterfact_size_000599,test,visual_counterfact_size,432,True,True,gray|irrelevant|counterfactual,True,False,False,False,False,False,0000,full,True
fastv,visual_counterfact_size_000601,test,visual_counterfact_size,64,True,True,counterfactual,True,False,False,False,False,False,0011,256,True
fastv,visual_counterfact_size_000601,test,visual_counterfact_size,128,True,True,counterfactual,True,False,False,False,False,False,0011,256,True
fastv,visual_counterfact_size_000601,test,visual_counterfact_size,256,True,True,counterfactual,True,True,True,True,True,True,0011,256,True
fastv,visual_counterfact_size_000601,test,visual_counterfact_size,432,True,True,counterfactual,True,True,True,True,True,True,0011,256,True
fastv,visual_counterfact_size_000602,validation,visual_counterfact_size,64,True,True,counterfactual,True,False,False,False,False,False,0000,full,True
fastv,visual_counterfact_size_000602,validation,visual_counterfact_size,128,True,True,counterfactual,True,False,False,False,False,False,0000,full,True
fastv,visual_counterfact_size_000602,validation,visual_counterfact_size,256,True,True,counterfactual,True,False,False,False,False,False,0000,full,True
fastv,visual_counterfact_size_000602,validation,visual_counterfact_size,432,True,True,counterfactual,True,False,False,False,False,False,0000,full,True
fastv,visual_counterfact_size_000604,test,visual_counterfact_size,64,True,True,irrelevant|counterfactual,True,True,False,True,False,False,0111,128,True
fastv,visual_counterfact_size_000604,test,visual_counterfact_size,128,True,True,irrelevant|counterfactual,True,True,True,True,True,True,0111,128,True
fastv,visual_counterfact_size_000604,test,visual_counterfact_size,256,True,True,irrelevant|counterfactual,True,True,True,True,True,True,0111,128,True
fastv,visual_counterfact_size_000604,test,visual_counterfact_size,432,True,True,irrelevant|counterfactual,True,True,True,True,True,True,0111,128,True
fastv,visual_counterfact_size_000605,test,visual_counterfact_size,64,True,True,irrelevant|counterfactual,True,False,False,False,False,False,0111,128,True
fastv,visual_counterfact_size_000605,test,visual_counterfact_size,128,True,True,irrelevant|counterfactual,True,True,True,True,True,True,0111,128,True
fastv,visual_counterfact_size_000605,test,visual_counterfact_size,256,True,True,irrelevant|counterfactual,True,True,True,True,True,True,0111,128,True
fastv,visual_counterfact_size_000605,test,visual_counterfact_size,432,True,True,irrelevant|counterfactual,True,True,True,True,True,True,0111,128,True
fastv,visual_counterfact_size_000607,validation,visual_counterfact_size,64,True,True,gray|irrelevant|counterfactual,True,False,False,False,False,False,0111,128,True
fastv,visual_counterfact_size_000607,validation,visual_counterfact_size,128,True,True,gray|irrelevant|counterfactual,True,True,True,True,True,True,0111,128,True
fastv,visual_counterfact_size_000607,validation,visual_counterfact_size,256,True,True,gray|irrelevant|counterfactual,True,True,True,True,True,True,0111,128,True
fastv,visual_counterfact_size_000607,validation,visual_counterfact_size,432,True,True,gray|irrelevant|counterfactual,True,True,True,True,True,True,0111,128,True
fastv,visual_counterfact_size_000611,test,visual_counterfact_size,64,False,True,irrelevant,True,True,True,True,True,,1111,64,True
fastv,visual_counterfact_size_000611,test,visual_counterfact_size,128,False,True,irrelevant,True,True,True,True,True,,1111,64,True
fastv,visual_counterfact_size_000611,test,visual_counterfact_size,256,False,True,irrelevant,True,True,True,True,True,,1111,64,True
fastv,visual_counterfact_size_000611,test,visual_counterfact_size,432,False,True,irrelevant,True,True,True,True,True,,1111,64,True
fastv,visual_counterfact_size_000612,test,visual_counterfact_size,64,True,True,irrelevant,True,False,False,False,False,False,0111,128,True
fastv,visual_counterfact_size_000612,test,visual_counterfact_size,128,True,True,irrelevant,True,True,True,True,True,True,0111,128,True
fastv,visual_counterfact_size_000612,test,visual_counterfact_size,256,True,True,irrelevant,True,True,True,True,True,True,0111,128,True
fastv,visual_counterfact_size_000612,test,visual_counterfact_size,432,True,True,irrelevant,True,True,True,True,True,True,0111,128,True
fastv,visual_counterfact_size_000613,validation,visual_counterfact_size,64,True,True,irrelevant|counterfactual,True,True,False,True,False,False,0011,256,True
fastv,visual_counterfact_size_000613,validation,visual_counterfact_size,128,True,True,irrelevant|counterfactual,True,True,False,True,False,False,0011,256,True
fastv,visual_counterfact_size_000613,validation,visual_counterfact_size,256,True,True,irrelevant|counterfactual,True,True,True,True,True,True,0011,256,True
fastv,visual_counterfact_size_000613,validation,visual_counterfact_size,432,True,True,irrelevant|counterfactual,True,True,True,True,True,True,0011,256,True
fastv,visual_counterfact_size_000621,test,visual_counterfact_size,64,True,True,gray|irrelevant,False,False,True,False,False,False,0011,256,True
fastv,visual_counterfact_size_000621,test,visual_counterfact_size,128,True,True,gray|irrelevant,False,False,True,False,False,False,0011,256,True
fastv,visual_counterfact_size_000621,test,visual_counterfact_size,256,True,True,gray|irrelevant,True,True,True,True,True,True,0011,256,True
fastv,visual_counterfact_size_000621,test,visual_counterfact_size,432,True,True,gray|irrelevant,True,True,True,True,True,True,0011,256,True
fastv,visual_counterfact_size_000624,test,visual_counterfact_size,64,True,True,gray|irrelevant|counterfactual,True,True,False,True,False,False,0001,432,True
fastv,visual_counterfact_size_000624,test,visual_counterfact_size,128,True,True,gray|irrelevant|counterfactual,True,True,False,True,False,False,0001,432,True
fastv,visual_counterfact_size_000624,test,visual_counterfact_size,256,True,True,gray|irrelevant|counterfactual,True,True,False,True,False,False,0001,432,True
fastv,visual_counterfact_size_000624,test,visual_counterfact_size,432,True,True,gray|irrelevant|counterfactual,True,True,True,True,True,True,0001,432,True
fastv,visual_counterfact_size_000625,test,visual_counterfact_size,64,True,True,gray|counterfactual,True,False,False,False,False,False,0011,256,True
fastv,visual_counterfact_size_000625,test,visual_counterfact_size,128,True,True,gray|counterfactual,True,False,False,False,False,False,0011,256,True
fastv,visual_counterfact_size_000625,test,visual_counterfact_size,256,True,True,gray|counterfactual,True,True,True,True,True,True,0011,256,True
fastv,visual_counterfact_size_000625,test,visual_counterfact_size,432,True,True,gray|counterfactual,True,True,True,True,True,True,0011,256,True
fastv,visual_counterfact_size_000626,validation,visual_counterfact_size,64,False,True,gray|blur|irrelevant,True,False,False,False,False,,0101,128,False
fastv,visual_counterfact_size_000626,validation,visual_counterfact_size,128,False,True,gray|blur|irrelevant,True,True,True,True,True,,0101,128,False
fastv,visual_counterfact_size_000626,validation,visual_counterfact_size,256,False,True,gray|blur|irrelevant,False,False,True,False,False,,0101,128,False
fastv,visual_counterfact_size_000626,validation,visual_counterfact_size,432,False,True,gray|blur|irrelevant,True,True,True,True,True,,0101,128,False
fastv,visual_counterfact_size_000635,test,visual_counterfact_size,64,False,True,irrelevant,True,True,True,True,True,,1111,64,True
fastv,visual_counterfact_size_000635,test,visual_counterfact_size,128,False,True,irrelevant,True,True,True,True,True,,1111,64,True
fastv,visual_counterfact_size_000635,test,visual_counterfact_size,256,False,True,irrelevant,True,True,True,True,True,,1111,64,True
fastv,visual_counterfact_size_000635,test,visual_counterfact_size,432,False,True,irrelevant,True,True,True,True,True,,1111,64,True
fastv,visual_counterfact_size_000636,test,visual_counterfact_size,64,True,True,irrelevant|counterfactual,True,False,False,False,False,False,0011,256,True
fastv,visual_counterfact_size_000636,test,visual_counterfact_size,128,True,True,irrelevant|counterfactual,True,False,False,False,False,False,0011,256,True
fastv,visual_counterfact_size_000636,test,visual_counterfact_size,256,True,True,irrelevant|counterfactual,True,True,True,True,True,True,0011,256,True
fastv,visual_counterfact_size_000636,test,visual_counterfact_size,432,True,True,irrelevant|counterfactual,True,True,True,True,True,True,0011,256,True
fastv,visual_counterfact_size_000637,test,visual_counterfact_size,64,True,True,gray|irrelevant|counterfactual,True,True,True,True,True,True,1111,64,True
fastv,visual_counterfact_size_000637,test,visual_counterfact_size,128,True,True,gray|irrelevant|counterfactual,True,True,True,True,True,True,1111,64,True
fastv,visual_counterfact_size_000637,test,visual_counterfact_size,256,True,True,gray|irrelevant|counterfactual,True,True,True,True,True,True,1111,64,True
fastv,visual_counterfact_size_000637,test,visual_counterfact_size,432,True,True,gray|irrelevant|counterfactual,True,True,True,True,True,True,1111,64,True
fastv,visual_counterfact_size_000638,test,visual_counterfact_size,64,True,True,irrelevant|counterfactual,True,True,False,True,False,False,0111,128,True
fastv,visual_counterfact_size_000638,test,visual_counterfact_size,128,True,True,irrelevant|counterfactual,True,True,True,True,True,True,0111,128,True
fastv,visual_counterfact_size_000638,test,visual_counterfact_size,256,True,True,irrelevant|counterfactual,True,True,True,True,True,True,0111,128,True
fastv,visual_counterfact_size_000638,test,visual_counterfact_size,432,True,True,irrelevant|counterfactual,True,True,True,True,True,True,0111,128,True
fastv,visual_counterfact_size_000639,validation,visual_counterfact_size,64,True,True,irrelevant|counterfactual,True,True,True,True,True,True,1111,64,True
fastv,visual_counterfact_size_000639,validation,visual_counterfact_size,128,True,True,irrelevant|counterfactual,True,True,True,True,True,True,1111,64,True
fastv,visual_counterfact_size_000639,validation,visual_counterfact_size,256,True,True,irrelevant|counterfactual,True,True,True,True,True,True,1111,64,True
fastv,visual_counterfact_size_000639,validation,visual_counterfact_size,432,True,True,irrelevant|counterfactual,True,True,True,True,True,True,1111,64,True
fastv,visual_counterfact_size_000640,validation,visual_counterfact_size,64,True,True,gray|irrelevant|counterfactual,True,False,False,False,False,False,0011,256,True
fastv,visual_counterfact_size_000640,validation,visual_counterfact_size,128,True,True,gray|irrelevant|counterfactual,True,False,False,False,False,False,0011,256,True
fastv,visual_counterfact_size_000640,validation,visual_counterfact_size,256,True,True,gray|irrelevant|counterfactual,True,True,True,True,True,True,0011,256,True
fastv,visual_counterfact_size_000640,validation,visual_counterfact_size,432,True,True,gray|irrelevant|counterfactual,True,True,True,True,True,True,0011,256,True
fastv,visual_counterfact_size_000641,test,visual_counterfact_size,64,True,True,gray|irrelevant|counterfactual,False,False,True,False,False,False,0111,128,True
fastv,visual_counterfact_size_000641,test,visual_counterfact_size,128,True,True,gray|irrelevant|counterfactual,True,True,True,True,True,True,0111,128,True
fastv,visual_counterfact_size_000641,test,visual_counterfact_size,256,True,True,gray|irrelevant|counterfactual,True,True,True,True,True,True,0111,128,True
fastv,visual_counterfact_size_000641,test,visual_counterfact_size,432,True,True,gray|irrelevant|counterfactual,True,True,True,True,True,True,0111,128,True
fastv,visual_counterfact_size_000642,test,visual_counterfact_size,64,True,True,irrelevant|counterfactual,True,True,True,True,True,True,1111,64,True
fastv,visual_counterfact_size_000642,test,visual_counterfact_size,128,True,True,irrelevant|counterfactual,True,True,True,True,True,True,1111,64,True
fastv,visual_counterfact_size_000642,test,visual_counterfact_size,256,True,True,irrelevant|counterfactual,True,True,True,True,True,True,1111,64,True
fastv,visual_counterfact_size_000642,test,visual_counterfact_size,432,True,True,irrelevant|counterfactual,True,True,True,True,True,True,1111,64,True
fastv,visual_counterfact_size_000645,test,visual_counterfact_size,64,True,True,irrelevant|counterfactual,True,False,False,False,False,False,0011,256,True
fastv,visual_counterfact_size_000645,test,visual_counterfact_size,128,True,True,irrelevant|counterfactual,True,False,False,False,False,False,0011,256,True
fastv,visual_counterfact_size_000645,test,visual_counterfact_size,256,True,True,irrelevant|counterfactual,True,True,True,True,True,True,0011,256,True
fastv,visual_counterfact_size_000645,test,visual_counterfact_size,432,True,True,irrelevant|counterfactual,True,True,True,True,True,True,0011,256,True
fastv,visual_counterfact_size_000647,test,visual_counterfact_size,64,False,True,gray|irrelevant,True,True,True,True,True,,1111,64,True
fastv,visual_counterfact_size_000647,test,visual_counterfact_size,128,False,True,gray|irrelevant,True,True,True,True,True,,1111,64,True
fastv,visual_counterfact_size_000647,test,visual_counterfact_size,256,False,True,gray|irrelevant,True,True,True,True,True,,1111,64,True
fastv,visual_counterfact_size_000647,test,visual_counterfact_size,432,False,True,gray|irrelevant,True,True,True,True,True,,1111,64,True
fastv,visual_counterfact_size_000651,test,visual_counterfact_size,64,True,True,counterfactual,True,True,True,True,True,True,1111,64,True
fastv,visual_counterfact_size_000651,test,visual_counterfact_size,128,True,True,counterfactual,True,True,True,True,True,True,1111,64,True
fastv,visual_counterfact_size_000651,test,visual_counterfact_size,256,True,True,counterfactual,True,True,True,True,True,True,1111,64,True
fastv,visual_counterfact_size_000651,test,visual_counterfact_size,432,True,True,counterfactual,True,True,True,True,True,True,1111,64,True
fastv,visual_counterfact_size_000668,test,visual_counterfact_size,64,True,True,counterfactual,True,True,True,True,True,True,1111,64,True
fastv,visual_counterfact_size_000668,test,visual_counterfact_size,128,True,True,counterfactual,True,True,True,True,True,True,1111,64,True
fastv,visual_counterfact_size_000668,test,visual_counterfact_size,256,True,True,counterfactual,True,True,True,True,True,True,1111,64,True
fastv,visual_counterfact_size_000668,test,visual_counterfact_size,432,True,True,counterfactual,True,True,True,True,True,True,1111,64,True
fastv,visual_counterfact_size_000674,test,visual_counterfact_size,64,False,True,gray|blur|irrelevant,False,False,False,False,False,,0011,256,True
fastv,visual_counterfact_size_000674,test,visual_counterfact_size,128,False,True,gray|blur|irrelevant,True,True,False,True,False,,0011,256,True
fastv,visual_counterfact_size_000674,test,visual_counterfact_size,256,False,True,gray|blur|irrelevant,True,True,True,True,True,,0011,256,True
fastv,visual_counterfact_size_000674,test,visual_counterfact_size,432,False,True,gray|blur|irrelevant,True,True,True,True,True,,0011,256,True
fastv,visual_counterfact_size_000676,test,visual_counterfact_size,64,True,True,gray|irrelevant|counterfactual,True,False,False,False,False,False,0000,full,True
fastv,visual_counterfact_size_000676,test,visual_counterfact_size,128,True,True,gray|irrelevant|counterfactual,True,False,False,False,False,False,0000,full,True
fastv,visual_counterfact_size_000676,test,visual_counterfact_size,256,True,True,gray|irrelevant|counterfactual,True,False,False,False,False,False,0000,full,True
fastv,visual_counterfact_size_000676,test,visual_counterfact_size,432,True,True,gray|irrelevant|counterfactual,True,False,False,False,False,False,0000,full,True
fastv,visual_counterfact_size_000678,test,visual_counterfact_size,64,True,True,irrelevant|counterfactual,True,False,False,False,False,False,0111,128,True
fastv,visual_counterfact_size_000678,test,visual_counterfact_size,128,True,True,irrelevant|counterfactual,True,True,True,True,True,True,0111,128,True
fastv,visual_counterfact_size_000678,test,visual_counterfact_size,256,True,True,irrelevant|counterfactual,True,True,True,True,True,True,0111,128,True
fastv,visual_counterfact_size_000678,test,visual_counterfact_size,432,True,True,irrelevant|counterfactual,True,True,True,True,True,True,0111,128,True
fastv,visual_counterfact_size_000680,test,visual_counterfact_size,64,True,True,gray|counterfactual,True,False,False,False,False,False,0011,256,True
fastv,visual_counterfact_size_000680,test,visual_counterfact_size,128,True,True,gray|counterfactual,True,False,False,False,False,False,0011,256,True
fastv,visual_counterfact_size_000680,test,visual_counterfact_size,256,True,True,gray|counterfactual,True,True,True,True,True,True,0011,256,True
fastv,visual_counterfact_size_000680,test,visual_counterfact_size,432,True,True,gray|counterfactual,True,True,True,True,True,True,0011,256,True
fastv,visual_counterfact_size_000684,validation,visual_counterfact_size,64,False,True,irrelevant,True,True,False,True,False,,0000,full,True
fastv,visual_counterfact_size_000684,validation,visual_counterfact_size,128,False,True,irrelevant,True,True,False,True,False,,0000,full,True
fastv,visual_counterfact_size_000684,validation,visual_counterfact_size,256,False,True,irrelevant,True,True,False,True,False,,0000,full,True
fastv,visual_counterfact_size_000684,validation,visual_counterfact_size,432,False,True,irrelevant,True,True,False,True,False,,0000,full,True
fastv,visual_counterfact_size_000687,validation,visual_counterfact_size,64,True,True,irrelevant|counterfactual,True,False,False,False,False,False,0111,128,True
fastv,visual_counterfact_size_000687,validation,visual_counterfact_size,128,True,True,irrelevant|counterfactual,True,True,True,True,True,True,0111,128,True
fastv,visual_counterfact_size_000687,validation,visual_counterfact_size,256,True,True,irrelevant|counterfactual,True,True,True,True,True,True,0111,128,True
fastv,visual_counterfact_size_000687,validation,visual_counterfact_size,432,True,True,irrelevant|counterfactual,True,True,True,True,True,True,0111,128,True
fastv,visual_counterfact_size_000690,test,visual_counterfact_size,64,True,True,counterfactual,False,False,True,False,False,False,0111,128,True
fastv,visual_counterfact_size_000690,test,visual_counterfact_size,128,True,True,counterfactual,True,True,True,True,True,True,0111,128,True
fastv,visual_counterfact_size_000690,test,visual_counterfact_size,256,True,True,counterfactual,True,True,True,True,True,True,0111,128,True
fastv,visual_counterfact_size_000690,test,visual_counterfact_size,432,True,True,counterfactual,True,True,True,True,True,True,0111,128,True
fastv,visual_counterfact_size_000693,test,visual_counterfact_size,64,False,True,gray|blur|irrelevant,True,False,False,False,False,,0110,128,False
fastv,visual_counterfact_size_000693,test,visual_counterfact_size,128,False,True,gray|blur|irrelevant,True,True,True,True,True,,0110,128,False
fastv,visual_counterfact_size_000693,test,visual_counterfact_size,256,False,True,gray|blur|irrelevant,True,True,True,True,True,,0110,128,False
fastv,visual_counterfact_size_000693,test,visual_counterfact_size,432,False,True,gray|blur|irrelevant,True,False,False,False,False,,0110,128,False
fastv,visual_counterfact_size_000698,test,visual_counterfact_size,64,False,True,blur|irrelevant,True,False,False,False,False,,0111,128,True
fastv,visual_counterfact_size_000698,test,visual_counterfact_size,128,False,True,blur|irrelevant,True,True,True,True,True,,0111,128,True
fastv,visual_counterfact_size_000698,test,visual_counterfact_size,256,False,True,blur|irrelevant,True,True,True,True,True,,0111,128,True
fastv,visual_counterfact_size_000698,test,visual_counterfact_size,432,False,True,blur|irrelevant,True,True,True,True,True,,0111,128,True
fastv,visual_counterfact_size_000699,test,visual_counterfact_size,64,True,True,counterfactual,False,False,True,False,False,False,0111,128,True
fastv,visual_counterfact_size_000699,test,visual_counterfact_size,128,True,True,counterfactual,True,True,True,True,True,True,0111,128,True
fastv,visual_counterfact_size_000699,test,visual_counterfact_size,256,True,True,counterfactual,True,True,True,True,True,True,0111,128,True
fastv,visual_counterfact_size_000699,test,visual_counterfact_size,432,True,True,counterfactual,True,True,True,True,True,True,0111,128,True
fastv,visual_counterfact_size_000700,validation,visual_counterfact_size,64,True,True,gray|counterfactual,False,False,True,False,False,False,0011,256,True
fastv,visual_counterfact_size_000700,validation,visual_counterfact_size,128,True,True,gray|counterfactual,False,False,True,False,False,False,0011,256,True
fastv,visual_counterfact_size_000700,validation,visual_counterfact_size,256,True,True,gray|counterfactual,True,True,True,True,True,True,0011,256,True
fastv,visual_counterfact_size_000700,validation,visual_counterfact_size,432,True,True,gray|counterfactual,True,True,True,True,True,True,0011,256,True
fastv,visual_counterfact_size_000707,test,visual_counterfact_size,64,True,True,irrelevant|counterfactual,True,True,True,True,True,True,1111,64,True
fastv,visual_counterfact_size_000707,test,visual_counterfact_size,128,True,True,irrelevant|counterfactual,True,True,True,True,True,True,1111,64,True
fastv,visual_counterfact_size_000707,test,visual_counterfact_size,256,True,True,irrelevant|counterfactual,True,True,True,True,True,True,1111,64,True
fastv,visual_counterfact_size_000707,test,visual_counterfact_size,432,True,True,irrelevant|counterfactual,True,True,True,True,True,True,1111,64,True
fastv,visual_counterfact_size_000712,test,visual_counterfact_size,64,True,True,gray|counterfactual,True,False,False,False,False,False,0000,full,True
fastv,visual_counterfact_size_000712,test,visual_counterfact_size,128,True,True,gray|counterfactual,True,False,False,False,False,False,0000,full,True
fastv,visual_counterfact_size_000712,test,visual_counterfact_size,256,True,True,gray|counterfactual,True,False,False,False,False,False,0000,full,True
fastv,visual_counterfact_size_000712,test,visual_counterfact_size,432,True,True,gray|counterfactual,True,False,False,False,False,False,0000,full,True
fastv,visual_counterfact_size_000714,test,visual_counterfact_size,64,True,True,gray|irrelevant|counterfactual,True,True,True,True,True,True,1111,64,True
fastv,visual_counterfact_size_000714,test,visual_counterfact_size,128,True,True,gray|irrelevant|counterfactual,True,True,True,True,True,True,1111,64,True
fastv,visual_counterfact_size_000714,test,visual_counterfact_size,256,True,True,gray|irrelevant|counterfactual,True,True,True,True,True,True,1111,64,True
fastv,visual_counterfact_size_000714,test,visual_counterfact_size,432,True,True,gray|irrelevant|counterfactual,True,True,True,True,True,True,1111,64,True
fastv,visual_counterfact_size_000715,test,visual_counterfact_size,64,False,True,gray|blur|irrelevant,True,True,True,True,True,,1101,64,False
fastv,visual_counterfact_size_000715,test,visual_counterfact_size,128,False,True,gray|blur|irrelevant,True,True,True,True,True,,1101,64,False
fastv,visual_counterfact_size_000715,test,visual_counterfact_size,256,False,True,gray|blur|irrelevant,True,False,False,False,False,,1101,64,False
fastv,visual_counterfact_size_000715,test,visual_counterfact_size,432,False,True,gray|blur|irrelevant,True,True,True,True,True,,1101,64,False
fastv,visual_counterfact_size_000717,test,visual_counterfact_size,64,True,True,irrelevant|counterfactual,False,False,True,False,False,False,0111,128,True
fastv,visual_counterfact_size_000717,test,visual_counterfact_size,128,True,True,irrelevant|counterfactual,True,True,True,True,True,True,0111,128,True
fastv,visual_counterfact_size_000717,test,visual_counterfact_size,256,True,True,irrelevant|counterfactual,True,True,True,True,True,True,0111,128,True
fastv,visual_counterfact_size_000717,test,visual_counterfact_size,432,True,True,irrelevant|counterfactual,True,True,True,True,True,True,0111,128,True
fastv,visual_counterfact_size_000724,test,visual_counterfact_size,64,True,True,irrelevant|counterfactual,True,False,False,False,False,False,0111,128,True
fastv,visual_counterfact_size_000724,test,visual_counterfact_size,128,True,True,irrelevant|counterfactual,True,True,True,True,True,True,0111,128,True
fastv,visual_counterfact_size_000724,test,visual_counterfact_size,256,True,True,irrelevant|counterfactual,True,True,True,True,True,True,0111,128,True
fastv,visual_counterfact_size_000724,test,visual_counterfact_size,432,True,True,irrelevant|counterfactual,True,True,True,True,True,True,0111,128,True
fastv,visual_counterfact_size_000725,test,visual_counterfact_size,64,True,True,irrelevant|counterfactual,True,False,False,False,False,False,0111,128,True
fastv,visual_counterfact_size_000725,test,visual_counterfact_size,128,True,True,irrelevant|counterfactual,True,True,True,True,True,True,0111,128,True
fastv,visual_counterfact_size_000725,test,visual_counterfact_size,256,True,True,irrelevant|counterfactual,True,True,True,True,True,True,0111,128,True
fastv,visual_counterfact_size_000725,test,visual_counterfact_size,432,True,True,irrelevant|counterfactual,True,True,True,True,True,True,0111,128,True
fastv,visual_counterfact_size_000726,test,visual_counterfact_size,64,True,True,irrelevant,True,True,False,True,False,False,0111,128,True
fastv,visual_counterfact_size_000726,test,visual_counterfact_size,128,True,True,irrelevant,True,True,True,True,True,True,0111,128,True
fastv,visual_counterfact_size_000726,test,visual_counterfact_size,256,True,True,irrelevant,True,True,True,True,True,True,0111,128,True
fastv,visual_counterfact_size_000726,test,visual_counterfact_size,432,True,True,irrelevant,True,True,True,True,True,True,0111,128,True
